id,granularity,text,valence,arousal
sentence_00202,sentence,除了去發掘各地整鹹魚特色外,6.0,5.333
sentence_02252,sentence,女子遭凌虐肢解,2.0,6.5
text_01517,text,根據資訊工業策進會產業情報研究所MIC)研究，2011年全球遊戲人口超過3億人，遊戲市場規模632億美元；預估2012年則再增至691億美元；2013年跳升至732億美元；2014年達773億美元；2015年預估值可達821億美元。,5.625,5.5
text_00382,text,小弟趁今天去保養車子時，順便跟原廠員工聊天小弟想瞭解一件事，ALLnewCamry的配備這次這麼差，倒底是日本原廠的意思，還是台灣總代理的意思員工也很誠實的說是台灣總代理的意思所以小弟差點誤會日本原廠和泰啊台灣人民的生命這麼不值錢嗎不值到連安全配備也要拿掉嗎，還不能選配連原廠員工都很失望,2.875,6.333
text_00356,text,似乎很多人開車整天怕車禍。,4.1,4.0
sentence_02496,sentence,卡在時間裂縫的男人,5.0,2.667
text_00839,text,介面充足，3個USB，1個讀卡器，外加LAN和顯示器介面，滿足基本的外設需求。,5.5,3.5
sentence_00836,sentence,以及把這個世界交給撒旦路西法和他的墮落天使以及他們的反基督,3.333,4.75
sentence_02558,sentence,有些人就是選擇性失明,3.0,6.5
text_02058,text,作為騰訊最重要的增值服務之一，QQ會員誕生已經18年，從VIP到SVIP，從耀眼紅到尊貴黃，都讓眾多小夥伴自願掏荷包，為騰訊帝國添磚加瓦。,5.667,3.667
sentence_00298,sentence,人云算術不及格,3.333,4.667
text_01749,text,小弟深深覺得激情或衝突並無法訴說要求或解決問題.,4.0,5.625
sentence_02360,sentence,是展現在它負勢向上高聳入雲的蓬勃生機中,6.4,4.2
text_00973,text,很不錯的機器，做工驚喜，外觀漂亮，包括燈光系統設計都很人性化，機器配置均衡，總體來說配置算不錯的了，運行Vista比我想像的要流暢，以前一直用XP，從來沒用過Vista，原本打算不行就換要XP了，但是使用後發覺Vista用起來也挺順手，該機雙通道2GDDR1066的內存完全可以保證Vista流暢運行，也就不打算折騰換XP了！,6.75,5.143
text_02473,text,一戶姓顧的人家，大兒子在廠裡被桁架上掉下來一根螺栓砸中腦袋，搞成神經病，有時竟在半夜嗚嗚叫起來，很煩人。,3.333,5.167
sentence_01453,sentence,除了衍生難民之外,3.0,4.5
text_01169,text,上躺了半年，才進一步接觸電競；打算用獎金買一部重機車，完成自己的機車夢；而比賽前一晚，熱情的粉絲趙怡萍在Stanley臉書留言，希望能跟Stanley結婚，Stanley笑笑迴應說，感謝粉絲支持。,6.5,5.667
text_02023,text,Youtube主播Madmorda用Wii的主機板自己製作了一臺迷你NGC主機，可以真正實現遊戲功能。,6.125,3.778
sentence_02023,sentence,股市場聞風已喪膽了,2.333,4.333
sentence_00686,sentence,當然必需要靠透視的幫忙,5.667,4.667
text_00058,text,由最初的報復之愛，到最後的生離死別，當中的不捨與深愛，只有當事人才瞭解吧。,4.143,6.429
text_00472,text,換個角度看有些冷門車的車主自以為很有品味很懂車那些人的車在別人眼裡可能比toyota更像垃圾,3.25,6.25
sentence_00333,sentence,但至少是願意聽我說話的人,6.0,4.5
text_02914,text,Google今天在美國東部發生伺服器壅塞情形，對Snapchat和YouTube使用者造成問題，網友紛紛上社群媒體抱怨這些熱門應用程式無法使用。,3.667,4.75
sentence_01627,sentence,是紀念青春的依戀,6.5,4.4
sentence_01993,sentence,有居民申訴整個週末信箱都開著,4.0,5.75
sentence_01407,sentence,由於特權階層社會法則就是這樣教會中國人的,4.0,5.0
sentence_01136,sentence,獸醫一直說叫我們不要逗弄他,4.5,6.667
sentence_02412,sentence,卷宗丟失調查取得進展,5.667,3.333
sentence_00860,sentence,缺點是有先入為主的觀念可能吞不下,4.0,5.0
sentence_02426,sentence,曾經有過一個很轟動的帖子,5.0,8.5
sentence_00187,sentence,中國會受到極大損失,4.25,5.0
text_00169,text,莫名的悲哀，想像中愛玲應該是金枝玉葉，雖飽受風塵之苦，卻也是冰清玉潔，不想竟也碰到胡蘭成這樣，惡俗的混世魔王。,3.556,5.857
text_02242,text,彭博社的一篇新文章強調了一些客戶和員工對蘋果零售業務狀況的挫敗感，特別是在前零售業巨頭安吉拉·阿倫茨引入變革之後。,4.0,4.222
sentence_01030,sentence,聲譽卓著的眾多資深大律師,6.5,5.333
sentence_02495,sentence,人格塌陷的惡棍,3.667,5.0
sentence_02285,sentence,突然有點百感交集,4.0,5.8
sentence_01684,sentence,例如我日文沒有那麼流利我會不會什麼都不行,4.0,3.6
sentence_00472,sentence,人他爸很有錢不然怎麼能買新聞啊,3.333,6.667
text_00010,text,剛開始看的時候心情是平靜的，看到中間真的期待她有個好的結局，有個好的人生，可是不樂觀的情節越來越多，如預感，結局讓人很心痛，但是也讓人平靜。,5.5,4.143
sentence_00941,sentence,這是為了之後要拯救中國,6.0,6.0
sentence_01071,sentence,說彭暴露了共畜主力,4.667,2.667
sentence_01587,sentence,以及激進左翼政治人物桑德斯表示,5.0,2.8
text_01349,text,網友AndyCho表示，大家都是愛狗之人，我也是不懂每個品種小狗的身體構造或容易以發的疾病，也是看的相關新聞報導才瞭解狗疾病跟一些知識，包子的主人絕對不會是像大家所說的虐狗的人；網友ChiyouSun，希望大家可以先把重點放在，讓包子早點康復的這一點上面...包子的把拔馬麻都是很善良的人。,5.429,4.556
text_01694,text,其實「國是會議」的意義，是當現有體制的正當性有所不足時，用以在體制外召喚「國民意志」，藉以補足重大改革所需的正當性來源。,5.333,4.875
text_01799,text,偏偏就是馬英九這個被認為親中反日的，日本願意和他解決台日漁權問題。,4.429,5.714
sentence_01622,sentence,辛酸並娛樂地去感恩,6.0,6.0
text_02588,text,張建宗在網誌中表示，隨著本港人口高齡化及勞動人口萎縮的趨勢，對本港經濟增長和長遠發展將造成一定的壓力。,3.778,3.75
text_01302,text,人給予的壓力過大，TPA在第一場比賽中，被AZF的「死亡頌唱者」卡爾瑟斯完全壓制；第2場比賽，TPA穩住陣腳，「以彼之道，還施彼身」，也使用卡爾瑟斯扳回一城。,5.556,4.0
sentence_01839,sentence,一直不停的在迷惘,3.0,5.8
sentence_01678,sentence,而人生也會被絆所牽制,4.0,5.0
sentence_00521,sentence,美國和中國都處在政治上最黑暗的時代,2.5,5.75
sentence_01301,sentence,加上武力懸殊太大,4.667,3.25
sentence_01281,sentence,你們的女神林昭能激勵你們什麼,3.75,6.5
sentence_00902,sentence,不然只能用暗示的,4.0,3.333
text_00753,text,我去CHECKIN和CHECKOUT的時候，感覺很不舒服。,2.556,5.875
sentence_02055,sentence,媽媽一定會諒解我的啊,6.5,8.0
text_02453,text,本次升級主要是聊天訊息可多選後逐條轉發及合併轉發，聊天表情可多端漫遊，支援設定好友訊息免打擾，圖片檢視器優化升級。,6.444,3.556
sentence_02545,sentence,但這是虛無的詩意,4.667,3.333
sentence_00122,sentence,不要讓他覺得你是,5.0,4.0
text_00793,text,酒店得早餐比較差，餐廳小，吃飯得人多，吃的東西也很少。,2.556,4.429
text_00517,text,其實討論就好，也別針鋒相對...唉，說太多，等等我也會冠上護衛之名.,3.333,5.125
sentence_01355,sentence,一起前往盛大的歌舞慶典吧,7.5,7.0
sentence_01746,sentence,西亞某國也是不斷被騷擾,3.6,5.0
sentence_00728,sentence,每一次引爆都會造成巨大地震,4.0,3.75
text_01321,text,由於方家家境清寒，方父趕到殯儀館時，身上更只剩三百元，引起大批善心人士關切，一整天捐款救助電話不斷。,5.143,5.889
text_01935,text,臺電民營化涉及電業法、臺水自由化涉及自來水法，修法要經過立法院同意。,4.875,4.375
text_00489,text,有更多的車子更好玩為什麼都是這種中大型經濟房車?,4.667,4.571
sentence_01596,sentence,電視臺我只認攻勢,5.4,6.0
text_00276,text,除了自己閱讀外，還大力推薦並送給給朋友。,6.143,5.0
text_00185,text,其中的一些細節讓我羨慕，我也希望像譚斌那樣，幹練，優雅，知性，大方，即使有點傲氣，但也是朵驕傲的玫瑰。,6.444,5.375
sentence_02323,sentence,熱中催生能改變世界的計劃,6.0,5.0
text_02167,text,近幾周以來，美國和中國關係的緊張以及學術交流審查的加劇，增加了耶魯大學和全美大學眾多國際學生和學者的不安。,3.0,4.222
text_02114,text,湖南衛視當家主持人汪涵、新聲代小花李莎旻子共同主持一場陣容豪華的直播界狂歡夜，將人們的視線和思緒又拉回到曾經繁華無限卻又落入沉寂的直播行業。,5.0,4.333
sentence_02166,sentence,因為很多答非所問的段落實在太棘手,3.667,5.333
sentence_01843,sentence,反同陣團堅毅不屈,5.0,3.75
sentence_00071,sentence,碧雲引風吹不斷,5.5,4.5
text_00765,text,這次正好趕上國際柔道比賽的代表團入住，酒店對普通住客的服務有所下降。,3.75,4.714
text_01791,text,台灣意識覺醒這沒什麼，也不是這一兩年的事情，每個人都愛台灣這對國民黨來說有什麼好擔心不安的，一時的激情難免,5.0,5.143
text_02139,text,近日，PatentlyMobile挖出了三星的新款摺疊屏智慧機專利，預示該公司有望克服GalaxyFold的既有缺陷。,5.667,3.667
sentence_00756,sentence,武漢這塊地界到底隱藏者什麼,6.0,6.0
text_01777,text,除了我族以外，其他人的自由都要經過我的審查才行幹他媽的死學匪走出立院一定會死得很難看阿,2.444,6.857
text_02096,text,前不久，一位女子利用7天無理由退貨等服務規定，天天穿名牌新衣服，然後再申請退貨的事情在網上鬧得沸沸揚揚。,3.556,5.0
sentence_00364,sentence,當韓國瑜暢談要在高雄設定自經區,3.333,6.0
text_00240,text,薑士安出身貧苦，但憑藉自己的點滴的努力，取得了事業上的卓越功勳。,6.625,6.0
sentence_00883,sentence,買菜買水果卻選次級品,3.6,5.75
text_01310,text,對現在臺灣電競玩家來說，除了有很多很好的贊助商，而雷蛇也針對玩家量身訂做許多電競設備，讓玩家可以發揮完整的實力，還有一個很好的環境，像是TPA、TPS的戰隊可以互相觀摩與學習，是追求夢想是最好的時刻。,6.444,4.667
text_01253,text,這句話，糾結出社會心中的哀慟。,3.333,3.571
text_01781,text,政黨就是理念的結合，華人世界既然只剩下這兩個政黨還相信理智及科學，與我理念相符，那麼我只好支持他們了。,6.125,4.333
text_01983,text,只要沒看到支持FACE先推動配套，都是偽FACE狗良養團體。,3.0,6.5
sentence_00060,sentence,之前到底在幹嘛,3.667,6.667
sentence_01419,sentence,我每一次上吊都是掛在繩子上吐氣呼吸,4.5,5.5
text_01044,text,而造成永難彌補的遺憾，竟是闖紅燈的民間救護車。,3.222,4.714
text_02214,text,最近每當覺得路上孩紙可愛時才終於意識自己好像老了這件事，不過比起生出可愛孩子的爸媽，如夢倒是比較羨慕擁有這些多才爸媽的孩子。,6.0,4.143
text_00610,text,攜城價格是620NET不含早，我朋友通過旅行社是610含早，所謂的500元只是第一天的價格，很有欺騙性.,4.0,5.375
text_02941,text,全瓷復形物成為假牙主流現代人對於牙齒美觀的要求越來越高，臨床上牙齒缺損的復形材料選擇，除了考量牙齒缺損狀況、所需強度大小外，也都會注意美觀上需求。,6.0,2.875
text_02967,text,澳洲聯邦員警表示，警方在今天稍早搜索了澳洲廣播公司集團位於雪梨的總部，並鎖定3名參與兩年前一份調查報導的記者。,5.0,2.714
text_00932,text,本身即代表消除了製造商或系統商對於設備的某些限制，讓用戶幾乎不受管制的安裝程式和決定使用設備方法。,5.333,3.75
text_01134,text,臺灣電玩隊伍臺北暗殺星在世界電玩大賽中奪冠，政府不僅考慮替代役等優遇辦法，經濟部也說要協助企業取得世界市場，但立委翻出經濟部推動遊戲產業政策要點，經濟部連舉辦遊戲玩家大賽，首獎都規定不得超過10萬塊，立委批評政府心態落後，經濟部說會檢討。,3.333,4.25
sentence_01381,sentence,卡塔庫裡的唯一致命傷就是自己戳了自己一戟,4.0,5.5
text_01002,text,真心希望聯想集團把一些代理了，售後等要嚴格把關控制好別在影響聲譽，否則消費者傾向於其他品牌了！,4.222,5.875
text_00350,text,偷裝備~~我覺得大大你搞錯了吧!!和泰怎麼偷?,3.5,5.714
text_00303,text,唱衰會讓人覺得很好笑耶...,3.889,4.444
text_02551,text,外傳美其名是補完正傳中空白的歷史，難聽點說就是憑空捏造故事，只要不影響本傳的劇情，作者喜歡怎樣寫也可以。,3.857,3.857
text_01548,text,受此刺激影響，大陸股市昨非但未受波及，軍工上市企業反倒應聲上揚，一路領漲。,5.0,5.167
sentence_02106,sentence,就會永遠陶醉在中國是世界的中心的夢中,5.0,4.333
text_00754,text,讓人匪夷所思的是衛生間的門，居然是透明的，又不是情色酒店，入住的不是情侶只是朋友就算是同性也感覺怪怪的，沒有任何隱私。,3.375,5.111
sentence_02034,sentence,住得膽戰心驚啊,3.333,6.667
text_00144,text,我看得頭皮發麻，思想驚悚片不過如此，我在慶幸我們現在過的不是那種生活，不然，寧毋死可是，你要死，老大哥也要讓你愛上他覺得一切都是自己的錯的時候，才準你死這樣的生活，這樣的極權，太可怕了，不敢想像奧威爾是個天才，絕對的天才，我甚至錯覺，他根本就是個先知,5.5,6.143
sentence_01458,sentence,法定期限內沒有上訴,5.0,4.5
sentence_00969,sentence,畢業於知青勞改隊的文盲習近平,3.75,5.0
text_00692,text,前臺的服務意識還是不錯，下次要好好享受一下酒店的服務。,6.778,4.875
text_02749,text,賴峰偉表示，澎湖孩子陸續在全國競技賽事中大放異彩、頭角崢嶸，他期望老師、教練持續經驗傳承，激發潛能，培養學生積極進取態度，展現三點水堅毅的精神。,6.625,5.0
text_01770,text,於是開始杞人憂天走上街頭開始抗爭以為這樣就能掩飾心裡的不安.,3.667,5.857
text_01460,text,李俊俋收藏蛇領帶也是「低年級」的民進黨立委李俊俋，對蛇相當冷感，被問及對蛇有何感覺？他說，很少談這種東西，倒是有收藏一條蛇圖案的領帶，是在國外旅遊時發現的；因有關蛇的物品比較罕見、自己又屬蛇，覺得有趣纔買回來。,5.0,4.286
sentence_00166,sentence,可能被要求遣返大,4.0,4.5
text_02731,text,1.預防圓肩和駝背圓肩和駝背的體態，容易造成肚子更大、壓迫內臟讓呼吸不順暢，嚴重還會影響到四肢麻痺和頭腦思緒。,3.333,5.833
text_01715,text,我希望與各位州長坐下來談，我要謝謝四年來，支持國家的美國人民。,6.444,5.0
sentence_00370,sentence,每次看到梵谷兄弟相關的文章就很感動,7.0,6.75
text_01586,text,迴應社會改革聲浪，立法院長王金平昨天邀集朝野黨團協商後，達成共識，要求中油、臺電、臺糖和自來水公司等四家國營事業，今年度發放經營績效獎金，最高不得超過一.二個月，將較現行二.六個月，大砍一半以上，初估平均每位員工將少領約十萬元獎金。,4.857,4.429
text_01328,text,甫獲2012紐倫堡國際發明展銀牌獎殊榮的明道大學材料系吳信達助理教授，又拿下準世界發明家獎「化學發明獎章」。,6.375,4.857
sentence_02177,sentence,一副興高采烈的樣子,7.25,4.5
text_00536,text,前年是我老婆嫌她手邊錢太多想換車見鬼了我窮得很她卻有錢?,2.778,7.125
sentence_01592,sentence,走私動物屢禁不止,3.25,5.0
sentence_00711,sentence,可是再如此悲傷也有過去的一天,6.5,6.0
sentence_01735,sentence,但獨吞我們地方農產外銷的功勞這個我就不能忍受了,3.0,7.5
text_02573,text,今日，該網友公開道歉，稱此前訊息建立在單方面訊息管道基礎上，且在未完全證實事實的情況下輸出了情緒，讓問題向更激化的方向發展。,3.714,5.143
sentence_00599,sentence,摸著她稚嫩的臉龐,5.5,5.0
text_00602,text,唯一不好的是電視，最早的那種21寸彩電可能，我住的房間沒出問題，朋友的房間進去電視不能開，找服務員，服務員很快搞定。,5.0,3.571
sentence_00223,sentence,過去他們很輕鬆地賺錢,5.667,4.0
sentence_01017,sentence,考驗我軍必勝的決心,6.0,8.0
sentence_00691,sentence,本藥是激發人體荷爾蒙產生壹種互相吸引力,5.333,4.667
sentence_02547,sentence,平心靜氣太難了,4.0,5.667
sentence_00698,sentence,爹最近沉迷翻牆聽迷之小廣播,4.5,4.5
sentence_02338,sentence,後遺症是總有夢魘盤旋,3.0,5.667
text_00499,text,請恕小弟無知問一個疑惑已久的問題...既然GTR那麼厲害，為何中裡毅會輕易的被帝王隊的板凳球員清次打敗?,4.111,5.667
sentence_02301,sentence,跨黨派脫歐妥協談判受挫,3.0,5.25
sentence_01974,sentence,可是爹他傷心欲絕,2.667,7.0
text_01529,text,第一次見面，有別於其他會害羞地躲在父母身後的孩子，小紅豆主動向我揮手打招呼；而當我和淑文談話時，她則自在地獨處、專注看書。,5.667,4.444
text_01092,text,朱男懷疑女友因另交男友而欲分手，去年三月七日，潛入女友住處，從女友的相機中發現女友與其他男子的合照，記事本中並記載上汽車旅館、買避孕藥等。,3.125,5.625
text_00486,text,有錢歸有錢...可是我實在不懂有錢然後拿Camry來這樣玩有什麼意義?,3.444,5.857
text_01844,text,對於辨別這個團體遊很大的幫助。,5.375,3.556
text_00214,text,其實在網上我已經看過N遍逃愛記了，但仍忍不住買了紙書來珍藏，非常喜歡逃愛記，顧正榮非常符合我們對愛情的想像，深情，溫柔的男主是每個女生都想要的，毫不意外，我也非常喜歡顧正榮。,6.25,5.111
text_02091,text,此外，這款平板電腦可與512GBmicroSD卡配合使用，是上一代機型可支援容量兩倍，但是其它引數保持不變，它甚至保持合理的49.99美元售價。,6.286,4.5
sentence_01698,sentence,不需要解釋安撫,5.0,2.25
sentence_00136,sentence,他鬥來鬥去就是要控制局面,4.5,4.0
text_01096,text,獨力扶養年幼2孫，穿破衣、吃愛心餐，感嘆毒品毀了他的家，高市青山行善團號召網友愛心接力，協助陳家走出困境。,5.556,3.833
sentence_01448,sentence,基於華人社會的種種規範,4.0,6.0
sentence_01505,sentence,土城四姨丈的手藝,5.0,2.8
text_00669,text,最近本酒店新上任的新加坡籍行政主廚，正在根據客人的反饋對菜餚進行改進，同時近期也有不少新的餐飲促銷推廣活動，相信下一次的體驗肯定不會讓您失望。,6.429,4.833
sentence_00985,sentence,把人家的孩子送進監獄,3.0,2.333
sentence_00758,sentence,臭狗屎你也跟他辯論,3.333,7.333
sentence_00511,sentence,那是咱們的幸運,7.0,5.667
sentence_00850,sentence,不然倒楣的還是投資者,4.0,4.5
text_01346,text,還有包子被埋在沙灘中的畫面，網友ShellyHsiao說，天啊海灘的好像什麼折磨酷刑影片...。,3.444,5.5
text_00077,text,我邊講還邊惹來許多小朋友圍觀，這更讓他得意了。,5.25,5.143
sentence_02241,sentence,衣服全白計劃宣佈暫停,4.667,4.667
sentence_02101,sentence,藐視政界潛規則,3.0,5.0
text_00452,text,安全與否，眾說紛紜，你之所以提出TOYOTA不安全的疑慮，就要給個建議性的解答，回文沒有必要避重就輕，不然你提出的疑慮就白費了....你跟我說等有一天你能買車時，我真的笑了..小弟很早就買車了，開的車也不怕你知道，九年前買的TOYOTAVX-4,4.625,4.571
sentence_01197,sentence,只是妳得設法忽視他背後那根情緒反應變化既強烈又明顯的隱形尾巴,5.0,3.0
text_01704,text,不過親民黨團在14日再度提出另一項提案，要求行政部門在3個月內提出績效獎金的核發辦法，並且在立院完成審查後，國公營事業101年度起的績效獎金，就依照此辦法發放。,5.0,4.111
sentence_01325,sentence,這是營運在引誘我鑽抽的陷井,3.333,5.0
text_01320,text,「對不起，我過去對你不太好，希望你在另一個世界能過得好」，一位方小弟的同學，寫下對他的歉意與懷念；也有同學訴說與方小弟相處的快樂時光，更有人懷念他的笑容。,4.143,5.143
text_01956,text,游擊隊倖存女孩莎拉：「很悲慘的是我11歲時就被哥倫比亞革命武裝遊擊隊性侵，過去11年我飽受他們虐待和剝削。,2.222,6.5
text_01851,text,更何況他身為醫生更是應該嚴加譴責我越來越相信柯柯哲的高民調是要害他出來選的政治人物故意放出來的了,3.375,6.222
text_02288,text,知名YouTube硬漢兄弟成員之一的黃包包近日與網紅女友閃亮亮的不雅片3度外流，除了尺度較先前兩部外流片大上許多，兩人均正臉入鏡，引爆網友熱議。,3.444,4.444
text_02246,text,曉羊教育、課程幫、好專業、學業有方、未來規劃局、壹鼎生涯、優志願、百年育才、辰知等玩家都在追趕這波改革紅利，36氪也曾為新高改市場做過深度分析。,5.857,4.857
text_02790,text,多家科技巨擘承諾採取新行動，以剷除網路極端主義內容，不過，美國白宮今天表示不參與這項國際行動，但強調華府支援倡議目標。,4.8,4.167
text_02009,text,可愛到爆的皮卡丘和傑尼龜、可達鴨等寶可夢一起在過去20多年裡征服的不僅是全世界的童心，還有大家口袋裡的錢。,5.667,5.2
sentence_00442,sentence,法輪功學員反迫害不也是維權運動嗎,5.0,6.25
text_00015,text,我們的生活中也需要激情，在小說當中會找到我們也曾有過的戀愛的感覺。,6.0,5.0
text_00493,text,恰巧剛入手CT不久...首先，我覺得油電車不好開，但好玩！,6.0,5.667
sentence_01765,sentence,人生最大的哀痛,1.6,7.4
text_01056,text,按讚的男網友多醉翁之意不在酒，只是想尋找一夜情。,4.1,5.0
sentence_00566,sentence,而自己也沒有那麼無能,6.0,6.75
sentence_01967,sentence,一上山開始下雨令金瓜石行程有點掃興,3.667,4.333
sentence_02465,sentence,可說是普世歡騰,8.0,6.2
text_02037,text,如果你是成熟的成年人，只有你才能評估這些東西到底是什麼，而評估的基礎是你個人的慾望和經驗，或許再加上與坦誠的朋友或諮商者討論。,5.625,3.778
text_02477,text,喬治華盛頓大學憲法學專家JonathanTurley稱，否定面部識別在確保機場和邊境設施安全方面的價值是荒誕的，很難否認這項技術在公共安全上的價值。,5.75,5.125
text_02635,text,今天淩晨，在納木錯開展的第二次青藏高原綜合科學考察研究中，由中科院空天資訊研究院研製的繫留浮空器成功挑戰海拔7003米的高度。,7.0,4.125
text_02471,text,義大利發生旅遊大巴翻車事故已經導致1人死亡杭州網據俄羅斯衛星網報道，一輛旅遊大巴在義大利錫耶納地區發生車禍，造成1人死亡。,3.125,5.889
sentence_01468,sentence,下一個遭殃的就是你自己,2.75,6.5
sentence_00146,sentence,兩人都是力改之前政府多年沉珂弊病而務實的人,6.6,4.2
sentence_00051,sentence,的群嘲仇恨給拉走,3.4,4.8
text_00611,text,有那麼多朋友點評鑽石公寓，不妨再講兩句。,6.0,5.125
sentence_00670,sentence,也會在有限的時間內有效運用資源,6.5,3.25
sentence_02482,sentence,事出反常必有妖,4.0,5.75
text_01244,text,與會的解放軍退役少將潘振強隨即怒斥，穀內「粗暴、狂妄、顛倒黑白、混淆是非」。,3.375,6.571
text_00603,text,總體不錯的酒店，樓宇結構有點怪。,5.111,3.875
text_00197,text,當我們看到別的孩子的優秀之處時，往往會很羨慕，有時還會忍不住責備孩子：“看人家”，可是我們有沒有想到他的媽媽在背後付出的努力。,4.222,5.625
sentence_02024,sentence,全部用奇異筆圈出來,5.0,3.0
sentence_00177,sentence,總是選擇自己有利的一面,3.667,5.667
sentence_02126,sentence,終稍來寒光中的暖意,6.0,3.5
text_01305,text,原本氣焰高張的韓國隊，此時面如死灰，不敢相信自己居然被臺灣隊逼到角落。,5.333,5.571
text_00324,text,不過沒味道的車友大多有關A/C後再送風個1-2分鐘的習慣我就是)，建議車友可以試試看會不會有改善。,5.111,3.375
text_02716,text,菲律賓與加拿大的跨國垃圾大戰又有最新進展，菲國總統杜特蒂已失去等候加國回應的耐心，今日下令政府僱用私人運輸公司將69個裝滿腐爛垃圾的貨櫃運回加拿大。,3.429,7.25
sentence_00488,sentence,學歷最高30分,4.667,4.333
sentence_01502,sentence,睡眠質量下降等症狀並非疾病,5.667,4.0
sentence_00903,sentence,而家搵緊適當時候去做電療,5.6,4.0
sentence_00720,sentence,但我還是接受不了他的土方,3.333,6.0
text_01742,text,這種方式當你們攻擊的另一方已經忍無可忍的時候我擔心你們會死無葬身之地.,2.875,6.5
sentence_00399,sentence,鄧屠夫和姚依林那樣的共產黨領導人才是明白人,6.5,6.0
text_01650,text,英國「經濟學人」雜志於日前刊出「馬英九：笨拙的總統」（Mathebumbler）一文引發熱議，在野人士不免趁勢冷嘲熱諷一番，但國家顏面受損，不見得人人高興得起來，就如民進黨前主席謝長廷18日所言，「我們不該高興，畢竟馬英九是我們的總統。,4.25,5.0
text_00941,text,外觀是藍色的，其實本人更喜歡黑的，只是沒有。,4.0,3.714
text_00945,text,26號下的單，由於等Rapoo的鼠標，拖到30號才送到，不過意外的是當天有降價，價保還便宜了44元，算是額外的收穫.,5.667,5.625
sentence_02239,sentence,看了就不敢恭維,4.0,5.2
sentence_00910,sentence,雖然是個到處犯錯的白痴,4.667,5.667
sentence_01089,sentence,她@邊指責一邊清掃,4.0,5.5
text_00562,text,商務間是比基礎房型豪華間高兩個級別的全新房型，目前推出年終回饋498元商務間升級活動，希望大家更喜歡我們的新房間、新銀帆！,6.375,4.375
text_00203,text,這幾年，我對那些高中生之間的愛情，已經不敢興趣。,4.0,3.375
text_01578,text,種種因素顯示，北非的恐怖組織將會讓美國與盟友面臨更大的考驗。,4.0,4.889
text_01005,text,全新的正品行貨，送貨的人員也很專業。,6.6,5.167
text_01059,text,小琳則覺得贊數愈來愈多時，表示圖與文都有人欣賞，「有被關心的感覺」，虛擬世界裏看不到對方，不在乎對方的動機，就算有不良動機，有網路當防火牆，大可不必理會。,5.375,5.286
sentence_02544,sentence,這是何等悅耳的聲音,7.6,5.25
text_02892,text,又聯想到之前和朋友帶孩子們去景山公園，說起明朝皇帝吊死在歪脖樹的歷史，問孩子知道是誰打來了皇帝要自殺嗎，小孩脫口而出是日本鬼子。,4.0,4.625
text_01006,text,最爽的是六芯電池，充滿電可以用四個小時，我很滿意,7.375,6.0
text_02616,text,在蘋果強推USB-C並砍掉3.5mm耳機插孔的情況下，協力廠商配件開發商貼心地為蘋果使用者提供了一系列的迂迴式解決方案。,5.875,2.25
sentence_00548,sentence,回宿舍等老大揪喝酒,7.0,6.667
text_01365,text,陳文禮指出，陳昱安行兇前寫下「殺人摘要」，預謀犯案許久，而非一時受到刺激，砍殺父親的部位也多是要害，行兇時生魚片刀甚至卡在父親胸前，殺意堅定，犯後並曾說「後悔不存在我心中」。,2.0,5.429
sentence_01976,sentence,隨即豆大的淚珠從我臉上滑落,3.5,5.0
sentence_00544,sentence,雖然我們都很獨立,5.667,2.667
text_01654,text,包括民進黨在內，更想幫助馬總統與國家，希望馬英九趕快召開「國是會議」，解決國家危機，挽回自己的形象。,5.111,5.556
text_01966,text,北韓中央通訊社在報導中強調：包括北韓領導人金正恩和勞動黨、政權機構、以及社會團體，在春節之際，就前往平壤「萬壽臺」，向「金日成和金正日父子」的銅像前，獻花拜祭，表露了真情和忠誠。,6.111,4.25
sentence_02458,sentence,不以為然的奇事多了,4.6,5.0
text_00556,text,"1、地理位置鬧中取靜2、如果在五角場附近辦事，交通還算方便缺點：1、房間內有濃重的煙味2、空調滴水剛好在樓下的玻璃鋼瓦上，晚上比較吵3、洗澡水“小水無力”，感覺更像是“跑、冒、滴、漏”的水龍頭3、早餐比較差既沒有""吃飽""的實實惠惠，也沒有""吃好""的豐富多彩)4、毛巾泛黃5、枕頭很尷尬兩個偏高、一個偏低)",3.6,4.625
sentence_01393,sentence,展現自己健美肉體以敬神,7.0,6.25
sentence_00453,sentence,比如是醫療改革,6.0,4.0
sentence_01235,sentence,歡聚在一起讚美神,7.0,6.0
sentence_02298,sentence,但偶會默默避開這類角色就是,5.0,4.5
text_00918,text,唯一美中不足之處在於我離店之後發現手機充電器遺忘在房間，打過去電話詢問前臺居然不知道此事，後經服務生及清潔人員仔細尋找才找到（其實就在插座上）。,4.5,5.25
text_01819,text,各位現在那麼氣憤甚至有人傻到想投柯文哲的,3.333,6.375
text_02002,text,剛離職的時候，自己就是從直挺挺、每天扛著槍上戰場的上班族，短時間內萎靡成作息大亂、東西亂吃、懶得運動、不知道要幹嘛的鬆散閒人。,3.5,2.857
sentence_02479,sentence,女配壓倒性比原女主美,6.5,4.8
text_02870,text,華為被限制Android系統使用權遭重挫，開發自家的行動作業系統不如預期，華為重重的危機正排山倒海而來。,3.125,5.143
text_02356,text,美國密西西比一個州議員，嫌老婆脫衣服脫得太慢，他等行房等得不耐煩，把老婆痛打一頓，他吃上家暴罪，議會同僚和州長都要他辭職。,3.0,6.0
sentence_01865,sentence,所以比起來氣急敗壞的議員才像壞人,4.0,6.25
text_01189,text,老實說，小孩不笨，他們知道去資源班會被歧視，我聽過其他孩子稱呼資源班的小孩是「資源垃圾」，小孩不願去、家長不承認孩子有狀況，一直拖，拖到最後就變成這樣：國小畢業，卻可能變成文盲。,3.0,5.222
sentence_00884,sentence,高一時候做的小花束現在還沒丟掉呢,6.0,6.0
sentence_01487,sentence,在青草地上跳舞又是一番歡欣,7.0,5.667
sentence_00076,sentence,要是平成最後的聚會我還能理解一二,4.5,4.4
text_01339,text,刮刮樂，問店家要如何對獎？洪月娥一對，興奮地告訴他「刮中頭獎三百萬元！,7.333,7.875
text_02170,text,在本週釋出令人感到驚豔的Zenfone6旗艦智慧機的同時，有關華碩新專利的曝光也被荷蘭科技部落格LetsGoDigital給挖出。,6.333,4.714
text_00672,text,首先感謝您此次選擇下榻虹橋迎賓館！,6.375,4.0
sentence_01199,sentence,一切的一切都在適應中,5.333,3.5
sentence_00781,sentence,374643人受傷,3.0,3.0
text_01325,text,校方指出，方小弟平常最喜歡熱鬧，因此很期待本週六運動會的到來。,6.778,5.25
sentence_02097,sentence,送禮自用兩相宜,7.0,5.0
text_02472,text,現在，外媒放出了一組三星GalaxyNote10的渲染圖，外形整體上來說非常的激進，屏佔比在95%以上。,5.667,4.333
text_00231,text,這本書帶給人許多思考，即使不是自己或身邊的親人正面臨死亡，依然是本值得一看的好書。,6.889,4.111
sentence_02275,sentence,此舉可以看做是美國特朗普政府上臺以後為遏制中國的膨脹而採取的印度太平洋戰略的具體且實質性的行動,6.0,4.5
text_00378,text,拜託一下，人家只是比較喜歡T牌...你也不用這樣子說而且...如果要說ESP跟氣囊...ACCORD跟TEANA這幾台~都是要最高階的車子才有的~想問一下這幾台是否也差不多?,4.667,5.429
text_02085,text,鼓勵身心障礙學生不畏困逆、勵志求學，中華醫事科技大學154位身心障礙學生獲教育部頒發3百多萬元獎助學金。,7.286,5.143
sentence_00156,sentence,發照給她時她一直問我是不是所有人的親屬都到了,4.667,3.667
sentence_00834,sentence,我非常瞭解和欽佩的人,7.0,6.0
text_00597,text,瀑布寒……從來沒見過這麼方便的，要是小偷，哈哈，肯定笑死了。,6.222,5.667
sentence_02364,sentence,入貿協首肯照規,5.0,1.0
sentence_01348,sentence,謙遜自持巍巍風範,7.75,4.2
text_00912,text,娛樂上網本，能夠滿足基本需求。,5.667,3.571
sentence_00431,sentence,癌症治療一個月需要4,5.0,3.0
text_02158,text,這場事故，被視為人類史上最嚴重的一次核電事故，而關於這場事故發生的原因以及後來所導致的影響，爭議至今都尚未休止。,3.556,5.25
text_00807,text,我只說說缺點，拿到手後發現風扇發出很尖銳的高頻聲音，安靜的時候很是不爽。,3.0,6.375
sentence_02437,sentence,同樣的戰術窘境,3.667,3.667
sentence_01662,sentence,一句壞話也不可出口,4.8,5.5
text_02535,text,日前，知名爆料網站slashleaks曝光了一張魅族16Xs多彩塑膠外殼照片，並給出了100%的可信度。,5.375,3.75
sentence_02213,sentence,卻看著搖搖欲墜的模樣心生膽怯,3.4,5.2
text_01702,text,立法院朝野黨團日前協商達成共識，要求自101年度起，國營事業（含官股銀行）有盈餘纔可發放績效獎金，但不得超過1.2個月，引發國公營事業單位的不滿。,3.375,6.286
sentence_01784,sentence,他就是懦夫又如何,3.333,7.0
text_02669,text,他出席廉署第七屆國際會議致辭時表示，建立一個廉潔及公義的社會，香港視廉潔及法治為極度重要的基本價值，是香港繼續成為國際大都市的基石。,6.333,3.0
sentence_01697,sentence,也佩服歐崇敬的預測神準,7.0,5.2
sentence_01943,sentence,曼妙勻稱的身材,6.5,5.0
sentence_00465,sentence,發表真理賜給人悔改的道,6.75,3.6
text_01823,text,我同意你浪費我們的社會資源嗎?,2.778,6.375
text_02782,text,一名日本旅客日前來臺旅遊，與其他車輛擦撞，原本愁於無法應對，沒想到遇到英文流利的女員警實習生出面解圍，讓日籍旅客如釋重負，最後還合影留念，留下難忘回憶。,7.5,6.143
sentence_00483,sentence,都改聽國外的流行音樂,5.0,3.2
text_00503,text,事後我已經去裝原廠後內鐵了拍賣店家有進HONDA原廠後內鐵裝到好大約10張小朋友有找)Altis放馬過來吧當然是說說而已..希望所有車主小心開車~安全第一啦!)我在VtecSpirit的ID跟這裡的一樣啦~請多多指教),5.333,4.0
sentence_02519,sentence,潘家錚等德高望重的科學家,6.333,5.0
text_00494,text,別有一番駕駛樂趣。,6.0,5.111
text_02851,text,半夜肚子餓時總忍不住拿起手機叫外送，當中最想點的餐莫過於麥當勞，試想一下能在半夜吃到熱騰騰、香噴噴的薯條是多麼過癮的一件事！,6.889,5.556
sentence_02324,sentence,其航行最高時速四十四節約七十多公里,5.0,2.75
text_01472,text,總統坦承，去年12月份失業率持續下降到4.18%，失業人數比11月份少了1萬人，就業人數比11月多了1萬3000人，「請大家放心，新的1年裏，我們的經濟、我們的生活，一定會更好。,6.333,6.25
text_00449,text,這次終於安全配備大升級，頂級兩顆變四顆，那些老是看不懂的英文縮寫，至少還有保留ABS.,5.75,4.0
sentence_01869,sentence,稍微揭開了我幾個禮拜來被雨霧掩埋的窗簾,5.5,3.0
sentence_00914,sentence,讓遺眷備感溫馨,7.0,3.5
text_02026,text,5月13日，介面援引知情人士稱，2019年快手的營收目標為300億元，其中直播和廣告為主要收入來源，預計快手在今年將會實現小幅盈利。,5.571,3.143
sentence_00401,sentence,我家廚房真的不大,4.0,7.0
text_01839,text,景氣差，民間企業年終獎金縮水，經濟部長也受到波及，立法院經濟委員會昨天提案通過凍結明年度經濟部長及次長年終獎金，等到國內經濟成長率連續二季超過三％，或是連續二個月失業率低於四％後，再向立法院經委會提出國內外經濟情勢及因應對策專案報告，經同意後才能動支。,5.0,4.0
text_00171,text,他們兩個在面對愛情時的清醒而不解。,5.0,4.143
text_01114,text,大阪大學兼任講師井出草平表示，目前拒絕上學的大學生有8成以上在高中時期均正常到校；這些學生大部分均未參與社團活動，一開始就在交友上受挫，最後呈現孤立狀態。,3.571,3.714
sentence_00929,sentence,郭文貴的態度已經很明確了,5.0,6.333
sentence_00230,sentence,沉默是擴充套件,4.333,2.667
text_02084,text,SensorTower稱，這款騰訊研發的遊戲在上線之後不久，已經成為當下iOS平臺最賺錢的大逃殺型別遊戲。,6.375,4.0
text_00845,text,希望能給我一個明確的答覆，謝謝。,5.111,4.875
sentence_02534,sentence,邀請你一同探索潛藏內心,6.0,3.667
sentence_01723,sentence,我最不稀罕人家的錢,4.5,5.75
text_02537,text,47歲的裴希耶原本在法國東部城市貝桑鬆2傢俬人醫院擔任麻醉醫生，現被控犯下24起案件，其中9人不幸喪命。,2.875,5.0
text_00944,text,網購有風險，下手應謹慎，確實比賣場便宜些，套用客服對我說的話：先生，通俗的講您運氣太差了。,3.625,5.375
sentence_00957,sentence,京都人不堪其擾突顯全球觀光城鎮的美麗與哀愁,3.333,4.333
text_01284,text,臺中市動保防疫處長餘建中指出，除了加強動物保護觀念外，另外成立「臺中市動物保護重大案件查緝小組」，成員包括跨局處人員、警察局、環保局等相關單位，並提供破案獎金。,5.7,3.714
sentence_00355,sentence,誰就是那個低能兒,3.0,6.0
text_00802,text,和老婆一起在揚州度了三天的蜜月，在酒店住了三天，感覺很不錯，是目前我們住過的最好的三星級酒店了。,7.25,6.286
sentence_01284,sentence,不肖子孫談不上心理素質,2.667,7.333
sentence_02311,sentence,後世多以突出壓倒性威嚴為核心,4.667,4.667
text_02011,text,美方在中美經貿磋商過程中言而無信、反覆無常，前一刻說出的話，下一秒就能自我推翻，翻臉的速度比翻書還快。,3.625,6.0
sentence_01226,sentence,和042的推特我能怎麼辦我也很絕望啊,3.0,6.0
text_00621,text,滿意，在煙臺住過幾家酒店，這裏的服務最好提前聯繫酒店希望他們能到機場接我，總檯小姐一口答應，我晚上8點多到煙臺,6.111,5.333
text_00864,text,刪掉預裝系統後纔好安裝XP,5.111,1.286
sentence_01979,sentence,此則名曰香光莊嚴,5.5,1.667
sentence_00837,sentence,當基督徒向他們發出關於這些精神實體的警告時,4.0,4.6
sentence_00117,sentence,心裡卻充滿嫉妒的是熟人,2.667,7.0
sentence_01694,sentence,麥田和河流整天互相侵佔,4.6,4.5
text_00161,text,我的確看得很過癮很開心！,7.125,6.25
sentence_00351,sentence,惡意殺價和持有毒品聞名,3.667,5.0
text_02270,text,過去，出於對大局和行業發展的考慮，儘管聯想承受了遠超想像的巨大名譽和經濟損失，但我們始終不願意過多地談及細節。,3.875,4.625
sentence_00632,sentence,如果高超的技巧運用得不得要領,3.5,3.75
text_01118,text,網站紛紛發文，表示心中有股淡淡的哀傷。,3.333,5.429
sentence_02189,sentence,蔡英文的穩健臺獨才是智中之智,6.25,5.6
text_02815,text,對此，鄭剛今日在個人微博號@哈羅航行連續發微博指責周美毅，稱自己和她認識的短短幾個月就被她下圈套、設計和陷害。,3.167,5.333
sentence_00347,sentence,當宗痛必是效忠支那的魁儡蛆長應聲蟲,1.667,6.333
sentence_01679,sentence,當年的鎮壓者和被鎮壓者有些至今活躍,6.0,3.5
text_02621,text,美國聯邦地區法官露西·科前日宣判，美國晶片廠商高通違反反壟斷法，透過威脅停止供應、超抽授權費用等手段，非法抵制手機晶片市場的競爭。,3.167,4.857
text_01194,text,從首度談薪得知林益全期待加薪百分百想法，義大犀牛隊就開始討論這價碼的可行性，雖然正反意見不一，最後還是從平均30萬加到50萬元，最大的關鍵在於林益全4年穩定表現，已證明是最值得投資的潛力績優股。,6.556,5.714
text_00011,text,看完這本書的時候，我內心對愛情的看法再次進行了調整，身不由己的調整。,5.125,5.125
text_02934,text,這部劇最終塵埃落定成了什麼樣子，咱們不要過於動怒，就當整個第八季都是前七季的同人影視作品，我們掛念的還是劇中的角色。,5.0,4.125
text_02661,text,有感社會對立嚴重，他火力更猛，罵韓國瑜，罵柯文哲，也罵蔡英文，說不討厭國民黨，也不討厭民進黨，只是痛恨共產黨。,3.143,6.889
sentence_00760,sentence,是中國的獨特現象,5.0,4.333
text_00588,text,是我在北戴河附近住過的的比較舒適的飯店，是凱萊管理的，從服務到設施都比較正規。,6.429,5.0
text_01831,text,還說未來應該回到「有盈餘纔有獎金」的原則！,4.375,5.375
text_01469,text,最關心就是經濟，他要向大家報告，衰退了1年的世界經濟，已經慢慢露出復甦曙光，臺灣景氣也從去年第4季開始緩緩好轉。,6.6,5.714
text_01099,text,高市青山行善團張團長透過裡長訪視，發現個案急需援助，網路號召網友幫忙，邀集紫霄帝闕玄天上帝廟合力捐款，發放白米、罐頭等物資。,6.25,4.625
text_02219,text,這是一款讓人沉浸的解謎遊戲，因為他沒有會卡住進度繞半天的謎題，沒有不合常理的天馬行空線索，他的解謎與故事完美融合，一氣呵成。,6.375,4.5
text_01176,text,雖然臺灣電競人才很強，卻缺乏政府的大力支持。,3.778,5.0
text_00425,text,討厭Toyota五年前開Altis，我後悔為何十年前要熱血買四安保養嚇死人的進口車。,3.75,5.333
sentence_01368,sentence,監禁中國人二千多年了,2.6,4.2
sentence_02186,sentence,在國際上到處肆虐的,3.75,6.0
sentence_00671,sentence,這點宗和日日樹最明顯,5.0,3.667
text_01592,text,國營事業員工績效獎金，確定維持一.二個月上限，今年之內無法翻盤。,4.2,4.778
text_01018,text,幫朋友買的，她猶豫了七八天，終於在18日下定決心，3299，用了張2000-100的券,5.5,4.714
text_01275,text,由於李生堅持提告傷害，警方近日將傳喚吳宗憲等人說明。,4.3,3.778
sentence_00977,sentence,用他們壓榨別人回來的錢捐款甚至資助新創,4.4,6.0
sentence_01261,sentence,不過偶爾也是要讓自己放鬆的噢,6.0,6.0
text_00851,text,整機顯得做工很精緻，外觀也很漂亮。,6.5,5.286
sentence_01370,sentence,我們的絕熱板的效能達不到英國和日本的絕熱板的效能,4.0,4.0
text_02791,text,毛澤東至死都是一口難懂的湖南土話，鄧小平也是一口稍稍好懂一點的四川方言，他們都不會說普通話，有什麼資格當黨和國家領導人呢？,4.0,4.667
text_00405,text,更別說出差了，一天300公里也不以為奇，相對的，引擎保持在工作溫度區間，油耗自然就會好一些。,5.875,4.8
text_00323,text,不過SUVLIFERAV4討論區不少車主也有反映這問題，我想應該是TOYATA通病不過也有開1-2年也沒有味道的，我想用車習慣、環境也有差吧。,4.5,3.5
text_01863,text,有鑑於此，示範區內將放寬國內市場投資限制，配合土地、勞力與租稅的法規調適，以吸引投資、增加產值、創造就業並接軌國際。,6.0,3.875
text_00184,text,花了一晚上的時間一口氣看完，喜歡譚斌，喜歡程睿敏，喜歡他們之間的愛情。,6.5,5.667
text_02511,text,黴菌會讓人生病，最壞的情況甚至會導致死亡眼睛看不到的黴菌之恐怖黴菌不只存在於灰塵中，還會附著在浴室牆壁、天花板，一旦出現，不論如何打掃，都會不斷滋生。,3.125,5.6
sentence_01704,sentence,兩天的假日根本不夠彌補身心靈的創傷,3.5,4.75
text_00812,text,酒店的接待人員還是很熱情，就是餐廳的餐太難吃，服務很好，知道我們要一早去酒泉，餐廳還在沒開餐前給我們打了包，很感謝！,6.667,4.5
sentence_01362,sentence,世界一流的水準,7.75,5.667
text_00274,text,我看這本書覺得情節不錯，很好的寫出了祈然對冰依的愛，尤其是冰依死去的那一刻，我覺得有點感傷。,4.125,6.111
sentence_02292,sentence,藍芽音響衝去市區送回修理,4.667,5.667
sentence_00237,sentence,狗老闆日復一日讓我們小輩無節制加班,2.5,7.0
sentence_01621,sentence,氣質漂亮的良家少婦蘇小小偷偷兼職做樓鳳,3.0,4.0
sentence_01404,sentence,更是人類發展歷史長河中最絕妙的諷刺,3.75,5.25
text_00570,text,感謝您選擇入住西湖四季酒店。,6.375,4.25
text_02121,text,正如最近報道的那樣，Windows10May2019更新已被阻止在具有某些驅動程式和過時服務的PC上安裝。,4.444,1.875
sentence_00212,sentence,中國的使用者真是很慘,3.0,4.333
sentence_02163,sentence,臺灣外交方面有敵視臺灣的國家存在,3.0,4.333
text_00578,text,月壇北街上的護國寺小吃我也老喜歡的。,6.0,4.571
text_01880,text,突然想到當年林義雄的二個堅持，一個是立委減半，一個是反核四立委減半這件事從現在的事後諸葛來看，是錯誤的，大錯特錯沒有任何法理根據就說減半就減半我還記得當年聖教主義雄說過立委減半至少可以讓全民少養一半垃圾可是現在情形是垃圾減半了，人民還是選出垃圾喔～不，是垃圾中的霸主我想知道後來聖教主有對此表示後悔還是承認自己錯了嗎?,2.625,6.778
text_00792,text,定得是豪華套間，但一點都不豪華。,3.5,6.111
text_02600,text,要分享到網路上的照片或圖片，甚至是因應工作所需，必須將圖檔傳送給他人之前，最好都可以蓋上浮水印，除非你不介意別人隨意使用。,5.143,4.111
sentence_01808,sentence,雙方的貿易協作不光影響兩國本身,5.0,1.5
text_00762,text,太差，根本不夠四星級。,2.6,5.571
sentence_00190,sentence,留意一下看看是不是都來自同一家店,5.0,2.667
sentence_00329,sentence,系統維護期間將無法登入遊戲,4.0,3.2
text_00924,text,ubuntu系統應該更好，待嘗試,6.0,3.714
text_02811,text,塑膠污染每年造成海洋生態系統經濟損失超過130億美元，而且到2050年海洋塑膠污染影響層面會擴及整個生態，問題只會越來越嚴重。,2.222,6.875
sentence_01852,sentence,還有其自以為是的宗教信仰缺失,3.0,6.25
text_01865,text,依據經建會所提自由經濟示範區規劃方案，包括市場開放、法規調適及行政效能提升，並結合適度產業發展政策而設立自由經濟示範區。,5.0,1.875
text_02936,text,一名日本旅客日前來臺旅遊，與其他車輛擦撞，原本愁於無法應對，沒想到遇到英文流利的女員警實習生出面解圍，讓日籍旅客如釋重負，最後還合影留念，留下難忘回憶。,7.5,6.143
sentence_01969,sentence,多少個徬徨的夜晚,3.6,5.25
sentence_02523,sentence,活得這麼直線真是羨煞人也,6.6,5.25
text_01591,text,未來若經濟復甦，朝野每年協商總預算時，還是可進行調整，屆時績效獎金說不定可以恢復到二.六個月，甚至更多。,5.889,5.0
sentence_01444,sentence,川普繼續在推特上挑釁,3.25,5.5
sentence_01982,sentence,持續三小時的衝撞,4.667,4.0
sentence_00755,sentence,直擊靈魂的拷問,4.333,5.667
sentence_01535,sentence,美國大型車廠通用汽車,5.0,1.8
sentence_02233,sentence,看到第四季總算有點禷i了,4.333,4.5
text_01205,text,許多粉絲在看完臺韓冠軍爭奪戰的網路直播後，意猶未盡，爭相在臉書上發表感言，甚至有粉絲提議，乾脆設個「英雄聯盟紀念日」。,5.429,5.0
text_00554,text,預定的是商務標間，由於客滿，酒店給我們免費升到了高級商務標間。,7.0,5.429
sentence_01738,sentence,那個人真是古怪,4.0,5.25
text_01315,text,臺北暗殺星在賽前並未被寄以厚望，但是卻連續擊敗世界排名第三的南韓NaJinSword、排名第二的俄羅斯Moscow5，以及排名第一的AzubuFrost，獲得冠軍絕無僥倖。,6.125,5.714
text_02700,text,老人們蹣跚、遺忘，逐漸被衰老剝奪生命的活力，但更多的時候，人們看到的是一張張滿是皺紋的笑臉，他們跟著音樂拍手，也常常伴著歌聲睡著。,6.571,4.143
text_02594,text,沉默的大多數從小我對講出來的話就不大相信，越是聲色俱厲，嗓門高亢，我越是不信，這種懷疑態度起源於我飢餓的肚腸。,4.125,4.5
text_01025,text,人數維持21000人；另一款電競遊戲則是遊戲橘子的「跑跑卡丁車」，經由電競，每月數百萬元營收，成長到每月4000萬元左右營收，昱泉及網龍分別有新遊戲「界天」及「亞特蘭提斯」即將上市。,5.75,4.8
sentence_01305,sentence,但令我心動的是他看我的眼神,6.0,7.0
text_01615,text,美國的這些舉動是對中國的挑釁，因此，中國也加大軍事部署來以硬踫硬，這纔是真正值得擔憂的地方。,3.125,6.111
sentence_00216,sentence,所以有必要建立一支,5.0,4.25
text_00950,text,音響的聲音一般，但音量是足夠的。,5.556,4.714
text_01671,text,她強調，根本不認識潘董，童仲彥濫用言論免責權，血口噴人，傷害她的名譽，一定要讓他付出重大代價。,3.5,5.0
sentence_01925,sentence,我發現市面上也是一種榮譽,6.75,5.0
text_02082,text,早在2017年1月，美國聯邦貿易委員會就指控高通通過一些不公平的競爭行為來維繫其在全球智慧手機晶片市場的主導地位。,3.5,5.143
sentence_02006,sentence,高雄市市民為中國大陸次等公民,2.667,5.0
text_01744,text,他表示，民進黨對中國政策應該要多點智慧，以政治家的宏觀角度提出訴求，不必去強調臺灣要脫離中國。,5.0,5.333
text_00099,text,勞動與愛情，挫折與追求，痛苦與歡樂，日常生活與巨大的社會衝突，紛繁地交織在一起，深刻地展示了普通人在大時代歷史進程中所走過的艱難曲折的道路。,4.222,5.625
sentence_00496,sentence,但就阻止江青組閣而言,4.333,6.333
text_00776,text,請要入住該酒店的朋友們入住時一定要清點你房間的消費物品.,4.667,3.857
sentence_00885,sentence,放到高三已經是乾燥花了,4.667,4.0
sentence_01095,sentence,不知道譴責劊子手,3.6,5.25
sentence_00420,sentence,豐富了我的記憶,7.333,5.333
text_00141,text,熱愛生活，熱愛生命。,6.667,3.857
text_02134,text,對於安卓使用者來說，各種雜亂繁多的訊息推送是影響使用體驗的關鍵因素，大量APP都會無節制地推送訊息，導致有用資訊被埋沒、系統效能被拖累、電池續航時間被縮短。,3.556,4.125
sentence_00633,sentence,妨礙了我們瞭解人物以及人物的行為,3.75,4.6
text_02733,text,這件事讓他覺得備受打擊，也逐漸影響了他跟同事間的合作品質，一個部份他覺得自己被其他人誤解了，另一個部份也認為同事都只會在背後說他的壞話而不願正面告知他。,3.333,5.375
sentence_00835,sentence,巨大的自豪感以及他在板球場上的巨大技能的巨大滿足感,6.0,4.0
sentence_00350,sentence,竟然連偶的龜孫都敢洗板,3.333,7.0
text_01658,text,可見人民的憤怒已經到達臨界點，一觸即發，若沒有適當發抒管道，恐造成社會集體動盪不安。,2.667,6.625
text_01543,text,臺大社工系副教授沈瓊桃二○○九年對兩千位臺灣大學生進行隨機抽樣問卷，結果顯示有交往經驗的大學生，曾受肢體暴力者達十八.六％；同樣數量的國高中生有一個月以上交往經驗的有卅六％，其中三成曾有受暴經驗，就是說每十名國高中生，就有一名曾受非同居親密關係暴力經驗。,2.75,5.143
sentence_01373,sentence,你就可以失眠一整晚了,4.0,5.333
text_00311,text,小弟比較貪心，對於安全性配備，是永遠嫌不夠的！,4.778,5.778
sentence_01741,sentence,惡行招致異熟果,3.5,3.4
text_01874,text,臺灣吸引的外資只勝過非洲安哥拉，連臺灣選出的總統都只想當中國人，國本日漸動搖；過去投票給馬的人應該面壁思過、道歉，民進黨也要深切檢討，爭取更多人的認同。,3.125,6.0
text_01555,text,他回答，「強姦犯和遭強奸人都樂在其中，因而需要考慮是否設立死刑」。,3.4,5.286
sentence_01536,sentence,然後又是一波倒閉潮了,2.0,6.5
sentence_01059,sentence,促成故事的分別在這裡,5.0,3.667
sentence_01332,sentence,被圈養獲得的安逸,5.5,3.0
text_01190,text,家長而延遲治療機會，孩子的時間就被浪費了。,4.0,5.0
text_00970,text,閨蜜買了一個，我看到覺得外觀啥的還不錯，價格又那麼便宜，正好考慮換電腦，就定了~速度還可以，本來還買了一個1G內存，想擴到2G。,6.5,4.75
text_00735,text,每次預定，該酒店總是聲稱無法保證安排安靜和有寬帶的房間，明顯不重視攜程的客人。,3.143,6.429
sentence_00917,sentence,和高通起訴蘋果的套路一樣,4.5,5.25
sentence_02272,sentence,選舉時期的輕忽,4.0,3.25
text_00763,text,服務員素質很高,6.444,4.857
text_02804,text,好吧，雖然有點失望，但也是沒辦法的事，畢竟，不是送禮給對方他就有義務要喜歡，我也收過不喜歡的禮物但還是客氣地說謝謝這禮物好棒喔，小孩只是沒那麼世故而已。,4.571,4.0
text_02159,text,為了修復不亞於Wannacry的RDP服務漏洞，微軟於今天面向包括XP在內的上述系統釋出了緊急修復補丁，要求使用者儘快完成安裝。,4.667,5.25
text_01049,text,奧斯卡獎提名揭曉後，李安在最佳導演獎的聲勢不斷攀高，先是在北卡羅來納影評人協會獎贏得最佳導演，隨後又在倫敦影評人協會獎再奪下年度最佳導演，聲勢水漲船高。,6.333,5.875
text_01447,text,「2012臺北客家義民嘉年華」昨14)日在臺北市客家文化主題公園舉行主祭大典，馬英九總統特別親任正獻官，與世界客屬總會榮譽總會長吳伯雄、客家委員會主任委員黃玉振、臺北市長郝龍斌等依傳統禮序行上香禮，一同感念義民爺保境安民的忠義精神。,6.125,3.857
text_00695,text,暖氣小到我感冒到現在還沒有好.,3.25,6.143
text_01195,text,低迷的職棒環境注入強心針，鼓勵好手們努力拚身價。,5.889,5.75
text_01185,text,我猜他可能沒有交給媽媽，後來我想法子讓他答應參加。,4.778,3.875
sentence_00149,sentence,情緒亦有點燥動,3.5,6.333
text_00174,text,指控西方財團與劊子手勾結廖亦武在領取德國書商和平獎時發表以上談話，該獎是德國第二崇高獎項，僅次於布赫納獎（GeorgBuechnerPrize），以往獲獎者包括土耳其作家帕慕克（OrhanPamuk）、匈牙利作家艾斯特哈茲（PeterEsterhazy），以及捷克前總統兼作家哈維爾（VaclavHavel）等巨擘,4.5,5.667
text_00719,text,房間較大，住的滿舒服的。,6.556,4.857
text_00291,text,或許今天當事者並不是你我，我們無法體會樓主當時在高速公路上的心情。,4.75,5.286
sentence_02415,sentence,劉特佐在外風流快活,3.75,4.0
text_01388,text,陳美鳳還將今日公益出席費全數購買庇護工場產品，身體力行落實公益，讓現場所有身障朋友都感受到最溫暖的鼓勵。,6.444,5.444
sentence_01757,sentence,你說全球糧食過剩,4.5,4.0
text_02966,text,不甩貿易戰，中國製造2025迫在眉梢，百年德國企業西門子看到中國正進行一場工廠智慧化的速度與規模之戰，要用AI和雲端搶先在中國轉型大戰中卡位搶先機。,5.111,3.111
sentence_01503,sentence,總之我有點沮喪,3.333,5.333
text_01289,text,清晨5點就到臺北信義威秀搶第一的22歲陳同學表示，玩「最後一戰」已超過8年時間，不僅故事情節非常吸引人，還可以和朋友一起對戰。,6.2,5.125
text_02542,text,一名39歲的胡姓男子，疑似和65歲的父親發生衝突，一氣之下竟狂刺對方20刀致死，伴屍3天等到屍體發臭，再將其簡單包裹並載到溪洲橋下水圳棄屍。,2.0,7.0
text_00094,text,讀了“筋長一寸，壽延十年”一書，使我眼睛一亮，對我一個有自信的人來說：影響力很大，我雖然熱愛健身運動，但養生書籍我也非常喜歡，此書是一本操作性很強的一本好書，在日常生活中很適用，尤其是拉筋方法學起來很簡便，很遺憾就是缺少整骨知識操作要點，希望該書作者在今後的出版中加以完善。,6.222,5.625
text_01287,text,今晚7點在臺北信義威秀中庭廣場、臺中NOVA及高雄GAME休閒館高雄旗艦店，同步舉辦首賣會。,5.444,3.875
sentence_02306,sentence,的比分結束了屠宰場,4.667,4.0
sentence_02082,sentence,總覺得有點誇大了,4.0,4.25
sentence_01168,sentence,牠們才跪得心安理得,6.5,3.5
sentence_01758,sentence,就形同叛亂或內亂,3.0,7.0
sentence_02281,sentence,甲骨文中國裁員內情,4.0,4.667
text_01479,text,奧運等級的國際競賽，希望政府相關單位能協助發展，幫助臺灣電競產業與國際接軌。,5.778,5.0
text_01145,text,立委建議發展電競產業民進黨立委陳其邁指出，電玩界早在九十九年就向總統提出建議，希望政府大力發展電玩業，但文化部關於這部分的預算實在少得可憐，他憂心整件事情過去之後，就船過水無痕，希望行政院召開跨部會來共同研究，投入電玩產業的發展。,4.333,5.375
sentence_02238,sentence,在盼與憂之間躊躇,3.5,4.25
text_01947,text,英、美、法、日、星各國都報導了施亞努逝世消息以及他對柬埔寨的貢獻。,6.0,5.143
sentence_00043,sentence,之前裙子的我也有突然換色的經驗耶,5.5,5.75
sentence_00879,sentence,中美貿易戰的勝敗取決於時機,5.0,5.75
sentence_02011,sentence,開示非常簡明扼要,6.0,4.667
sentence_02231,sentence,看起來倒像是寄生蟲卵,4.4,4.6
sentence_00077,sentence,將自然風景區作為人驕傲的一部分同理,6.5,5.5
sentence_02282,sentence,美國必須撤銷所有額外增稅,4.5,6.0
sentence_01050,sentence,抑鬱症也是精神病,5.0,4.0
sentence_01554,sentence,滋養我們的靈魂,6.333,5.0
text_00749,text,早餐很不錯，去周邊主要商業區也不遠。,6.444,4.111
text_01236,text,寒假開始，桃園業者這兩天遇上好天氣，一天就湧入5000人，成長4成，春節更要衝1倍業績，雲林業者寒假搬出新設施，門票打66折，預估業績也能成長3成，樂園寒假搶客戰，正式開打。,5.778,4.75
sentence_02288,sentence,長輩們喜出望外,7.0,4.8
text_01523,text,現代父母相對於以前傳統父母，家庭模式及管教都有很大的轉變，以前父母權威非常大，尤其是父親就像是家中的君王，所有小孩對他又敬又畏，若有犯錯，一定來盤「竹筍炒肉絲」處罰，但是後來臺灣在經過「愛的教育」與「洋化教育」的影響，這樣權威管教及嚴厲體罰已經慢慢退居主流，取而代之的是要跟小孩做朋友、分擔家事，當個新好男人、新好爸爸、新好媽媽。,6.143,4.571
text_01110,text,職棒如果沒有了，對基層的球員影響相當大，期許能將棒球以前的光榮再找回來。,5.111,4.143
sentence_00406,sentence,以增加吸收重要營養素,6.4,3.25
sentence_02390,sentence,逼仄狹窄的西班牙人區,3.4,5.25
text_00974,text,CPU顯卡也完全夠用，介面也非常齊全，總體來說很滿意！,7.143,5.0
sentence_01172,sentence,這是不恰當的講道,3.4,5.5
text_01035,text,清潔隊員轉調內勤人員不該領取每月六千元的清潔獎金，當年曾請示當時擔任北市市長的陳水扁八十八年是否仍繼續核發獎金，當時市長以特案籤準轉調內勤人員依舊可領取獎金，後因爭議未決，自八十九年七月一日開始就停發獎金至今。,4.889,3.625
text_02169,text,同為頂級前鋒，蘇亞雷斯32歲還在支撐著巴薩的鋒線，伊布37歲尚能在美國佔山為王，就連同齡的亨特拉爾，也跟著阿賈克斯煥發了第二春。,6.5,4.75
text_01570,text,二○一二年，遊牧民族圖阿雷格族人希望可以在馬利北部建立自己的家園，但此目標很快遭到開打與其他極端組織挾持，控制了馬利北部。,3.875,4.8
text_00201,text,怕再次傷心，上次看完，之後的一個禮拜我都沉靜在那揮之不去的心痛和傷感中，但是這次還是不由自主的翻開了，也許一切都是命運的安排，凝夕和司夜兩個就像夕陽和夜晚，永遠不能共存，兩個不懂愛的人在彼此的傷害中感受愛，也許從凝夕出生開始她就註定要像櫻花凋謝那般死去~~美麗還慘烈.....,3.25,4.625
text_02142,text,我們在做安全教育的過程中也發現有不少的老師認為倒立控水是對的，民間的辦法裡甚至還有對溺水者掐人中施救的。,5.0,3.75
sentence_00203,sentence,米德加爾特大陸主要由三個國家分據,5.0,2.667
sentence_01486,sentence,真實98乖巧伶俐,6.0,4.0
sentence_00690,sentence,美食化解的不僅是飢餓,6.0,5.333
text_02014,text,人一生約花1/3的時間在睡眠，倘若躺在床上卻輾轉難眠，看著窗外天色慢慢變亮，真的有一種無語問蒼天之感！,4.0,3.833
sentence_02102,sentence,我覺得家事適度就可以,6.0,5.0
sentence_02134,sentence,這樣的學生應該自覺退學,3.0,6.0
sentence_01340,sentence,今天我到底生了什麼樣的善心,5.333,4.333
text_00258,text,於是孩子成了父母願望及個人喜歡的成長載體。,4.375,4.375
sentence_01695,sentence,結果只有淪為傾銷地一種可能,3.0,5.667
sentence_00790,sentence,今天逛誠品買了兩本書,5.667,3.0
sentence_00011,sentence,世界瑜珈大賽七強,6.667,5.667
text_02225,text,許多使用者反映，自己莫名其妙被逾期了，即根據合同約定在還款日足額將款項打入小米金融APP內，卻收到了資金出借方——民生銀行的逾期警告簡訊。,3.714,4.444
sentence_02200,sentence,為當時前線的人民子弟兵敬禮,7.0,4.667
sentence_01464,sentence,講效率講結果不講程式也不講究做人準則,3.0,5.0
sentence_00088,sentence,然後我下了公交進了地鐵就一直覺得眼睛疼,3.667,5.0
sentence_02469,sentence,當年俺也是暴徒,4.8,6.25
text_02282,text,這種狀態稱為反芻思維，即將注意力集中在不幸的事件上，持續關注自身的消極情緒，反復思考可能的原因和後果。,4.375,3.111
text_00743,text,酒店裏的服務態度超差，餐廳裏的服務員的素質就更差，當時我一個人去吃飯，看見菜單上寫的酸菜魚是8塊，當時還告訴了服務員我就一個人，心想一個人正好，又點了其他的菜，誰知道付錢的時候告訴我酸菜魚是35元的，錢倒是其次的，明知道我一個人，還一個勁鼓吹他們燒的多好吃，鬱悶！,2.333,6.714
text_00772,text,在今後的服務中我們會不斷改進，同時針對每位客人給我們提出的人性化建議進行改進，不斷提高。,6.5,5.0
text_02620,text,但利益是把雙刃劍，既能驅使母嬰公眾號給家長介紹好玩具，也會驅使一些母嬰號把根本不值得買的玩具吹得天花亂墜。,4.143,3.857
text_02253,text,這次主題中登場的共有名偵探皮卡丘、噴火龍、胖丁和魔牆人偶四位角色，重點是，他們外型與聲音都將與電影版中一致。,5.833,4.8
text_02266,text,雖然亞馬遜預設的臺幣匯兌價格並不好，但它電子書的定價卻非常誘人——就算是加上刷卡手續費，都還比在國內通路便宜。,6.429,5.375
text_02046,text,一些人跑到事主家中對父親執行私刑，即便後來員警緩衝了當天的怒民，隔天，人們居然把怒氣轉嫁至肉圓店的老闆娘身上。,3.286,6.0
text_01400,text,反對加入歐盟的在野黨社會黨預期，和平獎將引發改組諾貝爾委員會的辯論。,4.625,4.889
sentence_01934,sentence,精通各種出道和翻牆的技術,6.5,4.2
text_01010,text,要求換貨還要客戶跑到廠方維修部出檢測證明，換貨過程中返修單留言多日無人迴應，售後電話等待時間超長，服務承諾10天完成換貨週期實際用了15天，換貨過程中間價格降低400多沒有價保（一次都沒有用到），商品服務都是垃圾等級的。,2.5,6.875
sentence_01318,sentence,潛伏在皖南的山村水廓間,6.0,2.0
text_02200,text,按照官方說法，最終的成品計劃是在2020年推出，所以在那之前還有很多時間去完善，聯想也因此沒有在現階段公佈太多的規格細節。,5.0,2.0
sentence_00268,sentence,在毛澤東剛去世時,3.5,6.0
sentence_02140,sentence,才會輕視五四運動的重要性,3.333,5.0
text_01655,text,雖然馬已拒絕召開國是會議，民進黨前主席蔡英文仍舊有所期盼。,5.333,5.0
text_00080,text,而且這書中英對照，也可以對小朋友灌輸一下一些簡單的英文。,5.778,2.875
text_01306,text,中華民國國旗高喊「TPA、TPA、TPA」，TPA奪下了世界大賽冠軍，並抱走3千萬臺幣的獎金。,6.875,6.125
sentence_01729,sentence,而要遵從聖靈的引導,6.667,5.0
sentence_00018,sentence,工作繳稅讓這種人浪費你們的時間跟金錢,2.6,7.5
text_02961,text,20年間，騰訊的QQ從一個弱不禁風的小企鵝成為擁有超過8億使用者的龐然大物，生財之道也一直有聲有色，特別是各種各樣的會員、鑽讓騰訊賺得盆滿缽滿。,7.0,6.5
sentence_02570,sentence,這不算是簡樸吧,4.4,5.75
text_00675,text,同時酒店現階段推出了優惠房價及相應的增值服務，具體您可查詢網站內容，真誠期待您的再次光臨！,6.5,5.5
text_00029,text,張老先生的愛情理念是建立在女性獨立及兩性平等的基礎之上的，張老先生生命中的那些獨立自由、勇敢追求愛情的女性是多麼可愛啊！,6.6,5.5
text_02303,text,房主卡倫‧阿爾法諾當時剛從外面散步回來，她看到鱷魚時並不驚慌，反倒稱沒有什麼事比在家門口遇到一隻鱷魚更酷了。,5.4,6.5
sentence_02248,sentence,牛油膠有時會產生變質或是位移的狀況,4.667,4.0
sentence_01572,sentence,果然上學太摧殘精力了,3.667,5.333
text_01311,text,在臺北電玩展現場除了舉辦曜越太陽神、橘子熊職業電競隊伍的玩家見面會之外，也邀請世界知名電競選手進行《星海爭霸2》表演賽事，同時也推出優惠電競周邊來吸引玩家。,6.222,4.714
text_00283,text,如果你是自己帶寶寶就會覺得有信心處理好，在你看來意想不到，但對於寶寶來說卻是非常自然的生理情況。,4.875,4.5
sentence_01293,sentence,八九個月了還不會自主入睡,4.0,5.0
sentence_00081,sentence,男兒何不帶吳鉤,5.0,4.0
sentence_00924,sentence,而中共利用這國恥巧妙的將民眾怨氣調離八九六四十週年,4.0,3.75
text_02342,text,近期好價，有需要的值友可以入手~PE全材料，點斷連卷式，平口垃圾袋，質地厚實，韌性強，簡潔方便，耐磨不易破損。,6.6,4.833
text_02190,text,每次排計畫時總是很興奮，甚至花了很多時間排出完美計畫，但是反而因為排好了計畫，讓人更加抗拒，更不想做嗎？,4.333,3.143
sentence_01383,sentence,的態度很惹人生厭,3.0,6.5
sentence_01726,sentence,濫用沉默在咆哮,3.0,4.667
sentence_01236,sentence,底比斯最強大的神聖兵團,6.5,6.25
text_00306,text,還可以賣的那麼心安YO!!ALLNEWCAMRY新款的喔!讓人家感覺新的一定比較好如此行銷法手實在讓人不齒,3.0,6.0
sentence_00269,sentence,北京盛傳一個幽默評語,6.0,5.0
text_00946,text,人品還行，完美屏，內存三星，硬盤西數，螢幕也是三星的。,6.0,4.5
sentence_02460,sentence,把內戰責任完全推給國民政府稱國民黨撕毀了政協協議,3.5,6.0
sentence_00022,sentence,讓臺灣人不用為身分認同道歉,7.0,4.25
sentence_00147,sentence,真的不太會注意到跟他不那麼熟的人,4.4,4.0
text_00993,text,送貨慢，19號訂單，20號打款，28號到貨。,2.5,5.625
sentence_02524,sentence,其實嘟嘟站起來是不胖的,6.0,2.333
sentence_00708,sentence,10美股盤中反彈,5.0,5.333
sentence_01903,sentence,現在還拿來當事跡宣傳,4.0,5.25
sentence_00321,sentence,十分謝謝媒體朋友,7.0,4.25
text_00871,text,配置比價均衡，玩一般的遊戲應該也撐的住了。,4.889,3.75
sentence_02030,sentence,雪覆滿白山又漸變成鬱鬱蔥蔥,5.25,4.5
text_00131,text,小託的堅強讓我懂得了好多東西。,6.25,6.0
sentence_00094,sentence,上門顧客逐年減少,3.25,4.25
text_02368,text,據英國廣播公司當地時間2日報道，當天，英國的多家報紙都援引威廉姆斯的話說，他是仇殺和袋鼠法庭的受害者。,3.0,5.0
text_01034,text,此打了十二年官司向清潔員追討，行政訴訟環保局已敗訴定讞，環保局轉而打民事訴訟，要求十八人返還不當得利共一百九十一萬元，臺北地院宣判環保局又敗訴；仍可上訴。,4.889,4.833
text_01597,text,績效獎金召開臨時會，但要求刪除「不再行處理」字樣，其餘皆依上週結論辦理。,4.889,4.286
text_00331,text,光是那隻開關就不太便宜了，一個壓縮機破萬是正常的!不用擔心買到車王,5.0,5.444
sentence_02146,sentence,那些衛生間太難聞了,2.75,6.0
text_00786,text,5號樓在最裏面，應該是房間最好的。,5.5,4.25
sentence_02352,sentence,如夢般迷離又明晰,6.0,4.667
text_02208,text,四月下旬，在這條原本平坦的道路上發生了一次事故，當時對龍號載人飛船的一次測試導致了爆炸，並且讓龍號載人飛船完全損毀。,3.0,5.3
sentence_01245,sentence,一方面又說臺灣是國際讚譽的民主,5.4,3.8
sentence_01463,sentence,還有人學成這樣,3.667,4.333
text_01062,text,航空公司不僅僅是賣機票而已，而是要讓旅客感動並留下一段美好的回憶。,6.889,5.167
text_01504,text,世界排名絕對不是隨便排排，在3戰2勝、5戰3勝的賽制中，TPA居然能夠一而再、再而三的創造奇蹟，打敗這些世界排名頂尖的隊伍，實在難以置信。,6.714,7.0
text_02267,text,車到了，簡單說幾句內飾比我想像的好，當時驗車的時候買看著在太陽下曝曬的新車簡直佛了，坐進駕駛艙感覺還可以，比不上E級，但是感覺打平5系問題不大。,6.0,4.833
sentence_00221,sentence,老師平時比較嚴格,5.0,4.0
text_00137,text,這本小冊子圖文並茂,6.25,3.625
text_01038,text,張姓清潔員答辯時說，借調之前長官就說了不會影響獎金，事後卻任意更改勞僱契約、調整薪資結構，「要我退還已領的薪水，不只侵犯員工權益，更破壞人民對政府的信賴，實在鴨霸！,2.5,7.444
text_00073,text,瀏覽了Air夫婦的網站，看到“壞脾氣/愛吃不吃***”時覺得好可愛。,6.111,4.5
text_02754,text,文姿雲曾於2018年雅加達亞運，擊敗卡克薩拿下金牌，兩人之後又在伊斯坦堡公開賽過招，仍是文姿雲獲勝，但本次賽事，風水輪流轉，最終換卡克薩報仇成功。,6.0,4.4
sentence_00284,sentence,寂光院最為著名是院內的日本庭園,6.0,5.0
sentence_02308,sentence,嚴謹地遵循分形幾何從而演化為類似成體的形狀,5.667,4.333
sentence_02074,sentence,滅絕師太為什麼犯眾憎,4.667,4.0
sentence_00394,sentence,第一次讀紅樓夢時不解為何在講正篇故事前有那麼長一段看似無關的故事,5.0,2.75
text_01440,text,「ELVA」蕭亞軒與柯震東相差12歲的姊弟戀，至今交往半年，2人也常被狗仔拍到黏TT，連柯震東的爸爸也贊ELVA是「很棒的一個女生」，命理師詹惟中分析柯震東蛇年事業運旺，反觀感情運較不穩定；蕭亞軒若感情發生波折，要另找新歡也不難。,5.222,4.25
text_00474,text,豐田車子很大眾化符合最多人的選擇但缺乏個性化不過台灣人很愛跟風潮的這在台灣變成不是缺點第三點很忠肯歐系車遇到爛路真的會抖出一大碗,3.222,4.75
sentence_01191,sentence,兩位主持人稱得上是令人敬佩的基督徒,7.0,4.5
text_02814,text,美國政府開出90天的臨時授權，使華為手機暫時免於中止更新的窘況，但在這死亡倒數中，華為有辦法透過自研作業系統突破困境嗎？,3.714,4.75
sentence_01921,sentence,我覺得依然會有類似東南互保的宣告發出,5.0,5.25
sentence_00526,sentence,30年來談64各方由於種種原因迴避其國際背景,3.0,5.333
text_02947,text,作為流行文化的文物，電影紀念品總是很有趣，但科幻小說和科幻電影中的專案有一些特別之處，因為除了讓我們深入瞭解著名的故事外，它們還揭示了創作中的藝術和獨創性。,6.75,4.625
sentence_00293,sentence,郭文貴今日再造法庭謠言,3.0,4.2
sentence_01020,sentence,當值猶太裔惡人,3.0,5.0
sentence_00131,sentence,美國升級關稅舉措不僅將損害美中兩國經濟,3.0,4.5
text_02917,text,畫框裡有時是綠色苔原，襯著冰山；下一分鐘，來到一片雪白大地，無邊無際；有時遍佈黑色的火山熔岩，還以為來到月球表...詳全文,5.375,3.875
text_01061,text,長榮航空總經理鄭傳義表示：「我們很高興民航局再次肯定了長榮航空過去一年的表現。,6.778,5.0
text_00703,text,與之前的評價不符，a距離春圓海鮮廣場沒那麼近．b樓下的金鳳凰廣場也沒有想的那麼好．總之：下回不會在選擇了，還不如花少錢住三亞灣的小型度假村或花同樣的錢住環境好的亞龍灣,3.143,4.571
text_01249,text,潘振強還指出，在釣魚臺問題上，美國含糊的態度，鼓勵了日本右傾勢力，「美國不要做得太過火，如果中日發生衝突，美國人的日子是很難過的。,4.0,4.857
text_02624,text,小學時未手淫前在班裡經常是數一數二的成績，儘管學習很努力但就是因為萬惡的手淫，導致腦力大衰，記憶力理解力思考能力極大下降，讓我最終只上了一所大專。,3.0,4.625
sentence_01709,sentence,然後沈浸在某案又得獎的虛榮感裡繼續過著同樣的生活,3.5,5.0
text_01501,text,除此之外，他們還公開批評其他隊伍太弱，除了俄國外沒人是韓國對手；而在轉播中也收錄到，AZF的選手用不當言語污辱敵隊，做出手指向下等挑釁手勢。,3.0,6.5
sentence_02511,sentence,中華民族可會一蹶不振,3.333,5.0
text_02922,text,英媒週一報道，美國未有向加國透露孟晚舟案的計劃，加上華府對加拿大要求協助改善中加關係態度模稜兩可，結果令到加拿大忍無可忍，甚至可能暫停和美國的主要合作。,3.556,3.714
sentence_00857,sentence,但是數量多這一點你必須承認,5.0,5.25
text_01494,text,《英雄聯盟》Season2世界冠軍賽十月十四日的總冠軍賽，臺灣戰區代表隊「臺北暗殺星」纔在五戰三勝賽制中，以三比一打敗對手、韓國「AzubuFrost」，在全場歡呼聲中抱回一百萬美元獎金、與象徵最高榮耀的召喚師冠軍獎盃。,7.889,7.125
text_02902,text,振興醫院胸腔內科主治醫師曾敬閔提醒，氣喘、慢性肺阻塞的患者，如果吸到有毒氣體，更可能促使疾病惡化或復發。,4.0,4.75
text_02086,text,過去平井一夫還在位CEO時，也曾坦言繼續手機開發是為了藉此洞察行業、時代的發展方向，好讓Sony在必要時保有競爭領先者位置的可能性。,5.667,3.6
sentence_00184,sentence,他們是從來不相信雙贏結局的,4.0,5.0
text_00329,text,假如拓海的車子是GTR，然後跑贏86，你會看嗎？你會覺得刺激嗎？你會覺得神勇嗎？所以劇情通常拿不可能的邏輯，去引造所謂的刺激與入迷。,4.0,5.286
text_02000,text,真的讓人笑掉大牙無知還大聲說給人聽台灣農業在WTO後就死了真的是全趴,2.889,6.125
sentence_01003,sentence,不排除天朝和他同謀,4.0,4.0
sentence_00344,sentence,少發表意見免得惹麻煩,3.667,5.0
sentence_02290,sentence,在厭食和暴食中找不到平衡,3.4,5.75
text_01714,text,雖然選戰很激烈，我們都基於對國家熱愛而出來投票。,5.667,5.167
text_01381,text,開羅法院本月26日公佈判處結果時，讓被害者家屬十分欣慰，覺得正義受到伸張。,6.125,5.0
text_01334,text,在創新發明的過程中，吳信達老師說，需要投入許多時間與精神，但是他感謝許多人的一路相伴與支持。,6.25,5.429
text_02562,text,今日早上七時許，一名58歲姓蔡男子，被發現倒臥在長洲黑排路直升機坪外，他暈倒陷入昏迷，救護員到場將男事主送往長洲醫院，其後他證實死亡。,3.286,3.0
text_00959,text,外觀做工，外觀我很喜歡，或者說我就是喜歡thinkpad的外觀，做工紮實。,6.556,5.75
sentence_01809,sentence,都苛求彼此不得,4.5,4.5
text_02213,text,然而，對於發行商來說，這些服務似乎真的是有利可圖的，EA剛剛宣佈，依靠這些服務，公司在2018/2019財年的第四和最後一個季度實現了強勁增長。,6.889,4.0
text_02192,text,網上有打工仔就面對兩難局面，佢從事IT工作，突然被問有冇興趣返內地打工，工作地點係三?城市邯鄲，冇地鐵要?車，做IT程式開發員??,5.167,3.75
text_02808,text,美國的網路安全業者PaloAltoNetworks近日宣佈已與兩家業者簽署併購協議，一是專精於容器安全的Twistlock，另一為無伺服器運算安全業,5.25,3.222
sentence_02286,sentence,將人生投於賭博的賭徒,4.0,4.5
sentence_00247,sentence,那些無法嘗試兩次的,5.0,2.0
text_00913,text,這款是集成顯卡，我覺得夠用了，當時還在v450a－tfo和這款中猶豫不決，看到有搶購就一個衝動買下來了，現在覺得此舉很明智，呵呵。,6.0,4.714
sentence_01433,sentence,不能遵行主的要求與人和睦相處,3.6,3.8
sentence_01675,sentence,就是必須皇上位置穩固,5.0,5.5
text_02109,text,現階段的3D列印技術尚不足以列印肺部或者史特拉迪瓦裡琴，但是惠普本週四推出的新型3D印表機有望讓這項技術變得更加實用。,6.429,3.857
text_01184,text,進度嚴重落後，上課幾乎都聽不懂，我提報他參加學校攜手計畫，需要家長同意書，發了三四次，都沒有迴應。,3.0,4.5
text_00540,text,優點是地理位置不錯，朝南的房間可以看富春江，可惜給我的所謂高級房是朝北的，怪不得人家說攜程的客人比較受歧視。,3.333,4.625
text_00623,text,他們有免費機場接送服務，第一次聽說這種服務，不錯，好像打車要40多塊呀注意到酒店設有機場售票處，3分鐘搞定機票，方便！,6.625,6.125
sentence_01829,sentence,你哭喊多少年它們都裝作沒看見,3.0,4.25
text_01117,text,關西福祉科學大學從3年前開始，每年提早在開學前舉辦新生聯誼會，協助準新鮮人先找到「學友」，安心享受大學生活。,6.333,4.0
sentence_00421,sentence,中共流氓政權是聖潔天使,4.6,6.5
text_02334,text,我自己沒遇過特別大的，但同事丁丁見過超驚人尺寸的阿公，根據丁丁的分析，那個阿公一定曾對他的生殖器動過手腳。,5.167,4.143
sentence_01710,sentence,鳥啼而欣然有會,7.0,7.0
sentence_02423,sentence,南華早報才是黨內派系的傳聲筒,4.6,5.5
text_02365,text,有段時間沒跟兄弟們聊酒了，我裝今天打算兄弟們喝個痛快，就我們已經準備好了，就等著大家跟我們一塊兒來散德行了！,6.0,6.571
text_02478,text,據外媒報道，通過結合月塵和鐳射，德國漢諾威鐳射中心和不倫瑞克理工大學的太空系統研究所正在嘗試使用3D列印來建立月球殖民地。,6.833,5.0
text_02960,text,記得當時，手術進行到一半，突然我的右眼視線變窄了，剛開始我還以為是眼睛腫起來，於是我問醫師，我的右眼是不是腫了？,3.444,5.1
text_01818,text,所以就情感以及理性面來講，死刑真的沒有存在的價值。,4.111,5.889
sentence_01307,sentence,中國人將成為世界上最悲慘的奴隸,3.0,5.75
sentence_01269,sentence,郭文貴的奇葩言論不僅一再讓華人寒心,3.4,5.5
text_00920,text,外觀時尚,5.0,1.444
text_01241,text,沒想到弄巧成拙，卻愈銬愈緊，只好與一起共同喝酒的朋友上派出所求助，最後在警消大費周章的動員，手銬總算順利解開，解除男子的心頭大患。,5.0,5.333
text_02751,text,泰國國王瓦吉拉隆功本月4日舉行加冕大典，66歲的他在加冕之前迎娶了第4任妻子蘇提妲，整個泰國沉浸在隆重的喜慶當中。,6.429,5.286
sentence_00640,sentence,因為身處咒術協會很快被平息了下來,6.0,4.5
sentence_02147,sentence,陳腐僵化的系統不會永遠持續,6.667,3.667
text_01415,text,正修科大電子工程所副教授施鬆村研發的「人體穴道診療保健裝置」，以探針或貼片尋找人體穴位，並根據信號判斷人體器官是否健康，也可利用變動音頻脈衝，進行類似鍼灸的電療保健效果。,5.25,4.0
text_02489,text,美國聯準會降息呼聲再起，振奮股匯雙漲，3日新臺幣兌美元勁揚1.09角，創7個月單日最大升幅，臺股逆轉勝日K連四紅。,7.0,7.0
sentence_01878,sentence,越來越難衝出來了,4.0,5.667
text_01127,text,總統馬英九今天發表除夕談話，除許下3個願望，也要大家放心，新的1年裏，「我們的經濟、我們的生活，一定會更好。,6.333,4.429
sentence_00596,sentence,孩子的成長你從來不參與,3.0,6.5
sentence_01537,sentence,再堅信的心也會被摧毀,3.0,4.333
text_00804,text,總提感覺還是相當不錯的，去揚州的朋友建議你們去住一下~哈哈,7.0,5.429
text_01124,text,「金銀財寶」刮刮樂則是以鈔票、金幣、金條等各式錢財寶物設計出豐富的票面，營造充滿財富的視覺及聯想，「金銀財寶」每張售價200元，最高獎金200萬元，超過6萬個1,6.375,5.667
text_00108,text,由於本人也是剛讀這本書，暫時不能對這本書的全部情況做到完全把握。,5.0,4.286
sentence_01980,sentence,需要是七歲孩童般的純淨,6.333,4.333
text_02915,text,麥美娟表示，爭取在青敬路聖保祿村、漁民村增設無障礙設施，包括建議平整在毗連青衣公園旁山坡，改建成無障礙設施。,6.375,4.125
sentence_01474,sentence,最使人頹廢的往往不是前途的坎坷,3.5,6.0
text_02868,text,馬幫以集物質主義、極權主義、民粹主義之大成的馬學，對官員們進行持之以恆的洗腦，摧殘了它們的善根和四端，然後把它們投放到充滿巨大利益而缺乏有效制約的官場上去。,3.0,5.8
text_02070,text,36氪獲悉，共用住宿平臺木鳥短租今日宣佈已完成數千萬元B2輪融資，由華冠資本領投，老股東達晨創投、梅花創投跟投。,5.556,3.333
text_02805,text,此外，HEPA濾網可有效過濾空氣中包含病毒與細菌並捕捉小至PM0.1的懸浮微粒，過濾空氣中99.5%髒汙，提供乾淨、舒適又安心的家居環境。,6.375,3.111
text_00925,text,美國聯邦調查局FBI)網路犯罪投訴中心IC3)發出警告，提醒Android系統用戶注意惡意木馬信件的問題。,4.143,4.286
text_00728,text,覺得服務員有點冷淡。,3.556,3.857
text_01909,text,劉耀仁指出，所有與直接執法無關的人員都不應領取罰鍰獎金，因此，明年共編列一億六千一百多萬元道安獎勵金預算，應刪除交通局所屬單位四千八百多萬元預算，交通大隊分食二十八％罰鍰獎金的內勤主管共三千一百多萬元也應刪除，如此一來，市庫將增加八千萬元收入。,5.889,3.857
text_01933,text,政策性因素訂定標準、研究是否訂定獎金上限、合併考覈與績效獎金等；施顏祥並透露，經濟部正積極研究臺電、臺水、臺糖等國營事業，可透過修法朝民營化邁進。,5.25,4.571
text_00721,text,入住客人少，因此未發生與他們的衝突，此於他們說要接待一個團，,4.444,3.143
text_02410,text,在企業篩選之前，我們往往會先進行自我審查，覺得自己不符合徵人網站上的條件時，多數人會選擇放棄，但其實，你應該勇敢地去試試。,6.556,4.889
sentence_00450,sentence,真中藥越來越匱乏,4.0,5.0
text_01067,text,值得一提，今年排名大躍進，創歷年新高，與知名航空公司如芬蘭航空、紐西蘭航空、國泰航空、阿酋航空以及阿提哈德航空齊名，自二○○三年以來，長榮航空已連續九年進入全球十大最安全的航空公司。,7.444,5.75
sentence_01801,sentence,遐方不許貢珍奇,4.8,5.6
sentence_01344,sentence,免得你因此陷入網羅,3.75,4.6
text_02340,text,這款創新的織物鋰電池能量密度高達超過450瓦時/公升，柔軟度極佳，可摺疊彎曲至半徑小於1毫米，即使摺疊超過1000次，其效能仍然保持不變。,5.889,2.889
sentence_01466,sentence,臺灣人降有點自甘墮落,3.0,5.75
text_02565,text,一部在香港出版的資料文集揭露出，大屠殺發生後，中共領導人認為黨已經快要失去對國家的控制，他們聯合譴責趙紫陽，斷言中國受到來自美國的顛覆力量威脅。,2.833,6.5
text_00836,text,MM在做健美操，意外收穫：早餐比上次好很多，新加的番茄雞蛋捲很好吃。,6.875,4.333
text_00859,text,總體感覺很好，建議不進行大型遊戲和影響編輯的購買。,5.667,3.75
sentence_01132,sentence,這是老天爺在處罰臺灣人民嗎,3.5,6.0
text_00170,text,記得看過一本和坤的書，人家雖是大貪官，卻也對妻子馮氏，有情有意，有始有終，另生一種敬佩。,6.111,4.625
text_01573,text,下一波的攻擊目標可能是鄰近的茅利塔尼亞、摩洛哥、利比亞或西非國家經濟共同體（ECOWAS）的會員國。,3.429,4.571
sentence_02274,sentence,艾而歐語補習班無預警停業,3.0,5.667
sentence_02530,sentence,賢明女子學院高校生,5.333,3.667
text_02458,text,多次對Google祭出重罰的歐洲聯盟競爭事務執行委員維斯塔哲表示，目前是打造數位時代遊戲規則的關鍵時刻，呼籲政府建立規範，迫使Google與競爭者分享資料。,4.625,5.667
sentence_00143,sentence,鳥語花香向來都是讓人暇意愉快的美景,6.667,5.0
sentence_02376,sentence,末世當防備法利賽人的酵,3.0,4.0
text_02100,text,自本月的IPO以來，Uber的股價大幅下跌，從上上週四每股45美元的IPO發行價跌至上週二的38美元。,3.0,5.375
sentence_00519,sentence,或者說警方在保護這幾個人,5.333,4.667
text_00237,text,看到這些水結晶時的圖片，是震驚。,5.375,5.143
text_02830,text,她是電影票房皇后，歌唱巨星，甜美、清新、純真、善良、渾身散發快樂，桃樂絲黛具備美國人嚮往的所有特質，但是在真實人生中，她歷盡滄桑。,4.286,3.667
text_02443,text,新創公司lidbot透過紅外線鏡頭及行動網路，可以即時把每個垃圾桶的使用量回傳到管理中心，管理單位在整理垃圾上就會更有效率，也能進一步降低營運成本。,6.444,4.25
text_01354,text,她因行動不便，只能半跳半爬躲往角落，幸好周某走出店外，未追殺她，但她至少捱了4刀。,3.625,6.286
sentence_01446,sentence,或像你這樣含糊其辭一句帶過,3.6,5.25
sentence_00810,sentence,撕開郭九條的偽裝,3.75,7.0
sentence_00130,sentence,文說要轟炸捷運一樣,3.4,5.8
sentence_01083,sentence,所有紛爭都能迎刃而解,7.0,5.75
sentence_02032,sentence,英為能相見而毀掉翅膀掉入人間,2.333,5.667
sentence_00537,sentence,訊息曝光後緊急搬家,4.0,4.333
sentence_00487,sentence,孟晚舟申請中止訴訟,5.0,2.667
text_02318,text,24分鐘的時間裡砍下高效的17分6板3助攻，考辛斯用壓倒性的實力讓德克爾感受到力量上的差距，也讓布萊恩特瞭解到火鍋的滋味。,5.429,4.857
sentence_01643,sentence,後被警方告知已經關押,3.6,5.5
text_02929,text,去年在亞運成功衛冕的石偉雄賽後表示，這一面獎牌等了十年，今次第一次運用新動作，感到好大壓力，雖然順利完成，但仍然有很多瑕疵，他會努力改善。,6.857,5.429
sentence_02005,sentence,臺灣實在太不設防,3.4,6.0
sentence_00562,sentence,彷彿現在並沒有足夠的能力去思考自己是誰,3.333,4.333
text_02499,text,據韓國SBS、ChannelA等媒體報導，勝利在本月14日的拘捕令審查中首次承認了買春嫌疑，但對貪汙等其他嫌疑仍然堅持否認。,3.5,4.0
sentence_00624,sentence,分別判刑1年3個月及4年半,4.5,3.25
sentence_00554,sentence,品嚐入口當下的美味才是最棒的,6.75,6.0
text_00143,text,其實不是我能忽悠，是書確實好，營銷學上講，把好的新產品推銷出去，叫營銷，把不好的產品推銷出去，叫騙銷，我是把好的產品介紹給朋友，共同受益，顯然不應在騙銷之列。,4.667,4.143
text_00318,text,樓主我只開過一次ToyataAltis我完全無法認同其造車理念整個軟角到不行如前面有人說它是一台無趣的車對許多人來說它充其量就是一台有鐵殼的移動工具但如果這是你的人生的第一台車長輩有出錢那就乖乖的買Altis...保值好養慢慢開練練開車技術努力賺錢以後直接換更好更安全的進口車在台灣只有進口車有國外公開抽測的撞擊測試報告國產車都沒有開Altis有鐵殼包著遮風避雨至少比騎車安全多了,4.625,4.875
text_02441,text,IKEA宜家家居新店店於5月16日盛大開幕，不少民眾清晨就來排隊朝聖，除了邀請優人神鼓進行開場表演，IKEA新店店也遵循傳統，舉辦瑞典鋸木儀式歡慶開幕。,6.333,5.778
sentence_01584,sentence,只要不是蓄意的反動的言論,4.6,3.0
sentence_00323,sentence,外賣小哥路口違停攙扶老人過馬路,6.25,3.4
sentence_00952,sentence,調戲婦女挑逗年輕女性,3.25,5.0
sentence_02318,sentence,均勻度的火箭飛機都能造,6.4,5.25
text_01867,text,陳沖強調，自由經濟示範區是臺灣經濟自由化的里程碑，對我國國家競爭力與經濟發展影響深遠，示範區各項議題於今日會議已獲高度共識，僅少部分須再討論議題，請經建會與相關部會研商定案，儘速研提具體方案報院覈定，並同時展開立法作業，各部會亦應全力配合後續法規訂定與推動事宜，以開展臺灣新一波經濟自由化。,5.5,4.444
sentence_01692,sentence,一隻年輕的獵豹以閃電般的速度追趕一隻野,5.0,5.5
text_01869,text,蔡：自己國家自己救蔡英文批馬政府無能，已不受人民信賴了，怎可能有重大改革。,3.333,6.0
text_01308,text,TPA隊長Mistake在接受轉訪時表示，「如果你有夢想，就勇敢去實現，不要後悔。,6.5,6.0
sentence_01339,sentence,性慾與食慾都有劇烈的波動,5.0,7.0
text_02828,text,既有像ofo這種矛盾公開化、鬧得不可收拾的，也有投資騰訊過程中IDG因為過早退出而悔恨不已的，更有大疆這種傲慢到強制投資人在投資款之外必須捆綁提供無息貸款的。,3.375,4.857
sentence_01119,sentence,所謂拆除都是違建,4.5,5.0
sentence_00002,sentence,我想不出合適的詞來形容她,4.5,4.75
text_02382,text,他認為，港鐵及禮頓似乎無就問題進行技術調查，很快就基於有明顯不達標問題而拆除，無詳細分析出現裂痕的原因等。,3.75,4.5
text_00245,text,頭皮去替他做三天小學生……很喜歡夢神奧列傘的世界，一口氣把6本全套書都讀完了。,5.9,5.5
sentence_00023,sentence,我不懂他們說的電波是什麼意思,4.333,4.333
sentence_00905,sentence,一方強勢另一方關懷,5.4,3.2
sentence_01232,sentence,而後顫抖著土下座道歉的我是今天的亮點,4.667,4.667
sentence_02090,sentence,我們更敬重崔老師的為人和品格,6.6,5.75
text_02030,text,本月上旬為從根本上提升Android裝置的安全性，穀歌啟動了ProjectMainline機制，其目標是儘可能快速、一致、輕鬆地為使用者的手機提供安全更新。,6.4,3.0
sentence_00317,sentence,已經於早上修復完成,6.333,4.0
text_00259,text,很多時候作父母的並不會想想孩子是否願意？於是孩子只能被動享受灌輸。,3.667,4.286
text_00134,text,總的來說，這是一個頹廢版的穀崎潤一郎式的作品，人的劣性、不滿足、愛情的虛幻，表現的挺好的。,5.333,3.667
sentence_00464,sentence,保羅與火箭助教駁斥報導,3.5,6.0
sentence_00451,sentence,人們就會身不由己地迷失在無常的洪流之中,3.4,4.2
text_01528,text,他就會想：「平常爸爸都是開開心心的跟我玩，怎麼現在變這樣？」他纔會思考自己哪裏犯錯。,4.429,5.667
sentence_01669,sentence,是不是也夠愜意,6.0,4.25
sentence_01559,sentence,郭董有什麼巨集大計劃也徒然,4.0,3.8
text_02259,text,新的研究發現，如果古代金星曾經是浩瀚海洋的家園，那麼潮汐的拖拽可能減緩了這顆行星的自轉速度並使其變成大家現在所知的死氣沉沉的世界。,4.6,3.2
text_02614,text,第一個是關於動態控制車輛座椅的，當你長期駕駛的時候，車輛的座椅可以通過振動器與改善乘坐的舒適性，減少震動等。,6.5,3.6
text_02492,text,最直觀的演戲用力過猛就是把所有在表演中的情緒放大，比如說話語調提高，哭或者笑的表情幅度誇張，戲劇衝突的表演點在語言和肢體上過於猛烈。,4.778,3.778
sentence_01822,sentence,罪惡活動的無底線勢利眼小人們在暗地裡又開始了更加激烈的像惡狗瘋狗一樣的吠叫,2.0,7.667
sentence_00672,sentence,這個世界一是給魔鬼領導,3.0,7.667
text_01009,text,開箱即發現USB口一個是壞的，觸摸板左鍵也是壞的，惠普的質量控制體系可以用垃圾來形容。,2.333,6.556
text_00067,text,畫得好噁心!孩子看的時侯就嚇哭了!到了晚上更是不敢睡覺!買了書還帶來了新的煩惱!比起＜青蛙弗洛格＞＞＜＜蹦蹦跳跳＞＞＜＜小熊毛毛＞＞這個卡梅拉要遜色好多!這本書不太適合六歲前的孩子看.,3.0,6.8
text_00079,text,看了一下，書的質量挺好的，裏面的圖畫也挺吸引小朋友的，都是小熊，小兔，小松鼠之類的小朋友都喜歡的小動物。,6.667,6.143
sentence_02448,sentence,但你一輩子都是殘廢,3.0,6.0
sentence_00024,sentence,所以無法跟不熟的人很放心的聊天,4.0,4.5
text_02752,text,蘇丹掌權的過渡軍事委員會3日動用武力，驅散在喀土木軍事總部外靜坐抗議長達數週的群眾以來，蘇丹醫生中央委員會先前統計，血腥鎮壓造成40人喪命。,2.0,6.75
sentence_01863,sentence,當歐洲兩極分化已經到達空前絕後的程度,3.25,5.5
text_02897,text,近來臺灣虐童案件頻傳，為了防止更多悲劇發生，立法院會今日三讀通過，未來若淩虐18歲以下兒童或少年致死，最重可處以處無期徒刑或10年以上有期徒刑。,6.0,4.625
sentence_00553,sentence,單位時間震動的次數,5.0,1.5
text_00119,text,我家女兒5歲，比較喜歡科普圖書，這套書目前是她比較喜歡的圖書，每天都要和我一起來分享各種有趣的知識，現在在看生物篇，對其中的鯨特別有興趣。,6.333,4.0
text_02172,text,因為即使是陰暗的情緒，也希望能得到愛，希望自己的存在能被看見、被得知，更希望自己想要傳達的訊息能被理解。,6.0,5.714
text_01405,text,馬克與艾迪住在一起、一起做鞋匠，但當兩人因遺傳性青光眼導致逐漸失明，便決定尋求安樂死。,3.625,5.25
text_00532,text,安全線已到--我見過開到鋼絲外漏還不願意換的車主卡車，這種人最可惡，沒錢換胎開什麼車，走路就好了，不要害人。,2.556,6.714
sentence_00271,sentence,高峰論壇在京舉行期間,5.0,2.75
text_02457,text,天文學家認為，藍移可能是星系團的巨大質量在奇特的軌道加速其星系高速運動，結果是隨著時間的遷移部分星系同時遠離和接近我們。,5.0,3.0
sentence_01996,sentence,合宜的解釋和賠償,6.0,3.667
sentence_00128,sentence,畢竟國內人身不算自由,3.0,5.0
text_02628,text,徐允文手中的心臟已經撕裂開來，泡在如同噴泉池的心包腔內，逐漸由快速跳動變成失去希望地抖動著，讓他的怒吼聲慢慢變成嗚咽。,3.5,6.125
text_02210,text,這次聯手是繼3月底浙江吉利控股集團和戴姆勒集團成立合資公司，聯合運營和推動smart品牌轉型後不久兩大汽車集團的又一次深化合作。,6.143,3.143
text_02765,text,在GoogleI/O2019，除了針對消費者的功能改進和開發者的工具革新，Google將重點放在如何用AI解決人類面臨的棘手難題。,5.625,3.75
sentence_00424,sentence,做出來的都不一樣呵呵,4.0,6.25
text_01105,text,設在美國的對華援助協會發佈消息說，陳光誠美東時間11月30日夜間致電對華援助協會會長傅希秋牧師，對陳克貴遭判刑，表達極大的憤怒與譴責。,2.857,6.0
sentence_01366,sentence,但是他用的方式方法觸犯了體制大忌,3.5,5.75
sentence_00736,sentence,這顆破掉的水餃和這顆漂亮的水餃你要吃哪一顆,5.0,4.0
sentence_00303,sentence,忘記自己半斤八兩了,3.0,4.0
text_01097,text,媳婦受不了苦日子，留下7歲孫子及5歲孫女，離家出走找不到人，陳翁因罹患糖尿病，做木工有職業病，年邁身體不好，又關節退化，無法彎腰，沒辦法工作。,3.25,4.857
sentence_01844,sentence,刺探和竊聽政府官員,3.75,3.75
text_01768,text,其實這次的事件我覺得應該好好坐下來談談馬總統要展現高度氣度，不然我實在受不了大家都罵馬總統娘孬笨無能這次是好機會。,3.429,4.857
text_01282,text,對此，臺中市動物保護防疫處長餘建中強調，市府已成立「臺中市動物保護重大案件查緝小組」，積極執行，並提供破案獎金。,6.0,3.143
sentence_00457,sentence,這才在週日早上宣佈徵收關,5.0,5.667
sentence_00601,sentence,沒有及早觀察到她的缺陷,3.0,5.4
text_01812,text,熟悉我的人都知道，我反對死刑.,5.0,4.25
text_02516,text,而具體到個人，在這一年裡，則必須開始反思如何面對職場、工作，甚至是終極拷問，你要到底要做什麼，成為一個什麼樣的人。,5.375,3.125
sentence_01604,sentence,賴清德馬上允諾,5.6,5.2
text_02796,text,有沒有遇過一種狀況，通常餐廳的Menu、廣告精美可口，但當餐點上桌時往往令人大失所望，因為相片和實物的相差實在太大。,3.5,4.0
sentence_00550,sentence,取消香港關係法吧,4.5,3.25
text_00265,text,看了拉拉之後，我覺得聰明的女子更讓人心生憐惜。,4.375,4.571
text_01248,text,潘振強則痛批，美國一方面壓制中國，一方面又想與中國合作，是「矛盾」且「精神分裂」。,3.556,6.333
text_02935,text,匯流新聞網記者李盛雯/臺北報報Uber快不行了，不只乘客哇哇叫，Uber司機也慘兮兮；大都會此時伸出友誼之手，提出?勵方案，祭出7萬2千元補貼Uber司機。,5.75,5.0
sentence_00570,sentence,缺乏睡眠使你笨拙健忘,3.333,5.333
text_02429,text,在今次事件之前，Google的Nexus6P、Pixel和Pixel3過往都出現過重啟、相機應用和資料備份問題。,4.375,2.875
sentence_00497,sentence,如果供產商的產品隨時可能被課以高關稅就會影響他的銷售價格和自己的利潤,5.0,6.0
text_00049,text,她那份淡定從容，愛她那份心細如塵，愛她那份溫柔似水。,6.111,5.667
text_01530,text,這對母女間自然流露的溫馨互動，似乎讓溼冷的天氣暖和了起來，心裏不禁納悶，什麼樣的教養方式，才能培養出如此自主又有禮貌的孩子？你可能對黃淑文的名字不陌生，她也許是你的國中老師、你也可能看過她的書或部落格，或在大學課本上讀過她的文章「從浪人到鐵人」。,6.375,5.5
text_00424,text,那請問你為什麼我朋友開車場的~也都是在開T牌...真的好怪異==他不懂車~卻可以開車行~呵呵~雖然你說的是很多T牌車主，但是我想理性的跟你說...如果要喊安全性，跟穩定度...好多銷售前幾名的車子，穩定度跟操控度跟安全度都特爛~!!我問一下~!!如果今天你沒有甚麼錢~你會買啥?,3.667,5.875
text_02136,text,對在曾被送上太空的齧齒動物的組織進行分析後，研究人員發現其出現關節負荷減小後導致的軟骨破裂和類似退化性關節炎的跡象。,5.0,4.429
text_00241,text,她們最初相處的那段時間，薑士安心底是默默的非常喜歡她的，可是韓琳對他沒有相對的感情，兩人擦肩而過。,3.9,4.714
text_01307,text,他們創造榮耀外，也成功將臺灣、中華民國推上世界舞臺，做了一次精彩的「電玩外交」。,6.875,5.429
text_01425,text,Apple聯合HTC對抗Samsung；不過以科技產業發展的歷史來看，聯合誰打誰背後，企業重視的是永續發展，怎麼做才能讓企業不因短利而失了江山更是關鍵，而微軟與Yahoo!正是最佳的前車之鑑。,5.667,5.286
text_00808,text,一氣之下我把它給拆了，應該是裝配問題，風扇運轉很安靜，是其他地方和它發生了共振或摩擦，從新裝了一遍現在好了。,4.143,4.571
text_00653,text,事後酒店方面承認防盜壓力很大，而且屢有客人失竊。,3.667,4.75
sentence_01476,sentence,經常僅僅因為盲目和自負,3.0,6.0
sentence_01264,sentence,只有沒有錢跟賺不到錢跟很小氣的男森才會說人家拜金女,3.667,7.0
text_00003,text,書今天朋友已經收到了。,5.333,4.286
text_00581,text,我住的是標間，可能其它房間會好一點。,4.5,4.5
text_02800,text,委內瑞拉緊繃局勢持續升高，委內瑞拉邊境爆發槍響，連結委國和哥倫比亞的西蒙玻利瓦爾國際大橋的附近道路槍聲大作，當時企圖跨越邊境的委國民眾全嚇得到處躲避。,3.0,6.714
sentence_00604,sentence,有點像是小資產階級或軍閥,5.0,3.0
text_00821,text,總之非常值得推薦入住！,7.25,6.333
sentence_01582,sentence,中國傳統文化及乎無一可取,2.0,6.333
sentence_02367,sentence,這兩個不相等的懂嗎,3.5,7.0
sentence_02035,sentence,就他還在悲憤選不上市長,3.0,7.0
text_02874,text,員警的白目提問，包含要受害人比較性侵與過往性經驗的感受，問受害人有沒有努力反抗，還問她是不是在下意識中，知不知道受害人要是完全沒反應，性侵很難得逞。,3.0,6.125
sentence_00973,sentence,淪為支那的一部分,3.333,5.667
text_01179,text,有了足夠的玩家數，才能開發出好遊戲；有了鼓勵電競的環境，才能發展出世界級的遊戲產業。,6.714,5.5
text_02124,text,蘋果負責軟體的高階副總裁CraigFederighi對此反駁說，蘋果希望能將產品儘可能的銷售給每一個人，蘋果的產品肯定不僅是奢侈品。,5.889,3.571
sentence_02104,sentence,在所有的人中間頌揚不息,7.0,3.0
sentence_01423,sentence,只要意識到就可以解除,5.333,4.0
text_02755,text,彌月禮盒真的很多種類，光是挑選就眼花撩亂和老公光是吃一堆油飯和蛋糕就吃得好飽後來看到明月堂可以覺得很特別！,6.375,4.857
text_01158,text,2012年夢幻十隊，讓電玩迷讚不絕口。,6.444,5.667
text_02684,text,從現場閉路電視片段所見，遇劫男子手持黑色手提袋行過，車內埋伏疑匪隨即落車，不久返回車上開車離去，遇劫男子的頭及手受傷，送往伊利沙伯醫院治理。,3.5,5.667
sentence_00225,sentence,但是現在賺錢難了,2.667,5.667
sentence_01563,sentence,必須是全面的系統的改革和改進,6.667,4.333
sentence_00988,sentence,蕩婦一邊和老公通電話,3.0,6.333
text_00768,text,希望攜程網有所改進。,5.0,5.625
sentence_01638,sentence,放在一起更是引人注目,5.333,6.0
sentence_00978,sentence,說要拓寬的是沒遠見的草包,2.333,6.0
sentence_02546,sentence,只有你這爺們弄到精疲力盡,4.5,6.0
sentence_00532,sentence,喘息的時間與機會,5.667,3.25
sentence_01896,sentence,就是那種每天疑神疑鬼的人,3.333,4.333
sentence_01530,sentence,我國企業發展活力充沛,8.0,7.5
sentence_01462,sentence,就像之前最終回聚來的元氣彈也是需要靠燈花轉換成其他人的魔力,5.333,5.0
text_00024,text,買這本書的時候，正是我在感情方面有些心結的時候，雖然過去很長時間了，但心中仍有些情素無法平復。,3.778,6.143
text_02376,text,過去Google的旅遊相關服務散落在不同的地方，例如在Google行事曆或是Google地圖上，出現你訂位資訊。,5.9,3.2
sentence_01625,sentence,烈酒還是無酒精飲料,5.0,2.333
sentence_02125,sentence,來遏止他們繼續到處點火,6.0,5.667
sentence_00517,sentence,很多人還在爭論要不要存糧,4.6,4.25
sentence_01211,sentence,靠著諧音惡趣味來命名的建案,4.333,4.0
sentence_02365,sentence,還是用刀片式吉利泡沫就,5.0,5.333
text_01612,text,本次軍演是針對美國航母進入西海而實施，是與投入這一帶海域的美國航母編隊較勁。,5.778,5.333
sentence_00254,sentence,有一位成員犧牲了,2.333,4.667
text_00876,text,3：完美屏，反應速度很快，機器整體功能還在測試。,5.889,4.714
sentence_01763,sentence,聖水都是自己哀求才有,4.0,5.5
sentence_00811,sentence,是種身心舒適狀態,6.6,3.25
text_01904,text,真是好笑，這種人口口聲聲說民主但是卻無法容忍跟自己想法相反的聲音八卦版也是，只要發一篇支持服貿或是批評這次學運的文，就會被貼上黨工或是抹黑的標籤，反之在那邊酸政府的人就酸的很開心。,2.75,7.125
sentence_00866,sentence,因為有計較的時候,4.0,5.0
text_00128,text,社會上處處可見“和諧”，人在“和諧”的環境中生活，哪麼每一個人不都過上了幸福的生活嗎？想自己過幸福生活的人，就去看《小知道答案》吧！,5.875,5.125
text_00551,text,不錯，周圍很熱鬧,6.25,5.556
text_01417,text,不過自曾政承於二○○一年拿下世界大賽冠軍以來，國內遲遲無法將電競比賽納入體育正式項目，老、中、青電競國手急盼政府儘速實行，憂心這波熱潮不知能被關心多久。,4.375,4.5
sentence_00125,sentence,我無論如何受之有愧,3.5,5.5
text_02612,text,這座城市很大，大到可以容納2154萬顆跳動的心，容納他們的喜怒哀樂；這座城市也很小，小到甚至容不下一個孤單的身影、容不下它對未來生活的想像。,4.111,3.571
text_01317,text,接下來兩場比賽精準的掌握了TPA固有的節奏，不但順利拉開比賽中經濟及裝備的差距，更選擇了最佳的進攻策略，順利的奪得勝利，甚至讓AZF提早舉了白旗投降，贏得全場歡呼。,6.5,5.5
sentence_01384,sentence,昨天的行情瞬間上下劇震確實讓所有人目瞪口呆,5.0,7.0
sentence_02475,sentence,延緩經濟垮塌的程序,6.0,3.75
text_00587,text,含雙早，種類比較豐富。,5.444,2.0
text_01708,text,「立委不是拿刀大砍就丟給行政部門，立法院不是拿刀互砍的地方，還有很多技術性的複雜問題，只是很多立委在處理時殺紅了眼，變成張飛打嶽飛、關羽砍項羽，全部亂了套」。,3.125,5.571
text_01697,text,當前重大改革需要的不是大拜拜式的「國是會議」，而是抱有具體政策、敢與執政黨政策辯論的影子內閣。,5.375,4.0
text_02077,text,儘管外界對MicrosoftStore線上應用商店的前景並不看好，但微軟並不打算輕易放棄這個撐起通用Windwos應用的平臺。,5.0,4.0
text_00550,text,北京東方和平賓館這家酒店給我感覺不好，雖然地段好，就靠王府井大街，但退房速度慢，房間隔音不好，有味道，看上去不乾淨。,3.0,6.0
sentence_02341,sentence,香蕉人天天舔人家屁眼,2.0,8.0
sentence_01137,sentence,常常聽到的古典制約之類的,5.0,4.667
sentence_01320,sentence,一路走來雖沒有因而帶來助益,5.333,2.333
sentence_00527,sentence,國有化本身就已經拋棄了經濟發展,4.25,5.5
sentence_02021,sentence,因為我是一個喜新厭舊的人,4.667,4.75
sentence_02552,sentence,雖然這版本的多羅羅一樣剛毅的個性像爸爸,4.75,4.4
text_02904,text,臺南郭綜合醫院婦產部林大欽表示，海扶刀治療方式是把從體外發射的高強度超音波，通過聚焦直接投射到體內病灶，導致病灶細胞損傷、壞死，達到治療效果。,6.0,4.625
sentence_00891,sentence,臺北橋上的機車道,5.0,2.6
sentence_02310,sentence,王法官因工作突出多次獲得中共的嘉獎,7.0,4.5
text_00175,text,逃離中國封殺而流亡德國。,3.286,4.167
text_00634,text,跟門內環境差距較大，希望改進.,3.875,3.143
text_01815,text,所以支持廢死的人想法反而更堅定.,5.222,6.286
sentence_00712,sentence,人一無所有的時候最清醒,3.667,4.667
text_02923,text,報告顯示，當蘋果因與高通的齷齪，將首次完全依賴英特爾晶片時，出現了很多意外，計畫不僅延遲，成品也無法與高通媲美。,2.556,5.0
sentence_00218,sentence,梳理和處理社會上出現的各種犯罪,5.667,4.0
sentence_00673,sentence,你要讓我使你進步成聖,6.0,5.0
text_02549,text,他們知道自己喜歡什麼，也知道自己喜歡誰；他們以非常快的速度做決定，並會確實執行——且隨著年紀增長，他們對此也將越來越熟練。,6.0,3.778
text_00253,text,袁喜和步懷宇，他們倆人的愛情來的磨難重重，有的時候甚至會有些憎恨袁喜的固執，惱火她的倔強。,4.625,5.4
text_01386,text,陳伸賢表示，照顧及服務每一位市民是新北市政府的責任，尤其身障朋友們更需要一個友善的工作環境，讓他們發揮長才、培養職業技能。,6.333,5.0
sentence_00248,sentence,還真是飛來橫禍不砸花花草草專砸我,3.0,6.5
text_01394,text,求求你們，放過這些孩子吧!謝謝。,4.0,6.0
sentence_02380,sentence,美國終於出了個敢於與中共較勁的商人總統川普,6.4,7.25
text_02143,text,525我愛我快樂生活節的移動自由超能力分享沙龍，我們邀請到兩組騎車機車穿梭臺灣、世界的人物與我們分享沿途的收穫與感想。,6.0,5.111
sentence_01149,sentence,去遇見各種未知,6.5,5.75
sentence_00159,sentence,結果要去喪禮的兩人一個還在睡一個出去了,4.0,4.25
sentence_01856,sentence,有些人卻因為麻木不仁,4.0,3.4
text_00926,text,IC3上週發表此一情報，指出Android設備面臨種類繁雜、諸多形式的惡意信件攻擊問題。,3.667,4.714
text_01771,text,如果這樣吱吱應該學習安潔麗娜裘莉母猴在還沒得乳癌之前把自己的乳房割掉公猴就割掉自己的小雞雞反正這些都是都有風險最簡單的就是去死一死反正走在路上搞不好都會被車撞死活這麼痛苦幹嘛呢?,3.625,5.375
text_01653,text,謝長廷表示，馬英九與其透過駐英代表澄清文章，更應該要用行動做更好的政績，讓全民擁戴，便是最好的。,6.111,5.667
sentence_02481,sentence,飛機其他部分和失事原因以及飛行員下落依然是個謎,3.333,3.25
sentence_01163,sentence,基本上任何涉及現實的文藝作品都能被粉蛆意淫歪曲,2.5,5.25
text_02317,text,這個世界上很多人都知道羅本在右邊路用左腳快速觸球之後的計劃，然而能跟得上步伐或者不被甩開的人，少之又少。,5.0,3.889
text_01713,text,無論你是否幫忙拜票，無論你支持誰各位都作了改變。,5.333,5.0
sentence_00065,sentence,為什麼自己現在可以這麼毅然的捨棄,4.333,4.0
text_00249,text,英諾森提的插畫還有個突出的特點就是角度的多變，你如同在看電影，每幅視角都不同，增加了生動和真實性。,5.7,3.857
text_02766,text,古人形容聖人的文章，體要與微辭偕通，正言共精義並用，意思是要把雅正的語言和精深的含義結合起來，做到精理為文，秀氣成採，這才稱得上文采斐然。,6.333,4.8
sentence_01727,sentence,就不和你說什麼啦,4.333,5.333
sentence_00400,sentence,都是本身擅長廚藝的母親,6.4,5.25
text_02463,text,美國總統川普一連串最新推文，提到華府和北京達成貿易協議的可能性，提供亞股亟需的強心針，區域股市普遍反彈走高，但分析師警告後市恐有更多震盪，投資人抱持謹慎態度。,4.429,4.833
sentence_00132,sentence,德國機械裝置製造業聯合會外貿事務負責人烏爾裡希,5.0,3.0
sentence_02450,sentence,令香港陷於萬劫不復之地,3.0,5.5
text_00400,text,建議是~又不是沒有其他更好的選擇....只能祝福各位購入的車主以上，沒有別的不好的意思，單存個人意見一個看不慣這樣欺負台灣消費著的人,4.0,4.429
text_02338,text,坦白說，我是耳根子硬的人，很怕被說一定要怎樣怎樣，絕對不可以這樣那樣，後來想想，與其顧慮一堆，還不如我自己來吧。,5.4,3.571
text_02302,text,財政部週一晚宣佈，把對一系列美國商品徵收的關稅稅率從10%提高到20%或25%，這是中國對特朗普總統上週五對更大範圍的中國商品提高關稅採取的首批報復措施。,4.667,4.0
text_00553,text,最滿意的是酒店提供的免費升標。,6.625,6.286
text_00277,text,一拿到《好媽媽勝過好老師》就欲罷不能，好書啊！,6.667,5.571
text_01162,text,被騙女還有博士生警方清查發現，受害女子的共同點，都是未婚且體態較豐腴，除有博士班學生，還有護士、幼教人員、工程師、會計、公務員等，平時交友很單純，大多未談過戀愛；警方提醒女性網友，與人網上互動要提高警覺。,4.0,4.125
sentence_00029,sentence,兩者根本毫無區別,4.333,6.333
sentence_01343,sentence,它只不過是根基於一些假冒人民之名躲藏在幕後的人上,2.0,4.0
text_00135,text,作出選擇就是結束，如果後悔，就很糟糕。,4.0,4.0
sentence_01185,sentence,其中仁慈會下降的月份,4.0,2.0
text_00264,text,常常覺得聰明和智慧相比，我更喜歡智慧。,5.375,3.833
text_00260,text,這樣的教育方式已經值得我們反思。,4.667,4.75
sentence_01434,sentence,祂為你的修行消除障礙,6.4,3.8
text_02699,text,在官方的示範裡，這個功能不僅可以主動訂好位置，更懂得模擬人類的各種停頓語音，讓人不只是覺得厲害，甚至會有點驚悚的感覺。,6.333,5.875
text_01435,text,「新的一年大家都不看好他們，但彼此的長輩都有支持的力量在，反倒是王心淩，今年追求她的可能不一定只有姚元浩，她是否能堅持，能決定他們愛情的運轉。,5.444,4.75
text_02216,text,和市面上用於建立原型或者用於小規模生產的3D印表機不同的是，惠普最新推出的JetFusion5200是專門為大批量生產而設計的。,5.667,2.833
sentence_00565,sentence,一直勉強自己做不擅長的事,3.0,5.667
sentence_01642,sentence,也照樣免不了痛苦的侵襲,3.0,6.0
text_02927,text,陳姓女子在去年十月，偶然發現小女兒遭到同班的五名女同學透過臉書群組霸淩，集體以婊子、臭鮑魚等不雅髒話辱罵女兒長達三月，氣得提告五人公然侮辱。,2.444,6.875
sentence_01099,sentence,站街的妓女看誰都是出來賣的,2.5,6.0
text_00576,text,出門左轉50米就是地鐵站，東四十條上打個車也方便，地段不錯。,6.556,4.571
text_02226,text,據兩位訊息人士透露，週四，特斯拉公司礦產採購的負責人在一次行業會議上表示，由於採礦業投資不足，特斯拉預計近期全球鎳，銅和其他電動汽車電池礦物短缺。,3.857,5.5
sentence_00642,sentence,身上所有值錢財物被賊人騙走,3.5,5.75
text_00689,text,開始拿到的房間，房間內充滿很強烈的煙味，實在忍受不住，要求換房，不知是否前臺有意見，給換了一間比前一間小的多的房，算了，將就一下睡一個晚上吧，心想。,3.0,4.889
text_00091,text,質量不錯，適合3歲左右小孩玩。,7.0,3.857
sentence_01971,sentence,我是最瘦最敏捷的,7.0,4.6
text_01581,text,教廷頻頻接獲回報，指中國對國內天主教會與機構不但嚴加管控，甚至針對地下教徒下手，強迫參加「思想改造學習班」。,3.222,4.556
sentence_02355,sentence,因此中共設法耐心勸阻引導那裡的人改吃狗肉,4.5,5.667
sentence_00694,sentence,這是中國人極其不理智地自絕於傳統,2.5,5.75
sentence_00854,sentence,重賞也已經獲勝了不可能會被處理掉,5.5,6.0
text_00668,text,感謝您選擇下榻本酒店！,6.0,5.571
text_00018,text,日常養生的參考還是不錯，有很多從前不知道的保養知識。,6.875,5.5
text_00511,text,偷很多不是只有這部就開始了，但是還是很多人買，甚至更多人討論T牌的安全性不足的問題，不過買的人就是多，你放心！,4.75,5.75
text_02228,text,即使起步遇上挫折，但毫無疑問地智慧手機的下一個浪潮是可摺疊螢幕手機，這也確定會獲得了新世代AndroidQ在系統端的支援。,5.667,4.778
sentence_02414,sentence,有時條裙條褲短少少,4.333,3.333
text_00206,text,我就被這本書吸引住了，一個晚上讀完了,6.333,6.444
sentence_01349,sentence,這幫傢伙就是內戰內行,3.5,6.0
sentence_01776,sentence,是血腥共畜的走狗與鷹犬,2.5,6.0
sentence_00998,sentence,這是臺灣最低階的小旅館,4.5,5.0
text_02430,text,近日，很多使用者了收到了三大運營商發來的相同的簡訊息，在這條安全提醒的簡訊中，運營商呼籲使用者抵制騷擾電話。,5.0,2.625
text_02171,text,雖然該建議不包括基於該缺陷可能網路攻擊的任何詳細資訊，但BSI警告說，駭客只需向其目標傳送包含特製檔案的惡意電子郵件，在某些情況下，甚至不需要開啟該檔案。,3.0,6.0
text_01383,text,正義妹表示，當時聽到樓梯間有人呼救，衝出查看，赫見婦人與持刀歹徒僵持，當下只想要救人。,5.111,4.6
text_00190,text,中國傳統的教育思想有壓抑自我、框定思想的東西，如果看了這本書，我想大人都會掩卷微笑，多麼好玩的故事，多麼陽光的結局啊。,6.667,4.625
text_02864,text,第三屆世界智慧大會智慧科技展和體驗區準備就緒，智慧科技展和體驗區展覽體驗總體面積將達到近6萬平方米，彙集了國內外智慧領域的先進技術成果。,6.286,4.286
sentence_00256,sentence,農民插秧被雷擊倒身亡整段過程被拍下,3.5,5.0
text_00268,text,對於那些聰明的女子來說，更是一個完美的人生嚮導適合珍藏及細讀的一本書!推薦,6.778,5.6
sentence_00227,sentence,母親節最大的幸福,7.0,5.75
sentence_00637,sentence,特別是那種西裝革履的,5.333,4.333
text_00565,text,感到特別安全。,6.375,4.571
sentence_01827,sentence,家家來學廣東話全場感人大合唱,6.5,5.0
sentence_01815,sentence,只係變得更加老練,6.0,4.333
text_02898,text,遠見雜誌最新公佈縣市長施政滿意度調查，臺中市長盧秀燕6都墊底，多位民進黨議員聯袂質詢時，批評市府施政毫無章法，前朝政策停擺，逢龍必反，無法獲得民心。,2.667,5.0
text_01142,text,一口「臺灣腔日語」也一樣可愛，還開玩笑的說希望她們日文不要變得太標準。,6.25,4.0
text_01186,text,結果，他在課堂上大發脾氣，還兇那個補救教學老師說：「妳看過學生殺老師嗎？」把那個老師嚇得不敢上課，也不想再教他了。,2.25,7.286
sentence_02246,sentence,看到一條條關於我虛假的流言蜚語,2.75,3.75
text_01761,text,伊朗媒體也歡迎黑格的反以色列觀點以及反對軍事攻擊伊朗的立場。,5.875,5.286
text_00827,text,房間很舒服，我個人非常滿意，辦公檯適合我個人的使用習慣且網速好。,6.625,4.111
sentence_02016,sentence,結果多年後弟弟變成菁英凱旋歸國跟碩珍搶繼承權,3.5,4.5
text_02299,text,持續脫水，尿液少、不易排出體內廢物，就可能形成結石或泌尿道感染；同時腎臟血量減少，血液變濃稠，氧氣及營養的供給停滯，也會損害腎臟細胞,3.0,3.778
sentence_00989,sentence,和偽造的反猶太主義傳教士和武器人,3.667,4.333
text_02720,text,有些食材發芽了不但可以吃，而且還更營養；有些不行，會中毒；有些無妨，但最好趕快吃完，15種常見發芽食材要吃掉還是丟掉，這篇一定要加入收藏的啦！,5.571,2.429
text_02886,text,臺南一名蔡小姐一直想擁有健美感的密桃臀，看到醫美診所打出廣告決定一試，沒想到術後大腿卻浮腫、產生硬塊，還感染蜂,3.0,5.0
sentence_02253,sentence,我怎麼可能勝任,3.0,6.333
text_00904,text,品牌價格低，配置也均衡，xp很容易裝，跟普通裝電腦沒兩量，給後來買的朋友一點建議吧，用深度的xp，按F2進入bois,5.222,4.625
text_01928,text,外交部表示，其中100萬美元（約新臺幣2885萬元）經駐美國臺北經濟文化代表處與美方諮商後，將於華府捐給實際投入救災的慈善機構，其餘30萬美元（約新臺幣865萬元）則分別捐贈給受創最嚴重的紐澤西州、紐約州及紐約市各10萬美元（約新臺幣288萬元）。,4.875,4.875
text_00921,text,也請管量員不要刪了，給大家一個機會，大家好纔是真的好！,5.625,5.375
text_02480,text,無獨有偶，在對數萬張乳房X光線照片進行訓練之後，由MIT開放的深度學習模型可以更精準地識別乳房組織的細微變化，並確定這些變化是否會在五年之內發展惡化成為癌症。,6.75,4.0
sentence_00108,sentence,居民斥環境髒亂,3.0,6.0
text_00051,text,沒有景緻沒有文采沒有著作的痕蹟沒有大師的精美。,3.0,4.5
sentence_00822,sentence,是人類歷史上絕無僅有的存在,6.333,6.667
text_02386,text,但即使和我類似的，許多無辜的生命，經過了異性戀沒有的困頓，當下我沒有選擇一股腦地倒給母親，或許和當時，急於累積連署書數量的許多人不一樣。,4.125,4.625
sentence_00750,sentence,失業潮湧向街頭,3.6,4.25
sentence_00931,sentence,回個帖還躲躲藏藏在別人推下,3.5,4.5
text_00732,text,還算舒服，早餐口味也不錯。,7.0,3.286
text_02672,text,歐洲足球戰場最近踢得火熱，英超衛冕軍曼城昨天順利拿下二連霸，而篡位失敗的利物浦，球迷一點都不喪志，因為紅軍將和熱刺爭奪歐冠金盃。,6.333,6.429
text_00016,text,當自己對幸福迷茫的時候，就會想到，不要將自己手中的幸福隨便就放掉，那樣，當自己發現那是你的最愛時，已經找不回來了。,5.111,3.667
text_02163,text,RewindCinemaVol.60FreeSoloPrologue設想一下，有一項奧林匹克運動，如果得不到金牌，你就得死。,3.375,6.75
sentence_02431,sentence,男子以身體人肉擋車門令列車受阻,4.0,4.6
text_00235,text,尤其在辦公室工作時間很長或者想思想上逃離辦公環境的話可以偷偷的看一兩則小故事，那種感覺真爽，同事都不知道你在笑什麼。,5.778,4.875
text_00892,text,準備裝成XP估計就會好很多。,6.0,3.625
sentence_00944,sentence,發燒都燒了三天了還說是一般感冒,3.0,7.333
text_02909,text,對於家庭裝修而言，除了要把家裡修飾的漂漂亮亮之外，水、電兩路的佈局是最關鍵的了，因為裝修一旦完工，這線路、管路的佈局基本不太可能去修改。,5.0,2.889
sentence_00622,sentence,當年學生時代應該要加入辯論社團,4.4,4.4
text_00412,text,照片很難嗎跑一段定速或下坡隨便都二三十油耗市區油耗13多是根本連踩都沒踩吧還是超扯的九二無鉛這樣好了樓主來打個賭我跟朋友上臺北去油錢我們出依你前面多次油耗文章路面來開如果市區高速平均破13多我們馬上包一萬紅包如果沒有只要上本版說明真相就好休旅車載人還有市區我真的很想親眼看看是怎樣厲害的駕駛方式九二無鉛油耗13多不是不相信我們願意花錢親眼看,3.889,5.875
text_00357,text,呵呵~傻眼了阿~!!如果整天要怕死的怕自己開車去撞人的可以考慮前面幾位大大所推的!!本人只怕別人來撞我!!我希望前面某些人出車禍時.,3.889,5.333
sentence_01011,sentence,總是非常滑稽且激烈的進行,4.8,7.5
sentence_00552,sentence,但涉及到戰後的國際秩序,4.333,2.667
sentence_00723,sentence,可悲可嘆可恨可憐啊,2.5,8.0
text_01684,text,國民黨有一堆博士是事實，但這些博士總統、博士部長、博士縣市長是不是人才，卻值得懷疑。,3.111,5.857
sentence_01507,sentence,看似保險公司幫你作假,3.0,4.75
text_02193,text,由於我們的產品比較大，在軟體啟動的時候會消耗比較長的時間，原生的進度條已經不能滿足我們的需求，這裡我們就需要一個會動的進度條，效果如下圖所示。,4.778,2.444
text_01329,text,很難相信，吳信達助理教授說，他過去曾經是「不被看好的孩子」；就如同時下一般年輕人，他從小到大就愛玩，無所事事，生活茫然；成績當然不好，從來就不是學校重點栽培學生。,4.7,5.2
text_02316,text,有研究顯示，吃比較多飽和脂肪食物會影響記憶力，例如肥肉、皮層、雞油、豬油，還有全脂奶品，以及部分植物油，例如椰子油和棕櫚油。,4.375,2.889
sentence_00064,sentence,就是以前曾經那麼喜歡的東西,4.0,3.0
sentence_01280,sentence,擺出忠孝仁義和,4.5,6.0
sentence_01181,sentence,佛菩薩是最慈悲的,8.0,3.667
text_02111,text,這段時間，不少廠商都或多或少地暗示了新主機板，微星今天更是進行了公開展示，雖然沒提及X570的名字，但百分之百不是別的。,5.25,2.714
sentence_00030,sentence,一樣孩子般的笑聲,6.0,3.0
sentence_01545,sentence,聖經那麼多則斥責人的話,3.5,6.0
text_01406,text,兩人用特殊手語溝通哥哥德克說，這兩個弟弟成年後的人生都在一起，住在同一間公寓，他們使用特殊的手語，只有彼此和最親近的家人懂，無法與外界溝通，「他們最害怕無法再看見彼此，這對我弟弟來說是無法承受的事情。,4.714,4.5
sentence_00683,sentence,逢年過節才會碰到,5.5,4.0
sentence_00101,sentence,因為惡意的誕生就是為了傷人,2.333,5.333
sentence_01833,sentence,我只知道她沒有哽咽,4.667,3.75
sentence_02312,sentence,然後因為馬聲望下降民進黨攀升的政治能量,5.0,4.333
sentence_01595,sentence,過人和組織進攻很流暢,6.333,4.333
text_02942,text,高雄一名50歲的蘇先生說他長年感覺牙齦腫痛，原本以為只是火氣大，直到齒牙動搖只能吃軟飯，甚至連最愛的滷肉飯都只能用吞的。,3.556,3.556
sentence_00674,sentence,義勇推感覺都是懂得體現自己慾望的成熟大人,6.75,3.25
text_00342,text,是有一些不爽為什麼不撞我的舊車卻偏偏撞我的新車。,3.125,6.375
sentence_02388,sentence,只是感覺鏡頭可捕捉,5.0,3.2
text_00545,text,真是可笑，入住該酒店結帳時要多付一袋開心果的費用，他們點不清自己的物品數量，出了差錯，埋單的竟是消費者.,2.444,6.0
text_01711,text,歐巴馬BarackObama)以303票獲得連任，擊敗得到206票的羅姆尼。,5.25,4.143
text_00756,text,賓館一半的房間都沒有陽光、不通風。,3.222,4.5
text_02287,text,曲周縣北部有個張莊，全村3400畝地，只有1780畝勉強能種植農作物，1943年發大水，村裡460多口人餓死了一多半。,2.625,5.143
text_02425,text,無可避免的，當肝功能失調，身體會出現許多症狀，如牙齦流血、水腫、腸胃不適等，除此之外，其實失眠有時候也可能是肝功能不好的徵兆。,4.125,5.0
sentence_02435,sentence,當時以色列南部發出空襲警報,3.4,2.5
text_02547,text,高雄市長韓國瑜今天出席凱道造勢大會，棄反毒活動、荒廢市政，高雄市議會民進黨團今晚發布新聞稿譴責韓國瑜將高雄市當跳板、備胎，政治性格之狡猾無與倫比。,2.714,5.429
text_02959,text,此外，HEPA濾網可有效過濾空氣中包含病毒與細菌並捕捉小至PM0.1的懸浮微粒，過濾空氣中99.5%髒汙，提供乾淨、舒適又安心的家居環境。,6.375,3.111
text_02323,text,從需求端來看，一線和新一線城市聚集了大量的年輕人，他們工作節奏快，生活壓力大，對食物的需求，除了果腹和營養均衡，還逐漸衍生出便捷以及更多健康的需求。,5.125,3.1
sentence_02194,sentence,現在是你蹂躪他,3.75,7.25
sentence_00942,sentence,預言有提到中國拆教會和虐待信徒的報應嗎,3.0,5.0
text_00984,text,顯示屏沒有壞點、沒有亮點，在京東買的2檯筆記本都是完美螢幕哦.,6.857,4.429
text_01549,text,報導稱，該《指示》要求全軍和武警部隊緊緊圍繞能打仗、打勝仗的目標,4.875,5.0
text_02761,text,呂興巨集患有老年癡呆的68歲鄖陽區老人呂興巨集，於5月22日上午從鄖陽區南化塘鎮走失後，一直沒有音信，家人苦尋兩天無果，盼熱心市民提供線索。,2.889,5.0
sentence_01060,sentence,完全呈現當代關係的各種微妙觀察,5.6,5.5
sentence_02075,sentence,不能一跛一跛的走,4.5,5.5
sentence_00348,sentence,我他媽的怎麼會不懂你,3.333,8.333
text_01281,text,至於吳宗憲事後表示沒想到他們竟是自己的「粉絲」，被打的李姓大學生吐嘈否認，並強調吳受傷是被另兩名同行男友人所傷，與他無關。,4.375,5.0
sentence_00895,sentence,不用再看那些刺眼睛的文字,6.4,4.25
sentence_01160,sentence,本週最令人印象深刻的一個概念,6.667,5.333
text_01262,text,「卡內」是一隻5歲多的柯基犬，主人卡內拔經常替他拍照，而卡內麻就負責在BLOG撰文，分享帶狗兒子吃喝玩樂的生活點滴。,5.667,3.375
text_02690,text,上了年紀身體變差，為了增加便利性，過去民眾都會購買昂貴的輔助器材來使用，但如果買到不合用的，卻又沒辦法退錢，只能再買過。,3.556,3.889
sentence_00454,sentence,都是如今的習維尼已經全面復辟甚至變本加厲的內容,2.4,6.0
text_01377,text,江嫌於地檢署復訊時，表情木訥，直說壓力很大，江妻在旁強調先生因照護母親和家庭壓力過大纔會鑄下大錯，事發後「家裏更需要他」，會陪他走出陰霾。,3.375,3.625
sentence_00175,sentence,我還是不太能習慣推特不能修改這件事,4.0,5.5
text_02839,text,麗莎從來都不同情那些欺騙配偶的人??直到她發現自己也對婚姻深感不滿，而外來的引誘不斷讓她陷入情慾的掙紮。,3.556,5.889
text_01399,text,更諷刺的是，挪威人民已經兩次公投反對加入歐盟，因此挪威總理史託騰伯格在恭賀歐盟得獎之餘，也不忘表示挪威目前仍無加盟計畫。,4.375,5.429
sentence_00631,sentence,明白自己知道什麼且立場堅定,6.0,6.25
sentence_00749,sentence,五毛你恬不知恥,3.0,5.25
text_01995,text,難道消滅國民黨真的高於一切?,3.778,5.0
text_02500,text,這家科技巨頭與紐約大學和加利福尼亞大學聖地亞哥分校的研究人員合作，進行了為期一年的關於防止賬戶劫持的基本安全措施有效性的研究。,6.333,3.167
sentence_01987,sentence,感覺就是窩著火的樣子,4.0,5.333
text_01729,text,隨後，習近平也覆電，期盼兩黨把握歷史機遇，深化互信，共創中華民族美好未來。,6.222,4.857
sentence_00577,sentence,根本無心力再去關心什麼大事,3.0,5.2
text_00316,text,都只剩下2SRS，這對消費者來說，是「福」還是「禍」呢？本文的目的，只是給想要Camry的準車主！,4.778,5.167
text_01231,text,請女方不要一廂情願覺得沒有關係、賭說沒這麼剛好，盲目地相信男性那張嘴說會負什麼責任，有多愛妳；不然，就乖乖等到有經濟能力了，生活較能照顧自己與新生命了，讓懷孕從「無法預期」變得「可預期」，才能避免面臨接踵而來的社會、經濟與家庭壓力。,3.75,6.5
text_01521,text,王位同學來自單親家庭，由母親打零工維持家計，王位同學擔憂母親身體健康於是半工半讀幫忙負擔家計，勇於面對這一切拂逆之狀況，也成他獨立自主的個性。,5.333,4.0
sentence_01551,sentence,蓄起長鬍子令外表專業整潔的,6.0,4.333
text_02646,text,通過符合人體工程學的寬大車把，以及適合站立的滑板空間，Rev為那些想要學習ropes的使用者提供一個非常友好的平臺。,6.222,4.0
text_01727,text,胡錦濤這次「裸退」，也創造中共史上同時卸下總書記及軍委主席先例，此舉將有利中共高層制度輪替。,6.0,5.625
text_00358,text,您喜愛的配備要炸出來喔~哈哈不要最後在某些地方時才反應.....喜歡就喜歡不喜歡就不喜歡，只會說這些廢話~!!如果只是要廢話就閃一邊吧~!!論油耗...1.8F排應該算他最耗油~我還要補充一點...有人喊A沒內鐵!!過那麼久還是不知道有沒有內鐵去爬一下文吧,4.0,6.625
text_01156,text,電玩迷的唱衰、以及各方面都不如死對頭2K公司的NBA2K13而宣佈取消製作，正式退出籃球電玩市場。,3.5,5.143
text_01805,text,評論強調，中國維護領土主權的堅定意志和決心不可動搖，在事關國家核心利益的重大問題上，中國政府和人民絕不會退讓半步。,5.75,6.556
sentence_00328,sentence,當事人倒是跟同伴開開心心的,4.0,6.333
sentence_01178,sentence,願你照你的話憐憫我,3.333,5.0
text_01084,text,單親家庭加油打氣，讓大家瞭解單親家庭親子間的問題處境，單親家庭遇到困難要尋求協助管道，社會也要給予更多的包容與關懷。,6.375,5.857
sentence_01612,sentence,奉天命不敢為傲3,4.667,4.0
sentence_02112,sentence,在生效最後關頭,4.667,6.0
text_02292,text,我很高興有男性讀者主動詢問這個問題，因為在兩性關係經營領域裡，通常都是女人關心情感面的維繫，男人則更在乎把妹攻略和床上要怎麼表現這些事而已。,6.222,4.5
sentence_01810,sentence,只有不息的奮進,6.25,4.0
sentence_00410,sentence,註定就是個蠢貨,3.5,6.5
sentence_01946,sentence,日本國民誓以國家的名譽,6.5,5.0
text_00625,text,房間的隔音很差，我隔壁入住了幾個人，開始唱歌，後來打牌，我聽得很清楚。,3.333,6.375
text_01881,text,和日本打一仗，但這種思維無助解決釣島爭端。,4.375,4.125
text_01126,text,可見，父母對孩子的態度和話語，對孩子的影響有多大！,5.222,5.857
text_01245,text,使用武力、威脅或強迫，在鄰國或更廣泛的國際社會上都不會贏得好的聲譽。,4.0,4.625
sentence_01547,sentence,在辦公室裡作為解壓工具被小便澆在精緻妝容的臉上,3.0,7.5
sentence_01887,sentence,土地是以它的肥沃和收穫而被估價的,5.333,4.0
sentence_02293,sentence,生活不是等待暴風雨過去,5.333,5.0
text_02938,text,面對紛繁多樣的物種，嬌美花朵，聽著浮雲的歡唱、飛鳥的低吟、山泉的傾訴、林木的心語......不禁想到創世主的無量慈悲與智慧。,5.889,3.0
text_01822,text,我同意你破窗進去嗎?,4.0,6.0
sentence_02508,sentence,市長引咎辭個職先吧,3.333,6.0
sentence_01405,sentence,但依舊可以￣h,5.0,1.0
text_00373,text,請注意是定期運轉而非每日運轉，其實只要下雨天就必須開冷氣來除玻璃起霧就可以了，或是每週開一次冷氣，冷天開冷氣一樣會增加油耗，而且是脫褲子放屁多此一舉，先把空氣經過冷氣風箱把空氣變冷，再經過暖氣風箱把冷空氣加熱，吹出來是暖氣，所以除了因下雨需第一段把空氣變冷加除濕外，其他時候無須用壓縮機去做空氣變冷的動作。,4.125,5.286
text_02836,text,布拉德在香港表示，聯儲局需要謹慎行事，以維持美國經濟增長，貨幣政策任何調整都將是針對經濟資料作出回應，而不是利率正常化的延續，又預計政策評估不會出現根本變化。,5.143,4.0
text_02470,text,玩家將扮演山姆·布橋斯，勇闖因死亡擱淺而面目全非的世界，他揹負著未來希望的碎片，踏上旅途，一步步重新連繫這個分崩離析的世界。,5.714,5.857
text_02347,text,正方形相紙無須剪裁、方便直接列印社群媒體如Instagram相片，亦適合製作賀卡或裝飾物，照片貼紙可以隨意裁切至不同尺寸及多種有趣造型。,5.667,4.667
text_00028,text,張競生先生的愛情觀開國人之先河，在情海愛河中自由的遨遊真是不亦快哉！,6.375,6.0
text_02006,text,其中，有人幾乎就是國家元首代言者，有人則為觀眾監督政府不遺餘力，也有人在主播臺上插播另一半死訊時強忍悲痛，無論於公於私同樣搶眼。,4.571,5.143
sentence_01074,sentence,生孩子就有責任養育教育,6.0,4.0
sentence_00951,sentence,其言語刻薄惡毒,3.0,4.667
sentence_00680,sentence,你的池塘已枯竭,4.0,5.0
sentence_01124,sentence,有時他們罵得不中肯,4.0,5.0
sentence_02466,sentence,但是進展太遲緩,3.0,5.5
text_01849,text,首都市長隨便拿別人的健康開玩笑?,2.889,6.667
text_01296,text,戰術運用得當與適當的英雄角色，終於獲勝。,6.0,5.333
sentence_00625,sentence,為中國企業赴美投資提供一個公平,6.0,4.25
sentence_00403,sentence,會引起他人不適的部位全部遮起來,5.5,5.0
text_01538,text,她辭去工作專職照顧孩子後，看見孩子身上的特點，竟然有自己童年的影子才發現，當媽媽愈瞭解自己，才能愈瞭解孩子，回想小時候希望被對待的方式，其實就是孩子心中渴望的親子關係。,5.778,4.0
text_02247,text,說實話，我從事大氣科學方向的學習也有些年頭了，對於這個概念我還把握不好，別說不從事這個方向學習的成人，更不要提知識面更窄的孩子們了。,3.444,3.444
text_00848,text,用過好幾款上網本，鍵盤算是上網本當中最舒服的了。,6.333,5.333
text_00183,text,還算精美的一本書，最開始吸引我的是很多人的評論和推薦。,6.5,4.143
sentence_01570,sentence,被先生一直催促去看牙,4.5,6.333
text_01276,text,吳宗憲表示，對方提告，自己也會提告，他自認傷勢很嚴重，昨傍晚依舊搭機赴芝加哥表演，強調這不是落跑，並坦承當晚喝酒，但酒品和ＥＱ都很好，起衝突是他誤認對方是「狗仔」，「我會透過管道約他們出來聊聊，當面跟他們道歉」。,4.222,4.857
sentence_00643,sentence,這這這這太太過分啦,2.5,8.75
text_01223,text,很多時候，男方在發生性關係前，或發生時會信誓旦旦說：「我會負責的」，「妳放心，我會照顧妳」。,3.625,6.0
sentence_02422,sentence,請給捷克廣告委員會發一封異議郵件!,4.0,5.75
text_00229,text,呵呵~所以能她說媽媽給我買吧，我看了就很有靈感哦。,6.5,5.75
text_00535,text,我在高速公路上看過一台箱型車爆胎，還可以平穩慢慢的開到路肩，真的很冷靜.,5.25,4.5
text_00064,text,前前後後花了大約一個月的時間完成，感覺這個戰亂中的校園唯美得讓人羨慕，它比我在這和平時代經歷的大學生活更豐富。,6.667,5.143
sentence_00068,sentence,感性凌駕於理性之上時,4.6,5.25
text_00816,text,總體來講，對登封的印象比較差，基本上是髒亂差的典型！,2.333,6.556
text_02792,text,篤信脫鉤和遏制來消除中國威脅的班農，因其知識結構的落後，價值觀的扭曲，以及個性的缺陷，時常處於自我分裂的狂躁狀態之中。,3.222,5.625
text_01994,text,自己執政時下的重大決定一下臺就否定?,3.5,5.375
text_02127,text,在本月的補丁星期二活動中，微軟面向Windows10十月更新發布了累積更新KB4494441，為該功能更新帶來了安全性和非安全性改進。,6.167,3.667
sentence_02433,sentence,欲根除基督教信仰,4.0,4.667
sentence_02145,sentence,最後被歐蒂娜啟發最後靠自己的意志走出學校,6.5,4.25
text_02325,text,習近平在賀電中表示，值此陛下加冕之際，我謹代表中國政府和中國人民，並以我個人的名義，向你和泰國人民致以誠摯的祝賀和良好的祝願。,6.667,4.5
text_01559,text,西拉伊特認定，安迪（AndiAzhar）所言反映印尼廣泛存在的一種觀點，即性暴力是正常現象。,3.667,4.571
sentence_02190,sentence,民選議員被褫奪議席,3.4,3.2
text_00867,text,配置算高端了同時運行flash和photoshop和word沒有感到運行緩慢。,6.1,3.857
text_02132,text,惠普筆記本近年來得到了長足的發展，在增強設計審美、改善效能輸出、優化電池續航之外，還大膽使用皮革、木質來滿足消費者的不同需求。,6.222,3.333
sentence_01282,sentence,這樣的人怎能被小恩小惠收買,3.6,5.75
text_02807,text,20年間，騰訊的QQ從一個弱不禁風的小企鵝成為擁有超過8億使用者的龐然大物，生財之道也一直有聲有色，特別是各種各樣的會員、鑽讓騰訊賺得盆滿缽滿。,7.0,6.5
sentence_01461,sentence,原先的追訴權時效為30年,5.0,3.6
sentence_01935,sentence,其實都是廢棄物而已,4.0,4.0
sentence_01033,sentence,村裡人稱陳光誠相當倔強,5.0,4.0
text_00907,text,淡紫色+白色的鋼琴烤漆很漂亮，鍵盤上部五個觸摸快捷鍵背景燈做的相當漂亮！,6.875,6.444
text_00005,text,對於整個購書過程我很滿意。,7.0,3.429
sentence_01062,sentence,婚姻平權的戰鬥,5.0,5.0
sentence_01771,sentence,品行方面半斤八兩,4.0,5.0
text_00563,text,首先酒店任何員工對客人都沒有應有的尊重，客人可以被他們呼來呵去，其次CHECK-IN和CHECK-OUT都要半小時以上，強烈BS張靈芳和左瑞雪，效率低下，態度傲慢.,2.444,5.333
text_00387,text,所以，沒任何東西是完美的，勇於面對自己的缺點，不要老想操縱這些媒體，來欺騙這些消費者！,3.125,6.429
text_00491,text,不一定，看內鐵或欲裝內鐵處)後的車架結構，沒比內鐵強衝擊就傳過內鐵傷車架，反之就由內鐵吃下衝擊這就跟轎旅或SUV前後白鐵硬質保稈外掛別亂裝是一樣意思，原先好好的塑質保桿.,4.875,5.0
text_00964,text,網上的軟件資源非常豐富，這是我買它的最主要原因,6.222,4.889
text_00726,text,呵呵，真誠感謝您的再次再次點評，我們相信在您的關注下我們會努力越來越好！,6.1,5.0
text_00770,text,不過在人性化設置上要予以改善。,4.0,3.667
text_02309,text,福智臺南分苑長許啟春說明，一旦經典智慧深植於內心後，不僅能提升良好的待人處事能力，同時長養尊師敬道、孝悌感恩、自利利人的良善美德，成為奠基祥和世界的力量。,7.375,4.333
sentence_00877,sentence,道理不是盡在美國那邊,4.667,6.333
text_00319,text,舊引擎跟萬年4AT的油耗極限大概就在那裡這點你說的沒錯但同一時期的競爭車端出的牛肉可不是萬年4AT與那種油耗不談冷門競爭車就談一般認定的大宗競爭對手ColtPlus也是約莫06~07年上市，用的是CVTFit約07~08年上市，用的是5AT油耗自然勝過Yaris這就是他牌所端出的牛肉若撇開品牌光環Yaris在這點是沒啥競爭力的Yaris跟這些競爭車在同一時間點比拚卻要消費者去原諒他那萬年4AT所帶來的不佳油耗這是沒什麼道理的,3.444,6.0
sentence_01838,sentence,然後覺得越到後面越難看的感覺,3.0,5.667
sentence_01010,sentence,稱威廉出軌雜誌,4.333,5.0
sentence_02420,sentence,剛進去的時候全家呼天搶地地喊冤,2.5,8.5
sentence_01347,sentence,論專業根本就是外行啊,4.0,5.667
text_00432,text,這就是有潰縮和沒有潰縮的差別，也可以說是「內傷和外傷」的差別！,4.25,5.143
sentence_01166,sentence,造假於一身的黑中藥企業會不會走向它應有的末日,4.0,5.667
text_00606,text,我住的是特色大房，很好，以後去福州一定還來住這個。,6.889,5.556
sentence_01986,sentence,前瑞典駐華大使被指控擅自與中國中間人談判桂民海案,3.333,4.0
text_02205,text,英國當紅的重量級拳王喬雪2日大爆冷門，在紐約麥迪遜花園廣場被美國拳手小路易茲擊敗，而且是難堪的TKO。,4.0,5.889
sentence_02579,sentence,燕施恩走出醫院的那段話太揪心了,3.0,7.0
text_02676,text,總幹事黃鳳嫻表示，外傭仲介服務每年收到超過200宗投訴，是很持久的問題，業界應該有操守，亦期望勞工處加強執法。,3.444,4.667
sentence_00628,sentence,並不是因為生活太無趣太無聊,4.4,5.5
sentence_00588,sentence,但因為你的媽媽生病了,3.6,4.75
text_02345,text,筆身立體浮雕，畫面栩栩如生~提起施耐德，腦中出現的應該是電氣開關，但如果身邊有熟悉的德國友人，施耐德就是比較常見的書寫工具了。,5.286,3.25
sentence_02258,sentence,日常中的不尋常,4.667,3.0
text_00193,text,人類要實現生命的永恆就有超越死亡。,5.125,4.125
text_00575,text,地毯有點髒。,2.9,5.143
sentence_02165,sentence,變成至高無上的榮耀,7.333,4.667
sentence_00882,sentence,我認識的軍公教是都滿節儉的,6.0,3.667
text_02459,text,這是玩家tomatoanus在異塵餘生系列速通領域的一次挑戰，全程僅僅耗時28分鐘，並且達成了世界紀錄。,7.5,5.5
text_02348,text,生活於香港，急速的並不只有步伐，有時連說話時都會帶著一股不耐煩的心急語調，特別是面對親密的人，一刻的耐性也不願保留。,3.444,4.667
text_01370,text,前職棒球員一度不願證實，最後才證實「過去式了」，但對曾是球隊投手的棒壇明星涉嫌盜林，感到惋惜。,2.778,5.25
text_02541,text,喬治敦大學隱私和技術中心的一份新報告揭露了紐約員警局面部識別系統的廣泛濫用，包括影像改變和使用非可疑影像。,4.143,2.889
sentence_01240,sentence,老經理特別囑咐要款待的美國青年和他神祕的英國戀人,6.0,5.0
sentence_01527,sentence,除掌握中共軍權警權法權外,5.0,4.667
text_02231,text,日本作家、精神科醫師水島廣子指出，這樣的行為當然必須道歉，但是一本大眾雜誌竟然刊登這樣的報導，也凸顯了日本針對女性的年齡歧視問題。,3.667,5.111
sentence_00427,sentence,那拜託你選上總統之後,5.25,5.8
sentence_00196,sentence,從來都是那些如同中國共畜坑騙,2.0,6.333
sentence_00881,sentence,路過看到順手點讚喔,5.667,3.667
sentence_01025,sentence,可是臺灣人說這種話真的完全沒法不贊成,4.5,6.5
sentence_01524,sentence,退出共產黨網址,5.0,4.333
text_01115,text,化名「浩一」的25歲青年，花了3萬圓（約9900臺幣）向東京一家便利屋租了兩位女性朋友。,5.0,2.625
text_01173,text,沒長遠規畫，電玩很難列入體育項目網友「KHCR」、「Jacky」紛紛指出，南韓20年前即致力發展遊戲產業，2000年世界電玩大賽（WCG）後，更重金打造電競環境。,5.556,5.429
sentence_00542,sentence,那是我第一次跟他單獨會面的地方,5.0,3.333
text_02357,text,因此，有任何男性讀者覺得精進學習兩性相處的智慧很重要時，我就會覺得你好棒，心態上已經領先大部分男性囉！,6.5,4.625
text_01318,text,Garena官方表示，臺北暗殺星」在此次世界冠軍賽中優異的表現，一路過關斬將，讓全世界都能夠看見臺灣職業電競選手的努力及堅強實力。,6.444,5.889
text_02161,text,在日常生活中遇見一些貌似很蠢很不方便的設計，直到有一天偶然間明白設計師的用心之後，讓你豁然開朗，然後大呼過癮。,7.0,5.375
sentence_02113,sentence,不然自己無意識違心時或許已經來不及了,3.0,5.5
sentence_01989,sentence,我只是出乎你們意料的中二病青年,3.333,6.667
text_01474,text,今年跟往年一樣，他在年前陪媽媽去傳統市場買菜，每年這個時刻，看到菜市場攤販，在寒冬中用冰冷的水洗菜洗魚、整理年貨，心中都會有一種感動，每一個父母，每一個孩子，在準備年菜的時候，一定會想到自己最親愛的家人，都希望把最好的菜，最溫暖的關懷，奉獻給家人。,7.333,4.75
sentence_01598,sentence,嚮往大城市的繁華,6.0,5.667
text_02581,text,邪惡老鼠帝國不只將推出Disney+影音串流服務，現在又將取得另一串流服務Hulu的營運權，目前龍頭Netflix面臨的競爭壓力越來越大。,5.0,5.0
text_01888,text,釣魚臺若真成戰場，除了中日彼此敵意更加難解之外，日漸整合完成的東亞經濟圈更將蕩然無存，對於區域發展甚至全球經濟復甦皆是重傷害。,3.9,4.5
sentence_00432,sentence,我本來以為羽風薰是夢之?寶貴的碩果僅存的幾個直男,4.5,3.5
sentence_02168,sentence,之前路過時都人山人海,5.0,4.5
text_01610,text,因此，在中國不斷派遣海監船進入釣魚臺毗鄰區和周邊12海裏海域，而日本卻無法應對之後，美國決定通過派遣航母進入釣魚臺附近海域以及加強與菲律賓在南海的軍事合作等軍事部署強化措施來警告中國勿採取強硬反制措施。,4.6,4.286
text_01211,text,另外，想送給父親的女性高達四十四．三％，讓日本老爸難得能在男友面前揚眉吐氣。,6.375,5.5
text_02780,text,這部劇最終塵埃落定成了什麼樣子，咱們不要過於動怒，就當整個第八季都是前七季的同人影視作品，我們掛念的還是劇中的角色。,5.0,4.125
text_00881,text,鍵盤手感極好，打字噪音小。,6.667,4.444
sentence_01139,sentence,我過的怎樣還輪不上你插嘴,3.0,6.333
text_00678,text,試想一下，當夜已很深，你正準備入眠的時候,4.889,5.0
sentence_01928,sentence,更是無悔無怨的回饋報恩,8.25,5.0
text_00651,text,打電話預定，沒看到以前住過的朋友的評價才住進來的，入住的時候已經10點多了，結果還等了20分鐘才辦好checkin，勉強住了一天，第二天一早就退房了。,3.556,5.714
text_01514,text,師長昨天獲悉噩耗都感到訝異與不捨，但副市長蔡炳坤則質疑學校不夠積極，以至於悲劇發生。,2.857,5.571
text_00687,text,首先感謝您對我酒店風景和服務的肯定，酒店的水管會進一步的維護和保養，完善現有硬體設施,6.667,4.429
sentence_02183,sentence,與前次的鬆散組織不同,6.0,3.0
sentence_01884,sentence,所以幾千年都沒擺脫愚昧和被奴役,3.0,6.0
sentence_00908,sentence,會加深社會矛盾,3.0,5.0
sentence_00294,sentence,崇拜的其實是權力,3.8,6.25
sentence_00986,sentence,這幾年這廝一直不遺餘力地詆毀李文足,3.0,6.25
sentence_00188,sentence,講價值理念無效可以談經濟民生,4.25,4.75
sentence_00107,sentence,私召車司機徒步追逐將近1公里,4.5,6.667
sentence_02549,sentence,你一定認識一些勤勉持家的女性,6.0,4.333
text_00477,text,整天想護衛隊也不知道是無聊然後幻想的還是怎樣?,3.625,4.889
text_01953,text,聯合國工作人員：「阿富汗社會讓媽媽們覺得，她們不夠格來哺乳，然而母乳對小孩來說是黃金飲品。,3.889,3.75
sentence_01429,sentence,鄰居憂擾人安寧,3.0,5.75
text_00586,text,我們正對電梯，所以電梯停靠和人聲比較嘈雜。,4.0,3.667
sentence_00349,sentence,我拼命跟你道歉尋求解決方法,3.5,6.75
text_02822,text,zl01263軍用級矽膠皮面料，零重力新型合金架，電動帶USB~天貓此款待6月1日前300名到手價1699元包郵，直降好價，需要的值友可關注~,5.714,3.286
sentence_00699,sentence,還是會默默付出,6.0,3.5
sentence_00014,sentence,獲得89萬名考官的認可,6.667,4.667
text_00402,text,altis的天窗似乎問題不少，甚至有網友回報會漏水，所以我和樓主相反，當初就是不想要天窗，所以才選E款而不是G款至於16吋鋁圈，建議直接先換上16吋，原來的15吋再便宜賣掉就好不過16吋鋁圈只是好看並稍微增一點穩定性卻換來較高的音噪、較不舒適的乘坐感，也比較耗油所以，建議先仔細想想再做決定好些,4.0,4.375
sentence_02483,sentence,如果你們沃草連手機民調的弊端都看不出來,2.5,6.75
text_01600,text,每次單一批判的論調起舞，陷入了「無解又無感」的困境。,4.143,3.857
text_00922,text,1整體做工精細2白色的基本不會有手印的困擾，這是我選擇白色的主要原因3鍵盤的手感好；觸摸板的多點功能會有驚喜4電池續航能力確實很強，很滿意5cpu沒有想像的那麼差，日常文案工作和上網絕對夠用。,6.6,4.857
text_01647,text,於是勞保、健保的財政漏洞持續擴大，形成惡性循環。,3.333,5.286
text_01392,text,那沉重的心情，我相信很多家長也都曾感受。,3.111,4.0
sentence_00027,sentence,或許在我們該該叫的那晚復活的事情早就決定了吧,5.4,5.5
sentence_02197,sentence,返禮祭裡齋宮做的事真的很惹毛我又讓我毛骨悚然,2.667,7.667
sentence_00874,sentence,最艱難的期末考,3.667,6.0
sentence_02199,sentence,哀悼與團結的曲線,5.0,3.5
text_02715,text,當時這位前加州州長正在約翰尼斯堡山同會展中心與粉絲聊天，從錄影畫面中可以看到，他被踢中後背、向前踉蹌了好幾步。,3.556,5.625
text_00616,text,我是出差在瀋陽，本來我以前已經買過一個，這次的本本是幫朋友買的，比原來的性能和配置有所提高，但是價錢反倒降下來了，提高的地方主要有兩處：一、N270提高到N280，六芯鋰電的容量從4400毫安培提高到了5200毫安培，很值得購買，我用了兩個月，樣樣功能都很好！,7.0,4.857
sentence_02449,sentence,熱切期待盡早實施,6.5,6.4
text_00715,text,我朋友很生氣，說酒店服務員數數都數不清嗎？發生這樣的事，讓客人感覺到很不愉快，同時耽誤了客人結帳的時間。,2.875,6.714
sentence_01963,sentence,沒有人能感同身受,3.0,6.0
sentence_00226,sentence,就是有這麼多明明更無知卻又自大爆棚的人,2.5,5.6
text_01028,text,更有不少人表示「贏韓國就是爽」，指韓國人不作弊就輸了（編按：AZF日前有選手在比賽中觀看大螢幕，藉以知道對手位置）。,5.889,4.75
text_02657,text,信義房屋澄清，公司無舉辦任何抽獎活動，粉絲團遭到盜用，提醒消費者勿受騙上當，該假冒粉絲團盜用官方粉絲團大頭貼照片,4.0,4.333
sentence_02517,sentence,只是比起波瀾壯闊,4.333,4.333
text_02359,text,毛嘉慶在臉書發表示，統獨是中華民國到臺灣後，歷史與政治的弔詭，民選總統後，演變為各不同立場政黨謊言交錯的政治算計籌碼。,4.625,4.625
sentence_02539,sentence,也會來問一句都感到很窩心,7.0,4.667
text_02151,text,天貓荷灣生鮮專營店本款產品現售價19.8元，領取10元優惠券後實付9.8元包郵，價格實惠，酸爽下飯，脆嫩爽口，佐餐佳品，喜歡的值友不要錯過。,6.111,2.875
sentence_00499,sentence,所以到時候只是換人殖民罷了,3.5,5.333
sentence_00176,sentence,冷靜理智客觀分析事物,5.75,3.2
sentence_00238,sentence,內心罵了幾百遍還是默默坐下校稿子,4.667,4.0
text_02466,text,競委會至今收到3600宗投訴，當中約六成涉及合謀行為，其中涉及資訊科技和建築行業的投訴較多，期望裁決能警惕業界。,3.667,5.375
text_02693,text,最近開始跑步，覺的原本的小米圈鐵耳機pro的線越來越惱人，因此找了拍賣上最便宜的真無線藍芽耳機來試試。,4.667,5.625
sentence_00623,sentence,手扶梯固定站左邊,5.0,2.8
text_02435,text,要求政府採取更為嚴格的審查機制、呼籲企業秉持良心與社會責任拒絕販售，同時集結消費者力量拒買、拒吃，合力防堵基改入侵我們的生活。,6.571,6.125
sentence_01032,sentence,我是不是不該讓老師寂寞繼續去,4.0,5.5
text_02668,text,涉事男子得手後迅速逃離現場，職員事後報警，警方到場在附近一帶兜截及翻查閉路電視搜證，案件列作刑事毀壞，交由西區警區刑事調查隊跟進。,4.0,3.0
sentence_01142,sentence,只是做個適性測驗怎麼這麼難,4.25,6.5
sentence_00067,sentence,竟然還看得到有人說麥可貝當年把福克斯踢掉是正確的選擇,3.25,7.0
text_01760,text,伊朗歡迎黑格的態度，也和對美國前兩位防長的任命大相徑庭。,5.125,4.0
text_02029,text,信義居家服務部提供3大收納步驟，先將衣物分類，並善用空間收納，再來要注意取用便利性，依照使用頻率或按照顏色來放置，就能讓冬衣整理事半功倍。,6.286,4.333
sentence_00048,sentence,但這感覺真的有夠奇怪,4.0,5.667
text_02723,text,民建聯李慧瓊表示，不支援動議，她說對領袖提出不信任是十分莊嚴的事，但民主派未有審慎用權，動輒提出，回歸以來4任特首，全部曾被提出不信任動議。,4.0,4.857
text_00767,text,攜程定的酒店房間價格比較貴，我到北京後朋友說他定的價格比我便宜100元，而且還含早餐。,4.875,3.556
text_01053,text,鄰居擔心情緒激動的曾某會有失控舉動，趕緊報警。,4.0,5.625
text_01443,text,視國家主權尊嚴於無物，令人失望透頂。,2.222,5.857
text_02789,text,前幾天在刷即刻的時候發現了一個GitHub上的專案，該專案名為learnxinyminutes，這個名稱就很簡明扼要——y分鐘學習xxx，一看就很牛。,6.286,5.714
text_00416,text,被側風推或打到，大家多少都有經驗，與車身流線程度，車重，車高，輪寬，動力，避震器，方向盤智慧，重力回饋設定都有相關。,5.111,3.857
sentence_00447,sentence,這本身就代表著一份覺察力,7.0,5.0
sentence_02256,sentence,被角鬥士靈巧擋下來,5.0,4.5
sentence_01513,sentence,有些聊天真的是需要耐心,4.0,4.667
sentence_01510,sentence,大概就有人包圍官邸了,4.667,3.5
text_00349,text,大哥～～有空直接開過去吧.....明顯就是在拖時間～你確定你的維修更換沒時間限制？直接殺到他們營業所比較快～最好還是在他說高雄交車時！,3.571,5.571
sentence_00813,sentence,疑犯左手中槍後繼續駕車逃走,3.667,4.667
text_02424,text,政務司司長張建宗不評論報道，強調基本法保障法庭獨立審訊，不會受任何外來干涉，不過他指法官不應評論政治議題。,5.0,3.714
sentence_01035,sentence,我來日本以後從來不跟支那人交往,3.333,5.667
sentence_02171,sentence,上臺拿起麥克風高歌一曲,6.6,4.2
text_00738,text,賓館在小街道上，不大好找，但還好北京熱心同胞很多~賓館設施跟介紹的差不多，房間很小，確實挺小，但加上低價位因素，還是無超所值的；環境不錯，就在小衚衕內，安靜整潔，暖氣好足-_-。,6.444,4.714
sentence_01927,sentence,要我寫也會束手無策,3.667,3.333
sentence_01630,sentence,剷除邪教伊斯蘭,2.5,6.75
text_01052,text,蔡女覺得兩人個性和背景差異頗大，上月提出分手，但曾某不願意，軟硬兼施希望女友回心轉意，卻都沒有進展。,4.1,3.667
text_00210,text,小說更對女性在“法醫”這一“男性”職業之種種身心壓力、人際壓力、規則壓力的包圍下，如何堅定地維護正義、呵護親情和愛情，進行了細緻入微地表現。,6.0,4.625
sentence_00244,sentence,皇宮大院是越來越敏感了,4.5,5.0
sentence_01958,sentence,和煦的陽光透過落地窗灑落,7.0,4.0
text_00431,text,有些小毛病之完因為小弟之前在驗車場打工過大部份的2.2的車EGR;廢氣在尋環;引擎燈會亮這都很容易壞也糟糕!原場報價2棵小飛碟要10張小朋友XD反正技師建議還是不要換好了其他應該沒什麼大問題了請問小弟最近想自己更換發電機皮帶請問好換嗎?,4.1,4.143
sentence_00086,sentence,如果你還如此平靜,5.0,2.75
sentence_01913,sentence,以市場脅迫換取技術,3.0,4.667
text_00891,text,輕，薄，待機時間長，散熱好，外觀設計比較好看，鋁合金上面板還是很好看的，鍵盤手感也可以。,6.444,4.25
sentence_01252,sentence,那是陽光普照的季節,7.0,4.5
sentence_00833,sentence,那種酸葡萄的孬種就別浪費口水了,3.25,7.0
text_01380,text,去年2月1日，塞德港爆發足球暴動，當時地主隊擊敗勁旅開羅隊，導致雙方球迷持械鬥毆，一共造成74死的慘劇，還有上千人受傷。,2.625,3.857
text_00643,text,酒店背山面湖，地理位置優越，經營面積在當地算大，鬧中有靜，天然優勢比較明顯，看得出以往曾經有過一段輝煌的歷史，但不知什麼原因現在反而不捨得投入去做日常的維護和保養，各項設施比較破敗，服務人員也少，服務質素一般，房費偏高，但就其地理位置的優越性而言，好象可替代的酒店不多，鑑於其地段和自然環境的優越性，所以下次去還是會選擇入住。,5.6,4.667
text_02421,text,唯有在理解到我們任何人都有可能錯讀文學，成為思想畸形的加害者、性暴力的被害者、倖存者，我們才以可能能更用心活著。,6.143,5.125
text_01040,text,警方起出帳冊顯示，遭強收保護費的攤販超過20個，每月上繳18萬多元；警方說，攤販若哀求調降保護費，魏懷良的左右手張嘉模，就會帶10多名手下登門恐嚇「公司有一票人要養，不繳錢就別擺攤，我會叫垃圾車來拖走攤位！,3.111,6.0
sentence_00751,sentence,女政治家搞政治未必都是為了女權,5.5,6.0
text_02496,text,民建聯議員陳克勤認為，民主派不擇手段阻止會議，即使召開法委會亦無法運作，若成立專責委員會，可以參加的議員不多，未必可行。,4.0,3.25
sentence_00471,sentence,背信以及壓榨百姓之下,1.5,5.0
sentence_01616,sentence,我說你知道大淆我升級多少理性才只是無能狂怒不來物理的,4.667,5.667
text_00504,text,每天發類似的抱怨...不累嗎?,3.333,5.125
text_00121,text,身處其間的人，有歡笑，有眼淚，有快樂，有悲傷，有甜蜜，有心碎，可是應該是不會後悔的吧。,5.75,5.0
text_01330,text,如此，長期以來造成吳信達老師心理上的挫折與自卑。,3.0,5.143
text_01369,text,前職棒球員許文雄數年前因打假球遭開除，今天又被高雄市警方逮獲涉嫌盜伐珍貴牛樟木送辦，檢警及友人感到相當惋惜。,3.4,5.143
text_00280,text,改正錯誤，從現在做起。,5.375,4.0
text_01705,text,不過由於臺聯黨團堅持反對，因此並沒有達成協商共識。,3.5,4.667
text_00288,text,別跟政治人物一樣，為反對而反對，為何不說自己經驗而討論，只會發表自己喜好而討論，就像很多大大說的，不喜歡不屑，就別買就好了呀,3.5,6.222
sentence_01988,sentence,猜疑和地緣政治競爭的加劇,3.333,3.667
text_01426,text,叱吒科技界的微軟，其Windows作業系統、Office文書處理軟體、InternetExplorer網際網路瀏覽器、MSN通訊軟體等，自1985年起後的數10年，大家都對微軟及其產品相當熟悉，甚至是每天都要使用這些產品。,5.556,3.143
text_01508,text,玩笑歸玩笑，29歲的她對結婚確實有憧憬，「信仰也是一個令我轉變的契機吧！,6.5,5.111
sentence_00706,sentence,先生說你偶爾可以依賴我,5.0,3.5
text_02919,text,敘利亞內戰不斷，12日，敘利亞西北部城鎮al-Suqaylabiyah的一次炸彈襲擊，造成至少5名6至10歲的…閱讀全文敘利亞極端組織炸毀學校五無辜兒童身亡,1.9,7.5
text_01178,text,而若政府想協助遊戲產業的推動，網友「小豬Ted」則建議「先從減少代理韓國遊戲開始。,5.625,4.143
text_01766,text,看到各個候選人大家汲汲營營於競選大家都希望能當選但我好奇的是當選縣市首長或立委會比打魔獸三國還好玩嗎?,4.25,4.857
sentence_00851,sentence,包含怎麼應付一些有的沒的,4.333,3.5
text_01364,text,陳文禮說，陳父要求陳昱安外出工作，是一般父母對子女的期待，陳父50多歲了仍不辭勞苦工作，陳昱安卻無同理心，不知感恩圖報。,3.25,5.286
text_01133,text,小龍迎春、旋乾轉坤、平安歡喜、新春如意。,7.143,5.5
sentence_01117,sentence,這是完全被剝奪了人權,2.75,7.2
sentence_02150,sentence,機艙內散落著行李箱,4.5,1.0
sentence_01478,sentence,不斷的在心裡哭泣,3.0,5.0
sentence_02027,sentence,有優惠才敢叫尊榮,5.667,6.333
text_00396,text,請先準備200萬HONDA的引擎好~說真的沒開過~有機會真想試看看我想主要還是口袋深度才是決定一切吧NEWALTIS個人覺得還不錯~雙安四碟ABS動力足夠日常使用~保養也不錯~,6.125,6.0
sentence_02447,sentence,如果大陸用美國這套混帳制度,3.0,6.5
text_00430,text,這樣講就會有人說命只有一條要買就要多花點錢買安全的車如果有錢可以買好一點的進口車開起來操控好爽度又夠又拉風誰願意開國產車?,3.778,6.667
sentence_00311,sentence,我一句話不行要推翻重談,3.5,5.0
text_01873,text,呂：馬只想當中國人前副總統呂秀蓮致詞表示，四年多來，臺灣的錢外流三兆八千億元，造成失業越來越嚴重，現在連外資都跑掉了。,3.0,5.125
sentence_01577,sentence,傳統文化已經滅絕了,3.0,5.75
text_01412,text,國三生獲最佳青年發明獎現年十四歲的最小參展者、臺中居仁國中三年級學生林定宏，以「智慧型電風扇」獲頒最佳青年發明獎。,6.333,4.556
text_02944,text,多家科技巨擘承諾採取新行動，以剷除網路極端主義內容，不過，美國白宮今天表示不參與這項國際行動，但強調華府支援倡議目標。,4.8,4.167
text_02596,text,"對此，皇鋒智慧家居在今日發表了全新智慧音箱LUCIA，以北歐風彎月造型形打造，並結閤中華電信i寶貝智慧聲控服務，售價NT$7,990元。",5.111,2.222
sentence_01126,sentence,天天咒罵就能滅絕的,4.0,7.5
text_02412,text,其實這不是一個非黑即白的世界，所以我很難用潛規則和黑幕這樣的形容詞來表達一些現象，但是很願意寫一些令車主們費解卻又客觀存在的事實。,4.875,4.286
text_01683,text,改善形象即可化解，無疑是個大錯誤。,4.0,4.429
text_02461,text,他在一次訪問中透露，給老婆做飯的好處是，不管做什麼，她都說好吃，而自稱吃東西很刁的劉詩詩也盛讚老公手藝真的很好，顯然兩人很享受廚房裡的夫妻生活。,6.625,3.875
text_00592,text,位置還比較好找，交通、娛樂、購物都比較方便，服務一般化，進門都沒人理，房間太小了，隔音很差，早餐品種太少又不好吃，弄髒了一塊小毛巾又不是洗不掉就讓我陪10塊錢，房費已經預付了，結帳時只需要退我押金就好了，結果等了將近半個小時，前臺就一個人，對這個酒店很失望！,2.222,4.667
sentence_01834,sentence,昨天半夜唐突睡著所以沒有發,4.0,3.5
text_02846,text,在多項金融資料中，以廣義貨幣供應量表現較好，4月按年增加8.5%，符預期，比去年同期高0.2個百分點，反映流動性充裕。,6.375,3.875
sentence_01306,sentence,雖然我無視他的最後通牒,4.4,2.75
sentence_01215,sentence,整個官僚機制和國民內鬥的齒輪咬合咬合,3.5,6.0
text_01069,text,自開航以來，從內部員工安全教育、導入新科技作業系統，到落實航機維修、地勤作業及飛行操作，以確保飛安品質。,5.778,4.0
text_02175,text,微軟最近在Windows10中確認了一個新問題，具體表現在在安裝更新後嘗試執行系統還原時，某些裝置可能會發生BSOD，也就是藍屏崩潰。,3.667,4.556
text_00568,text,實在是庭院深深，適合有車的朋友住。,5.5,5.222
sentence_02089,sentence,美干涉中國內政損人害己,3.0,5.5
text_02776,text,卅九歲胡姓男子用鈍器猛擊六十五歲父親，再以水果刀刺殺父親廿多刀致死，父親陳屍家中客廳三天，因為屍體發臭，胡姓男子才搬運上車載到溪洲橋下放水流。,1.429,6.5
sentence_02541,sentence,有海納百川的雅量,8.5,4.4
sentence_01804,sentence,貴婦極致無瑕美肌,6.75,5.0
text_00115,text,看了確實有：“...讓我回憶最多的，卻不是人生旅途裏這些成功的瞬間，而是那些刻骨銘心的失敗或挫折...”它展示地是一個真實與真誠的人，一個真心與你分享如何才能成功，而不是一個天才的故事、打工的神仙。,6.0,5.571
sentence_01443,sentence,性格穩定寬容這些,6.6,4.5
text_01886,text,例如澳洲，雖讓開放美軍進駐藉以圍堵中國，卻也積極鼓勵澳洲社會學習包含中文在內的亞洲語言，期望藉此參與即將到來的亞洲盛世。,6.222,4.875
sentence_01120,sentence,已經快頂住高壓線塔了麼,4.5,4.0
sentence_01233,sentence,歡送臺華獎畢業生,6.6,5.5
text_02189,text,這項新專利已於上週二經過美國專利商標局的批准認可，專利描述中特意提到能夠允許使用者自由走動，不需要摘下頭戴裝置。,5.571,3.25
sentence_01069,sentence,是她的花招變更花俏,5.5,5.333
text_00979,text,一、最顯著的優點是電池使用時間長；二、配置比較齊全，藍牙、攝像必備的都有；三、做工還不錯，烤漆的也比較漂亮；四、小巧便攜，就一本雜誌大小，一般書包就能裝下；五、品牌還可以，網上的資料相對較全；六、一般情況下硬盤和風扇聲音還不算太大。,5.5,5.0
sentence_02555,sentence,建國你多擔待點,5.0,4.0
text_00466,text,誰友善，誰不友善大家都看得很清楚每次講到油電總是會有很奇怪的批評priusc沒開過不過個人經驗會覺得油電車力量不夠,3.125,5.875
text_02244,text,一個非常罕見的第一代iPod，原廠包裝甚至連保護膜都沒有撕開的完美品相，已經出現在eBay的拍賣頻道，要價19995美元，超過它釋出時價格399美元的50倍。,4.75,5.625
text_01313,text,昨天以三比一（五戰三勝賽制）打敗韓國AzubuFrost隊，拿下冠軍，贏得一百萬美元（約三千萬臺幣）獎金。,8.143,7.286
sentence_00675,sentence,人力是一種資源,5.333,4.333
sentence_00035,sentence,負面的樣子都能愛著我,6.0,4.0
sentence_01803,sentence,約束前奏一出來我感覺我的眼眶馬上就濕潤了,6.333,8.0
sentence_01749,sentence,俊美的像個妖孽,6.667,6.0
text_00856,text,儘管實際上沒有9.5小時，但是用上7個小時是沒問題的，完全可應付移動辦公，比EPC900的1.5小時提高了不少。,6.333,3.875
sentence_02036,sentence,因為憧憬的世界是現實,5.667,5.333
text_01945,text,他是一位偉大的國君，我們都尊敬並愛戴他。,6.571,5.556
text_00348,text,如題小弟國中時腳踏車曾被偷到現在買了人生的第一台車altis也還是有陰影週遭的親戚朋友都說我太誇張就只因為原廠的中控鎖個人認為這個沒用防君子)、原廠終級排檔鎖外小弟另外裝了鋼甲武士10代扣鎖、神眼傳訊鎖及車輪鎖若要開這台車總共要開5道鎖要開車是麻煩了點但是反之要偷這台車也要開5道鎖除非整台車拖走...請問各位大大都是如何保護愛車呢?,4.222,5.0
sentence_02362,sentence,跪成化石也沒用,3.5,4.75
text_01107,text,對華援助協會也對這一判決結果表示震驚和憤慨。,3.875,6.333
sentence_00484,sentence,可是說謊就不同,4.0,4.2
text_01274,text,其中李姓大學生態度挑釁，竟出拳毆傷對方，吳也遭另兩人反擊掛彩。,2.875,6.375
text_02493,text,就算別人說太瘋狂了，你也要勇於說出並面對狂野的夢想與抱負，這一點非常重要——很少有人在臨終時後悔努力追求夢想，但確實有很多人會後悔連試都沒試。,6.0,6.0
text_01154,text,通風報信，打遍天下無敵手，就連賽前曾和國際隊伍有過練習，接連打敗韓國和俄羅斯超強隊伍，奇蹟一再發生，也被拿來質疑。,3.889,5.0
text_00919,text,是LINUX系統相當及其噁心，不知道這狗日的是什麼想法要強行逼我們使用啊買了兩臺電腦一個事VISTA系統一個是LINUX就沒見一個XP的網上銷售這東西最重要的是打架儘量不要涉及到售後服務這塊儘量是都搞好了相安無事其實網上的售後服務比沒有售後服務還差勁,3.0,6.714
sentence_01569,sentence,心裡真是非常忐忑,3.2,5.8
sentence_01177,sentence,消耗的卡路里都白費了,3.6,5.2
text_00813,text,心中對這家酒店的感覺一下就十分不好。,3.375,5.167
sentence_01483,sentence,為歷史特級教師點贊,7.0,3.667
text_00502,text,唉往事不堪回首何必再提我就是那位幸運的civic車主啦不過就是有沒有後保險桿內鐵的差別罷了沒必要扯到品牌耐撞與否的問題civic是台跨時代的好車Altis的好,3.778,5.375
text_02495,text,被檢察官起訴，違反兒少性剝削防制條例的吳姓男子，不只喊冤還說，把寄養的孩子都當成自己的，不想傷害孩子。,3.75,5.143
sentence_02455,sentence,於是三重厚道就指著我說,5.0,6.0
text_02239,text,不光如此，戴爾還在XPS13的硬體基礎上做了更多的改進，比如說位置更合適的相機或是HDR螢幕，這些都為XPS132-in-1加分不少。,6.25,3.25
text_01545,text,民進黨立委吳宜臻表示，《家庭暴力防治法》在民國八十七年上路後，經歷多次修法，卻把保護對象侷限在同居關係，或一定親屬關係，導致目前許多交往中的情侶等，雖遭到對方的暴力威脅，卻沒有法律可以幫忙，她主張修法將未同居親密關係暴力，納入保護範圍。,4.875,6.0
sentence_01193,sentence,不一起慶生不代表我在你心中不重要,7.333,7.333
text_01266,text,「如果你做不到，求你行行好，上餐廳別再帶寶包，以免害別家乖寶貝再也去不了。,3.556,6.0
text_02150,text,高雄有一家牛肉麵老闆王士春，16歲喪母，就算事業版圖拓展到香港、中國，卻沒有機會對自己的媽媽表達孝心，於是在母親節這天，決定用一碗燉到軟嫩的牛肉麵聊表心意。,6.444,4.667
sentence_01635,sentence,腦子像觸電一般停頓了半分鐘,5.0,3.0
text_02448,text,身處反對婚姻平權核心，陳文珊挺同挺得很高調，但她強調，信仰不該只是個人和天父的關係，當心中有所持守的價值，就該在神的國度將真理進行到底。,5.714,4.429
sentence_02571,sentence,雖然他說這當消遣,4.4,4.75
sentence_00867,sentence,過敏體質人深有感觸,4.667,6.0
sentence_01948,sentence,可以令人窒息的緊張感,4.0,4.667
text_02057,text,在螢光幕前綻放光芒、在女權運動裡暢所欲言，但在現實生活中，這位Dior香水的靈感繆思其實出身自一個不完美家庭。,4.714,3.667
text_00284,text,經歷了，就會愛上這本書！,7.0,6.143
sentence_02384,sentence,而且我沒有精細度,4.5,2.5
sentence_00619,sentence,一致否決中國電信巨擘中國移動在美國的營運申請案,4.0,5.2
sentence_01930,sentence,將成為淡而無味的東西,4.0,2.333
text_02760,text,扁桃腺結石出產於人類的口腔裡，吐出捏碎一聞，卻是惡臭無比，患者常自覺喉嚨卡卡、有異物感，或是明明有刷牙，依然口臭惹人厭。,3.889,4.0
text_01093,text,朱男到廚房拿兩把菜刀，躲到二樓儲藏室，下午四點多，女友的十二歲小弟先回到家，朱男先用童軍繩勒他脖子，再持菜刀從頸部砍入，拖到浴室門口，讓他流血過多死亡。,3.625,5.0
sentence_02109,sentence,機敏遠在我等之上,6.75,6.0
sentence_00404,sentence,東西也吃不下吃不多但是又覺得餓煩惱啊,3.6,6.5
text_00314,text,還有，最不期望的就是這種比爛的砲火！,2.5,7.5
sentence_02520,sentence,不為浩瀚天宇的熠熠星輝而迷亂,6.5,3.5
text_01081,text,家庭不可碰觸的禁忌，憂心家庭經濟比率佔四九％，纔是親子間不可說的秘密。,4.125,4.556
text_00622,text,到了酒店，問司機接機費多少錢時，竟然告訴我是免費的！,7.0,5.75
text_00648,text,地點在市中心，出行方便，服務態度好。,6.375,4.625
sentence_00078,sentence,我倒希望你是仙人,5.0,6.0
text_02260,text,在正式釋出之後，國外知名評測頻道JerryRigEverything就放出了耐用性測試，讓我們一起來看看吧！,5.0,3.0
sentence_00005,sentence,但看完你的留言感覺超弱,3.667,5.667
text_01811,text,先是破壞立法院再破壞行政院，然後喊革命，暴動被鎮壓就喊員警打人反對暴力；啊自己用暴力時就覺得自己很對很理性，被公權力鎮壓就說政府是野蠻人，真是快笑死人了LOL，有哪個國家的革命家還會不要臉得喊員警打人的？沒有當場槍斃內亂罪現行犯已經是非常仁慈了，有看過悲慘世界2012版)的應該都知道，革命失敗的下場可是當場就槍決的。,3.125,7.0
text_01219,text,避免打草驚蛇，義工們連續兩次上門假裝向吳嫌買狗肉，取得吳嫌信任；義工昨天下午再度喬裝顧客上門，以每臺斤一百六十元購買十臺斤，交易過程全被義工側錄下來，另一組義工會同警方、雲林縣家畜疾病防治所趕到現場，當場人贓俱獲，吳嫌只好坦承屠狗。,3.889,5.0
text_02664,text,在努力工作多年以後，退休者理應有享受悠閒生活、社會保障的資格，和年長者優待福利等，然而這些特權根本彌補不了年長者大幅降低的社會地位。,3.429,4.875
sentence_00197,sentence,欺凌本國人民的腐朽政體,2.5,5.75
text_01862,text,陳院長指出，自由經濟示範區之規劃，係秉持自由經濟的觀點，以達成「參與區域經濟整合、「提升國家競爭力」與「釋放企業活力」等三大目標。,6.375,4.167
text_02667,text,六四事件30週年，親歷者還原天安門廣場上的歷史真相；美國偏遠地區人口流失，學校被迫關門；另外，饒舌歌手克裡斯·布朗逃避和起訴人對證，被指蔑視司法。,3.286,5.429
text_02875,text,高雄市長韓國瑜不滿美麗島電子報董事長吳子嘉指涉他有婚外情，還生私生女，今天到臺北地檢署控告吳子嘉誹謗罪。,3.556,5.111
text_02361,text,這些年來，網路上可取得資訊的數量和格式已經有了劇烈的改變，不論是影像、影音內容的大幅成長，或是增添了更多可透過擴增實境模式檢視的3D物件。,6.0,4.556
text_01151,text,所謂的禮貌指的是語言的表達讓人覺得舒服，它不但可以增加日常生活的愉快，還可以減少人與人的摩擦和暴力，如果一個人有禮貌，會激發旁人樂於助人的天性；反之，若一點家教也沒有，講起話來像是在命令人、無視於人，就會讓人感覺霸道、難以親近，人際關係當然會不好，當一個人的人際關係不好，做任何事情都不會順利。,5.143,3.875
sentence_00493,sentence,豈不知等到再繼續肆虐耍流氓,3.0,5.333
text_01379,text,埃及開羅法院26日判處21名涉及塞得港奪命球場騷亂的球迷死刑，引起極大迴響，讓死亡球迷的家屬感激落淚，但被判死刑被告的家屬及支持者則爆發暴動，造成最少32人死亡，約300人受傷。,2.875,4.857
text_01718,text,我很高興全美國都愛上第一夫人。,6.75,5.75
text_01792,text,面對台灣終究是中國的領土的問題這才是國民黨真正勝選的關鍵,5.25,5.0
sentence_00137,sentence,跑到安全地方逍遙快活了,5.667,4.667
text_01098,text,爺孫3人沒錢穿破舊衣，家電及傢俱都是撿來的，每日3餐仰賴濟助，陳翁一度想不開，哭喊「我不想活了」。,2.625,5.143
sentence_01689,sentence,這個人扮豬吃老虎情結很重,3.333,6.667
text_00906,text,重量也比想像中輕些，中等水準吧沒有什麼多餘的亂七八糟的東西，特別是音量調節鈕是按鍵的而不是觸摸式，觸摸式完全不實用,3.571,5.667
sentence_01457,sentence,都會被追究刑事責任,4.0,3.667
sentence_01439,sentence,是一種崇高的美德,7.25,5.667
sentence_01056,sentence,如果你真的英明神武,4.333,6.0
sentence_01417,sentence,總是曲解別人的意思,3.0,6.0
text_02406,text,那時候英國已經弄完了工業革命，可以生產很多產品，生產了很多東西，才發現還需要一個廣闊的市場，大清國顯然是一個理想之地。,5.889,2.143
text_02576,text,勇士在上一場以4比2勝出火箭，拓荒者則是以4比3險贏金塊，拓荒者與勇士的第1場西區決賽賽事可於15日早上8點30分在LINETODAY線上直播直接觀看。,5.5,3.9
sentence_01949,sentence,映照出我們壓抑的負面特質,4.0,4.333
text_01954,text,醫院裏的這些媽媽愁眉苦臉，她們好不容易懷胎10月生下的寶寶，輸在人生的起跑點上，每5個就會有1人死於營養不良；阿富汗兒童吃不飽，遠在南美洲的哥倫比亞，也有原住民兒童陷入悲慘童年。,2.2,6.0
text_02906,text,在全國識字率只有40%、嚴格控管市面流通書籍的阿富汗，印刷產業並不如一般人想像得艱困，反而正在急速成長。,6.0,4.333
text_01561,text,報導說，印尼國會司法委員會迴應，已經質詢安迪（AndiAzhar），這個月將作出決定，輕則警告，重則解職。,3.571,5.75
sentence_00277,sentence,我最常聽到支援同婚的異性戀的角度是,5.0,2.0
text_00894,text,全鍵盤帶數字鍵的顯卡足夠強大.,6.556,5.5
text_01987,text,但你們程式正義的定義，我是完全的不同意，sorry如果說我不同意太陽花就是不民主，那你們強迫我同意，又有多民主呢,3.375,6.429
sentence_00574,sentence,自嘆一生書裡活,4.0,4.0
sentence_01874,sentence,難道中國人的腳非得踩在陰森森的白骨上,3.0,7.25
text_00153,text,我想在她內心的最深處，愛的那個人依然是小浪。,4.143,4.0
sentence_02064,sentence,讓人得以無懼地向前走,6.5,5.5
sentence_00235,sentence,不論是辦報紙還是鬧革命,4.75,5.25
text_00747,text,最近我和幾個朋友自駕游去揚州，經朋友介紹住在新世紀，第一感覺停車場特別大，可以同時停放約300--400輛車.,5.444,4.625
text_02123,text,-中新網中國新聞網一年前，耶路撒冷陰雲密佈，美國遷館引發巴以血腥一日；一年後，中東海域戰雲籠罩，美國伊朗對抗加劇隔空喊話。,3.429,5.625
sentence_01027,sentence,感覺酒醉之後才是真話,5.0,4.667
sentence_02392,sentence,街上所有車子都很有耐性的等他們離開,6.0,5.0
sentence_02374,sentence,那麼這個王國就會永遠繁盛下去,7.0,5.25
text_01824,text,林義雄這輩子沒做過高官只有坐過國黨的黑牢他是台灣人受苦受難的象徵也是國黨永遠無法彌補的錯看到他就會想起228想起台灣人的悲哀也想起被國民黨屠殺以及關在鳥籠中的那份恥辱!今天林義雄再度站了出來也許有人認為他再胡鬧有人說你不能代表台灣2300萬人這都正確都OK!但誰想過他的苦?,3.375,7.0
text_00367,text,雞肋沒錯啊但有時有好過沒有有時遇到就是要用就知道他好用，至少RAV4遇到那種狀況你連第三排好不好坐都不用討論了而且樓主已經說他們一家四口了不曉得第三排好不好坐有啥討論的必要,4.0,5.667
sentence_00467,sentence,美國已經清楚的講說,5.0,4.0
text_02525,text,人生沒法假設，我沒法假設如果我吐的嚴重心情會怎樣，我只知道如何在自己現有的狀況下，儘可能保持樂觀態度，這是我希望在這裡分享的。,6.571,3.714
sentence_00315,sentence,日本秋田犬面臨滅絕,2.6,5.25
text_00560,text,商務間，說是給攜程的年終優惠，意外地滿意。,7.0,6.375
sentence_00080,sentence,歡迎報名學習更多技巧,6.75,4.25
text_00374,text,靠政府保護與善良勤奮的中產百姓來賺錢。,5.0,4.222
text_01917,text,關於南北韓關係，他表示：「我不會僅僅支持某一方，將會正視雙方的長處和短處。,5.333,4.75
text_00869,text,今天淩晨2點下的訂單，下午3點就收到了真是速度啊本來想先驗驗貨載載刷卡呵呵送貨員不讓但是可以理解回家打開一看都說分區表態現在果然是見識了給客服打了2個電話諮詢了一下備份和安裝驅動的問題客戶很好把郵件發到我郵箱裏了還有各種xp的驅動資訊和注意事項不錯不錯,7.0,5.429
text_00546,text,我選擇堅決不再去.,4.2,5.714
sentence_01294,sentence,結果丈母孃跑來干涉,3.6,5.5
sentence_01495,sentence,自以為是時代裡保持清醒並不懈吶喊的那部分群體,3.75,6.0
text_00026,text,正如書的名稱，三毛的這本早期作品不同於後期成熟後那個樂觀堅強的三毛，而是記錄了當三毛還是二毛時的經歷，心境，是她年少時那個愛做夢，有些神經質，傷感的雨季的縮影。,4.333,4.833
sentence_01004,sentence,蔡英文自己就是專制,3.5,7.0
text_02697,text,在肌肉正常反覆收縮、放鬆的過程中，有時會出現某些部位的肌肉再也不能放鬆、持續處於緊繃狀態，因此產生痙攣的情況。,4.625,4.8
text_01716,text,另外，歐巴馬展現自己愛家的一面。,5.778,4.125
sentence_00336,sentence,喧鬧的人都在流浪,4.0,3.6
sentence_01389,sentence,去年的我們舉班歡慶,7.0,6.25
sentence_02556,sentence,因點狀衣更顯腹部豐腴,4.0,5.0
text_00036,text,這本小書非常契合小孩子的心理特點，寫得、畫得都是妙趣橫生，因此小朋友的喜歡不言而喻！,6.667,6.857
sentence_01873,sentence,也成為她疲乏時候的喜樂,6.4,5.0
sentence_01894,sentence,第一次看著妳會心疼,3.333,6.0
sentence_01881,sentence,喉嚨的根部被不存在的硬塊堵塞,4.5,4.667
sentence_00590,sentence,當數千阿里客戶捲入賣假,4.0,4.0
sentence_01250,sentence,莫斯科製定作戰計劃,5.0,1.5
text_00041,text,書中64個例子，從不同的方面詮釋了“編程之美”，遊戲的樂趣，數字的魅力，數字的樂趣，結構之美，這樣的四個部分，最讓我感覺到印象深刻的是遊戲樂趣。,6.5,4.375
sentence_02076,sentence,風輕歌全身的肉都繃緊了,5.5,5.75
text_00939,text,螢幕大，和上面交待的解析度不一樣是1680*1050的，散熱不錯，電池續航能力不錯光是瀏覽網頁不玩大遊戲的情況下曾經用了4個小時還有百分之10的電量，贊一個。,5.889,4.571
text_00089,text,當在使用對身體有幫助的物品時，請相信它，感受他，感激它，身體會吸收的更好。,6.5,4.143
text_01943,text,柬埔寨國家電視臺當地時間早上6時發佈了柬政府公告，施亞努因自然原因於淩晨1時20分（北京時間2時20分）在中國北京醫院逝世。,3.333,4.667
text_00952,text,看似乎不是很平整，我的外殼是白色的非常漂亮，發熱可以忍受，在夏天放大腿上基本上是溫溫的而不是燙人的感覺.,5.5,4.0
text_02748,text,五月的風箏豬肉含量90%，肉感十足~天貓小豬呵呵旗艦店目前售價89元，15日0點開始活動價83.9元，摺合9.32元/罐。,5.5,3.25
text_00013,text,不過，很滿足，平淡才最真實~~,5.625,4.857
text_01395,text,大火伴隨濃煙，像魔爪揪住一家10口，感情好的一家人，即使女兒大多出嫁，還是常常回家陪伴父母，幫忙自家早餐店生意，還會在孃家小住。,5.222,4.0
sentence_01953,sentence,人越是得意的事情,5.25,4.2
text_02188,text,在耐性用測試視訊中，Pixel3a憑藉著過硬的做工通過了UP主ZackNelson嚴苛的測試，所以近期打算購買該機的使用者不用擔心是否耐用了。,5.833,3.667
text_00436,text,希望藉此文章來喚醒和泰高層的良心。,4.143,6.125
text_00333,text,請嚴肅的，認真的面對！,5.444,6.1
text_02130,text,RealmeX青春版殺入平價市場引發熱烈討論後沒幾天，聯想這邊也派出全新的Z6青春版到相同的價位段來征戰了。,5.375,3.778
sentence_00906,sentence,以上團體皆已破產,3.0,3.8
text_01624,text,他說對照「臺北車站拉紅龍事件」以及桃園社區拒絕外勞宿舍進駐，難道臺灣人心本惡，其實都是政府政策所導致。,3.556,5.286
sentence_02411,sentence,司法部扣留北韓貨船抵美屬薩摩亞,4.5,3.0
text_00875,text,我是3699購買的，呵呵。,5.625,4.571
text_02394,text,蔡司高品質鏡片，適合高度近視，鏡框任選~天貓祥和視界眼鏡專營店兩片售價1185元，值友可領取685元優惠券，享受到手價500元2片，喜歡的值友不要錯過。,6.111,4.111
text_00066,text,當初想買也是看了許多的好評後才下的單沒想到完全沒有別人說的那樣好.,3.444,5.571
text_01841,text,另外，中油、臺電去年度大幅虧損，績效獎金仍在經濟部審查中，繼中油以「借支」方式領走三個月獎金後，昨天臺電借支四十天獎金，臺糖借支一個月到一個半月也曝光，經濟部長施顏祥昨天表示，國營事業的績效獎金還沒有覈定，油電事業借支獎金的作法，應該要檢討。,3.889,5.571
sentence_01415,sentence,不知何處來的嫻雅端莊的大家閨秀,5.75,6.25
text_00368,text,也不喜歡Toyota的設計和調性...所以我並不覺得Toyota很強大!,3.375,5.75
text_02701,text,一輛載水泥的槽車，從臺中送貨到新竹，在下交流道的時候，發現煞車失靈，趕緊轉彎槽身翻覆，車頭脫離衝上分隔島，翻車瞬間今天曝光！,2.857,5.2
text_01958,text,由拖延時間，同意戶已經沒有耐性等下去，尤其是市府一直在欺騙同意戶。,2.889,5.625
sentence_01452,sentence,透明水凝膠質地,5.0,2.5
text_02772,text,報導說，下個星期也不會出現好訊息，因為4月份的貿易赤字可能進一步擴大，消費者信心可能下降，家庭消費可能不溫不火。,3.333,5.375
sentence_02400,sentence,奮發牛得心應手,6.667,6.333
text_00222,text,她長大，總能在合適的時候給所愛的女人最好的愛護，雖然很多時候他們並不能見面，甚至連話都說不上，但心底的那個角落永遠,4.714,3.875
sentence_01265,sentence,一旦中共霸佔臺灣,2.333,5.0
text_00365,text,我很喜歡老的206/306/505...只是我比較想開車，而不是跟修車廠的技師成為好朋友。,4.222,4.375
text_01511,text,而現在的她樂在工作中，會耐心等待理想的另一半出現。,6.667,3.667
text_02101,text,美國司法部長巴爾，出席國會參議院司法委員會聽證會，巴爾對特別調查官米勒完成的通俄調查報告，沒有就總統特朗普有否妨礙司法公正的問題作出結論，感到驚訝。,4.0,5.4
text_02125,text,通常大家在AppleMusic、QQ音樂、網易雲音樂聽歌時，往往會根據天氣、心情、場景、關鍵字等來選歌。,5.444,3.778
sentence_02022,sentence,這條瘋狗喪盡人味兒,2.667,4.667
sentence_02299,sentence,虞大大慰問五毛弟兄,5.667,4.0
sentence_00049,sentence,被同事說很會安慰人,6.6,4.4
text_01998,text,這種人還當英雄看?,3.25,6.375
sentence_01594,sentence,再準確的預警都於事無補,3.0,3.25
sentence_00468,sentence,讓蔡英文保有模糊空間,4.5,4.0
text_02156,text,當現代化的農具，播種機、收割機、插秧機、脫粒機們，從夢想來到現實，傳統的鐮刀與犁鏵便悄悄離場，彷彿是沒有獲得掌聲的演員落寞而去。,4.375,2.625
sentence_01259,sentence,為能捐獻高質量,6.0,4.0
text_00665,text,感謝您對金城大酒店的支持！,6.5,5.286
text_00596,text,空調的溫度調節器很糟糕，搞懂該怎麼調會費你許多時間，不信可以去試試，哈哈哈哈哈哈。,3.556,5.111
text_01553,text,印尼東雅加達一名11歲女童日前疑似遭到師長與同學性侵，經送醫後不治身亡，加上接連傳出少女遭強姦的案件，引發印尼民間團體呼籲對強暴犯判處死刑的聲浪。,2.625,7.0
text_00617,text,此酒店簡直就是糟糕！,2.375,6.875
text_00116,text,挑戰自己細心和耐性的好助手！,7.0,4.0
text_02832,text,康文署總康樂事務經理柯慧兒表示，學界對此計劃反應熱烈，參加的學校由最初三百多間，增至今年逾八百八十間。,6.1,5.875
text_00034,text,這是我多年看書的體會。,5.667,4.0
sentence_01081,sentence,普選給予人民選擇的基本權利,7.0,5.25
text_02068,text,律師又強調，申請人不能將個人對婚姻的認知強加於政府和社會大眾上，政府有酌情權決定是否在法律上承認同性伴侶關係。,5.4,3.167
text_00626,text,酒店外表及大堂看上去挺好的，本來對它也挺有信心的，而且就在市中心，出行挺方便的，可是從進電梯開始就比較惡夢了，那電梯一點都不像是酒店的電梯，而且從電梯到房間都是一股濃濃的很難聞的味道，很噁心，我訂的是標間，設施陳舊又簡陋，實在不敢恭維，還說是三星，我覺得它只比招待所好一點點而且，248的收費簡直是太過分了,3.0,6.333
text_00455,text,Toyota剛好相反，第一批一定用料最好，後來才會慢慢Costdown。,4.875,4.0
text_02300,text,我認為，我們之所以變得如此冷漠無情，最大原因並不在於大家經常掛在嘴上的家庭解體、個人主義化，而是受到源自排他性家庭主義的歧視與嫌惡所影響。,3.75,4.556
sentence_01800,sentence,這也包含坦白承認,5.5,5.333
sentence_00848,sentence,這衹是權宜之計,4.5,5.5
sentence_00255,sentence,到西方極樂世界逍遙一世,6.5,4.5
text_00460,text,camry本來就是同級車得標竿，在這級距本來他的對手就只有他自己，說哪台車好哪台車不好，說實在的~~只有銷售數字不會騙人產品好沒道理賣不出去，東西賣不出去不去找原因反而在這邊取笑別人，我是覺的很可憐啦~~ACCORD跟Ecoboost為何不75萬起跳，回饋消費者也好阿，有人買才有機會淘汰大家口中爛產品，不願在價格上做讓步，只想請些人在網路上打嘴炮~~怪不得東西賣不出去,3.25,6.667
text_00508,text,殊不知路邊伸手乞討的，有可能是開大賓士呢...至於反駁您的論點，也是您提出的論點實在過於荒繆路上常見到的車，只不過是符合大多數人購車的需求省油，妥善率高，並非啥安全性非常好的車款尤其是偷過安全配備的車款，而小弟的目前的所開的爛車，等級也只比國產的Camry再高一點而已不是多好的車子所以就不拿出來說嘴了,3.375,6.0
sentence_01748,sentence,應該適時的放下了,5.0,4.5
text_00399,text,一個車廠把安全配配省成這樣，還有人客要捧場?,2.5,6.167
sentence_01995,sentence,導致政府蒙受14億8000萬令吉,3.0,5.0
text_01677,text,他並另在臉書上說「攤很多，電話更多，無法一一迴應，特此說明：阿童問政有所本，不受威脅！,5.444,5.75
text_02265,text,來自印度電信管理局的資料顯示，印度平均每GB流量的單價為10.52盧比，約合人民幣1.05元，他情不自禁直呼太便宜了。,6.556,6.222
sentence_01268,sentence,而不是伸手要福利,3.5,5.5
sentence_01812,sentence,文貴沒吹出幾十億幾百億已經舊嘴上留情了,5.25,4.75
sentence_00995,sentence,這回貿易戰會犧牲很多無辜者,3.0,5.2
text_02591,text,負責主持過去兩次會議的民主黨塗謹申表明反對，堅持下午開會，討論內會指引及舉行選舉主席程式，要求委員會各委員準時出席。,5.0,2.778
text_01584,text,中油擴張解釋規定，還說中油只是申報填寫時「偷懶」沒寫清楚，所以審覈時依「事實認定」，照給最高上限的績效獎金。,3.889,5.333
text_00914,text,總之一句話，適合自己就好！,5.889,4.857
text_01251,text,嚴重憂鬱症、被害妄想症、腦心血管病變等四項重症，隨時對生命有重大威脅，這正是長期關在北監所造成，法務部居然說陳水扁不符合保外就醫條件！,3.222,6.429
sentence_01386,sentence,他們是純真的反叛,5.5,5.0
text_01007,text,靜音，音箱效果還行，512M的獨顯,6.0,4.444
sentence_01942,sentence,重複著一樣的離奇曲折,4.667,3.667
text_02517,text,卡通帆布包，土酷嘻哈~淘寶精選當前售價35元，現可領取5元優惠券，實付到手價格30元，2款可選，趣味可愛。,5.571,3.875
sentence_01877,sentence,鬥志還沒有消失,6.5,6.5
text_00173,text,法蘭克福書展十四日閉幕，中國流亡異議作家廖亦武獲頒德國書商和平獎（GermanBookTradePeacePrize），繼日昨公開批評剛獲頒諾貝爾文學獎的中國作家莫言是「國家詩人」後，廖亦武在領獎時更痛批北京領導階層，形容中國是「滅絕人性的血色帝國」。,3.0,7.143
sentence_00862,sentence,頭髮會不停地自動長長,6.0,4.333
sentence_00288,sentence,而不是說久押不決合法,3.667,5.333
text_02281,text,畢竟是自己選擇的路，走得不順、走得顛簸，也就是自己的責任，再也無法任性地說──做這些事情又不是我樂意的。,4.5,5.571
text_00202,text,好久沒看到，如此精彩的書了。,7.556,6.857
text_01203,text,臺灣ＴＰＡ打敗韓國ＡＺＦ，再度引發國人愛國情操，ＰＴＴ網友barucher開心地說，「今天纔是真正的國慶日，韓國人回星海挖礦吧！,7.222,6.833
sentence_00687,sentence,一款有魅力的新茶,6.333,6.0
sentence_00581,sentence,有時候我理解有些人他們會反感,5.667,4.667
text_02641,text,但在這勝利的幻象面前脆弱的人類生命將成為唯一的障礙，那些不能被消滅的生理需求拖累了利潤引擎前進的速度。,3.5,5.0
sentence_02278,sentence,當精神緊迫到一個程度,4.0,7.333
text_01167,text,臺灣電競環境還未成熟盼政府協助MiSTakE也表示，自己從來沒懷疑自己選的路是否正確，或後悔走上電競路，只懷疑自己是否盡了全力，對於想踏入電競道路的玩家，MiSTakE說，臺灣的電競環境還未成熟，自己需先做好生涯規劃，兼顧自己生活，再儘可能去闖、去追夢。,5.444,3.5
sentence_00582,sentence,是上者制定給下者遵守,5.0,4.0
sentence_00583,sentence,自己卻毫不在意,4.5,4.5
text_00566,text,本人住的是主樓28204房，客房服務人員和前臺小姐、門童的態度都十分好。,6.667,4.857
sentence_00543,sentence,肉身在國的你雖能深度解析卻難以盡情評論習及習團隊,3.5,5.5
text_02289,text,北京時間5月27日訊息，據國外媒體報道，我們的大腦非常發達，現已進化至可以構建人造大腦的程度，通過人造大腦有助於科學家更深入地分析人類大腦。,6.143,5.429
text_02155,text,翻譯棒的選擇五花八門，先前我們已經針對市面上最貴的翻譯棒、最便宜的翻譯棒以及一般人只要有手機就可以用的免費翻譯方案三種方案，比較在日文上面各種方案的不同。,5.0,1.6
sentence_01152,sentence,並且像他自己一樣狂熱和棘手納粹,3.667,5.333
text_02326,text,近日，一則辦理去美國的簽證時，居然要上報自己的QQ和微博賬號給美國政府審查的訊息在網路上熱傳，並引起了一些中國網民的擔心，是不是以後不能隨便批評美國了。,3.167,5.833
text_02358,text,一名患銀屑病多年的31歲姓陳青年，昨日在大埔富亨?寓所墮斃，遺書透露自己不堪病魔折磨，加上財困而選擇走上絕路。,2.625,4.333
text_01720,text,之後，歐巴馬感謝了他的競選團隊，「你們是史上最棒的，有些人從4年前參與競選，你們在這一刻創造歷史。,6.875,6.0
sentence_01361,sentence,他們之所以囂張跋扈,3.4,5.0
sentence_01992,sentence,醫生夫婦從她生產前後就存在疏忽,3.0,5.25
text_02238,text,在本屆Computex上Dell給出了答案，新發布的XPS132-in-1堪稱是品牌現有最漂亮的筆記本之一。,7.0,4.0
sentence_00477,sentence,但人口數則相反,3.5,5.5
text_02409,text,5月5日上午訊息，天眼查資料顯示，4月29日，優酷資訊科技有限公司發生多項變更，法定代表人由阿裡音樂CEO楊偉東變更為阿裡大文娛新媒體業務總裁朱順炎。,5.0,3.5
sentence_01707,sentence,曾盼其能悔悟反省,5.333,4.333
sentence_01179,sentence,虔誠無比的禱告無限,6.667,2.333
text_00988,text,有外接顯示屏的介面，SD插槽對我來說很有用。,5.875,4.0
text_01838,text,國營事業有盈餘纔可以領績效獎金，這纔是公平的。,4.75,5.167
sentence_02542,sentence,霸權背後的悲憫與施捨,3.0,4.5
sentence_02321,sentence,我給香港特首老同事的一句勸告,4.667,4.333
text_01072,text,國民水準愈來愈高，人家覺得我們有這條件，護照沒有去騙人，簽證被拒絕的比例從過去超過三％，已經降到了一.九％。,6.667,5.625
sentence_00415,sentence,窩老也事仇女分子,3.6,6.0
sentence_00774,sentence,緋聞總能佔據微博熱搜版,3.6,5.75
sentence_00930,sentence,你暗中勾結郭妖遲早會曝光的,2.5,5.8
sentence_01911,sentence,換取平淡的安穩,6.5,3.4
text_01001,text,遠不如以前的IBM，現在做工差，模棱角及邊緣有明顯的劃手，其次就是如細微觀察，就是兩個筆記（我買了兩個）質量有明顯區別，上次買個lenovoy430高配置，有問題，還退掉了，商品有問題，反正就是湊合吧！,4.0,5.667
sentence_02077,sentence,而是畸形的經濟結構,3.0,4.6
text_00063,text,迫不及待地打開來欣賞，果然是期望中的繁體版，更加興奮。,6.625,6.667
text_02411,text,本文要指出，林岱樺版大致合憲、符合公投甚至合乎同志的利益、立場及處境──雖然提案者的主觀意圖重點不在此。,5.222,3.111
sentence_02381,sentence,手錶批發一件代發,5.0,3.0
text_01082,text,高達八二％家長希望單親孩子要更懂事，但僅五一％子女感受到父母的這份期待。,4.25,5.667
text_02488,text,醫管局亦歡迎醫委會的決定，又稱本週內會向醫委會遞交5名非本地培訓醫生的有限度執業申請，另有14位合資格申請者已經通過面試認為適合聘用。,6.375,3.75
text_00691,text,太小了，對於大塊頭的客人來說有點緊張。,3.571,5.111
text_01879,text,同意的朋友請來留言報到一下。,5.222,3.875
text_01804,text,文章向美方喊話，指釣魚臺問題事關中國主權，美國必須充分認識到這一問題的高度敏感性，從地區和平穩定大局出發，謹言慎行，不要介入釣魚臺主權問題，不要做任何可能激化矛盾和令局勢更加複雜的事情。,5.0,6.0
sentence_01508,sentence,本來清國也能從中獲利,4.333,3.667
text_02835,text,巨集達電近年在智慧手機市場競爭節節敗退，連續3年大虧5個股本，受惠去年出售Pixel團隊給Go巨集達電連3年股利掛零後，今年終於可以發股利了！,7.167,6.2
text_02277,text,大眾對於紅葡萄酒是否真能延年益壽，仍保有強烈的科學興趣，不幸的是，支援紅酒對健康有益的論點可能褒貶不一。,4.833,3.0
text_02520,text,實際上如果你能夠好好傾聽，孩子們微弱或者強烈的心聲和懇求裡，包含了許多意思，他們想說的有很多，只是，你聽不懂。,3.75,4.3
text_00771,text,感謝您入住世紀大飯店和給我們提出的寶貴改進意見。,5.667,4.111
sentence_02346,sentence,騎上健壯的俊馬,6.667,4.0
text_01631,text,崇拜他學習他只會毀掉全世界甚至是你以後美好的人生啦幹就算家庭問題再嚴重也是有能可以幫你.,3.778,6.222
sentence_00871,sentence,不論我怎麼期盼,4.0,4.5
sentence_02340,sentence,今年年初移植後復發,3.0,4.2
sentence_02105,sentence,小英不關注下潮流是會落伍的呀,4.0,6.5
text_02605,text,中國被指在新疆大規模關押和監控維吾爾人，聯合國一個人權小組報告更指，有高達一百萬維吾爾人可能被非法關押。,2.7,5.444
text_02849,text,世新大學副校長遊梓翔也罕見批評表示，夢想沒有極限可以同意，但夢想少了深思熟慮和執行方案就是空想，再來帶來的就是譏笑了。,4.444,5.0
text_02666,text,護理師張淑蘭看見蘭嶼達悟族人在傳統文化下的醫療照護需求，開創雅布書卡嫩居家護理所，提供安寧緩和醫療和慢性病照護工作。,6.889,3.75
text_01859,text,對於國營事業工會的強烈反彈，國民黨團幹部私下表示，這是經過立法院長、各黨團黨鞭協商所作出的決議，「不可能再變了！,4.0,5.625
text_00641,text,房間地毯非常髒；窗戶隔音非常差，外面就是馬路，只要有車就很吵；衛生間掛毛巾的地方都沒有，除非臺板下麵；沒有免費的飲用水；總檯的服務很差，好像是你欠她的。,2.5,6.571
text_02848,text,當貨船其後停泊在屯門內河碼頭以東海面時，有船員發現船上一名姓邱男工人不知所終，遍尋不獲，懷疑他墮海，慌忙報警求助。,2.5,5.667
text_02963,text,AMD的7nm產品矩陣已經蔚然成形，雖然Intel仍舊慢半拍，但NVIDIA方面似乎不願再被動挨打了。,5.333,3.143
sentence_00234,sentence,主宰美麗的是心情,6.6,4.0
sentence_00305,sentence,可惜經濟實在太沒存在感,3.667,3.667
sentence_01118,sentence,也不會惡言相向,6.0,4.0
sentence_00889,sentence,從我眼前除掉你們的惡行,5.0,6.333
text_00614,text,服務生很周到，攜程和酒店的合作應該很好，有水果送，又可以免費洗燙2件衣服，而且速度很快，我們去的時候有人開會，估計佔了很多房間，沒有相應的房間了，酒店免費給我們升級，入住商務房。,7.0,5.556
text_01871,text,她呼籲一月十三站出來，告訴無能政府，趕快召開「國是會議」。,3.889,4.571
sentence_01817,sentence,成了肥沃的土壤,6.333,5.0
sentence_00092,sentence,每一筆自己都非常嫌惡,2.5,7.0
text_02518,text,接著往下看——二技能小拳拳作為輸出技能，自然首先看傷害，打擊5次，每次12%的物理傷害，算是不錯的傷害技能，雖然6秒CD讓他的實用性有所降低……可是！,5.429,7.0
sentence_02379,sentence,唔理個塔大技緊要,5.0,4.0
sentence_02081,sentence,堅心信靠恆久靠主,6.667,5.667
text_00133,text,故事也夠味，想表達的意思也很清晰。,6.5,3.714
sentence_02222,sentence,這麼激烈肉質一定很鮮美,7.0,6.0
sentence_01575,sentence,取得了顯著的生態,6.75,3.0
sentence_00114,sentence,習武之人苦練十年,5.667,2.0
text_01723,text,軍人們很高興能有人保護他們的國家與經濟。,6.25,4.625
sentence_00414,sentence,00向所有的母親們致以衷心的問候,7.0,6.0
text_00286,text,在小林老師心裏，每一個孩子都是天真的，每一個孩子都是善良的，每一個孩子都有自由享受生活樂趣的權利，但我們現今的教育環境卻很難給予孩子他們真正需要的~~~悲哀~,2.889,5.444
text_00736,text,本人已在該酒店經歷了多次可怕的預訂過程，攜程的協調能力始終使客人深感失望,3.0,5.375
text_02428,text,Zotac將於近日開展的Computex，正式推出GAMINGGeForceGTX1650窄版顯示卡，造福機殼空間受限的玩家。,6.5,4.5
sentence_01315,sentence,與那些寫快餐網文出名的所謂少年作家相比,4.0,7.0
text_02847,text,曼聯今季表現差勁，不少人歸咎於領隊摩奴，但剛宣佈離隊的安達靴里拉則認為責任在於一眾球員而非主帥，又指對方已為球隊盡一切努力。,4.333,4.778
sentence_02207,sentence,也恐將掐斷他們最珍視的,3.0,7.0
text_00320,text,我是2010年3月購入的，近一個月我的車也開始發現有冷氣開啟異味（酸味）問題，看來這問題並不是個案，和泰應該重視並給消費者一個滿意的說明和提出積極有效的解決方式，而不是任由保養廠以一些無效作法暫時安撫消費者，如無持續善意解決，恐又要演成集體消費糾紛事件了，相信亦非和泰公司所樂見。,3.0,5.833
text_00960,text,散熱很好，開機一天，感覺不到什麼熱量，同事的惠普已經在燙手了螢幕上網有個小燈，晚上關燈使用電腦的時候，感覺很好小黑運行很穩定，沒出過什麼問題買了一個月了，沒有出現過任何問題，還是相當滿意的京東的送貨速度比以前快多了，週一下單，週三到，好像是京東自己的送貨員呢，這一點很好,7.1,5.889
text_01335,text,明道大學吳信達助理教授參加2012iENA紐倫堡國際發明展，以「超輕型質子交換膜燃料電池」榮獲銀牌獎殊榮；今年並在儲能技術發展榮獲「第十五屆莫斯科阿基米德發明展銀牌-銀牌獎」。,6.889,5.857
text_00884,text,筆記本整體散熱極好。,6.375,5.167
text_02339,text,首先它具備卓越的耐用性，不僅獲得了IP68防水防塵等級和MIL-STD-810F認證，而且能夠在零下10度的環境下正常工作。,6.5,5.0
text_01475,text,總統希望，在這1年中最特別的時刻，每一個家庭，都有溫暖的團聚；讓親人的愛和溫暖，帶來最深的祝福。,6.75,4.833
text_01019,text,辦法挑剔了，而且還三年保，幫人幫到底,5.4,4.625
sentence_00290,sentence,另一方面也看到在中共統治下中國人民的愚昧無知,3.4,5.2
sentence_01426,sentence,不去看看論持久戰,4.5,5.0
sentence_01849,sentence,祂復活是祂勝過世界的一切抵擋,6.75,5.0
sentence_02538,sentence,老了少了睪固酮就少了衝勁,4.333,4.333
sentence_00828,sentence,九州伴手禮推薦,5.6,4.0
text_01741,text,不是只有你們會無視於法治民主，而是你們用壓迫別人的方式讓人就範.,2.556,5.714
text_01621,text,TIWA專員許家雋指出，臺灣今年1整年有許多歧視外勞的事件，包括行政院增加外勞引進配額，製造更多便宜但血汗的奴工；解決外籍看護工休假問題的《家事服務法》，遭到行政院冷凍多時；臺北車站9月間在大廳拉起「紅龍」，阻止外勞聚集。,3.778,6.0
sentence_00731,sentence,常常看到許多人把自己和伴侶的性生活,4.667,5.333
sentence_01337,sentence,共產黨壟斷了一切,2.667,6.5
text_00383,text,依照你的停車照片看來，加上你又強調沒有逆向停車，所以你被撞擊點應該是在牆壁這邊，既然是牆壁這邊，理應遭撞擊應該是另一邊才對，怎麼會是牆壁這一邊，在怎樣都不可能會有這樣的撞擊才對樓主是否形容錯誤,3.857,5.429
sentence_00157,sentence,聽出她話語的失落,3.6,4.6
sentence_02578,sentence,伊斯蘭看看這牌坊立的多麼貞潔,6.0,5.0
text_00386,text,其實，大蟒也並非這麼完美，還是有很多缺點的！,4.333,4.375
text_00526,text,請注意且小心的操控它！,5.125,5.556
text_00585,text,房間：大小一般，被褥比較乾淨，離馬路有點遠，晚上比較安靜。,6.333,4.333
sentence_01435,sentence,都立刻歸榮耀給神和他人,6.4,5.0
sentence_00151,sentence,V力讓聲音不出現異常,6.333,3.667
text_01753,text,挑選黑格領導五角大廈，是歐巴馬對伊朗政策軟化的第一步。,5.125,4.571
sentence_00669,sentence,怎麼這麼不懂事,3.0,7.0
text_00000,text,和親公主的皖雅，也逃脫不了所謂“貢物”的命運，絢爛一時的愛情，到頭來終究抵不上江山一角。,3.889,4.625
sentence_02152,sentence,女同性戀雙性戀異性戀異性戀戀童癖獸性,5.0,2.4
text_02879,text,去年包正豪聽山友提到苗栗南莊向天湖有一架著名的陸軍觀測機殘骸，也順道憑弔罹難的觀測中隊副隊長劉傳集少校。,4.0,3.143
sentence_00955,sentence,小龍蝦養殖基地夢破滅,3.0,6.25
sentence_02148,sentence,傳雙方僵持不下一問題,4.0,6.333
sentence_01223,sentence,原來我有受虐的傾向嘛,4.75,6.75
text_02652,text,遙遙領先的Chrome也控制了標準的制定，主要瀏覽器如Opera和Edge現在都切換到Google維護的開源專案Chromium。,5.286,3.571
sentence_02574,sentence,的推總會有莫名的喜感,7.0,6.0
sentence_01721,sentence,不過叫你心裡留神,5.0,6.0
text_02894,text,一名家住新北市的74歲洪姓老翁，流落高雄街頭，三天未進食，直到體力不支雙眼發直，兩頰凹陷神情悲涼，坐在新興警分局中山路派出所前，被員警發現,2.889,4.0
text_02088,text,雖然測試版由於沒有進行具體優化而導致效能不佳，但從畫面視覺效果上來看還是很不錯的，即便是在4K解析度下，畫面仍然保持著柔和的態勢。,6.222,2.9
text_01680,text,《新新聞》的調查使人想到今年九月，《天下》雜誌所做的「二○一二縣市長滿意度調查」，雖然名次有些小異，但大方向無差，在前面的是臺南市賴清德、宜蘭縣林聰賢、苗栗縣劉政鴻、嘉義縣張花冠，至於藍營的天王新北市朱立倫、臺中市胡志強、臺北市郝龍斌，已連續兩年分居第十九名到第二十一名，只比吊車尾的基隆市張通榮好一點點而已。,4.222,5.286
text_00676,text,~~~~~~總之跟服務檯說什麼他們都不答應，都不能得到解決。,3.111,6.625
text_02918,text,一名住在美國明尼蘇達州的女子，前年在住家外面被員警誤殺，家屬與警方經過2年官司纏訟，以2000萬美元，摺合臺幣6.23億天價的金額和解。,4.125,4.857
sentence_00052,sentence,普通的生活真的很珍貴的,6.333,5.0
text_00247,text,希望我能夠永遠有童心，永遠在夢神奧列傘的世界裏遨遊！,6.5,5.714
sentence_01677,sentence,他在貿易戰中表現漏洞百出,3.0,3.6
text_02018,text,談錢傷感情，在日常生活中，大多數人避免談論金錢，對你來說關於金錢問題是否也抱著負面、甚至是逃避的心態？,4.0,3.286
text_01015,text,顯示效果好，很白很透亮。,6.625,4.5
text_00033,text,一個人真正不想孤獨和寂寞，只有多讀書多學習。,5.429,5.429
text_02540,text,近日，一起美國知名高校招生舞弊的醜聞爆出，揭露了幾十位美國明星和眾多華人富豪家庭向中間人支付?額，以獲得子女入學名校的資格。,3.111,6.143
text_02388,text,梅小芳順滑面料，簡約舒爽~天貓商城報價178元，使用40元優惠券後實付138元，近期好價，感興趣的值友不要錯過哦。,5.857,3.571
sentence_00646,sentence,高價醫材是另一件事情,5.0,5.0
text_00199,text,從書裏，改變了我的許多想法，也是我對自己的一些育兒思想得到的肯定。,6.222,5.5
text_02910,text,當蘋果決定打造業內最最佳的專業級顯示器時，就意味著ProDisplayXDR的售價會超出許多人的接受能力。,4.375,3.0
text_00685,text,真誠的希望您下次再到我酒店來，感受一下我們酒店的其他房間，如健康單間，商務標間，豪單，豪標等.,5.889,4.2
text_00263,text,看到兒子高興，我也很開心。,6.25,5.5
text_01477,text,英雄聯盟LeagueofLegends，LOL)第2季世界冠軍賽今天在美國洛杉磯舉行，由來自臺灣的隊伍「臺北暗殺星TPA)」奪冠，贏得遊戲史上最高100萬美元的獎金。,7.0,4.0
sentence_00418,sentence,回去奔波辦完遇難親人的喪事,3.333,4.0
text_02007,text,亞洲即時互動媒體龍頭17Media自2015年7月成立以來，在亞洲交出亮眼成績單，憑藉深厚的即時互動技術底蘊，致力提供使用者最佳體驗、流暢不中斷的直播內容。,6.5,4.4
text_01255,text,傅碧惠原本忙碌於工作及基督教會小組的服事之間，四十出頭小姑獨處的她，年輕、亮麗又有幹勁，對未來美容事業的拓展一直有個藍圖；對教會的事奉，她更是積極參與，生活節奏快且充實。,6.714,5.0
text_01450,text,世界客屬總會榮譽總會長吳伯雄也以「寧賣祖宗田，莫忘祖宗言」，強調語言傳承的重要，鼓勵大家只要有心就能學好客語。,6.0,5.429
sentence_00456,sentence,當你選擇看過程的時候時間已經悄赤滷q你身邊溜走啦等你反應過來頓悟啦已經是兩鬢斑白啦那還是算是智者嗎,2.667,7.667
text_00204,text,開始對穿越文，古代文有了濃厚的興趣。,6.333,4.429
text_02017,text,她多謝媽媽眠乾睡濕照料，出院後調理身子要吃什麼就聽從媽媽吩咐，又感謝醫院醫護人員照顧、各方好友及聖心師妹們的關懷問候。,6.889,4.125
sentence_01512,sentence,但是這一次他們受到各個政黨前所未有的熱烈追捧,7.0,5.0
text_00595,text,象其他評友講的，亂七八糟的電話接連不斷，讓你不得安生，可怕！,2.667,5.5
text_00846,text,去自提點拿回來拆開一看，本本的體積很小，六芯的電池續航時間長，金屬質感拉絲外殼做工和手感一流，鍵盤打字很順暢、舒服，比一般本本好用，散熱好，開得時間再長也不燙手，風扇聲音很輕幾乎聽不到。,6.75,4.857
sentence_01497,sentence,無意義房間的關卡可能會越來越多,3.5,4.0
text_00832,text,大堂的服務員很熱情，有賓至如歸的感覺。,6.667,4.0
sentence_02333,sentence,過去美國總統及其他國家一直在助長中共這惡勢力,3.75,7.25
sentence_02229,sentence,懶懶散散又一年,4.0,3.0
sentence_02191,sentence,不留黑頭肌膚超光滑,6.25,5.6
sentence_00396,sentence,人生的無常與虛華,3.0,4.0
sentence_01579,sentence,誹謗任何政治人物,3.5,5.333
sentence_00291,sentence,黑龍江省大慶市薩爾圖區法輪功學員丁洪娟女士被薩爾圖區開發區法院枉法冤判兩年,3.0,5.0
sentence_00918,sentence,那跟希本人的意志無關,5.0,5.75
text_02035,text,在全球一片#metoo的反性侵性騷擾運動外，近來有另一種爭取尊重女性、重視女性貢獻的聲音也在悄悄沸騰。,6.222,4.667
text_01043,text,前一秒，母子還開心慶祝兒子的生日，下一秒，卻變成兒子目睹母親慘遭撞死的悲劇！,2.375,6.5
sentence_00389,sentence,健康和生活質量,5.4,2.8
text_00372,text,電子花車轉阿轉燈亮刺人也刺己車飄軟腳晃阿晃遇水則亂甩阿甩邊開邊看大螢幕好威好猛沒在怕省油就是第一名其實也沒省多少一條命多付點油省來省去只剩油不是說他很不好只是需要被探討造車邏輯要改進不要狂賺台灣錢然後不負些責任人家改款式進步你屌改款偷拿掉不要唬弄台灣人無敵話術騙騙去因為只要開慢慢一切都不會發生啦！,2.125,7.25
sentence_02019,sentence,而不只是做一個記錄施暴過程的相機,4.0,6.5
sentence_02463,sentence,玷汙國家形象不知恥,2.333,7.0
sentence_01754,sentence,天天信奉你那個騙神,3.333,7.0
text_02586,text,獸醫現在已經採用了這種方法的一種新形式，將嚴重燒傷的羅威納犬從死亡邊緣拉回，他們希望這一結果將為其他被燒傷的動物帶來新的和改進的治療方法。,6.625,5.125
sentence_01012,sentence,老郭一直以獲取美國政庇為首要目標,3.5,4.5
text_01567,text,此次阿國人質事件主謀貝爾莫塔就以走私和綁架賺進數百萬美元，得以策劃天然氣田攻擊案。,4.0,4.625
sentence_02058,sentence,洩密中國最重可處15年徒刑,4.667,5.5
text_00573,text,房間偏小，軟件應該能達到三星級的水準，硬體稍差。,3.778,3.286
text_01361,text,最高法院今天召開男子陳昱安殺父案言詞辯論庭，檢察官轉述陳母意見表示，若不判陳男死刑，他出獄後會造成家族血流成河。,2.111,6.25
sentence_00766,sentence,但情人海灘仍然美得驚人,8.0,7.4
sentence_01131,sentence,而政治保衛部更有監視和暗殺手段,4.0,5.2
text_01490,text,「臺北暗殺星」迎戰「新加坡先鋒」的前兩場比賽都獲得勝利，全場一片歡呼，當冠軍獎盃將要落袋之際，怎知第三場被對手以精準選角取得優勢，「臺北暗殺星」受挫敗陣。,3.375,5.0
text_01259,text,傅碧惠在跟醫生哥哥討論後，決定進行居家照護。,5.111,1.875
text_00195,text,深刻的理解了祝勇的一些觀點，總的說來，祝勇對於他人的剖析有理性（對餘傑的批評有些過了），對問題的闡述比較客觀。,4.875,1.875
sentence_00922,sentence,從0到100億的創業黃金公式,6.4,4.2
sentence_00789,sentence,祝福全天下的母親,7.333,4.0
text_02662,text,兒童精神分析師Klein說過，面對難以排解的負面情緒，小孩會卯足全力地表達怨恨，這反映出幼年精神病之典型攻擊特徵。,4.167,4.667
text_00799,text,房間裏黴味，煙味撲鼻，沒有窗戶通風，骯髒的地毯上的斑斑點點的汙蹟，令人觸目驚心。,1.889,6.875
sentence_00265,sentence,週日出外遇著遊行抗議,4.0,4.667
sentence_00308,sentence,如果有歹人趁機行凶,4.5,5.25
text_02538,text,但他們的日常並不像TVB電視劇和港產片裡那樣傳奇，他們鮮有經手撲朔迷離的刑事案件，多是商業調查和家庭糾紛，後者包括調查子女吸毒援交、配偶婚外情等。,4.667,3.857
sentence_01042,sentence,內心其實瞧不起,4.0,5.5
sentence_01719,sentence,我就是吃了炸藥,3.0,6.75
text_01786,text,「全國看起來都同意一件事：馬先生是個沒用的笨蛋。,3.875,5.429
text_02195,text,不幸的是，這些好處對於環境來說也是一個可怕的訊息，因為儘管有大量回收工作和公眾活動在進行，塑膠垃圾仍在繼續堆積。,3.25,4.5
sentence_02196,sentence,北京可能是處在兩難狀態,4.0,2.8
text_01192,text,12年國教須提早分流，小學畢業就讓對學術沒興趣的孩子學習技藝。,5.0,5.0
text_00084,text,就像米娜姐說的一樣：愛的時候，做再多事都不嫌麻煩.,6.333,5.75
text_02374,text,代表律師今早在高院求情指，患精神分裂症的被告在港無親無故，唯一擁有的只是微小的?房單位，他卻長時間遭死者侮辱和欺淩，其處境值得同情。,3.25,5.429
sentence_00441,sentence,叫不醒一個喪失了立場,3.0,4.0
sentence_01183,sentence,他為中國民主奮鬥了一生,7.0,5.0
text_01706,text,我們是中性的看待，試圖提出合理解決的方案，創造合理討論問題的空間」。,5.556,3.571
text_00739,text,呵，還有一大優勢就是從賓館出發，步行不到十分鐘就可以到梅蘭芳故居等等，京味小衚衕，北海距離好近呢。,6.667,5.75
text_02484,text,簡單來說，是把網際網路應用到產業裡，而非將產業加入網際網路中，即產業為主導，網際網路要遵從產業的規律和玩法，同時產業也需要融合網際網路的思維。,5.333,2.333
text_02679,text,事發在今日早上9點半，一名竊賊鎖定公寓先按電鈴確認住戶不在家，再爬陽臺闖入行竊，當時懷有身孕的住戶跟姊姊在房間沒有應門，聽到怪,3.625,4.0
sentence_00715,sentence,活該被壓在地上摩擦,3.0,5.6
sentence_01091,sentence,我寧可花時間去遊說華腦,4.5,5.25
text_01146,text,陳揆承諾，未來會有所檢討。,5.0,4.5
text_02405,text,該項研究專門研究了低脂肪飲食，除了發現潛在的健康益處外，研究人員還發現低脂肪飲食結構不存在負面影響--能夠大幅降低因患乳腺癌而死亡的風險。,6.556,5.125
text_00866,text,挺快的，這個價錢這個配置很值得,6.75,4.667
text_02658,text,微軟安全響應中心的事件響應主管SimonPope呼籲，他們確信會有利用該漏洞的攻擊事件發生，呼籲IT管理員立即採修復行動。,4.0,4.25
text_00519,text,深感不以為然才發文的，另一方面某種程度上我也給了樓主一些建議，那就是TOYOTA的車要操壞沒那麼容易沒想到幾天沒上來看結果這整棟樓歪掉了，對此對樓主致上歉意，小弟真的沒想到會如此樓主有問題上網尋求幫助和經驗分享，請各位高手先進們回復到樓主的議題，並祝新年快樂，謝謝,6.25,3.4
sentence_02413,sentence,4軍事政變推翻反人類,4.0,6.0
text_00417,text,個人偏好3或5門車，風壓抵抗會有較佳表現呢~不過適當駕駛很重要，減速些是應當的，握好方向盤也是應該的，一般言歐系車多較穩定性高，日系多重視都市輕鬆操控，設定取向不太相同大多數啦。,5.889,4.5
sentence_00626,sentence,這個人他拿到照片的途徑是非常可恥的,2.333,5.667
text_00136,text,這本書倒挺適合那些做選擇時前思後想的女孩閱讀。,5.778,3.625
text_00354,text,而是要買有NCAP5顆星的認證車種....你說的話好像國產T撞到會死人的如果多花10~20萬的其他車種就不會死了我這樣解讀你的話~對嗎?,3.25,4.5
text_00957,text,路由器和一個像機，那位朋友有捲送我一張啊,5.111,4.429
text_00485,text,說白了只是各取最適合自己的車罷了我這樣也算正名嗎?,4.111,4.889
text_02552,text,由助產士照顧低風險產婦，產科醫師處理緊急、複雜的孕產狀況，是國際間視為理想的分工與照護方式，但在臺灣，助產學罕為人知，也常被視為落伍。,3.5,4.1
text_01091,text,朱姓男子因不滿就讀國中的女友有意分手，去年三月間躲藏在女友家，先以菜刀砍死女友的十二歲小弟，後又持刀砍殺大弟，再挾持女友到頂樓企圖同歸於盡，震驚社會。,2.0,6.667
sentence_00772,sentence,郭臺銘同時澄清說,5.0,5.667
text_00181,text,當現代生活越來越快速，生活壓力越來越大的時候，能讓煩悶的人們在閱讀的時候心情愉悅的書，就是一本好書。,7.0,4.571
text_02608,text,根據一些美國人的這種論調，中國通過操縱匯率導致了中美貿易不平衡，美中貿易逆差等同於美國送給中國的財富，中國的成功很大程度上是由美國在中國的投資所推動的。,5.0,3.667
sentence_00371,sentence,講得內容越複雜越長,4.0,4.75
sentence_01544,sentence,李亞蒨腿斷變瘸腿,3.0,4.5
text_00500,text,京一才是帝王隊的王牌，都不用他出場了，我看不出中裡毅是因為技不如人才輸了那場，看起來像是車子性能遠不如對手...意思是EVO4比GTRR32強?,5.0,5.875
sentence_01007,sentence,今天刷推很踴躍的樣子,6.6,6.0
sentence_01276,sentence,這不是信仰而是褻瀆神靈,3.0,6.75
sentence_00243,sentence,那你得擔保你們總統別明天不加稅了,5.0,6.0
text_01233,text,原價999的票，只要100元，過年期間想吸引家長，120公分以下小孩甚至不用錢，觀光局預估，今年假期造訪樂園人次可望衝到135萬人，比去年多4成6，部分業者甚至看好業績，能成長3成到1倍！,6.5,5.75
text_02951,text,在比利時北部安特衛普市的特斯拉Supercharger超級充電站，一輛特斯拉ModelS著火併完全燒燬。,2.875,5.875
text_00434,text,打一下那種的感覺，會覺得全身都麻了的，如果大多的話，可能會震死吧！,4.0,5.5
sentence_02269,sentence,關於飾演各位國手的人選也一直懸而未定,4.333,4.0
text_00415,text,市場領先的品牌，享有發球權，高興怎麼定價就怎麼定如果這個品牌願意在安全配備上大放送，那所有的車廠就會被強迫跟進市場落後的品牌，為了突顯差異化只能不斷強化配備、降低價格，但不會改變市場的口味現在可以讓台灣汽車消費者在安全配備上更進化的角色有兩個一個是政府，一個是Toyota....前一個我不敢奢望，後一個讓我失望，就這樣,3.0,4.5
text_02913,text,被國際刑警發出紅色通緝令的印度頭號通緝犯文子星，印度政府向法庭申請引渡他回國，案件於東區裁判法院開始聆訊，裁判官彭亮廷亦批准免除傳媒報道此案件的限制。,4.8,3.833
text_00582,text,但就這一點，我想我以後是不會去住了。,2.75,4.333
text_02872,text,高雄市一名黃姓女子在懷孕2個月後，進入一間公司擔任計畫部專員，沒想到期間突然早產，導致得剖腹生產，女兒在出生後沒多久就夭折。,2.333,5.25
sentence_01780,sentence,但這8位有4位落選,4.0,4.0
text_00923,text,主流數值計算軟件matlab可以順利安裝並運行，運算速度比主流cpu要慢一半（超頻時）6主流視頻播放非常流暢7改xp系統很容易。,5.444,4.0
text_02313,text,他指出，港鐵去年再在其他兩個連線縫發現相同情況，相關檢查及測量申請表格亦缺失，港鐵就事件多次向禮頓發出不合格報告，並要求禮頓拆除及重建。,3.333,5.333
text_02735,text,老闆若只喜歡聽好話，下屬一定極盡諂媚之言，讓老闆開心，講真話就是笨蛋，徒惹老闆不開心，自己烏紗帽都可能掉。,4.0,6.143
sentence_01825,sentence,英國可口可樂6月推出首創4款酒味可樂,5.5,2.5
sentence_01472,sentence,充滿了女性的嫵媚,6.0,5.0
sentence_02438,sentence,在荒廢之地找出生,5.5,4.5
text_01157,text,雖然EA的NBALive系列從90年代開始便獨佔籃球電玩的龍頭寶座，不過他們在近年來遭逢新崛起的2K強力挑戰，加上他們的NBAElite2011遊戲遭逢重大挫敗，反觀2K則是利用這幾年接連作出叫好叫座的籃球電玩，讓EA無論在聲勢或遊戲內容上都和2K越差越遠，最後促成了EA退出的決定。,4.857,5.125
sentence_02581,sentence,原來是這樣練成的,5.667,5.0
text_01030,text,TPA的好表現，也讓更多人知道了「電競」，網友柯政廷就指，看世界級的電競，就跟看奧運的心情是一樣的,5.889,5.375
sentence_00160,sentence,我沒要去只是要準備老爸,5.0,4.0
text_02433,text,對於中國科技創新和保護智慧財產權的努力視而不見，不厚道；對於國際技術交流和創新合作進行雙標解讀，不公道。,3.125,6.125
sentence_00911,sentence,一定令人熱淚盈眶,6.0,7.667
sentence_00425,sentence,說來說去只是博同情而已,4.0,5.5
sentence_01140,sentence,我爸爸癌症確診,3.25,5.2
sentence_01484,sentence,制止唔到架但係,4.0,6.0
sentence_00392,sentence,是不是偷換概念,4.4,4.2
sentence_01167,sentence,真是顛覆了我的三觀,4.0,6.75
text_00686,text,黃浦江的房間風景很不錯，唯一洗澡的水溫還是忽冷忽熱，請再檢查一下，這個問題比較嚴重的，特別是小孩洗澡的時候.,3.556,5.625
sentence_00367,sentence,因為做工很粗糙,3.4,5.25
text_02182,text,在叫車服務公司Uber即將上市之際，一家計程車工會上週五表示，Uber在紐約的司機下週將舉行罷工，抗議他們認為不公平的就業條件。,4.143,5.571
sentence_01542,sentence,埋怨老天的不公,3.0,6.75
text_01444,text,另發簽證，印度在中國入境簽證上加蓋印度地圖，菲律賓也拒絕承認中國新版護照。,4.222,5.0
text_02005,text,探索冥王星的努力，背後是一個時而不可思議、時而令人膽戰心驚的故事，當中穿插著一道又一道意想不到的盲彎，一條又一條看似走不通的死路，還有許許多多的驚險一瞬間。,5.556,5.25
text_00113,text,星閃亮的是一片黑雲，黑雲不可能永遠阻擋星辰”如果你想讀書，這套書會是你讀過之後絕不後悔的一套書。,6.667,5.75
text_01136,text,要點中寫明，鼓勵業者投入國際及動畫影片跟遊戲軟體創作的獎項，但國際級的創作，獎金卻訂出上限50萬，還有鼓勵業者自行開發具有商業價值及國際水準的數位內容產品，獎金也訂出30萬上限，連辦電玩大賽培植遊戲人才，首獎獎金也明訂不能超過10萬塊。,5.0,4.333
sentence_01164,sentence,在豆瓣竟被拿來嘲弄日本,3.0,6.5
sentence_01102,sentence,別拿出來丟人現眼了,3.0,6.667
sentence_02309,sentence,凡事不要執著固守兩位老少個性難處,4.25,4.0
sentence_01644,sentence,警方追截可疑私家車連開三槍,4.667,6.667
text_02464,text,澳門司警表示，在廣東省公安廳以及珠海公安的協調和協助下，4名年齡介乎25至39歲的兇手在珠海落網，相信案件涉及兩幫涉嫌操縱賣淫人士發生糾紛引起。,3.25,4.0
text_02769,text,他一生都在追尋高尚的目標——為百姓尋得一位合格的統治者，併為這個目標不停地更換主人，不停奔波甚至獻出了寶貴的生命。,5.75,4.444
text_00684,text,硬體不錯，相對於223的房價，絕對性價比一流；但是軟服務還有待改善，特別是有非正常情況發生時要多從客人角度考慮賓館反饋2008年7月25日：首先，感謝您的寶貴意見,5.0,4.625
text_01603,text,強硬反應，中國軍方不僅隨後舉行大型軍演，還在近日派遣7艘軍艦穿過沖繩海域駛向太平洋。,4.125,5.5
sentence_01540,sentence,李白最後背離官場,4.0,3.5
sentence_01690,sentence,您的大腦由於硬體問題無法相容國際版韌體,4.0,4.0
text_00087,text,我一直相信，關於生存技能的書籍每一個人都應該看一看。,5.778,4.0
sentence_00257,sentence,雷德福和保羅一直策劃兩人的第三次合作,5.333,3.667
sentence_02294,sentence,的締造標準必定是,5.0,3.8
sentence_00502,sentence,最近欣喜若狂地吃了辣味豆乾,6.667,6.5
sentence_00446,sentence,但我較欣賞後者,6.667,5.333
text_02263,text,美國海軍飛行員需要接受最嚴格的訓練，但有些時候，他們也會剋制不住內心的調皮情緒，畫出一道少兒不宜的航跡。,5.5,5.143
sentence_01875,sentence,你那無家可歸飽經風波的人們,3.0,6.0
sentence_00046,sentence,但當時還是不管怎麼看都是灰綠,4.0,3.0
sentence_00313,sentence,故停止所有訂單,4.4,3.8
sentence_01496,sentence,我的大腦降級了,3.667,4.333
sentence_01779,sentence,但卻是以溫文謙和的形象深入民心,6.667,4.333
sentence_01802,sentence,撒著散漫沉醉的光芒,5.0,4.333
sentence_01908,sentence,短視近利漠視未來,2.5,5.4
sentence_01148,sentence,他富有我不覺得自己高攀,6.0,5.25
text_00351,text,是日本要我們怎麼裝裝多少的不是和泰決定的豐田占了國瑞跟和泰百分六十的股份決定全都由日本人決定~~想要好的內裝好的配備好的東西請不要跟和泰講也不要跟國瑞講在01上講也沒有用~~請跟日本人講謝謝!!,5.375,4.375
text_00627,text,超級可怕的旅館，進門後根本不是45平方米的大房間,3.0,6.0
text_01740,text,請小心也呼籲學匪在玩別人羞辱別人的時候小心別波及自己的家人.,3.75,4.111
sentence_01043,sentence,說明你真是一個爛貨,2.4,7.5
text_00369,text,說實在的這一代的camryG款比我的03年的還差缺乏TRC與VSC主動安全配備就不說了而這些03年的都有我不滿意換掉的1.,3.125,3.667
text_01967,text,此外，北韓的將領、軍官和士兵以及老百姓們，從大年初一就開始，前往各地所設的「金日成和金正日父子」的銅像前，和大型壁畫前拜祭，以表最高的敬意。,5.5,5.25
sentence_00380,sentence,音准不准我不知道,4.667,3.667
sentence_01005,sentence,板中最近發起的男裙週因為在高中校園中還算是嶄新的活動,6.5,4.2
text_01206,text,您寫的太好了，讓人有興趣學會計。,6.667,4.667
text_02871,text,屏東東港一名男子疑因追不到檳榔妹，5日深夜怒氣沖沖地闖入檳榔攤，將檳榔妹壓在牆角狂毆，全程都被門口監視器拍下，影片遭PO網友後，引來網友撻伐，,2.9,6.8
text_02512,text,衛生間、可變換的多功能餐廳、睡臥、壁櫃、吊櫃、灶臺、上下水、空調、電視，一應俱全，跟大型房車功能一樣。,5.667,4.5
sentence_01676,sentence,深圳特區的奠基人,6.0,2.5
text_02102,text,根據一些現任和前任蘋果員工的說法，蘋果零售店越來越注重品牌推廣而不是滿足購物者需求，導致消費者對一些商店提出更多投訴。,3.5,5.111
text_01268,text,這種鳥事被寫出來的話，是誰會被鄉民圍剿？大家的寶貝都是寶，沒有誰比誰可愛，但是養狗能不能得到別人的尊重完全是看主人，而不是怪寶貝不懂禮貌。,2.875,6.375
text_02881,text,探險公司今天表示，世界最高峰聖母峰昨天好天氣，登山客大排長龍等著攻頂，山頂塞車造成風險增加，兩名登山客不幸喪生。,2.625,4.222
sentence_00134,sentence,被嚇到是真的挺有同感的,5.6,5.2
sentence_00338,sentence,猶豫要不要接著看完剩下的3,5.5,2.0
text_00609,text,第一天住的房間隔壁人說話好象就在房間中，換房後在走廊上的說話聽的非常清楚.,3.556,4.0
text_01703,text,立法院11日院會通過一項由親民黨團主導的主決議，要求行政院應對不同主管部會、產業及經營模式訂出合理績效計算及核發標準，擬具「公營事業機構及財團法人經營績效獎金覈算辦法」，取代現行績效獎金實施機制，3個月內送立法院備查。,5.333,4.111
text_01384,text,饒姓婦人回想那一幕仍餘悸猶存，她感謝素不相識的正義妹相助，改天會好好謝謝她。,6.222,6.167
sentence_01847,sentence,他的4個兒女身體健全,7.0,3.0
text_00524,text,自己的神主牌被說到缺點，就一定得如此酸嗎？成熟點吧！,2.556,6.667
text_01751,text,政治的歧見不會成為分裂彼此的理由，對自己誠實對朋友忠實慷慨分享親切待人讓歡笑縮近疏遠的距離Loveandtolerate...註:我承認自己是厭倦了新聞和政論被推入了一個意想不到的坑.,4.5,5.75
text_01123,text,送禮禮物或新年紅包，把歡樂的氣氛與好運氣與親朋好友一同分享！,6.667,5.429
text_00706,text,住後感言：同樣的服務，他們更驚喜；同樣的微笑，他們更真誠！,6.875,5.143
sentence_01557,sentence,能跟他匹敵的國內電影也就三大戰役了吧,5.75,6.25
text_00829,text,近期的商務間升級推廣活動受到了很多客人的一致好評，這是對新房間的認可，也是對我們房間進一步優化的良好幫助資源！,6.556,5.667
sentence_00523,sentence,換了你和他處於當年的白色恐怖之中,3.333,6.0
text_00407,text,九成以上可能是假車禍詐騙!!一般汽車跟機車擦撞,3.375,5.857
text_02530,text,耶路撒冷希伯來大學研究人員進行的一項令人難以置信的新研究，首次發現了一種將面板細胞轉化為構成早期胚胎所有三種幹細胞型別的方法。,6.714,5.571
sentence_01845,sentence,因為或許有人敬畏過我,5.75,6.25
text_00874,text,外觀不錯，很適合MM用。,6.4,5.778
text_01617,text,今（18）日是「國際移工日」，多個移工團體組成的「臺灣移工聯盟（MENT）」早上前往行政院陳情，反對政府將外勞工資脫鉤、增加外勞配額等政策規劃，並要求政府落實人權公約，對劉姍姍這類剝削外勞的僱主定罪。,4.75,6.0
text_00376,text,我覺得你們這些再說人家派工讀生也很好笑...哪一點讓你知道他是工讀生?,3.333,6.571
text_01657,text,臺灣團結聯盟則是順勢續推罷免馬總統，黨主席黃昆輝說，臺灣不能再讓馬虛耗下去，馬英九已經無藥可救，唯有馬下臺，臺灣纔有救，他呼籲全民不分老少男女一起來連署。,3.333,6.857
sentence_01997,sentence,導致事故有五導因,4.0,2.25
text_01032,text,潘毅鋒也指，各國接下來都會來沾光，韓國會說「TPA是我們培養出來的菁英」、香港人表示，「TOYZ你真是優秀的香港人」、中國人：「謝謝TPA讓中華臺北在世界上嶄露頭角。,4.889,4.889
text_00538,text,小弟只是將龍捲風與之前討論沸沸揚揚的事件提出來而已，並沒有批判任何車.,4.75,4.5
sentence_00569,sentence,柏克萊睡眠專家,5.0,3.0
text_02587,text,賭王四太樑安琪向來與仔女感情深厚，公務繁忙的她早前與仔女影親子寫真賀母親節，其中大女何超盈更專程由美國回港慶祝，還趁機宣佈佗B女，認真雙喜臨門！,6.429,5.571
text_01487,text,昨於新加坡登場的第一屆《英雄聯盟》Garena超級聯賽最終決賽（ＧＰＬ），「臺北暗殺星」以三比一擊敗強敵「新加坡先鋒」再度摘冠，勇奪美金一萬元獎金、摺合新臺幣約三十萬元。,6.333,4.167
text_00978,text,原裝鼠標相當好，就是小了點。,5.571,4.714
text_00112,text,我已經買了幾本分送給幾位朋友，頗受好評。,6.375,4.25
text_02314,text,民主派會議召集人毛孟靜批評，律政司司長鄭若驊以及保安局局長李家超，在立法會保安事務委員會的特別會議上，回應提問時言不由衷和迴避問題。,3.857,3.556
text_02311,text,和別人說著話、做著事，思緒卻不由自主地走神，過了好一會才回過神來；經常感到煩躁、不耐煩，對手頭的事情提不起興趣，特別容易分心。,3.5,5.333
sentence_00970,sentence,怎能開賭場卻放任大家投注到八點,3.0,7.0
text_01449,text,客委會黃主委表示，能與來自全臺的客家鄉親們一起紀念義民爺，他感到歡喜又榮幸。,6.25,5.875
text_02062,text,因為以往IKEA的店面都比較偏遠，而現在主力年輕消費客群進入大城市，不太常開車，習慣在網上購物，雖然現在年輕人還是喜歡IKEA，但他們不想開車。,4.889,3.667
sentence_02564,sentence,你不用避重就輕啦,3.667,6.333
sentence_01273,sentence,從追貓的勇猛來看,6.5,4.667
text_02220,text,2019年1-3月銷量減少，4月以後的訂單情況也十分嚴峻，面臨這種局面的企業經營者紛紛對前景持慎重態度。,4.0,4.125
sentence_00263,sentence,不過香港沒有錯,5.333,5.75
sentence_02464,sentence,由於水果價格浮動,4.0,4.333
sentence_01774,sentence,突如其來的風和日麗,6.75,6.0
text_00267,text,一年前一個很好的朋友發了我一本電子檔的，沒有看下去，這次在當當上買了之後，用了兩天看完。,5.7,3.875
sentence_02491,sentence,說點萬念俱灰的話,3.5,5.25
text_02554,text,如果你問前幾年的我，我是一定會拒絕冥想這種活動的，畢竟坐在那兒一動不能動怎麼看都是一件無趣又無用的事。,5.0,3.3
sentence_00019,sentence,市長的工作都沒有做,3.5,6.5
text_01660,text,英國經濟學人雜誌批評馬總統「笨拙」，馬要求外交部透過駐英代表處表達抗議，請問你是否贊成這做法？,4.556,4.625
sentence_02537,sentence,這樣的行為不容姑息,5.333,6.667
text_02916,text,雖然絕大多數的黃疸是無害的，但少數有特殊原因、黃疸數值異常高或是持續很久，則需考量是否有特殊致病因素並考慮治療。,4.556,3.333
text_02819,text,SuviKo甜甜的浪漫心意~京東秋迪食品專營店目前售價58元，領取29元優惠券，使用優惠券，券後實付僅需29元包郵。,5.714,4.833
sentence_00681,sentence,這樣的詮釋有點太過神奇,5.667,5.5
text_02889,text,這是個老社群，上年紀的老人比較多，我想盡量講得通俗易懂，既要講清楚國家大政方針，也要貼近社群日常生活。,5.889,3.2
sentence_01204,sentence,恭喜你出道1000天了,7.0,6.333
sentence_00841,sentence,由於北京的網路封鎖政策,3.667,3.333
sentence_00558,sentence,地科老師就在上課時大力評批憂鬱症的人都是養尊處優,2.25,6.0
sentence_01006,sentence,他是不是大腦萎縮,3.667,5.333
text_01218,text,「有冤報冤，有仇報仇，誰殺你們就找誰報仇！,2.375,7.667
text_02138,text,他表示，美國在科技技術的深度和廣度上值得學習，但是華為聚焦在所做的行業，跟美國公司比已經沒有多少差距。,5.375,2.889
text_00438,text,因為CAMRY沒有EPS，台灣一年會有多少人因此受傷/死亡。,3.5,5.5
text_02739,text,食環署人員今午以電擊方式撲殺，有動物保護團體到場抗議，質疑豬隻未被人道撲殺，又批評當局連日來與業界協商期間，沒有善待豬隻。,3.375,4.1
text_01542,text,根據調查，國內大學生有將近兩成透露，曾遭受交往伴侶暴力對待；國高學生，也有一成有遭親密伴侶拳腳相向，立委推動修法，要將《家庭暴力防治法》保護範圍擴及交往情侶，希望有效減少因情侶爭執引起的社會案件。,4.429,5.5
sentence_00799,sentence,回國無門且官司纏身,2.5,5.75
text_02732,text,有些人因為接受不了臭味敬而遠之，從來不嘗試這些食物；也會有人因為愛吃這些食物覺得它們散發的味道都是令人垂涎欲滴的。,5.0,3.444
text_02020,text,在4G標準中，歐美掌握了產品製造不可或缺的標準必要專利，在作為新一代產業的基礎設施備受關注的5G中，中國正在增加存在感。,5.5,6.0
sentence_01573,sentence,每天都在極度睏倦中度過,3.333,4.333
text_02647,text,貿易戰之前，隨著中國勞工成本的大幅上漲，包括中國公司在內的外國公司就開始利用越南廉價的勞工優勢和具有吸引力的商業環境。,4.667,3.0
text_01055,text,員警頭部有些許挫傷，將曾某依妨害公務逮捕移送。,3.889,3.857
text_01200,text,冠軍消息傳回臺灣，網友在《臉書》和ＰＴＴ（批踢踢）瘋狂貼文狂推ＴＰＡ。,7.0,6.429
sentence_01427,sentence,我看過一些文章介紹日本人很推崇王維的詩,6.5,3.25
text_00601,text,環境非常非常好，庭院式小棟別墅，雖然說酒店年限很久了，據說92年就有了，房間略小，但是服務、環境都絕佳，強烈推薦，絕對安靜。,7.75,6.167
text_00667,text,酒店設施沒有其他城市的喜來登出色。,3.667,5.143
text_01416,text,此外，建國科技大學的「微機電控制動柱式快速搪銑加工中心機」獲頒市政府特別貢獻獎；臺北醫學大學的「新型自組裝技術應用於人工植入物之發明」獲頒烏克蘭健康醫學聯盟醫學特別獎。,5.667,3.875
text_00994,text,沒有一部可以直接打得通的電話，有一部聲訊電話，打10次。,3.429,6.75
text_02926,text,之後兩組人都將手放入攝氏5度的凍水1分鐘，再填寫問卷匯報痛覺感受，發現獲贈假止痛膏的一組，疼痛感比較低，顯示只是擁有止痛膏，已可以產生心理作用。,5.0,3.3
text_01500,text,AZF雖然實力堅強，但並不受人尊敬，本次大賽AZF違反運動家精神條款，在比賽時偷瞄轉播大螢幕，作弊取得優勢，遭主辦單位沒收20%的獎金。,3.333,4.75
sentence_02091,sentence,可以不要每次都把自己包裝成甚麼悲情女主角嗎,3.333,6.0
text_00937,text,優點就是便宜這款機器不帶操作系統是在是麻煩，還好自己懂點電腦知識要是個不懂電腦的這個非要被氣死,2.444,6.667
sentence_01113,sentence,而在那些讀書不少但學識不深的人看來,5.0,4.0
sentence_01898,sentence,的我來給大家揭露一個,5.0,3.5
text_00038,text,圖畫過於煩瑣，看的人心煩意亂；文字更是不知所云，壓根不是中國人在說話。,4.0,4.625
text_01410,text,易吉益公司楊輝雄以「海浪發電裝置」及「可降解性包裝材之製作方法」獲最佳能源發明與最佳發明兩獎項，是最大贏家。,7.556,6.143
sentence_01112,sentence,可能我不經意的一句話依然會刺傷他人,3.0,6.0
sentence_01983,sentence,連看偏都算不智之舉,3.5,5.0
sentence_01853,sentence,否則你所謂的謙卑自我反省就自洽了,4.0,4.667
text_01348,text,網友曾育暖表示，不能說心疼包子就代表主人沒錯...我想你們會希望自己痛苦的時候還有人一直在後面要求你握手甚至站起來嗎？；網友NanaSun說，天阿哭慘了...說包子生病了還是想撒嬌，你怎麼知道他是不是在求救？！,3.667,5.75
text_01832,text,王金平籲國企員工共體時艱對於中油、臺電等國營事業工會到立院抗議，立法院長王金平受訪時表示，國營事業績效獎金被刪，一定會有人覺得不公平，但立法院做這決定，也是經過長久討論，好不容易產生共識，盼員工們共體時艱。,5.5,4.0
sentence_01077,sentence,絕不承擔法律責任,5.0,5.75
text_00209,text,女作家和男作家的區別，在於擅長在邏輯嚴密和氣氛緊張的犯罪推理之外，對人性的軟弱、複雜和彼此之間可堪或不堪的關繫,5.444,4.625
sentence_02504,sentence,當時的臺灣太富饒,5.0,4.2
text_01993,text,失望對象二:民進黨他們到底知不知道何謂責任?,2.889,6.0
sentence_00363,sentence,然而你依然選擇了逃避,3.333,5.0
text_02423,text,大多數人養寵物都是因為喜愛動物，所以喜歡牠們的陪伴吧，但是在巴西有一對吸毒的夫妻超過分，養了一隻美麗的鸚鵡，,4.5,3.333
sentence_01207,sentence,也請霖粉們多多互助,7.0,6.0
sentence_02162,sentence,安詳度過殘餘歲月,6.4,1.75
text_00224,text,值得首提的是，《哥哥不是吹牛皮》這書名起得尤其好。,6.5,4.875
text_00905,text,到手的是完美屏，不過可視清晰)角度比較小，不知是不是筆記本螢幕的通病拿到手後按照說明書三放三充（說的是三充三放，但打開就是93%的電）,4.667,4.429
text_00156,text,但是，始終都能感受到她們的愛是如此真實。,5.429,5.0
sentence_00968,sentence,大家說誰是混蛋王八蛋,2.6,6.75
sentence_00598,sentence,我們便會去除一切的惡行,6.333,4.0
sentence_00863,sentence,以及防水可以撐一整天的畫眉毛用具,6.0,3.2
sentence_01650,sentence,壞運氣快結束吧!,5.0,6.25
sentence_01292,sentence,論述周代的官樣文章和文網嚴密,5.0,3.0
sentence_01170,sentence,每個人都須要被寬恕,7.0,4.667
sentence_01380,sentence,而非像我們有時在書寫文字或文章時後或在聆聽或閱覽文字時感受是直接用負向去抒發或用著文字是如此尖銳的,4.5,4.0
sentence_00823,sentence,達到魚目混珠的效果,4.5,3.8
sentence_02493,sentence,被泰國政府查禁,2.5,3.25
text_00004,text,但我相信它會和我手中的這本書一樣溫馨美好。,6.375,5.143
sentence_01567,sentence,但封賞那無賴和要齊王的封號幾件事確有幾分調皮,4.333,5.667
text_01756,text,其中一人告訴媒體：「對以色列而言，這是很壞的消息。,3.778,4.625
sentence_01626,sentence,可以使勁的舔阿言的顏,7.0,6.333
sentence_01504,sentence,郭教主是低眉順眼,4.0,4.0
text_02174,text,五月繳稅季，本篇將為各位解釋為什麼我們老愛拖到最後一刻才繳稅、為何不愛繳以及收到退稅的各種心理感受，一起來看看吧！,5.125,3.111
sentence_02057,sentence,當心習近平的手段,3.4,5.75
text_00200,text,看到有人評論這本書恐怖，覺得言重了，其實這只是訓練人正面思維的一種方法，有人評論在公司受到不公正對待也能不抱怨？試想，如果你的思維夠積極，對人對正的想法都足夠正面，你的思想就會對別人產生一定的影響，任何人都需要別人用正確的態度對待自已，包括你的上司，老闆，他們也是人。,4.778,4.714
sentence_01480,sentence,會讓生命變得貴重,6.75,5.0
text_01008,text,一點不足的是鍵盤不是很滿意，如果用慣了ThinkPad，尤其不適應，不常用Notebook的可能就不會太在意了，比某些國產的品牌還是稍好的.,4.5,4.571
sentence_01390,sentence,習近平訪英團粗魯無禮,2.667,6.333
sentence_01237,sentence,九天玄女等神從而增進宿命論中的姻緣,6.0,4.0
sentence_00099,sentence,要是伊斯蘭教不是平和的宗教那這世界可了得,4.0,7.667
text_02312,text,國際研究暨顧問機構Gartner近日針對企業執行長和資深高階主管進行調查，結果顯示企業成長仍舊是執行長2019和2020年的首要目標。,5.286,2.0
sentence_01488,sentence,地震來時伴隨著低沉的振動和聲響,5.0,2.333
sentence_00585,sentence,什麼征服宇宙啊,3.5,6.5
text_01125,text,孩子一生的自我意象和思維定式，是樂觀、自信、富有想想和氣概，還是消極、自卑或得過且過、自暴自棄。,5.0,3.833
text_00834,text,地理位置極好，去會展中心很方便，不必太擔心堵車。,6.333,5.286
sentence_00657,sentence,如今吃的毛豆甜湯除了喜愛之外,7.0,4.0
text_00958,text,外觀帥氣，精緻，顯示燈豐富，配置合理，VISTA下評分達到5.1，顯卡強勁達到5.9；各種模塊齊全，攝像頭藍牙都比較實用，音響效果的確不錯；之前大家關注的散熱問題，我也覺得滿意，北京那麼熱，我連續用半天，跟同學多臺電腦相比熱量沒他們的明顯，個人覺得大家不一定聽取某些人的片面抱怨，聯想還是值得信賴的大品牌；裝系統還算方便，隨機有VISTA驅動光盤，XP的可以再官網下。,6.625,4.8
text_00671,text,地段好，設施全，服務一流，希望以後還能入住此酒店！,6.875,6.0
text_01796,text,這樣亂扯你媽知道不會很難過嗎?,3.0,5.714
sentence_00385,sentence,我知道你是不小心,6.0,5.0
text_01866,text,陳沖說，希望透過推動自由經濟示範區，放寬國內市場投資限制、調適相關法規，營造良好投資環境，藉以創造我國參與區域經濟整合（例如洽籤雙邊經濟合作協定、加入TPP及RCEP）之條件，並有效提高國家競爭力。,5.875,5.333
sentence_02266,sentence,不至合意於米中協議,3.667,4.667
sentence_00804,sentence,我們班很多男的給我們倆起過譏諷的外號,3.0,5.5
text_00713,text,沒好就不要讓客人住嘛，強烈鄙視這一點。,3.0,7.286
sentence_02492,sentence,比起除地上的雜草,5.0,2.333
text_02506,text,許多人將這視為理所當然，但如果試著想像旁人難以理解我們的說話或表達方式時，這肯定令我們極度不便和沮喪。,3.778,4.3
sentence_02410,sentence,報喜不報憂都唔係第一次?事啦,5.5,6.5
text_01441,text,昆淩黏周董先打點周媽周傑倫與昆淩相差13歲的戀情，在男方堅持35歲纔想婚，女方遊學美國，看來似乎分隔兩地，至今交往2年多。,5.429,4.0
sentence_00503,sentence,結果腸胃超級燃燒,3.75,6.0
sentence_00100,sentence,別把部分人的不當行為怪罪於宗教上了,4.0,7.0
text_00785,text,"對客房服務員要進行培訓，當客人房門門鎖上掛了""請勿打擾""的字樣，希望不要再擅自進入客房，這是對客人的尊重.",4.889,5.0
text_00433,text,如果高速撞擊下，可能我說可能哦，想証明，反對的，請自行測試)會讓車室中的人，比較不用承受，撞擊時的衝擊力道，也增加存活機率！,5.5,5.875
sentence_01129,sentence,我們在陳述的是你國人事實行為,4.75,5.0
sentence_00664,sentence,創造2018年度國內基因領域最大募資金額,6.5,3.5
text_02689,text,東南亞國家緬甸覬覦外國投資，為本地增加工作機會，瞄準汽車產業鏈，推出一系列措施鼓勵外國投資，包括調高進口汽車關稅、縮減二手車進口量等等。,6.111,3.444
sentence_00266,sentence,我們不需要這樣的英雄,3.667,6.5
sentence_01750,sentence,博古王若飛葉挺罹難,2.6,3.25
text_01773,text,第二件惡毒的事情選贏李應元其實大家都知道李應元是當砲灰但是馬英九87萬票大贏李應元48萬多票一點面子都不給太惡毒了.,3.111,6.429
sentence_01036,sentence,最重要的不是甜言蜜語,6.0,5.0
text_00980,text,聯想這款黑色L3000是最漂亮的，散熱不錯，鍵盤手感很好，插口位置合理。,6.444,5.222
sentence_01517,sentence,更像是一種傲慢的自我表現,3.4,4.5
sentence_01696,sentence,直到最後我也還是膽小鬼嘛,3.6,6.6
sentence_01144,sentence,從國中知道他是臺中人就覺得特別有親切感,6.333,5.0
text_02416,text,每個人都不一樣，可以試著分析自己弱的領域為何，是基礎的文法和單字，還是答題的技巧，藉此選擇最合適的準備方式，不用一股腦地就跑去補習班報名，不僅浪費錢又沒效率。,5.25,4.0
text_00710,text,祝工作順利！,6.444,5.5
text_02638,text,澳洲DJAdamNeat4日和朋友在印尼峇裡島度假，未料卻傳出失血過多身亡的意外，公司也在5號在臉書上證實了這項訊息，讓粉絲相當痛心。,3.0,5.111
text_00420,text,如果是因為偷掉安全配備安全氣囊，VSC，盲點偵測系統，來壓低價格，那這種CAMRY，不要也罷。,3.625,5.0
sentence_01658,sentence,機智的我跑到他們兩人面前,6.0,4.0
sentence_02117,sentence,終將波及外債償付,3.5,6.0
text_01627,text,中日兩國正處於劍拔弩張，隨時都可能擦槍走火，爆發衝突，甚至局部戰爭，蘇貞昌卻要率團訪日，令人不只好奇，更感不解。,3.571,6.0
text_00929,text,行動設備提供保護，這也是對於設備內容的第一層實際屏障，應設置鍵盤鎖功能，讓螢幕閒置數分鐘後自動上鎖。,5.143,3.625
sentence_02211,sentence,忙碌的現代人學得簡易按穴法,5.6,4.5
text_00679,text,也許他們似乎有足夠的理由.,4.75,2.6
text_02531,text,自此，臺灣被割讓給日本，開始了日本50年的殖民統治，臺灣人民進行了犧牲巨大的武裝抗爭，最後以失敗告終，但臺灣人民英勇對抗日本侵略的歷史應該被牢牢記住。,5.0,7.125
text_02862,text,我們可以在自己的業務中看到Google廣告的效果有多好，而我們只是坐在那裡吮著大拇指，所以我們感到羞愧。,3.556,5.5
text_01889,text,前總統阿扁因涉貪入獄，論法是該被關，但站在不少臺灣人的角度，誰纔是真正的貪汙犯？是蔣介石，更是國民黨，這口怨氣，或許就是馬英九總統欠阿扁的一個公道：特赦阿扁吧！,4.3,7.0
text_02744,text,Gogoro電動機車目前掛牌數突破1萬輛，車主數也突破15萬大關，目前全臺電池交換站約有近1200座，這也是第一起Gogoro電池交換站失火的意外。,3.833,5.333
sentence_00469,sentence,他這種文風是智商隔離,4.0,4.667
text_02118,text,商務部發言人稱，當前，世界經濟發展不確定、不穩定因素增多，單邊主義、貿易保護主義抬頭，多邊貿易體制面臨嚴峻挑戰，正常的國際經貿活動受到負面幹擾。,3.429,5.167
text_02065,text,平心而論，Google有這項服務也許是一件好事...但不主動告知有這樣的功能導致容易造成使用者不必要的誤會。,4.0,4.222
text_02561,text,每次洗鞋都會被告知摺痕地方是無法處理的，難以避免的使用痕跡讓鞋子看起來格外舊，對於愛鞋者來說是心痛卻又無法避免的狀況阿...如果跟你說摺痕有辦法處理你信嗎？,4.75,6.111
text_02160,text,韋伯望遠鏡的主要任務是調查宇宙微波背景輻射，為了探測遙遠黯淡天體發出的紅外光，它需要工作在極低溫度下。,5.0,3.222
sentence_01369,sentence,戰後特殊時期的通貨膨脹並不稀奇,4.667,4.333
sentence_01267,sentence,此舉非常不明智,2.5,4.667
text_01882,text,況且，在對抗外侮的國家動員下，更能掩蓋國內各項既存矛盾，這無論是對正訴諸改革反腐的中國，或是扭轉日本人民對「中國即霸權」的刻板印象，都沒有幫助。,3.667,5.286
text_00604,text,攜程訂單下了，可是酒店內部協調慢，抵達後等了很久纔拿到前臺；前臺男服務員很差，陰陽怪氣的。,2.667,5.778
sentence_00280,sentence,被文貴構陷入獄的老夥伴,3.0,3.0
sentence_00297,sentence,貴族青年魯道夫建造了一座矮小的城堡,5.0,2.25
sentence_00283,sentence,以求得到精神上的超然解脫,7.0,6.333
sentence_00474,sentence,別被末世的法利賽人迷惑,4.0,7.5
text_01726,text,習近平發表「準就職演說」，強調「打鐵還須自身硬」，承認黨內貪腐嚴峻，要下大力氣解決；對照由強硬任事的王岐山掌中紀委，常委排名往前靠，一場「肅貪風暴」可能就此掀開。,5.889,5.5
sentence_02220,sentence,這篇文章把韓粉習性深度剖析到出神入化的地步,6.25,6.5
text_02746,text,但這兩層樓高的鯉魚塑像，其實是私人作品，卻因多次強震，造成鯉魚身上的裂痕越破越大，地主也只能忍痛拆除，以免傷及路過民眾。,3.667,3.111
sentence_00729,sentence,而且郭蹲下去的時候她的肢體僵硬到,3.333,4.0
sentence_00357,sentence,能早來當然會早來,5.2,6.25
text_01960,text,謝春嬌痛批，北市府自己不去主動問內政部，把問題踢給別人，還騙同意戶說法務部沒回函，同意戶已經無法再次相信市府，她要求本週三以前就要給居民答案，否則將發起抗爭行動。,2.778,6.556
sentence_01799,sentence,女方還是覺得不氣派,3.5,5.0
sentence_01323,sentence,激動處青筋爆現,5.0,5.75
text_00422,text,車子的安全是很重要的，這些人等於是用無形的力量在殺人，新一代CAMRY一定會大賣的，但和泰卻可能讓台灣的消費者只能買到不安全的電子花車CAMRY。,4.125,5.5
text_01845,text,其他國家民族暴力攻擊的對象。,3.556,5.0
sentence_00777,sentence,我們只是落向廣袤大地的無數雨滴中那無名的一滴,4.0,2.75
sentence_02157,sentence,看著昨晚的疑問被解答,6.5,5.0
sentence_02284,sentence,到用充足的報酬提供富足和歸屬感,6.0,4.75
sentence_01516,sentence,也不會到中國人那種充滿敵意或蔑視的態度,3.0,3.667
text_02825,text,隨著企業操作科技自動化的程度越來越高，原先封閉的環境可能為此與IT環境和網際網路連線，再加上駭客攻擊的門檻逐年降低，已非高不可攀。,5.286,5.25
text_02903,text,臺北榮民總醫院桃園分院面板科近期治療一62歲的男性病患，因左手中指指甲增厚並從指甲下不停的流出化膿樣的分泌物至醫院門診就醫。,4.167,3.167
text_02593,text,有報導說總統和賴清德民調拉近到3%，總統說是因為內閣改組後，處理問題的速度很明快，至於要不要用手機民調，她會尊重黨內機制。,5.0,3.0
text_00046,text,愛情說到底也不外乎人情，一個連自己都不愛的人又怎麼能去愛人呢？靳辰和蕭志皓，也是身處娛樂圈，纔會讓人對他們同性戀的身份不那麼計較，寬容也是需要環境的。,5.75,4.75
text_01582,text,本篤十六世曾在五年多前對中國天主教徒發出牧函，要求統一中國控制的教會和地下教會，結果情況變得更糟,3.75,4.444
text_02038,text,全國人大常委譚耀宗表示，政府有權提出何時恢復二讀，這是一貫做法，但立法會議員和內務事務委員會亦可提意見。,5.0,3.5
sentence_00075,sentence,又見平成最後的這種傻逼句型,3.0,5.0
sentence_01356,sentence,讓家事糾紛減下去,6.0,6.0
sentence_00219,sentence,其實我只是卑鄙又自私罷了,2.75,6.0
text_01066,text,長榮航空自成立以來一直保持零失事件數及罹難人數之優良飛安紀錄，但因飛航時間僅二十一年，與其他航空公司以些微的差距名列第六。,5.333,4.167
sentence_01470,sentence,在尚未碰觸到肌膚之前就已離我們而去,4.333,4.667
sentence_01901,sentence,洩露太多的內情,3.667,5.333
text_00151,text,本來就想當本笑話書來看的，沒想到難以笑出來。,4.0,5.125
sentence_02427,sentence,一系列目標上倍下賭注,5.0,4.0
text_01965,text,對黨和首領的忠誠，是手握機槍的革命者的基本標誌。,5.444,5.0
sentence_00966,sentence,基督徒的名聲會讓你這種牲人敗壞的,3.0,8.0
sentence_00965,sentence,可別再冒充基督徒了,3.75,6.25
text_02905,text,郭慶表示，伴隨著酒店旅遊市場改革的深入和流量紅利消退，中國的酒店旅遊市場已經從黃金時代、白銀時代，進入青銅時代。,3.778,3.4
sentence_01270,sentence,在任意500米上突破後,6.0,4.333
text_00448,text,油耗的問題有點老生常談，管好黃金右腳，胎壓要足我是36PSI)，機油不要太濃或過量。,5.0,4.25
text_00509,text,你就像是禿頭男，罵頭髮多人的髮型很醜一樣自己的車明明就是不到十萬的破爛喜美不僅沒VSC也沒6氣囊甚至連BAS。EBD甚至又是十多年前喜美的爛車體沒頭髮的人卻罵有頭髮的人髮型很醜真是好笑!勸你開過三台以上的車每一台都開過半年以上再來發表高論學生不要整天打線上遊戲，又跑來汽車版裝專家，會被人看破手腳的,4.0,6.444
text_00833,text,使用房間電腦會收使用費，不過上網是免費的，速度也很快。,6.556,4.429
sentence_01589,sentence,每每總覺得惋惜不止,3.0,6.0
text_00841,text,同事裝的另一大牌本本好多了，bios基本等於廢物，無隨機驅動，網站上只有Vista驅動，跟客服聯繫多時才搞到驅動，還特別自己集成了一張帶SATA驅動的XP安裝盤才裝上，費了很多精力。,3.8,5.833
text_01076,text,老翁家人說，還好後來送醫治療後已無礙，「幸好只是骨折，不是心臟疾病，否則後果不堪設想」。,5.889,3.857
text_02665,text,旅發局主席彭耀佳表示，對於劉鎮漢決定離任感到惋惜，但會尊重其決定，並衷心感謝他多年來致力推廣香港為全球領先的旅遊目的地，並為香港旅遊業作出重大貢獻。,5.5,4.0
text_01279,text,轄區松山分局東社派出所獲報趕到，雙方已沒有爭執，隨後將李送醫縫了四針；吳雖受傷但稱沒事，不用就醫也不追究。,4.125,5.286
text_02810,text,駐紐約辦事處長徐儷文美東時間22日見證州眾議會通過友臺決議，州參議員史塔維斯基與州眾議員金兌錫、牛毓琳、布朗斯汀向徐儷文致贈褒揚狀。,6.375,3.571
text_02344,text,京東到手價137元包郵，買一送一，超值好價，高品質經久耐用線材，MFI認證之選，有需求的值友一定不要錯過。,6.0,4.111
text_00379,text,無知吧!怎麼會有人說Altis好?,3.333,6.667
sentence_00270,sentence,在歷史上的地位,5.0,4.5
text_02745,text,又認為本案被告罪行重大，但監獄裡面可以提供的教化功能有限，因此判處無期徒刑，終身褫奪公權，並要求被告在入監之前，監護五年，治療期精神疾病。,3.375,3.875
text_01155,text,轉播比賽的大螢幕設計位置，還刻意裝在參賽選手後方，要轉頭掌握對手行蹤很困難，此外，參賽隊伍後方，不時可以看見裁判來回走動監督，隊伍要靠作弊奪冠，幾乎是不可能，韓國玩家的作弊言論，有網友覺得好笑，也有其他韓國網友不支持。,4.5,4.625
sentence_01888,sentence,最終動搖華國鋒執政的理論基礎,4.4,5.4
text_00480,text,有ESP一定可以增加失控後的恢復，或是阻止失控，至於能恢復多少要看當時的環境但沒有ESP，就是看自己的運氣了好笑的是，有失控經驗並存活下來的人的人不見得能體認到車子需要ESP這類系統這種人就是我老婆，上次他們家老可在高速公路上打轉轉，天氣晴朗,4.857,3.714
sentence_01599,sentence,還結合日本印度與菲律賓軍艦闖入中國南海,4.0,3.8
sentence_01520,sentence,野心利己的俄國到了?後退,3.667,6.0
text_00292,text,PS相信沒有任何一家車廠敢保證自家的車子出廠都沒問題。,5.0,4.857
text_00082,text,閨蜜總是在半夜三更給我訴苦，說她十分想念某某某，甚至想得廢寢忘食，在那個男的對他呵護備至要星星給星星要月亮給月亮的時候她三天兩頭玩失蹤，如今人家有了女朋友她就要死要活了。,3.0,5.375
text_00742,text,酒店環境不好，氣氛也不好，我和老婆剛剛住進去就有小姐打電話來問要不要特殊服務，真是恐怖，老婆說啥也不住在那邊了，最後，我勉強說服老婆住了一晚上，但是到了後來，更是恐怖，居然沒有開水供應，然後，還要自己燒水，但是燒水壺居然已經長了毛，後來有個服務員勉強給換了一個，但是還是這樣，我當時不知道該說什麼好，最後我們買的礦泉水，勉強對付了,2.857,6.286
text_02103,text,庫克稱，蘋果一般不會對外公佈這些併購訊息，因為併購物件的規模往往較小，蘋果主要看好其人才和智慧財產權。,6.0,4.0
text_01698,text,他這個人開朗樂觀，早期也在海外從事台灣民主化運動,6.0,4.571
sentence_01652,sentence,那時其實用不到這樣衝撞大門,4.0,5.0
sentence_01121,sentence,一個被冤枉下獄的人,3.0,5.0
text_00391,text,而我純粹以一個看不慣的路人的角色在發言，我不認識樓主，但願意幫他說句公道話。,5.143,5.143
text_02783,text,很多人在生活中都會有一些自己的習慣，雖然經常得不到旁人的理解，但是真真確確地可以幫助自己提高生活幸福感或者工作專注度。,6.5,3.875
sentence_02474,sentence,而且放在客廳乏人問津,4.0,4.75
text_00242,text,若干年後，時過境遷，韓琳依然是薑士安心底的最愛，韓琳也能愛了，但薑士安不能了，社會、道德、良心，兩個人經過了苦苦掙紮……,4.333,5.4
text_01013,text,上網文字處理這些就不說了，集成的聲卡質量比以前用的R61有所下降，音量倒是夠，顯卡略微有些不足，但低配能達到這個效果還是滿足了。,5.222,4.875
sentence_02176,sentence,溫度適宜又有風吹,6.333,3.0
text_01623,text,在美國已觸犯人口販運法令，但劉姍姍在臺灣卻被判無罪，而臺灣的《人口販運防治法》公佈至今，由於認定條件嚴格因此沒有1位法官引用該法定罪，更讓臺灣的人口販運防治政策沉淪,3.8,4.857
text_01802,text,條款提案人、民主黨參議員韋伯表示，條款強化美日同盟的重要性，是美國支持亞太地區重要盟國強有力的表態。,5.25,4.429
sentence_00016,sentence,基隆市長施政滿意破七成,6.5,4.6
text_01303,text,由於前2場比賽中，卡爾瑟斯都扮演了關鍵的角色，因此AZF第3場使用禁止使用角色的權利，禁止雙方使用卡爾瑟斯，不料此舉正中TPA下懷。,4.75,4.75
text_00967,text,優點多多，不一一贅述，主要是速度，製作工藝，堅固性和品牌偏好度。,6.333,5.6
text_01640,text,國內酒駕肇事頻傳，馬英九總統昨與道路安全、反酒駕團體座談時撂重話，要求警方只要攔檢酒駕者超過酒測標準，就要立刻移送，讓酒駕者最多失去廿四小時自由，「現在就可以做」。,4.333,5.143
text_01836,text,據轉述，馬指出，有的國營事業屬於獨佔、寡佔，有的則要面對自由競爭，情況都不相同，他支持改革，「行政院也支持這樣的改革！,5.556,4.375
sentence_02348,sentence,偏東風晴朗炎熱,5.667,2.333
text_01641,text,一個殺人工具」，如果這個時候還說要想到保護酒駕者的人權，沒有想到可能被酒駕者傷害的人權，「這個是我們政府在殘忍，對這些被害人在殘忍！,2.375,7.375
text_00613,text,但這次7月上旬的入住新推出的特價雙人房，朋友反映房間比以前小多了，總體比以前的的套房差多了。,3.625,5.286
text_02438,text,勇於挺身挑戰、捍衛自身尊嚴、不屈服強權與對自己專業充滿自信的官僚，也許正是柯文哲最想從日本民族身上全盤移植的。,6.143,4.429
sentence_02507,sentence,的算寫的工整的了,6.0,4.5
sentence_00377,sentence,懶得和他起衝突,4.667,4.333
text_02094,text,今天Windows10May2019正式開始推送，除了WindowsUpdate更新方式之外使用者還可以通過更新助手、媒體建立工具來提前安裝。,5.75,3.375
text_01783,text,針對經濟學人的批評，總統府強調，國內外政經局勢變化頗大，執政團隊將持續檢討，馬總統對於目前的成果也不滿意，執政團隊會上緊發條、積極改進、全力以赴，希望能早日帶領臺灣走出低谷，也盼全民能秉持信心和政府一起突破困境。,5.667,4.5
sentence_02305,sentence,其不過是牲畜惡共的殉葬品,2.0,6.5
sentence_01353,sentence,有個要考詩大的男孩在和我調情,4.667,4.333
sentence_00898,sentence,流氓行徑造反訓練的,4.0,3.0
text_02081,text,5月7日訊息，近年來，隨著監管深化，網貸行業持續不斷地調整，截至今年4月，正常運營的網貸平臺數首次跌破千家。,4.8,5.333
sentence_02566,sentence,而且不受防火牆阻隔,5.75,5.25
sentence_01254,sentence,雖然知道砲口應該要朝向上級,4.6,5.0
sentence_01394,sentence,丟棄支那廉價產品,5.0,5.667
sentence_02404,sentence,然後夢中把舌頭臉頰咬得都是破洞,4.0,4.75
sentence_02187,sentence,和進取的人在一起,7.0,4.5
sentence_00445,sentence,這就很能說明問題了,6.5,5.75
text_01985,text,所以就情感以及理性面來講，偽FACE狗良養團體真的沒有存在的價值。,3.7,5.833
sentence_00770,sentence,擔當的他可以分擔唱歌時的高音,7.0,5.5
text_02515,text,禮堂內擠滿了康仔工運上的朋友、共事多年多年的戰友、協助過的工友.......禮堂內臨時加了很多椅子，但都不敷應用。,5.429,4.143
text_02709,text,喬媽生前長達7年時間看不到女兒一面，因此在臉書開設專頁，一字一句寫下思念女兒的心情，如今她的學生也在網路上曝光喬媽的真實模樣，讓不少人紅了眼眶。,3.889,4.333
text_01745,text,當下便宜好操弄，但對未來卻傷害大、成本高，民進黨對中國應該要放下仇恨。,6.125,5.167
sentence_02066,sentence,新奇的故事來包裝,6.0,2.0
sentence_01762,sentence,又令卡特連任失利,3.6,3.25
sentence_00634,sentence,但在這個噱頭下這部番真的太平庸了,4.333,6.0
sentence_00335,sentence,吉他喝多了在狂笑,6.667,6.75
sentence_00339,sentence,摔筆或是很用力劃掉原稿,3.0,7.0
text_00803,text,吃得我們撐死~哈哈地理位置也比較好，就在繁華的文昌路上,5.556,6.0
text_02498,text,馮永業又強調，絕對無出賣對香港政府的忠誠，亦?對無利用二人關係收取對方51萬元臨時按金而濫用公職人員職位，以處理港聯直升機有關申請業務。,4.667,4.286
sentence_00032,sentence,自願簽署捐贈協議,6.25,4.75
text_01988,text,支持服貿就是錯事?,3.333,6.286
sentence_00682,sentence,資訊多到數不清的世界,5.667,5.667
sentence_00660,sentence,這不就郭臺銘版的功德說,4.0,6.0
text_00261,text,我的兒子今年5歲，上幼兒園小班，他可愛看書了。,6.667,5.25
text_01046,text,李安在奧斯卡獎頒獎前一壯聲色。,5.444,4.286
sentence_00126,sentence,給錢也的確是她唯一的表達方式了,4.5,3.4
text_00521,text,這你就錯了!懂車的人注重車的人真的不會去開TOYOTA這你慢慢去外面觀察跟多交交有開車的朋友就知道了!!另外你說:有些冷門車的車主自以為很有品味很懂車那些人的車在別人眼裡可能比toyota更像垃圾你得這段話真得很可笑!還挺想聽聽看哪些是你認為冷門的垃圾車?,3.25,7.167
sentence_01402,sentence,淘汰圈僅熟過關,4.5,5.0
sentence_02100,sentence,誰在隱瞞境外存款,3.4,5.75
text_01710,text,國家安全和發展利益逐漸超出傳統領土、領海與領空範圍，不斷向海洋、太空、電磁、網絡空間拓展，形勢將要求軍隊必須提高保護「利益邊界」的能力。,5.6,4.625
sentence_00433,sentence,我說什麼都要被他們否定,3.0,5.75
sentence_01336,sentence,首先中國的工業用地價格就會暴跌,3.667,6.333
text_02426,text,曾經過於在意他人眼光的自己，在時間的淬鍊下，成為一個懂得如何舒適做自己、但同樣保有善良、溫柔、知性的女人。,6.625,4.125
text_02568,text,也未考慮到每個既得利益的權力高位都有50%機會變成真空狀態，搶奪權力和資源的行為根本不會因為有半數人被殺而停止，搞不好還會更會加劇。,2.667,5.571
sentence_00398,sentence,不斷向著自己的目標前進,7.5,6.0
sentence_01382,sentence,最淺顯易懂的方式推廣蔬食,6.4,4.5
text_01454,text,「我不怕鬼，很怕蛇，但又喜歡看蛇，只要有關蛇的，我都喜歡看。,5.667,4.75
text_00340,text,我不是那台小黃，我想保養廠我就保留，因使用TOYOTA以10多年。,5.111,4.143
text_01304,text,TPA改用「發條少女」奧莉安娜、「武器達人」賈克斯、「暗夜獵人」泛的快速突進組合，打了AZF一個措手不及。,6.25,5.5
text_01568,text,有了充足的財源，但武裝份子卻缺乏取得重型武器的管道。,4.125,4.0
text_01193,text,我問過很多孩子，他們都願意去學一門手藝，在學校打瞌睡的日子很難熬，老師和學生都很痛苦，在教室當「客人」的感覺很差，怎麼可能培養得出競爭力？12年國教說要「成就每一個孩子」，我很想知道，教育部要如何「成就」這樣的孩子？,2.5,5.875
text_01642,text,員警利用跟檢察官共用憲法規定的廿四個小時，讓酒駕者會失去自由，「現在就可以做」。,4.778,4.571
sentence_01571,sentence,老袁這期節目裡的那位在美國的狗屎中產階級怎麼那麼缺德阿,2.667,6.0
sentence_00950,sentence,她跟我講了一些令人作嘔的餐館幕後事,3.0,5.667
text_00631,text,趕緊走人換到了陽光酒店.,4.0,4.75
sentence_02445,sentence,傾倒出異香盈室的酒液呈現烏金色,5.333,4.0
sentence_01070,sentence,又要去看贊助孩子的才藝表演,5.5,5.667
text_02063,text,哥吉拉、摩斯拉、拉頓與王者基多拉等超級物種，如今重新出現在地球，牠們都想爭奪至高地位，也人類陷入生死存亡的危機之中。,3.833,4.5
text_02437,text,除撒哈拉以南非洲、南亞和其他地區的少數國家外，大多數地區農村的飢餓、消瘦和發育遲緩正迅速被超重和肥胖取代。,3.0,4.556
text_01467,text,驚悉真相後，在殯儀館守靈的林嫌之母數度崩潰，林嫌之弟震驚，愣了半晌，後來才說哥哥最近才搬回家，個性沉默孤僻，很少和家人互動，做事衝動。,3.125,4.857
text_02486,text,這最終成為了一個名為騰訊微信的創新與敏捷的商業案例，正式進入倫敦商學院戰略與創新課程，在本週第一次上課。,6.0,4.625
text_02683,text,一，Youmustlikemeforme這句話節選自大家最喜歡的TaylorSwift的歌曲Delicate。,5.25,2.625
text_01430,text,甚至微軟以併購方式買下Skype，並計畫將MSN帳號與Skype合併，但是失去的舊有優勢恐怕不是當初可以預料的。,4.0,3.857
text_02694,text,男嬰母親求助無門，只能一一私訊請對方撤文，律師提醒，男嬰過世後已經不需要集氣文章，若網友擅自盜圖竄改內容，已經觸法。,3.857,4.5
sentence_00104,sentence,當今更是隻許州官殺人不許百姓?雞,3.0,5.0
sentence_00123,sentence,最討厭每年過年親戚間虛偽的拉拉扯扯,2.333,7.333
text_02743,text,我是國民黨員，但在5月17日看到韓國瑜宣佈願意參與國民黨總統初選，也就是市長當不到5個月就想落跑去選總統，被同黨的同志所騙，我們感覺很可恥！,3.25,6.25
sentence_00826,sentence,又稱季節性懶惰症候群,4.0,4.5
sentence_01681,sentence,中國社會變得經濟上愈發具有剝削性和權貴化,3.5,5.0
sentence_00507,sentence,我已經是瑟瑟發抖了,3.0,6.0
text_01238,text,遊戲基地總經理江文忠：「像電玩打怪，就會經驗值就有錢，可以立即得到一些成就，那在工作上如果有機會變成這個樣子，在工作上有機會，做每件事情都有評核的標準，他就會知道怎麼去努力得到他的獎賞。,5.714,5.0
text_00868,text,機器運行狀態有些電源等等的白色指示燈很漂亮內置話筒和攝像頭視頻比較方便人性化的設置比較多如開機狀態在電源插入和拔出的時候有警告聲易於控制工作時間靜音鍵快捷導航鍵等等還是有一些比較出色的UE方面的設計發熱量一般有好幾種電源模式可選送貨速度快服務好,6.5,3.75
text_01458,text,同齡的國民黨立委馬文君，南投家中經常有蛇造訪，消防隊已經不知來服務過幾趟；她印象中，家裏發現過最大的一條蛇是長達兩公尺的「臭青母」，還打破南投埔裡消防隊的紀錄。,4.778,5.111
text_00916,text,跑遊戲還是差了一點點。,3.667,4.167
sentence_01623,sentence,我們憶起了那些我們忘卻的艱辛,5.667,4.0
text_00599,text,兩個人住標準間，只給一張房卡，還很挑釁的看我。,3.375,5.375
sentence_00448,sentence,你也許會很失望,3.5,5.5
sentence_02103,sentence,獨創韻雕添歷史新篇,6.5,3.333
sentence_00703,sentence,我腦子裡智慧多到滿出來,6.5,6.2
text_00734,text,攜程推薦此賓館是不注重會員的基本利益。,4.625,3.875
sentence_00829,sentence,永遠都很耀眼的兩人,7.0,5.667
text_01039,text,治平對象，桃園警方昨查獲魏懷良等23人，依組織犯罪條例送辦。,5.0,4.625
sentence_02528,sentence,和聖徒洛中九老會,5.0,2.8
text_02502,text,最近，來自中國的科學家開發出新型發電機，能夠直接從海水提取並補充電力，不用再擔心海下探測器無法長時間運作，或需要額外攜帶笨重的電源系統。,6.444,3.889
sentence_01506,sentence,被孕妻趕出再婚,3.0,5.0
text_00997,text,ThinkPad基因之一機器雖然有點重，但是感覺很紮實，比某些“娛樂本”紮實很多。,6.111,4.286
text_02131,text,這部奇幻背景電視劇的最新一集，在打敗夜王之後主角們聚在一起進行慶祝，但龍女王DaenerysTargaryen面前的桌子上卻不合時宜的出現了一個星巴克咖啡杯。,4.714,2.429
text_00352,text,很多車主抱怨新車怠速抖動嚴重----冷車時更嚴重。,3.25,5.667
text_02487,text,苦主網友進一步說明，自己雖有認出該藝人身分，但一來領0元包裹本來就必須連萬能的超商店員都沒辦法忍受這等奧客行為了！,3.286,6.25
sentence_00059,sentence,然後這一年多才突然感覺到自己真的在玩同人了,5.0,4.667
text_01693,text,以下這段話更清楚：「我們會對怪手入侵農田義憤填膺，我們會對建商強拆民宅無法坐視，我們也會對公共媒體被資本家把持而憂心忡忡」。,3.333,6.222
sentence_01713,sentence,為什麼把摺疊傘收整齊那麼難,4.5,3.5
sentence_01227,sentence,我是百分百的深有同感,6.0,7.0
sentence_00116,sentence,有了喜事和人分享,7.0,5.667
text_01872,text,蘇貞昌強調，新聞自由爭取不易，還有鄭南榕自焚犧牲，共產黨發覺臺灣人壓不倒、嚇不怕，竟改用買的，火大的臺灣人民要站出來嗆馬。,3.0,7.0
sentence_00753,sentence,韓指環評增加業者負擔,4.0,4.2
text_01925,text,外交部表示，災區7日又遭挾帶強風及雨雪的冷氣團襲擊，各地積雪達數吋到1呎多不等，災情雪上加霜，美國聯邦及地方政府已積極展開救災及復原工作。,4.0,5.0
text_01878,text,一個恢復白臉很久的朋友在臉書發言剛剛有一個朋友說:他寧可死於核災，也不願意被林義雄威脅。,3.444,5.778
sentence_01416,sentence,別那麼多疑敏感,4.0,5.0
text_02633,text,亞洲吃貨們，熊貓大廚做了桌熱騰騰的火鍋……作為2019年中國最重要的主場外交活動之一，亞洲文明對話大會正如火如荼地舉行。,6.571,5.0
text_01322,text,校方已成立「方小弟弟愛心捐款帳戶」，接受各界捐款濟助方家。,6.2,5.75
text_02436,text,維基解密在宣告中表示，阿桑奇在厄瓜多駐倫敦大使館待了近7年，期間他的健康狀況已經顯著惡化，他在貝爾馬什監獄的7個星期裡，健康狀況持續惡化。,3.571,5.286
text_01772,text,真的很簡單馬英九這輩子做過四件最惡毒的事情，第一件惡毒的事情選贏陳水扁，重點是讓他沒連任太惡毒了.,3.0,5.5
sentence_00688,sentence,也可設定燈光亮度,5.6,3.0
text_00248,text,夢想一旦實現就不在具備夢想的屬性，愛情亦如此！,4.714,4.875
sentence_01101,sentence,你是全世界最不齷齪的人,6.75,6.5
text_01622,text,天主教新竹移民及外勞服務中心主任、澳洲籍神父吳嘉德表示，今天是「國際移工日」，但臺灣的移工權益卻屢遭忽略。,3.333,5.25
sentence_00198,sentence,從小我經常覺得現實很無聊,3.667,4.333
sentence_00008,sentence,與運動神經拔群的模特體型美少女,6.25,5.25
text_02327,text,這座城市有一群野心勃勃的人，他們不但可以將房子搭建得有趣、有顏、又有料，更打算將明天也塗上屬於自己的顏色。,7.0,5.375
text_01119,text,有人則說臺灣失去了一股正義力量，請各位網友默哀三分鐘。,2.875,5.857
sentence_00780,sentence,用純真的心看見,7.4,5.0
text_00044,text,愛情中的把持與堅韌，真的太讓人感動。,6.375,5.333
sentence_01288,sentence,才是造成你目前窘迫陰鬱懊悔心態的原因,3.333,5.667
sentence_00300,sentence,從美國推進貿易談判的情況看,5.0,2.667
text_02842,text,在三腳督對戰情形下，之前民調始終領先的高雄市長韓國瑜的支援度竟輸給臺北市長柯文哲，兩人呈現旗鼓相當態勢。,5.0,4.889
sentence_01919,sentence,畢竟我家庭美滿,7.333,5.667
sentence_00538,sentence,真心覺得她很強,6.5,5.0
text_01242,text,手銬不斷敲打，試圖用強大的撞擊力讓手銬鬆脫，就這樣東敲西打一通，手銬總算順利解開，侯姓男子開心的直向警方道謝，直說以後再也不敢亂玩手銬了。,5.0,5.167
sentence_02173,sentence,整個連貫動作相當戲劇性,6.0,6.0
sentence_01180,sentence,不瞭解他的性情,4.0,3.667
text_02577,text,結合身分證與自然人憑證這次的數位身分證主要是結合過往的國民身分證以及自然人憑證，提供實體與虛擬的身分辨識。,5.286,2.75
text_00057,text,一段悽美的愛情故事，當文字也在哭泣時，或許我們就懂得什麼是悽美，什麼是悲情。,3.889,5.167
text_02039,text,更別提如果自由工作還沒上軌道，一個禮拜只有兩件正經事，對社會和人生毫無貢獻，會頓時覺得自己化身為存款簿的米蟲。,3.0,4.889
text_00652,text,更可怕的是3日淩晨小偷竟兩次光顧我的房間，而且有鑰匙打開房門，幸虧我上了防盜鏈，沒有進來。,2.556,6.333
sentence_02551,sentence,1948年中國物產豐饒,6.5,3.0
text_00086,text,我決定把這本書借她看看，讓她覺悟，讓她陰暗的心裏面重見陽光。,6.444,5.875
sentence_01398,sentence,綁架了中國人民,3.0,4.667
sentence_02339,sentence,再搭配有光澤的底妝,6.0,4.0
text_02055,text,近期好價，有需要的值友可以入手~本款雨衣採用EVA耐磨面料，無味半透明，經久耐穿，防風擋雨，帽子帶有防風加固帽繩，帽子不易被風掛亂，適合雨天步行外出時穿著。,6.429,5.167
sentence_01607,sentence,靈魂的崇高情感,6.667,3.667
text_01574,text,由於美國、英國決定不派兵到馬利，法國也希望避免軍力部署過度，因此西方各國只能倚賴當地軍隊，但當地軍隊並不會全盤接受外界建議。,5.0,4.0
sentence_02401,sentence,但油炸後分解更多的芳香脂類物質,5.0,3.6
text_01560,text,反對針對婦女暴力全國委員會統計，1998年至2010年，印尼發生4845起強姦案。,2.571,4.714
sentence_00376,sentence,只能接受勝利不能接受退守,5.5,6.5
sentence_01425,sentence,這件事情的本質是北京蔑視加國的司法主權和人權,2.5,6.5
text_01609,text,另一方面，美國又不斷加強在釣魚臺附近海域的軍事部署力度，試圖以軍事手段壓制中國，逼迫中國不再採取強硬反制措施。,4.111,5.75
sentence_02235,sentence,建議找後路撤退,5.0,4.0
sentence_00767,sentence,以其壯觀的自然環境,6.5,6.333
sentence_02368,sentence,可支那的地盤49年以來一直在縮小,3.333,5.333
text_01788,text,更糟的是，政策經常轉彎，遇反對或批評就擋不住，顯示他的寡斷。,3.333,4.857
sentence_02003,sentence,可是都不幫我加薪,3.6,5.75
text_02727,text,實際上，人們更多關注於屁對於自身的健康影響，鮮有人關注屁對他人健康的影響，恰恰這種被人們所厭惡逃避的臭屁是對我們的健康有好處的。,5.857,3.75
text_00534,text,如果是直線因該會比較好一點.,4.5,4.625
sentence_00084,sentence,然而他也無可奈何,4.0,3.75
sentence_01365,sentence,悲慟的心被溫情包裹,6.0,5.5
sentence_02108,sentence,但是我很有志氣,6.667,6.333
sentence_02080,sentence,今天的淚水會使明天的你更加茁壯,7.333,6.0
text_02402,text,巴以衝突升級已致20多人喪生逾200人受傷--法制網法制網5月5日，在加沙城，巴勒斯坦人檢視在以軍空襲中損毀的房屋廢墟。,2.833,5.429
text_01976,text,年慰金議題也是，民進黨立委管碧玲去年十月十五日總質詢時拋出年慰金問題，適逢勞保爆發財務危機，立即遭各界抨擊是不公不義。,3.0,4.5
text_01628,text,平心而論，在野黨主席出訪外國，近年已成慣例，蘇貞昌訪日自然無可厚非，但其時機拿捏是否得當？顯然很有問題，除非蘇貞昌目的只在造勢，只求宣傳效果，否則其政治智慧就大有問題；其次，民進黨既仍想走「聯日制中」的老路，當然不可能表達嚴正立場，更不會就臺灣擁有釣魚臺主權對日方強烈抗議；再者，蘇貞昌本身既無足夠的份量，縱使有心調解，也完全沒人理會；可以想見，他最多只能提出「日方必須重視臺灣漁民權益，儘速恢復漁權談判」一類的場面話。,4.111,3.833
text_00007,text,兩代人之間的鴻溝在優美的文字中慢慢地彌合，讓我回味、思考了很多。,6.4,4.571
sentence_01923,sentence,那些可以出賣的靈魂是騷動的,4.0,5.0
text_00741,text,住過的最差的之一１．房間極其悶，在高原本來就缺氧，悶在房間裏極易加劇高原反應；２．簡陋。,2.667,6.714
text_01095,text,朱男坦承殺害女友小弟，挾持女友本可行兇，但在員警到場後丟棄兇刀，顯見猶念舊情、良心未泯，且並非預謀殺人，是一時激憤，尚未達到非執行死刑不足以實現正義的餘地，審結後駁回上訴。,3.125,5.833
sentence_02007,sentence,消防車有瑕疵沒辦法供應水滅火,3.4,3.0
text_02853,text,北京大學原校長周其鳳校長髮表致辭，周校長表示品牌日對我們國家將來可持續的繁榮昌盛是非常重要的，因為一個好的品牌是可以代表一個民族的精神、自豪、驕傲和價值。,6.625,3.875
sentence_00593,sentence,你沒辦法照顧到我,3.0,5.0
sentence_02536,sentence,讓大量低頻率人類退場,4.333,4.0
text_00440,text,難道台灣人的命不值錢嗎?,2.75,7.25
sentence_02212,sentence,我也就心灰意冷,2.667,4.333
sentence_01048,sentence,他們兩邊都受騙,3.2,5.0
text_00882,text,磨砂屏，適於商務應用，長時間使用不易視疲勞，可自動調節螢幕亮度。,5.25,4.333
sentence_00195,sentence,米洛舍維奇等獨裁政權,4.0,3.2
sentence_00495,sentence,它還有多少空間可以造謠撒,3.0,5.0
sentence_00847,sentence,川普總統認為美國吃虧上當太久了,4.5,4.75
sentence_00887,sentence,不用再假裝自己在乎我,3.0,7.5
sentence_01182,sentence,英國和美國共謀把色情視訊和教學視訊放在谷歌視訊檔案裡面,3.667,5.333
sentence_02072,sentence,之後疲累地睡去,4.667,2.333
text_01132,text,他希望，在這1年中最特別的時刻，每一個家庭，都有溫暖的團聚；讓親人的愛和溫暖，帶來最深的祝福。,6.143,4.5
text_02509,text,比如看英劇的鄙視看美劇的，看美劇的鄙視看日韓劇的，看日韓劇的鄙視看大陸劇的，看大陸劇的鄙視看印度劇的。,3.857,3.857
sentence_02015,sentence,成年後鍾情文學,5.333,2.333
text_01652,text,他說，然而馬英九當年提出「六三三」，也勝選贏得總統，代表人民對他所拋出經濟成長的政策有很高的期待，所以如今纔有這麼大的失望。,2.889,5.778
text_02078,text,與此同時，Cortana也由搜尋框中分離了出來，不過這似乎更多是個介面上的改動而已，而不是真的將兩者做區分——你依然可以在搜尋框中執行Cortana的工作。,5.0,2.0
sentence_01666,sentence,食物都遭受莫大的汙染,3.0,6.5
text_01210,text,不過，日本情人節巧克力就是女送男的觀念，似乎已經落伍。,4.333,4.857
sentence_00901,sentence,精選百聽不厭西洋情歌,6.6,6.0
sentence_02525,sentence,某王爺意味深長地勾了勾脣角,4.667,4.667
text_00711,text,酒店剛剛裝修好，有點氣味，我能忍受，同事不行。,3.556,4.222
text_02107,text,Lilium原型機不但能像直升機一樣垂直起降，也可用於水準飛行，最高時速300公里，航程可達300公里...是不是有奇點已到的感覺？,6.1,4.111
text_01174,text,如今，南韓光靠遊戲產業，就賺了不少錢，電競選手也享有高額薪水與社會地位。,6.333,3.667
sentence_01904,sentence,秦的軍團也會僵化,4.0,5.333
sentence_00480,sentence,在我的生活中有著獨特的巴貝多文化投入,5.667,6.333
text_02294,text,雖然新照片與舊景點圖片的風格沒有太大的差別，但它巧妙在故作不經意地將穿了TheNorthFace服裝的人物和品牌Logo亮了出來。,5.444,3.0
sentence_01920,sentence,他本人很開朗也很貼心,7.0,4.5
sentence_01872,sentence,客體的束縛將不復存在,6.667,4.667
sentence_00042,sentence,獨處還需要花學費學習,4.0,6.5
sentence_02322,sentence,感覺嗓子都可以噴出火了啊,4.5,4.5
text_01898,text,花了點時間看了賤民解放區的文章，不得不說，這是目前我看過批判力道最強的反服貿，不，正確來說是反經濟全球化的論述。,4.5,6.625
text_00227,text,生相，悲苦的，樂觀的，勇敢的……厚厚的一本傳記，卻給予我們很多讀者很多的精神力量。,6.333,6.125
text_00221,text,謝謝你的提醒，閔中衷心感謝,6.375,5.667
sentence_01068,sentence,連掩飾都不掩飾,3.333,6.0
text_01661,text,國民黨立委陳根德12日在立法院會中要求行政院長陳沖對是否要特赦前總統陳水扁一事表態，儘管陳沖強調，特赦是總統的職權，不過在陳根德再三逼問下，陳沖說，「是可以讓對立的氣氛和緩」；這句話，讓陳水扁的兒子陳致中13日在臉書上發文感謝，強調「陳院長一席話，讓我很感動、很感謝」。,5.889,4.889
text_00182,text,好心情是要分享的。,6.5,4.857
text_01106,text,大陸官媒報導，陳克貴當庭表示不上訴；但陳克貴父親陳光福對兒子「被宣稱」不上訴，以「肯定有戲」表達質疑。,3.556,4.286
text_02293,text,從下個月開始，這些認證將出現在廣告中，讓觀眾知道這些診所是提供墮胎還是不提供墮胎服務，以防止觀眾被誤導。,5.0,3.0
text_01286,text,「最後一戰」自2001年發行至今已邁入第11年,5.7,4.8
sentence_02092,sentence,再唆使狗城管沒收罰款,4.0,4.0
text_01448,text,馬總統並表示二座國家級的客家文化園區規劃完善，希望大家都能去參觀親近客家文化。,6.6,4.667
text_00419,text,這...這讓我覺得我的家人真是偉大。,6.333,4.833
text_00520,text,如果不常跑高速公路，比方說小黃如果後做不常帶小孩，或是只有偶爾載不熟的朋友那安全配備低一點無所謂，可以省很多錢台灣人命的值錢程度隨著國力不振早就成長有限只能說，不同產品有鎖定不同客層想要強調安全的，自然會去買其他車廠的或是進口車不然去買Lexus啊....安全氣囊或是ESP都少不了的便宜就是有便宜的做法，有錢能買汽車，誰想要騎機車去肉包鐵呢?,4.0,5.429
sentence_01451,sentence,盡管當下仍然阻礙重重,5.667,5.667
sentence_01951,sentence,至此雙方依然陷於僵局,4.0,3.75
text_01058,text,她不否認PO美照及文章，某種程度也是滿足虛榮心，看到贊數不斷累積，代表曝光度越來越高時，很高興。,5.889,5.0
text_01780,text,基於對科學的信仰，我決定以後在中國共產黨及人民行動黨之中擇一支持。,4.5,5.75
sentence_01661,sentence,特赦不同黨的叫寬大,6.25,5.0
text_01299,text,「英雄聯盟」遊戲去年首度舉辦世界錦標賽，總獎金高達二百萬美元，目前全球有數千萬玩家，臺灣也有上百萬玩家，主要是大學生，號稱每十個大學生就有一個玩過英雄聯盟。,5.667,5.286
sentence_02143,sentence,逼近我朝東邊邊境,4.667,4.667
sentence_01699,sentence,削減製造業產能,4.0,4.667
sentence_00021,sentence,朱社長又在臉書罵小英沒有履行承諾,3.5,5.333
sentence_02439,sentence,焚燒橡膠產生大量濃煙影響全市空氣品質,3.0,4.4
text_01404,text,佛貝森兄弟安樂死案獨特之處在於，兩人都非末期病患，身體也未受痛苦。,4.444,3.857
text_00525,text,瞭解到它是一部主動安全缺乏的機器！,3.625,6.167
text_00818,text,入住時酒店的服務很好，大堂和房間一般，入住後發現房間的硬體較差，比如空調，馬桶，尤其是電視遙控器非常差，幾乎不能用。,3.0,4.571
sentence_00909,sentence,畢竟給國人信心也是一國吉祥物的工作,6.0,5.25
text_02297,text,目前，全球主要國家均在搶佔5G商用部署，爭奪新一輪產業鏈的高地，國家間的激烈競爭，可不會只為了一個噱頭。,5.167,6.333
sentence_02167,sentence,分紅除可轉換為樂天點數,6.0,4.333
text_00629,text,連梳頭的時候都從頭上梳出一隻小蟑螂，太可怕了.,2.3,6.833
sentence_00201,sentence,鼓勵當地民眾學習,7.5,4.4
sentence_00245,sentence,可能繼續活著總會看清,5.667,5.667
text_02054,text,害怕退休的人也不少，尤其如果是非自願退休，職場繁華瞬間落幕，若未做好準備，所有考驗迎面而來，加上生活失去重心，憂鬱症就可能來襲。,3.667,4.444
text_00410,text,「真奇怪，明明就是有很多人有這個問題，卻還是有人要護航」你也真奇怪，我的RAV4就真的沒問題，啥護航不護航！,3.125,6.111
sentence_01639,sentence,女病人醫院發狂搶剪刀,3.0,5.333
sentence_02135,sentence,如果因為週邊只有一項就覺得簡陋,4.0,6.0
sentence_00285,sentence,寂光院更顯精巧別緻,6.4,5.25
sentence_01552,sentence,中描述了這些祖先一千年沒跳過舞的女人是如何為共黨迫使教唆而起步的,3.667,5.333
text_02539,text,過度飲酒對健康的損傷巨大，包括成癮、精神病、失智、肝硬化、胰臟炎、心臟病及口腔癌，食道癌，大腸直腸癌及乳癌等各類疾病。,3.143,3.375
sentence_00205,sentence,技能和經驗獲得極大值,7.5,6.5
text_02051,text,第三期分享人我們邀請到中國最知名的女性投資人徐新，她於2005年成立了今日資本，娃哈哈、網易、京東、美團、知乎這些著名公司的背後，都離不開她的資本支援。,5.429,3.286
sentence_01619,sentence,劇情突然變味了,4.0,5.0
text_02396,text,天貓花語自由旗艦店現有富貴竹，原價8.8元，使用1元優惠券後，7.8元到手，不含盆，送生根粉，適合臥室、辦公室和客廳中使用，寓意美好，建議有需求的值友別錯過。,6.625,4.556
sentence_01899,sentence,有恆產者有恆心,6.667,3.667
sentence_00337,sentence,故事因為劇透而讓人沒興趣再往下讀,3.0,5.0
text_02157,text,曾經高呼為夢想而窒息的樂視網創始人賈躍亭，自2017年7月赴美造車至今一去悠悠，如今卻快要讓26萬股民集體窒息了。,3.125,4.857
text_00769,text,急趕飛機，申辯無效後就氣憤的付錢走了這樣的服務態度，真讓人失望下次我應該不會再選擇它了,2.1,6.556
text_01324,text,平日非常疼愛方小弟的校長在致詞哽咽地說，「我們大人對不起你，沒給你一個安全的環境，讓你來不及長大，希望你在天上當個無憂無慮的小天使，從此遠離危險，永遠快樂。,2.875,6.143
text_01575,text,阿爾及利亞的軍力沒問題，但不積極與美國或其他國家配合。,4.714,3.667
text_01701,text,針對馬英九總統反對國公營事業績獎齊頭平等，更肯定親民黨立院黨團所提的主張，親民黨立院黨團總召李桐豪今（16）日反問馬總統，儘管親民黨是在野黨，但是提出合理解決問題的方案，「這些不都是國民黨團該做的嗎？」李桐豪強調，績獎問題不能大家互相拿刀殺紅眼，「既然總統也肯定親民黨，希望行政部門、國民黨立法院黨團能夠認真看待問題！,5.111,4.778
sentence_00369,sentence,我值得被你這樣嫌棄,4.0,6.0
text_01139,text,多數的臺灣網友樂見其成，稱讚臺灣終於出現可以與南韓「少女時代」PK的團體。,6.5,4.857
sentence_00934,sentence,老子脾氣火的很,3.0,8.25
sentence_01609,sentence,在支那人觀念中只有壓倒別人,3.0,6.333
text_00122,text,花樣年華中的往事一幕幕浮上心頭，多麼慶幸我們擁有過那麼美好、恣意的青春。,6.889,4.375
text_02858,text,現在你大嚷起來，驚起了較為清醒的幾個人，使這不幸的少數者來受無可挽救的臨終的苦楚，你倒以為對得起他們麼？,3.0,6.5
text_02543,text,曾經她認為，一個人無拘無束、自由自在的生活是一件非常輕鬆愜意的事，但這一切就在她罹患帕金森氏症之後有了改變。,3.75,4.333
text_02955,text,韓粉宜蘭後援會則發出警告，6月1日、6月22日兩場造勢大會均屬自主性，若有人招攬免費搭車、請客、吃飯、送錢，都是陷害當走路工影片，籲韓粉千萬別中計並歡迎檢舉！,4.143,5.778
sentence_01891,sentence,有時還會與鄰居幫賴辯解,3.0,5.0
text_01687,text,越南這是要玩死自己嗎？越南最主要的投資方來自中國大陸臺灣香港新加坡這些勞動密集型的產業最大的優勢就是工資低廉便於馴化這樣的暴動是明明要把自己搞死啊越南一直以來學習中共用“民族主義”來激勵人民現在這個民族民粹要害死越南人.,3.111,5.571
sentence_01916,sentence,能在如此誘人的金元外交前礙難從命,4.4,3.75
sentence_01912,sentence,告誡那餘下的將來,4.0,5.5
sentence_00213,sentence,人性卑劣的很多,3.0,4.25
sentence_00765,sentence,迷人的臺灣太魯閣風景引遊客參觀,7.5,4.75
sentence_01049,sentence,把學生們訓練成考試機器,3.0,4.0
text_00694,text,你們網站只維護酒店的利益就不管客戶的感受嗎?,2.875,6.75
text_01670,text,正出訪中國的李永萍更在昨晚委託律師到臺北地檢署按鈴控告童仲彥誹謗罪，並強調週日返臺後會提出高額民事求償。,4.111,5.333
text_01403,text,難以忍受、醫藥無法治療的身心痛苦。,2.889,4.286
sentence_02210,sentence,都是整件事的加害者,3.0,5.5
sentence_01553,sentence,古人禮樂歌舞完備,6.333,3.667
sentence_01998,sentence,臺北市萬華區西門町常常出現五星旗遊街,4.667,5.667
sentence_01316,sentence,還要在此基礎上加強司法協助,5.5,4.5
text_00040,text,倒是“兔子”深得我跟孩子們的喜歡。,6.5,4.143
sentence_02193,sentence,會阻塞車輛通道,4.4,4.25
text_01375,text,勒斃母親的江進盛，十四日被檢察官以殺害直系尊親屬且有逃亡之虞，向法院申請羈押；惟承審法官審理後以江嫌還留在現場近五小時，之後去學校接女兒，並通知妻子返家，最後前往派出所自首，顯見無逃亡的打算，而犯罪現場也沒有被破壞，認定江無滅證之虞，諭知五萬元交保並限制住居。,3.556,4.286
sentence_00692,sentence,含有較多的脂肪,4.6,3.0
sentence_02328,sentence,倒也足以列入神作殿堂,6.333,5.0
text_01161,text,取得人頭帳戶，專門鎖定身材豐腴女網友，以假照片與甜言蜜語「誘婚」，再以「廠商要賄賂我，不能用自己帳戶收回扣」，成功把女網友帳戶騙走，共有20名女網友受害，其中一名國立大學女博士生獲知到案時，被愛衝昏頭的她堅稱︰「你不要騙我，他一定會來娶我的！,3.0,5.25
sentence_02136,sentence,指當年無刻意剔除適用內地,4.0,3.0
sentence_02206,sentence,支那一點壞處都不會有的,4.4,5.75
text_01423,text,徐人強說，相較棒球、籃球這些運動，電子競技不像其他運動還要養球場，而且比賽又多，不像一些大型比賽要隔幾年才舉辦一次，國際性的電競比賽年年都有，選手參賽、拿獎牌，對臺灣又是另一種國際行銷，是投資報酬率最高的比賽項目。,6.429,5.714
sentence_02192,sentence,是一個地方的無價之寶,7.5,6.5
sentence_00352,sentence,會期待別人依照他們的準則做事,5.75,5.75
text_00196,text,不過還有露出了文人相輕的感覺，如同樓上的那位朋友所說，對自己太看得起了。,4.0,5.143
text_01800,text,黨報強力回擊，透露出總書記習近平主導強勢外交的味道。,5.286,4.429
text_01689,text,如果說抗議就是拍照打卡上傳~如果說抗議就是吃光人家的東西~如果說抗議就是偷行政院的錢如果說抗議就是把行政院當成自己家，也當成觀光區那....回家好嗎?,3.333,6.286
text_00020,text,呵呵，現在買了很多花草茶，還有茯苓粉，打算再做種子眼霜。,5.25,2.833
text_00593,text,以本人愚見，這個飯店實在是沒什麼值得稱道的地方，甚至想找一處放置手提電腦的地方都很困難！,2.889,5.778
text_02153,text,起點we內填超柔軟PP棉，細膩水晶絨面料，柔軟耐咬，不易變形~京東此商品目前售價49元，下單5件享5折優惠，折後24.5元/件。,5.857,3.286
sentence_00111,sentence,為了抄近路踐踏草坪,4.0,5.667
sentence_00992,sentence,幼兒又開始發燒,4.0,5.5
sentence_01515,sentence,今天被扣到欠費才被告知換套餐了,3.0,6.0
sentence_01760,sentence,地理隔絕的環境加上日本國內大多數權勢者和民眾都是保皇派,5.0,4.0
text_02767,text,宣告說，民主派議員今天別無選擇，當他們進行合法合憲會議時，建制派議員進入並企圖選舉主席，民主派議員惟有用盡各種合理的抗爭手法盡力阻擋。,4.0,5.833
sentence_02174,sentence,明天早上就會確信人生的疑點了,4.6,4.4
text_02460,text,巴爾金為一個演說準備的講稿內提到，所在轄區內的企業認為，經濟表現穩健但不亮麗，企業無法加價，又對政治出現兩極化感到憂慮。,3.5,3.25
sentence_01188,sentence,都會看見盼望與價值,7.0,5.5
text_00216,text,幸好，人海大給他們安排了這樣一個美好的，讓人回味的結局，很喜歡，是值得珍藏的一本書。,7.667,4.571
text_01240,text,去年25萬的獎金，今年最高有21萬，預估平均預估最少10萬塊以上，另類的年終獎勵，員工幹盡十足，公司業績也成長五成以上，聽在一般的上班族耳裏，只能嘆，好羨慕。,5.111,3.857
text_00127,text,水說愛的語言，水能結出很美麗的結晶，哪麼要是人與人之間都說好話，我想我們人類就能很好的控制自己的情緒，人有了一個好心情，幹什麼都能成功。,6.375,5.857
sentence_01455,sentence,含有多種有益於身體的營養成分,7.0,5.333
sentence_02562,sentence,共和黨勝選的可能性渺茫,3.5,3.75
text_02135,text,穀歌表示，透過ARCore動態追蹤、光線偵測和瞭解現實世界的能力，這四個傢夥於AR場景中的呈現將會十分逼真。,6.0,3.222
text_02708,text,桃園市一名雷姓高職生，14日與女性友人合拍影片，卻在影片中將小貓高高舉起狂甩，嚇得小貓不停發出哀號聲。,2.143,5.0
text_00492,text,發泡體吃的下的衝擊非得直接讓硬質白鐵保桿傳去給車架硬吃傷到車架這樣裝外掛就沒意義了，所以一切都看原始設計...,4.556,4.75
sentence_01528,sentence,但有哪一個企業主可以不顧公司股東權益的,3.75,6.0
text_02392,text,值友4148553512山東羊角蜜甜瓜，清甜爽口~京東中國特產·平遙扶貧館售價52.8元，可領取13元優惠券，下單實付39.8元包郵，摺合7.96元/斤。,5.625,3.5
sentence_01206,sentence,他真的是萬能的,8.333,5.5
text_01634,text,其中，審慎義務就包含公務員批評機關、政策或表示不同意見時，必須謹慎。,4.778,4.286
text_02544,text,一個人即使擁有再多知識，思考還是會被習以為常的知識給套牢，如果無法發揮創新的力量，就不配稱為知性的人。,3.75,5.571
text_00401,text,小弟的RAV4是2009年6月交車，未開A/C開關前，只有送風一樣酸到不行的臭味......後來索性把冷氣空氣過濾網拿掉在試~~~結果還是一樣...到達目的地之前開送風把風箱吹乾,3.5,4.857
text_00250,text,所以英諾森提的插圖本身就是宏偉圖畫，值得慢慢品味。,6.333,5.25
text_02671,text,看到不少學者乃至儒家學者懷念讚美五四，為五四反儒派辯護，感覺頗為滑稽怪異，就像看到一群子孫向弒父滅祖的仇人致敬或為之辯護一樣。,4.0,4.0
text_02042,text,校方迴應，推出定製版手機是應家長要求，購買定製手機需學生和家長一致同意，學校不參與任何收費，也不強制購買。,5.125,3.778
text_01759,text,美國官員表示，德黑蘭的正面迴應，暗示今年美伊舉行會談的機會增加。,5.222,5.625
sentence_01449,sentence,其間會釋出有害物質,3.75,4.2
sentence_00974,sentence,她逃亡到過10年追訴期,5.0,3.0
text_01875,text,蘇貞昌指出，馬政府讓年輕學子惶惶不安、國家沒有希望，自己不覺得難過嗎？過去一年來大家都過得不好，物價一直上漲，年輕人不敢結婚、生子，微薄薪水買不到幾瓶奶粉；馬英九是「好命子」，跟人民完全脫節，不知道什麼是飢餓。,3.222,4.889
sentence_02000,sentence,頭微微傾向會倒住掌心那一側,5.0,4.0
text_01272,text,全球最大行動通訊展MWC主辦單位GSM協會昨日公佈全球移動獎入圍名單，宏達電以蝴蝶機/DroidDNA入圍最佳智慧型手機獎，是連續第4年入圍此一獎項，而華碩不僅首度以變形平板TransformerInfinity入圍最佳平板電腦獎，由華碩一手打造的GoogleNexus7也一同入圍。,6.111,4.5
sentence_00462,sentence,定期來賓的村上佳菜子,5.0,2.0
text_02940,text,疝氣開刀治療並不困難，但許多患者常常不以為意，醫師提醒疝氣容易造成腸子卡住回不到原位，嚴重時更會導致腹膜炎及敗血性休克，危及生命。,3.778,5.0
sentence_01258,sentence,這件褲子我把他掛在衣櫥裡當作警惕,4.75,4.2
sentence_01792,sentence,老實說有很洩氣也有很溫暖的部分,5.333,5.667
sentence_00904,sentence,這樣的逆向淘汰就造成臺灣政治的格局越來越小,3.0,5.75
text_02027,text,在即將開始的篇章中，我們會分享參與新視野號的工作是怎樣的一種經驗，畢竟這是人類太空探險史上最為人所熟知的一次計畫。,6.375,5.25
text_01979,text,熟悉本帥的吱吱和藍軍都知道，我反對死刑。,4.75,5.25
sentence_01668,sentence,黑橘的工作人員埋伏在各個伺服器內,4.75,5.0
text_01949,text,阿富汗母親：「我5個孩子都非常虛弱，體重不足，我們的生活狀況很差，日子過得非常苦。,2.556,4.714
sentence_00650,sentence,什麼功利至上真是失了智,3.0,6.667
sentence_00481,sentence,輸入我的巴貝多心靈,5.0,6.5
sentence_01756,sentence,願你速速顯明你的公義和你的信實,7.0,5.333
text_01907,text,光是臺北市政府今年就編列六億四千多萬元獎金，明年更加碼近三千萬，這些獎金都是人民血汗錢，它們發得合理嗎？有沒有人是不該領而領？,2.625,5.714
sentence_01683,sentence,燕太不像活潑的姐姐那樣,4.0,3.2
text_02061,text,進入5月報稅季，各家銀行刷卡繳稅優惠紛紛出籠，筆者整理了2019年度各家銀行信用卡刷綜合所得稅的優惠活動懶人包。,5.857,5.143
sentence_00458,sentence,沒有他也沒有新中國這點不可否認,5.667,5.75
text_01894,text,或許這是阿扁的脫罪之辭，但這番話在扁迷的耳裏確實是打從心裏相信不已，在他們的眼裏更是可帶領他們獨立建國的英雄，而這就是臺灣統獨對立的最佳寫照。,4.429,6.0
text_00995,text,電池不是原裝，我懷疑是水貨,3.111,5.167
sentence_01037,sentence,凍結沒收美國在華資產,3.667,4.333
sentence_01289,sentence,眼淚還是止不住,4.25,6.0
text_02721,text,一款神奇的泡騰片——德國進口Domol馬桶自動清潔抑菌去汙片，馬桶吃了它，立刻變得乾乾淨淨，連打的嗝都是香的！,6.333,5.3
sentence_01541,sentence,於是熱衷於奔波,6.75,3.6
text_00887,text,友達LED屏，獨顯，滿意，到手是完美屏，不錯,6.778,5.0
text_00825,text,不過不怎麼喜歡他們的制服啦，花花的，很難看。,3.333,4.143
sentence_00057,sentence,我突然渴望他認識我,6.0,6.0
text_01337,text,連發投注站不是第一次開出刮刮樂頭獎，二○一○年九月二日，一名四十多歲中年男子，刮中「皇傢俱樂部」刮刮樂頭獎五百萬元；今年元旦，一對熱戀中的情侶刮中「聖誕嘉年華」刮刮樂頭獎五百萬元；才隔四十一天，大年初二又刮出頭獎三百萬元，讓店家爆紅。,6.333,5.778
sentence_01379,sentence,令現場觀眾震撼落淚,7.667,6.5
text_00702,text,在三亞灣又不是亞龍灣，這個價位沒有優勢，得不到相應的要求。,3.9,4.143
sentence_02051,sentence,但仍為有中國傳統文化內涵的人所景仰,6.4,3.8
sentence_00342,sentence,不然就安靜的看,4.667,3.667
sentence_01403,sentence,遭到委內瑞拉國防軍逮捕,3.333,5.0
sentence_02280,sentence,生在一個喪偶式育兒家庭,3.0,4.8
text_02571,text,新竹縣一名55歲男子，曾持刀刺傷父親也曾放火燒屋，他這個月6日不滿父親拒喝湯，竟然把熱湯潑在父親身上，再動手痛毆父親，造成老父2根肋骨斷裂住院。,1.875,6.875
sentence_02137,sentence,這不是個合格的媒體,3.4,5.8
text_00304,text,的確...內文最後一句身為同級車銷售龍頭的CAMRY車系，在推出新一代車型後，再度以十足地配備與安全防護，延續著車系廣受歡迎的最佳地位。,6.111,5.143
text_01429,text,另外微軟與Yahoo!雖然也在即時通訊平臺合作，讓MSN與Yahoo!Mssanger可以跨平臺服務，但是也遭遇到市場上如Skype的挑戰，但是雙方決定以合作來對抗Skype時，局勢也已經失去主導權。,4.0,4.0
text_01130,text,臺灣有最勤奮的人民，人民有最善良的心，相信只要大家互相扶持、互相鼓勵、互相包容，沒有衝不破的難關。,6.667,6.222
text_02826,text,沒有了車水馬龍的吵雜，烏煙瘴氣的汽油煙，這5家隱身在臺灣的森林系咖啡廳，不僅餐點兼具視覺與味蕾的衝擊，綠叢環繞幽靜舒適的環境氛圍，讓人彷彿置身小清邁！,6.0,2.875
text_00047,text,張曼娟的文字和張小嫻一樣，都屬於療傷係，雖然我沒有受傷，但這並不影響我對她的喜愛。,6.222,4.0
text_00810,text,前臺服務太慢，前臺男生的態度極差，極差；電梯本來只有兩部，卻始終都有一個在維修，上下電梯，每層都停留，有時甚至等兩次才坐得上；房間衛生不好，地面好像不做清潔，衛生間不乾淨，毛巾好像抹布一樣，還有怪味；水杯都是塑膠的；打電話要吹風機和插座，竟然讓客人自己去前臺拿；淋浴噴頭漏水嚴重，打電話告知前臺，竟然派保安充當維修工上來房間察看。,1.625,7.125
text_01829,text,只會一呼籲、二呼籲、再呼籲，除了呼籲外還會啥？權力在你手上，卻不知道怎麼解決是吧？只想互丟皮球，說不定就莫名其妙解決了是吧？還是說等大家累了，自然就會回家了是吧？或者想等好捧友CHINA介入是吧？可笑，可笑，太可笑,2.571,7.0
text_00118,text,自信是小朋友邁開成功的第一步！,6.75,5.571
sentence_00610,sentence,讓人民慢慢失控,3.0,7.0
text_00725,text,酒店只會對客人不好的點評做出辯駁，這樣的酒店還有生存知道嗎？難道堂堂掛六星的酒店（根本就不是國家旅遊局頒發的）就是以這樣真誠的態度回饋你們的客人嗎？其他的就可想而知了。,3.111,5.667
sentence_01968,sentence,無家可歸併不單指需要一個棲身之所,4.75,4.2
sentence_00530,sentence,可是上次見又覺得挺帥的,7.0,4.75
sentence_00038,sentence,都用沒有情緒的口吻描述在小說裡,4.5,4.5
text_00257,text,我很喜歡這套書，她也是阪田先生畢生著作的精華，值得你擁有！,6.75,5.286
sentence_02457,sentence,現在就日本人大喜,7.333,5.667
sentence_01201,sentence,整排鞠躬傾斜的老房子,4.0,5.0
text_01345,text,對脊椎也非常不好!!!這種人只是想靠狗出名吧!!!不屑!!現在網友更找出2010年，包子在游泳圈上站立，被主人在水上不斷旋轉，最後還落水的畫面，網友YuciWang寫道，看了這些影片整個眼淚就下來了；網友MissyTsai說，影片裏包子的眼神好害怕..............不捨..。,3.143,6.444
text_01175,text,反觀臺灣遊戲界，網友也紛紛替得獎選手打抱不平。,3.889,5.286
text_00744,text,店的公路旁，交通極其不便；其次一進入酒店就一股黴味，地毯上到處都是汙漬，很像地圖.,3.375,4.333
text_01895,text,日前臺北市長郝龍斌在月前表態支持阿扁保外就醫，並強調阿扁的保外就醫不單是司法問題，而是牽動許多綠營情感的社會心理問題，對於一個深藍且執政的人物，郝龍斌似乎捅了個馬蜂窩，幾乎被藍營罵翻了，但郝龍斌的這番話似乎僅點出了現況，殊不知更深的意涵就是國民黨對臺灣的另一種道歉方式，更是消弭藍綠對立的一種方式。,4.4,4.714
sentence_00693,sentence,女生就會更不勇敢,4.0,4.5
sentence_02178,sentence,就是他!拿行李擋住逃生路,3.5,7.0
text_02354,text,判決指出，許男2014年6月25日晚上9時工作後返家，因陳女叼念、責罵，且聲音愈來愈大，許男不耐煩要求她不要再念了，雙方起嚴重口角。,3.375,5.75
text_02799,text,不料2人心生歹念，聯合另外2名男子偽造哥哥是某公司董事長的假像，還偽造1張1億元的本票，想趁機詐騙自己的父親，最後詭計被識破。,3.111,4.375
text_01149,text,兒童職能治療師張旭鎧說，要教導孩子有禮貌的家長，第一步應該反問自己：「我對孩子有禮貌嗎？」所謂身教重於言教，孩子會依循爸媽的模樣去學習待人處事的禮貌，所以爸媽更不能忽視自己的責任，必須提供孩子良好的示範。,6.444,4.857
sentence_00461,sentence,那幾天我在網上看到許多來自災區的殘酷圖片,3.2,5.75
sentence_02121,sentence,置香港美加歐洲僑民於險境,3.5,4.4
sentence_01523,sentence,加徵關稅只會讓全人類落入無銷煙的世界大戰,3.0,4.6
sentence_02499,sentence,早上去耳鼻喉診所看說我可能是耳石脫落,4.0,3.0
sentence_00807,sentence,人家才不是壞人呢,6.0,5.5
text_00192,text,人性的昇華，人主宰自己的命運。,5.889,4.875
sentence_01228,sentence,亞里斯多德為何會如此輕率做出老鼠是腐草生出來的,4.333,6.333
text_00677,text,很令人無奈的一間酒店，無論哪個方面，尤其是員工的個人素質，特別是應變能力.,3.111,5.778
text_01202,text,他們的比賽，能夠拿下冠軍真的是非常不容易。,6.556,5.857
sentence_00849,sentence,那就讓川普的魯莽和衝動給那些人長個記性,4.0,4.667
sentence_01866,sentence,網頁的話就是不要第一秒進去沒搶到就氣餒吧,4.333,4.667
text_01367,text,前天下午，高雄市鹽埕區新樂街上發生疑似男女感情糾葛的情殺案，被害的陳女在上班打工的「麻糬店」外，被疑似彭姓前男友砍殺成重傷，經送醫急救開刀後，仍有四十八小時的危險期待觀察。,3.25,4.75
sentence_00933,sentence,沒什麼不敢撒謊,4.333,5.5
sentence_00295,sentence,肯定S有罵學生,3.5,4.75
sentence_01058,sentence,讓生活更便利一點的小物,6.0,5.0
text_02048,text,育嬰假與性別和東西文化差異無關，實務上最關鍵的仍是工作分擔問題，而要解決其實不是難事，只要同仁能誠心一起討論、思考、尋找人選，很快能有解方。,6.375,3.5
sentence_00318,sentence,開放4個開始使用,5.0,2.25
text_02047,text,今年稍有不同，因為穀歌幾乎肯定會在主題演講中釋出兩款新Pixel智慧機，恰好在典型的智慧機更新週期中增加一個更低成本的選項。,6.0,3.857
text_02823,text,天貓此款目前售價2209.01元，待6月1日0-2點下單立減551元，到手價1653元包郵，直降好價，預定有禮品，需要的值友可關注~,6.286,4.5
text_00447,text,放學也一樣不過下雨的時候比較不好意思，因為都會把車是用的溼溼的在這裡我代表各位清華高中高榮線的同學說聲抱歉因為我也很愛車喔!,4.625,4.75
sentence_00322,sentence,看公開信的革命情懷,6.667,5.667
text_00895,text,所有驅動都能裝齊全了，指紋識別，非要在XP下使用的朋友，可以用替代驅動.,5.222,3.857
sentence_00408,sentence,鬧雙胞胎的立法會逃犯條例法案委員會召開,4.667,3.667
text_01356,text,車行老闆躲樓梯間附近機車行吳姓老闆目睹周某砍人行徑，嚇得躲到隔壁大樓樓梯間，他說「在這裏開店30年，從沒看過這種事。,2.25,6.0
sentence_01243,sentence,是有什麼疾病麼,4.0,5.0
sentence_01045,sentence,由於在中國沒有建立統一完善憲政體制導致為了政權,3.667,5.333
text_01152,text,孩子表現好本來就是理所當然，不需要特別讚賞，但孩子是需要適時被鼓勵的，父母會發現，當你適時地稱讚孩子，孩子的表現會更好！,5.778,4.857
text_00998,text,首先，從外形上看，這款筆記本採用鋼琴烤漆，顯得格外時尚漂亮；創新的鍵盤設計頗感人性化，手感也尚佳。,6.333,6.0
text_02844,text,其過程不僅重視學生品德，更建立起學生的健全人格，因此攀登玉山的山野教育也成為水商108新課綱的特色課程，是每一位來到水商學生的必修學分。,6.714,4.714
text_00654,text,打電話到酒店，總臺和服務員分別肯定地告訴我沒看見，哎，只好自認倒黴嘍。,3.444,5.0
sentence_01218,sentence,我看不懂把宗教理由推動的暴行,4.0,5.0
text_00533,text,爆胎就是鬆油門鬆煞車，全心對付方向盤,4.889,5.0
sentence_01686,sentence,但如果你主張拆掉屋頂他們就來調和,4.5,2.333
text_02650,text,日前一名阮姓老翁慌慌張張地走進萬華分局漢中街派出所，稱其中午前往郵局刷存摺後，便忘記與老婆約定會合的地點，希望警方給予協助。,4.1,4.333
text_02432,text,不過別誤會，不是麥當勞準備開賣蜂蜜相關產品，所以想要以此營造天然蜂蜜的形象，而是為了保護生存環境逐漸縮小的蜜蜂。,6.25,4.625
text_00103,text,我想，就像書中所言：情緒是一種能量，會來也會走……這真是一次奇妙的閱讀經歷，更重要的是，這是一次久已缺失的心靈洗禮！,6.75,5.875
text_01428,text,Gmail免費信箱也一舉擠下Yahoo!Mail及微軟Hotmail，逼得Yahoo!及微軟跟進，提升信箱容量、改進垃圾郵件過濾，但似乎已經難以挽回消費者的心。,3.444,5.0
text_01278,text,不久，五人結帳離去時，吳又追出，其中李姓大學生和友人說話時，吳即對李揮了一拳，造成下嘴脣撕裂傷。,2.444,6.25
text_01639,text,也正是這樣的人，最容易成為使國家通往極端主義政權的推手。,4.375,3.5
sentence_02560,sentence,這場相互利用的關係很快就將結束,3.667,6.0
sentence_00945,sentence,影片為鄉下的熱情雞雞,6.667,6.0
sentence_01046,sentence,勢力衝突而上演了空前歷史悲劇,2.4,7.0
text_01971,text,中油、臺電、臺糖、臺水回溯自一○○年度便不得編列超過一．二個月的績效獎金；此決議引發國營事業工會的強烈不滿。,3.556,5.75
sentence_00960,sentence,怎麼不說高盛的腐敗,3.667,5.0
sentence_00082,sentence,女孩緊緊抓住男子的衣服,5.0,3.667
text_00548,text,補充點評2008年4月15日：建議大家到日照時選擇其他酒店，祝大家在日照開心.,6.0,3.833
text_02180,text,一項具有里程碑意義的研究發現，攜帶愛滋病的男性其體內的病毒能被逆轉錄病毒藥物完全抑制住，無法感染其伴侶。,6.889,5.0
text_02597,text,菲方認為，這表明無論在垃圾處理問題上還是對菲關係問題上，加拿大政府都沒有採取嚴肅的態度，加拿大將菲律賓當作垃圾傾倒場的做法使菲律賓人民受到嚴重侮辱。,2.714,7.333
sentence_00026,sentence,一切諸佛所護念?,5.0,3.25
sentence_01826,sentence,倒黴是一種傳染病,3.0,3.5
text_02704,text,華為被美國商務部列入貿易黑名單，分析人士警告，這除了會打亂華為供應鏈，還可能拖延中國推出5G的時程表。,3.5,5.222
text_02019,text,人一生不要總求童年不幸的陰影面積，與其自怨自艾，不如去讀書吧，讀書可以治癒一切，你的所有疑惑，都能在書裡找到答案。,6.2,5.429
sentence_00320,sentence,外媒中的官媒都挺認真的,5.667,4.333
text_02274,text,據媒體報道，江蘇南京的陳女士一家去年6月通過自如租房，但是入住僅僅4個月後，2歲半的兒子就患上了白血病，11月4日住院到2月14日僅僅100天便不幸去世。,3.125,4.222
sentence_01755,sentence,我倒覺得這兩個宗教其實有許多互惠融通的東西,6.4,4.5
text_00481,text,國外之前就作過測試了找一堆自認為反應一流、技術不錯的一般駕駛人來開結果ESPOFF的情況就是打滑失控.....ESPON則好很多我發現01版上神人很多，老是嗆別人不會開車自己最會開我在想這究竟是自我感覺良好或是自我安慰?,3.333,5.75
sentence_02078,sentence,症狀是傳遍全身的水泡型潰瘍,5.0,4.0
text_00930,text,選用可靠的防毒軟體，找尋專門防病毒信件或檔整合的應用程式，強化對抗惡意應用程式和信件的能力。,5.75,4.625
sentence_02008,sentence,六七月份或蔓延至華北啃玉米,4.333,5.0
text_02218,text,不設防的資料為SmartThings和Bixby的原始碼，同時更有AWS帳號的證書，有心人可以藉此獲得三星員工的GitLab權杖，並進而再獲得其他許可權。,4.333,2.0
sentence_01739,sentence,謠傳南坑改革派與包惡鬥,3.667,4.333
sentence_01807,sentence,閃爍散播出瘟疫,2.75,3.8
text_00145,text,現實所以我沉迷於古代小說無法自拔幾乎愛戀,4.875,5.75
text_01709,text,李桐豪說，他感謝馬總統對親民黨團的肯定，他也向政院和國民黨立院黨團喊話，「既然總統都認同親民黨的主張，希望行政部門、國民黨立法院黨團能夠認真看待問題！,4.857,5.0
sentence_00662,sentence,其實都承受不起,3.0,6.5
sentence_01000,sentence,總是選擇陷阱讓自己跳,3.0,3.333
sentence_01855,sentence,而導致自己精神失常環保筷子,3.0,5.0
text_02393,text,這款簽字筆的筆桿材質為金屬，書寫粗細為0.5mm，筆芯顏色為黑色，使用方面，亮黑麗雅烤漆，光滑明亮，磨砂質感，觸感柔和。,6.5,3.4
text_01795,text,甘地願意為了抗爭入監服刑這才叫公民不服從，你們哪一個甘願服刑?,4.0,6.375
text_00569,text,地處繁華，服務員很友好。,7.3,5.125
sentence_00651,sentence,把我和?中人分開,5.0,1.0
text_02071,text,Google早些時候宣佈旗下的VR平臺Jump將會在6月末時正式關閉，並已向使用者發去了提醒儲存相關資料的通知。,4.75,2.375
text_01686,text,學位的傲慢加上迷信文宣，這乃是馬政府失敗的關鍵，也是國民黨新北市、臺中市、臺北市三個天王博士長掛車尾的原因。,3.5,4.714
text_00901,text,聲音不錯，儘管有點小，但是不象其他人說的那麼差，總體來說不錯.,6.111,4.2
text_01378,text,由於江家經濟困窘，由嘉義地院員工所發起的十方慈善基金，也決定先撥款三萬元協助江家處理喪葬事宜，解燃眉之需。,5.571,5.571
text_01571,text,法等國憂AQIM攻擊歐洲法國和西方盟國擔憂AQIM會將恐怖主義轉移到歐洲。,3.333,5.429
sentence_00165,sentence,認為中國其實知道他一定會贏,5.0,3.0
text_02064,text,這可能導致，被隱藏的貼子，顯示資料載入失敗或載入中；貼數量無故減少；17年1月1日以前的@及回覆內容，無法進入檢視原帖。,4.125,3.0
text_02420,text,海巡署6名官兵前天在整理資源回收物時，發現多隻老鼠，一群人不但抓著無法逃跑的幼鼠把玩，更讓老鼠淋上汽油後點火焚燒，才在旁邊狂笑取樂，影片,2.714,5.857
sentence_00580,sentence,不用在意旁人眼光,6.0,3.75
text_00522,text,這種狀況我最近也遇到，一位長輩在借開IS250上武嶺後，直接說買這種車真不值得，倒不如買Camry還比較舒適，他介紹好幾個朋友買camry，每個開過都讚不絕口,5.857,5.5
text_00300,text,那你最好就不要出門，其實你自己的車先要有循跡系統才最實在，怎麼會跑去怪車廠某款車沒有,3.222,6.0
sentence_02188,sentence,直到這次他自己宣佈退役,5.0,2.0
text_01495,text,有韓國網友在官方討論區發文，懷疑TPA以不正當手段取得勝利，引起韓國玩家討論。,3.75,4.571
text_02505,text,然後說這樣反而更好，否則即便一時虜獲某人的心，但正所謂人心難測，誰知道什麼時候對方又會改變心意，何必白費功夫呢？,3.625,4.556
sentence_02350,sentence,每一條都是特許中國,4.0,6.25
sentence_01229,sentence,新的非人格化的父親,5.0,4.333
sentence_02120,sentence,她如果貿然這樣做,4.0,5.4
text_01333,text,榮獲「化學發明獎章」，吳信達助理教授覺得很開心，他說，這是一個珍貴的榮耀。,7.222,6.5
text_02513,text,中國的近代史是一段憋屈的歷史，因為清政府的軟弱無能，簽訂了一系列喪權辱國條約，後人回顧這段歷史，都不知道說啥好。,3.5,3.167
sentence_00858,sentence,眾人忙驚惶相問,3.5,7.0
sentence_01399,sentence,15單排衝光輝,5.0,1.0
text_01493,text,兩百三十三萬小時，等同兩百六十六年，相當於清朝從誕生到滅亡；每天有高達兩百二十萬的英雄被召喚作戰，也有將近四十五萬場對戰天天上演！,5.0,4.0
sentence_01262,sentence,但是她的臉完全是純天然的,7.0,5.5
sentence_02347,sentence,豐順安康的祈福,7.0,4.75
text_00114,text,中國有這樣優秀的打工人而自豪。,6.333,5.25
sentence_01375,sentence,奉勸那些仍然在文貴繪製的黃粱美夢中沉醉的螞蟻們早日覺醒,3.0,5.5
sentence_02418,sentence,控告中央選舉委員會,3.667,5.0
sentence_02107,sentence,首部以詼諧方式暗示福爾摩斯和華生關係不一般的電,6.667,4.333
text_00823,text,謝謝您長期以來對我酒店的關心和支持，我酒店即將申報四星級酒店，我們在硬體的改造的同時，軟件服務上也加強和提升，爭取讓每一位賓客都滿意。,6.714,4.286
text_00120,text,個人覺得這套書合適小學低年級小朋友閱讀，幼兒園的小朋友可能需要家長陪同閱讀，對大人和小孩來講都非常長知識，非常不錯，贊一個!,6.75,5.286
text_01699,text,明明就是一個人才國家沒辦法利用他真的是國家的損失,3.667,4.5
sentence_01171,sentence,是上帝給我們最美的恩典,7.5,6.25
text_01481,text,華義國際營運長熊家麒表示，遊戲產業在臺灣非主流，社會的價值觀普遍對遊戲產業抱持負面看法，讓電競產業發展得很辛苦。,3.889,4.833
text_00451,text,有很多人改燈就是改亮到別人眼睛刺眼和痛也不管..那種就是沒車品的...真正會玩改車的人沒那麼笨..只顧自我感覺良好..^______^,3.222,6.125
text_00528,text,安全~是唯一回家的路！,5.5,4.0
sentence_01341,sentence,但中國並不畏懼,6.0,6.333
sentence_02486,sentence,西語裔男8大道行竊,3.4,3.5
sentence_01660,sentence,財神也經常惠顧,7.0,5.5
sentence_01244,sentence,一方面說大陸壓迫世界衛生組織,3.0,6.0
text_02899,text,大聯盟認為，全面禁售加熱煙產品只會令私煙問題惡化，抹煞售賣正版煙的守法基層小報販生存空間，全禁加熱煙產品亦有違香港一貫的自由商貿政策。,4.375,4.2
text_02758,text,HKEPC讀者們只需要在5月17日前完成以下任務，即有機會贏取TP-LINKLB130智慧燈泡乙顆，價值HKD$399。,6.5,4.667
text_00188,text,故事很有哲理，對小孩有教育意義。,6.667,4.25
text_02953,text,不料2人心生歹念，聯合另外2名男子偽造哥哥是某公司董事長的假像，還偽造1張1億元的本票，想趁機詐騙自己的父親，最後詭計被識破。,3.111,4.375
text_01733,text,有90分的實力，如今卻只有70分的表現，當然就不滿意；另一種情況是沒有特定的期待，就實際情況認定馬總統的施政表現不到60分，是不及格的狀態，所以不滿意。,3.5,5.167
sentence_00696,sentence,我是看節目才知道男人很愚蠢,3.0,5.75
text_01901,text,憑什麼要大家相信你?,2.75,6.875
sentence_01454,sentence,陝西礦權案有地方政府和地方及最高法院的包庇,3.0,5.25
text_01672,text,若議員願意放棄言論免責權到法院說清楚，工信也很願意跟議員直接對質。,5.375,3.625
sentence_01902,sentence,把絲綢棉布等中國產品輾轉帶到全世界,5.5,4.667
text_02364,text,很多上了歲數的朋友們一定還記得經典的蘋果ImaMac系列廣告，妙趣橫生的二人轉既讓人會心一笑又能準確突出Mac產品的賣點。,7.0,5.857
sentence_00346,sentence,不尊重代議士的賣菜蝓,3.0,6.0
sentence_01411,sentence,夜夜回春人激昂,6.333,6.667
sentence_01053,sentence,殘酷的黨內權力鬥爭,3.0,7.0
text_02128,text,和現代大多數作業系統對Unicode支援的共識不同，它的API不是基於UTF-8而是基於UTF-16的，且還遺留了一套過去對ANSI支援的相容API。,5.0,2.875
sentence_02232,sentence,但為什麼這麼難熬,3.5,6.25
text_00724,text,太讓人失望了！,2.667,6.125
sentence_01819,sentence,我急於脫離金寶罐頭湯的日子,4.5,3.75
text_02802,text,抑鬱症會影響許多人的生活，雖然目前有許多治療方法可供選擇，但多數見效緩慢，需要數天甚至數週才能讓人感受到好處。,4.889,3.556
text_00853,text,另外散熱也很好，沒有傳說中的那麼差，看來需要親自體驗才知道。,5.889,4.571
text_00282,text,如果是第一次養育寶寶，會有意想不到的收穫，重要的是教會你注重寶寶的個性，保護寶寶的個性，如何避開護理的誤區，如何第一時候掌握病情，如何第一時間解決問題，如何預見和防護寶寶的安全。,6.0,4.444
text_02333,text,為保證投遞效率，不少快遞員在未取得收件人同意的情況下，單方面選擇將快遞投入快件箱，由此引來不少消費者的抱怨和投訴。,3.375,4.5
text_01103,text,他感謝大家幫忙，不吝伸出援手，幫他加油打氣，讓他有活下去的力量，勸人毒品千萬碰不得，纔不會害人害己，他就是活生生的例子。,6.111,4.333
text_01486,text,新銳世界冠軍「臺北暗殺星」再次站上世界舞臺發光發熱！,6.714,6.25
text_01585,text,國營事業虧損連連，卻仍發放高額績效獎金，引發外界強烈批評。,3.75,4.143
text_02390,text,iOS–AppStore連結Andoird–PlayStore連結不過遊戲現在限時免費，裡面還是有一些內購要素，不過免費也可以很爽玩～一樣強烈推薦大家！,6.857,7.571
text_02476,text,現在，瑞士洛桑聯邦理工學院、伯爾尼大學和瑞士生物資訊學研究所的研究人員發現了一種控制腫瘤是否能夠擴散的特定蛋白質訊號通路，使其成為未來藥物的良好靶標。,6.625,4.111
text_00745,text,最不能容忍的是有很多小蟲子，到處亂爬.,3.4,5.875
sentence_00830,sentence,衣服設計的很醜,3.333,6.333
text_00495,text,如果要off-road，該擔心的不只是動力來源了至於環不環保、省不省錢？抱歉，我幾乎沒考慮過這些問題！,4.111,5.875
sentence_00090,sentence,你就會有多少光芒,6.0,4.0
sentence_00648,sentence,還以為我學生證造假,4.0,5.25
text_02625,text,本週，他成為YouTube最新的惡棍，以創紀錄的速度失去了訂閱者，這完全是因為查爾斯恩師TatiWestbrook釋出的一段43分鐘的視訊。,3.375,4.3
sentence_01421,sentence,安守自己純真至善的本性,6.6,3.8
text_01525,text,另外，也不要講出做不到的處罰，與其用「你再不乖就把你丟掉」，還不如實際一點，例如直接警告他說：「你再不聽話，等一下就不能看卡通！,4.75,4.778
text_00855,text,1000HE的觸摸板用起來很舒服，華碩對人性化的追求是從沒停止過的，每一代的產品都令人驚喜。,7.0,4.714
text_01172,text,網友「Jass」直言，一般體育活動能運動健身，但打電玩「只聽過死在椅子上的，還沒聽過能健身的。,3.375,4.125
text_01042,text,桃園地檢署檢察官李家豪昨指揮縣刑大、龜山警分局等單位近百警力，查獲魏懷良等23人到案，起出2把槍等，依組織犯罪、殺人、妨害自由等罪嫌送辦。,3.778,4.333
text_00591,text,小寶寶們準備了塑膠的餐具，很周到。,6.625,4.25
text_00322,text,不只RAV4吧，我朋友的2007買的ALTIS新車3個月不到)味道就很明顯了，因為我親身體驗過，我覺得ALTIS狀況比我自己使用的RAV4還嚴重，我的RAV4半年了，至少目前還沒有味道。,4.222,5.0
sentence_00482,sentence,我一定會很難過,2.75,8.0
sentence_02553,sentence,萬物繁茂的季節,8.0,3.5
text_02308,text,動物形象的主人公反抗蠻橫上司等搞笑風格十分突出，相關人士認為，人們對工作方式相關問題的意識迅速增強，以喜聞樂見的方式描述實際情況的漫畫受到關注。,6.333,4.8
sentence_00208,sentence,覺得中國因此經濟會崩潰的,4.0,4.667
sentence_01880,sentence,讓鍛煉變得越來越,5.0,4.667
sentence_01186,sentence,真的是太可惡了,3.0,6.25
sentence_01890,sentence,一直以來那唯一的的支柱瞬間倒塌了,3.0,6.25
sentence_01467,sentence,他是從泥淖奮力往上爬,6.333,5.5
text_00337,text,當然是包含技師、業務各種員工，這樣對台灣的經濟才有幫助...,6.0,5.286
text_01916,text,金韓鬆還說，在澳門認識了幾位南韓朋友，「剛見到時有些尷尬，但是互相理解後才明白雙方的語言和文化非常相似。,5.5,5.333
text_00615,text,還有就是周圍沒什麼商場，晚上吃完飯想下去走走，周圍全是賣菸酒的，難怪鄭州空氣那麼差……其餘都很好。,3.5,5.0
text_00285,text,那顆熱愛孩子、發現孩子的心去關心愛護巴學園的每一位學生。,6.778,4.625
text_01662,text,陳根德則建議，特赦可以朝向「有條件的政黨協商」，由民進黨提出特赦，用政黨協商方式處理，不僅可以化解社會對立的仇視，也可以讓全民一起拚經濟，陳沖迴應，「是可以讓對立的氣氛和緩」。,5.375,4.0
sentence_01105,sentence,一個萬人唾棄的紅色通緝犯和一個被邊緣化的所謂,2.333,6.667
text_01937,text,柬埔寨王國政府當日早晨發佈官方公告說，柬埔寨前國王施亞努當天淩晨在北京逝世，享年90歲。,3.875,4.0
text_02401,text,5月10日百度聯盟大會上，好看視訊總經理曹曉冬釋出Vlog蒲公英計劃，宣佈將投入5億現金補貼與MCN扶持。,6.0,4.375
text_01316,text,臺北暗殺星是臺灣第一支英雄聯盟職業電玩隊伍，有七名隊員，平均年齡二十一歲，這次出賽的五名主力是隊長MiSTakE、Toyz（劉偉健，香港人）、Stanley（王榮燦）、Lilballz（宋寬柏）與Bebe；後備隊員是Colalin（林穎璿，唯一女性）、NeXAbc（邱柏傑）。,5.222,4.0
sentence_01548,sentence,老害議員選?睡眠妨害,4.0,4.5
text_02152,text,從功能上，作為智慧手錶的GalaxyWatchActive的運動訓練模式非常豐富，足以滿足絕大多數使用者對於運動資料的監測需求。,6.222,3.556
text_02781,text,匯流新聞網記者李盛雯/臺北報報Uber快不行了，不只乘客哇哇叫，Uber司機也慘兮兮；大都會此時伸出友誼之手，提出?勵方案，祭出7萬2千元補貼Uber司機。,5.75,5.0
text_01665,text,這個糾纏不休的議題創造理性解決、符合最佳利益的歷史契機」。,6.25,3.875
text_01541,text,父母和孩子相處時，不用隱藏自己的脆弱和缺點，也不用高高在上地用「大人」的眼光看待孩子，愈能站在孩子的立場理解孩子，愈能拉近和孩子的距離，讓孩子敞開心胸和你談心。,6.556,5.222
text_02654,text,訊息發出後，粉絲反應強烈，截至5月27日下午，B站動態評論過萬、點贊超過5萬，且已有玩家打趣表示公司出的遊戲，員工哪有出錢才能玩的道理。,5.143,5.571
sentence_01871,sentence,狹小的家庭辦公區,4.0,4.25
sentence_00072,sentence,走向遠方是為了讓生命更輝煌,7.6,5.6
sentence_02459,sentence,被犯規很少有哨,5.333,4.333
sentence_02533,sentence,五四謠傳北洋政府要簽協議,5.0,3.5
text_01962,text,過春節，而且過節氣氛比過去濃厚，但北韓的黨政軍也沒有忘記，利用老百姓過節時，加強灌輸對金正恩的忠誠度。,4.714,4.0
sentence_01388,sentence,過了兩分鐘沒辦法撤回了,4.0,5.5
sentence_01984,sentence,而高處有人唱起歌來,5.8,5.75
sentence_02054,sentence,是何等慷慨浩然,7.0,7.0
sentence_02375,sentence,畫畫的時候腦海裡浮現在我受難的時候,4.0,4.6
sentence_00652,sentence,發覺自己連私生活也沒有,3.0,6.5
sentence_02428,sentence,也只能繼續用我纖細的雙手,5.0,3.0
sentence_01482,sentence,這段時間內我的鬱症會稍微緩和些,6.0,4.5
sentence_00140,sentence,聊了很多分手後發生的事情,5.0,4.0
sentence_01796,sentence,讓減稅降費紅利切實惠及企業,6.667,4.0
text_02930,text,多名美國專家學者批駁說，這種基於文明衝突論的觀點漏洞百出，過度誇大中國威脅，是對中國和美中關係的誤讀，凸顯了一些美國官員在對華政策上的傲慢態度。,3.667,4.143
text_01583,text,福禱後，呼籲敘利亞結束暴力、以巴早日談判，以及中國新領導人尊重宗教貢獻、尊重個人，並協助建立一個友愛的社會。,6.778,5.0
text_00211,text,都覺得很快樂很幸福娜娜很可愛。,6.625,5.5
sentence_02046,sentence,只是拚命向洞裡鑽去,5.0,6.5
sentence_02026,sentence,彼此之間合作融洽,6.5,5.0
sentence_02141,sentence,堅毅不拔的毅力,7.0,5.0
sentence_00793,sentence,和粑粑總是無障礙交流,6.667,4.667
text_00842,text,6芯電池保證3小時以上的使用時間,5.375,4.571
sentence_00783,sentence,生命逝去的悲痛,2.0,7.75
sentence_00452,sentence,感情最終要放下,4.0,3.667
text_01927,text,政府秉持人飢己飢、人溺己溺精神，並感念美國政府在臺灣遭受莫拉克風災侵襲時積極協助救災，捐贈130萬美元（約新臺幣3750萬元）救濟賑災。,6.667,5.143
text_00411,text,謝謝樓上兩位大哥的熱心回覆我已經去原廠詢問了原因就是戶外溫度低所以空調會自動調節車內溫度後來今天開回家時戶外21度我冷氣23度我把後座出風口關掉結果前面冷氣竟然不夠冷有點溫我馬上把後座出風口打開竟然吹冷氣想說這麼奇怪前後竟然顛倒馬上把溫度調低前面的出風口就吹出冷氣了今天去原廠就檢查而已還幫我洗車算是賺到,6.556,6.0
text_02957,text,但有分析稱，中共誤認為握有包括稀土等三張王牌，其實是禍國殃民的三張臭牌，連習也被忽悠...在Google新聞上檢視完整報道,3.889,4.444
text_01246,text,此番發言引起與會中方人士不滿，演講嘉賓之一的前中國國防大學戰略研究所所長潘振強迴應，穀內的發言「粗暴、狂妄，顛倒黑白、混淆是非」，讓他感到吃驚和悲哀。,3.286,5.625
sentence_01213,sentence,婚姻家庭制度本身就在瓦解中,3.6,5.0
sentence_02503,sentence,王莽謙恭未篡時,7.0,1.0
sentence_00900,sentence,許多破敗的漁村與鄉鎮充滿了海洛因成癮者,2.6,5.5
sentence_01175,sentence,還振振有詞不知羞愧,3.0,7.0
sentence_00893,sentence,有啥資格嘲笑俄爹,3.0,7.25
sentence_02349,sentence,昨晚下了那樣的暴雨,4.333,5.0
text_02809,text,AMD的7nm產品矩陣已經蔚然成形，雖然Intel仍舊慢半拍，但NVIDIA方面似乎不願再被動挨打了。,5.333,3.143
text_02211,text,自近兩年來新造煙企業迅速湧入市場至今，許多電子煙產品的銷售增長資料都很出色，但隨著需求的上漲以及管道的增加，各方面的壓力也隨之而來。,4.0,4.0
text_02105,text,有媒體報道稱，5月11日，廣西柳州一中學在家長會上推出華為學生定製手機，該款手機可過濾不良資訊，並對使用時間進行管理。,6.167,3.286
sentence_01939,sentence,收受和行賄25人,3.333,4.667
text_01598,text,當然，政府的責任最大，務必有效思考對策：一、救火救急，息怒第一：搧風點火不是人民之福，熄火重建纔是全民所盼！,6.0,5.889
sentence_02467,sentence,則是悠哉地俯瞰風景翱翔,6.333,4.667
sentence_01141,sentence,我爺爺過世時我爸已經35歲了,5.0,1.667
sentence_02526,sentence,我們承衍是個很有才氣的孩子,7.0,5.5
text_02644,text,Facebook表示，能吸引使用者重複觀看的視訊會有更高的優先順序，同時觀眾會乖乖觀看最少一分鐘，甚至3分鐘的話，更會有更高的權重。,5.25,3.556
text_01101,text,陳翁表示，每當夜深人靜，見2個孫子入睡，不禁潸然淚下，但「怨嘆沒有用，還是要堅強，不然孫子怎麼辦？」他說，每天光想要吃飽、睡好都很困難，只能不斷自我催眠「要堅強」，把孫子當成精神寄託，好好扶養2人長大成人。,5.125,5.714
text_02251,text,路演超額認購的底氣已經讓瑞幸將發行價定在了17美元的區間上端，而25美元的開盤價、飆升50%瘋狂，還是讓人不得不感慨這樣的行情有些匪夷所思。,4.167,6.333
text_00366,text,沒有嘛，所以第三排本來就是有時候遇到應急用的，不是日常都要坐人的嘛，那你嫌他難坐幹嘛?,3.667,5.222
sentence_01130,sentence,他憂心忡忡地說,3.333,5.333
text_01685,text,權力的傲慢加上學位的傲慢，更會拒絕承認錯誤。,3.25,5.429
text_02688,text,在遊戲開始時，可看到一堆由7種不同顏色所組成的色塔集合，每種顏色各有7座塔，雙方輪流拿取，先拿到同一種顏色的7座塔就能獲勝，或是最後獲得最多顏色的人贏得比賽。,5.125,3.875
sentence_01363,sentence,經營自己的傳統,6.4,3.2
text_01790,text,前行政院秘書長林益世涉嫌貪汙，馬清廉形象受損，黨內要角連勝文批評馬是丐幫幫主，暗示全國在他領導下都是乞丐。,3.0,5.571
sentence_00776,sentence,把西方謹慎論調當侏儒,3.5,5.5
sentence_01732,sentence,只要每天都會彼此掛念,5.333,6.0
sentence_00735,sentence,為病人保守隱私,6.5,4.333
sentence_01241,sentence,這一次聖終於要開拓新地圖前往王城之外的地方了,7.0,5.4
sentence_01014,sentence,你可以不惜信譽和成本替他人繼續造謠汙衊,3.333,5.333
sentence_02009,sentence,被監院彈劾兩次,3.6,5.25
text_02813,text,澳洲聯邦員警表示，警方在今天稍早搜索了澳洲廣播公司集團位於雪梨的總部，並鎖定3名參與兩年前一份調查報導的記者。,5.0,2.714
text_01827,text,想吹冷氣要電費，卻無法忍受核電的危險.,2.875,5.857
text_02201,text,據外媒報道稱，高通和華為正在談判專利和解事宜，而此事已經得到了高通方面的證實，雖然目前不清楚雙方和解的進度，但有內部訊息人士透露，已經到了談判最後階段。,5.333,3.0
sentence_00976,sentence,我說過我不會流淚,5.25,7.5
text_00943,text,最喜歡的是旅遊時可以隨時讀取ＳＤ卡，隨時上傳ＰＰ。,6.667,4.667
text_00213,text,你的快樂的波及範圍已經不是小小的一大片啦~~~~哈哈哈,6.333,6.167
text_00418,text,原廠要有能力及意願來主動研究及保修它，車主遇到這個問題已經很不舒服了，請原廠用最大的熱忱來處理。,3.222,6.333
sentence_01324,sentence,手掬一束白色波斯菊貼於平坦的胸前,5.0,2.0
sentence_02123,sentence,王岐山器重明鏡,6.0,3.5
sentence_00653,sentence,根本意圖使人破戒,3.0,6.5
text_01457,text,蘇震清抓蛇好本領從小練就一番徒手抓蛇的好功夫。,5.889,4.286
sentence_00379,sentence,為什麼不準發有人負責嗎,3.5,5.0
sentence_01038,sentence,宋專門寫了一封電報給蔣經國,5.0,3.5
sentence_00579,sentence,所以我很羨慕我弟,5.0,5.0
text_00289,text,疼老婆是一件好事!很好....像我也是剛結婚!!雖然家裡有車子雖然上班公里數差不多要13k不過能盡量不開車還是不開車!說真的開車油錢好貴唷....除非天氣真的很糟糕才會想要開車!!兩個人的收入差不多不到六萬不過....沒認真算過不知道有沒有結餘....騎機車跟開車的開銷真的有差....多存一點真的需要的時候在買吧!!說是這樣子說!我自已也想買台車子給老婆開....,5.333,5.4
sentence_02262,sentence,這種被竄改內容或被迫改變的案例不只臺灣出版物,3.5,5.75
text_01419,text,網咖內玩家滿座，瘋玩《英雄聯盟》。,4.5,5.143
text_00927,text,手機系統內部若有加密功能，勢必要加以設定，可保護個人資料不至遺失或遭竊。,5.125,3.0
text_00731,text,我是聽西門子的朋友推薦選擇這家酒店的，訂的豪華間，總體感覺不錯。,6.625,4.6
sentence_01436,sentence,發達地方早拆了,3.667,4.333
text_00009,text,書中攝影作品以及文字都向讀者呈現另一個完全不同的時空，我想熱衷於此苦旅之樂的人們，受得起苦，覺得萬分值得的也是這一份精神體驗的快樂。,6.333,5.625
text_01638,text,居壓倒多數的人民在天性和態度上是如此的脆弱，以致用嚴肅的推理還不如用情感更能支配他們的思想和行動。,4.714,3.714
sentence_01450,sentence,甚至干擾人的荷爾蒙分泌,3.0,6.667
sentence_00397,sentence,美國人頓時呆了!,5.4,7.75
text_01735,text,如今受訪者既不滿意施政表現，又不願罷免，說明不滿意度高應是屬於高期望以致於高失望的第一種狀況。,3.625,4.444
text_01214,text,「LINE免費貼圖」的Facebook臉書)粉絲團，利用哆啦A夢、櫻桃小丸子等可愛貼圖吸引網友，宣稱只要對粉絲團按贊、轉貼，並留下個人LINE帳號，該貼圖就可以免費寄到帳號中，兩天內便吸引逾十萬名網友轉載、留言，LINE官方緊急透過臉書澄清，呼籲網友別再受騙。,4.778,4.143
text_00215,text,至於淩小萌，很可愛，像個小駝鳥，估計在此文中，不是顧正榮生病住院，小萌肯定還會繼續逃避吧！,4.444,3.714
sentence_00531,sentence,或者工作失敗咋搞,3.0,6.667
sentence_01302,sentence,換勾引肌肉直男原創的私信我就可以,6.0,6.0
text_00463,text,呵..老實說一堆開著T牌的，說要用好輪胎比較重要，結果還是爆爛輪胎..不然就是一台便宜的車，改的亂七八糟排氣聲又大...不重視安全性的亂鑽結果跑起來比人家富豪..S60沒改的車還慢我相信消費者都是明眼的只有些業務和網軍是喇叭嘴的所以那些傢夥我想大概塑化劑當水喝..因為對他們來說..沒差.....所以.,3.222,5.8
sentence_02394,sentence,我也感到與有榮焉,6.5,5.2
text_01526,text,但是若真的把孩子的玩具沒收，孩子卻哭鬧得更兇，這時候就不要理他，要是他再鬧，就再沒收其他的。,3.889,6.333
sentence_01608,sentence,的身份有很高的期許,6.333,5.333
sentence_01155,sentence,還不是吝嗇金錢,3.0,5.0
sentence_00659,sentence,靠北這根本郭臺銘示範如何一次得罪所有年輕選民啊,3.0,7.0
text_02501,text,百度的工程師在冬天看到一隻躲在自己車底下避寒的流浪貓後，決定與志願者組織合作，建立了一個具有AI加持的流浪貓庇護所。,7.0,5.429
text_00014,text,故事情節的發展，我也心中甜蜜，酸楚，失落，幸福。,5.125,4.571
text_01604,text,美中在釣魚臺爭端中的對抗逐步升級，釣魚臺局勢再現緊張態勢。,3.25,5.778
sentence_00434,sentence,他一個學歷史的竟然符合臺灣投機分子郎鹹平的黑屁說什麼,3.4,7.25
sentence_00782,sentence,77應該比較算天然的自尊心高,5.5,2.5
text_02040,text,法官斥被告針對單身女性工作者搶劫的行為卑劣懦弱，又出賣朋友並讓朋友蒙受經濟損失，更在受懲教署監管時目無法紀地接連犯案，最終判其監禁共6年零8個月。,3.6,3.667
text_01620,text,不少移工今天也到場喊出心聲，他們在現場演出行動劇，演員表演馬總統與大老闆同流合污，不斷引進便宜外勞，外勞雙腳下跪雙手撐地，迭起「人肉金字塔」，而大老闆則緩緩爬上金字塔頂端，馬總統則用打氣筒不斷替老闆打氣，撐到大老闆肚子都破了，諷刺政府不公平的外勞政策。,3.0,4.5
text_02291,text,據外媒NewAtlas報道，對於不喜歡前往自助洗衣店的公寓居民來說，可以使用緊湊型洗衣機-但洗好的衣服需要烘乾時該怎麼辦呢？,4.625,3.429
text_00055,text,長恨歌，我想王琦瑤只是追求自己的幸福，從李主任時是青春追求名利，康明遜時追求的安穩的生活，老克臘追求的晚年孤獨的陪伴，只是她的追求都破滅了～我想如果程先生沒有在文革的時候自殺了，也許晚年的王琦瑤就會願意了吧，願意只有恩情而沒有愛情的陪伴了吧～很不錯的一本書～王安憶說過，她筆下的王琦瑤代表的是一座城市～值得一看哈～,6.111,4.75
text_02444,text,可惜的是，胡適談佛，永遠就只能談其五分之二，他這個實用主義者，對那個不實用的五分之三，他也就不信、不修、不悟了……。,4.333,3.333
sentence_02263,sentence,關於那些受難者,4.0,3.25
text_02685,text,警員到調查，初步相信賊人由後巷爬入天井，撬毀店門入內搜掠，經負責人點算後，損失一批約值5萬元運動鞋及cap帽，逃走時疑匆忙間天井鐵閘遺下兩盒波鞋。,4.0,3.778
text_00740,text,推薦給節約消費的自助遊朋友~比較划算，附近特色小吃很多~,6.5,5.429
sentence_00943,sentence,怎麼會舉著侵略國的旗子,4.0,5.333
sentence_02129,sentence,可謂是深謀遠慮,7.0,4.5
text_01775,text,學匪:我的自由不受限!!我跳脫體制外!!我想罵誰鬥誰人肉誰是我的自由!!我佔領立法院是我的自由!!公民不服從!!但是，其他人的自由由我來決定非我族類想進出立院，要先讓我搜查，放行才可進入，我同意他們才有人身自由。,3.0,6.25
sentence_00287,sentence,最高檢清理久押不決是在清理違法行為,7.0,6.0
text_02419,text,假如你恰巧是品牌或通路的經營者，那殘忍的瞬間，代表原本屬於你的顧客被對手狠狠攔截，線上上與線下區隔日漸模糊的今天，這是大家正在面對的困擾。,3.875,5.286
text_00296,text,如果只有HYBRID的差別，動則數十萬的價差，卻要消費者買單，銷售量肯定不會太好看這年頭環保跟銀子，大概還是銀子重要些)，HYBRID車款將會是CAMRY的重要戰略車款，希望借此再拉大與同級對手的差距，如果銷量不好，總代理面子肯定掛不住，因此在配備上預留了一些頂級的空間，讓準CAMRY車主能多掏一些銀子，購買HYBRID車型。,4.125,2.667
text_02675,text,這個訊息一出，社會一陣嘩然，和不久前電視節目主持人Janet自曝曾患憂鬱症一樣，同樣都讓大家不可置信。,4.0,6.0
sentence_01298,sentence,巴基斯坦一五星級酒店遭武裝突襲,3.0,3.75
sentence_00967,sentence,中國人以這種樸素的價值觀,5.333,3.0
sentence_00606,sentence,作為終極審判者,5.0,2.667
sentence_00354,sentence,滑世界超級之大笑話,5.333,6.0
text_00850,text,做工說不上精細但也還沒什麼發現什麼缺陷，操作系統安裝順利，附帶DVD中有全套XP、VISTA驅動。,6.0,3.625
text_00149,text,寫的有多好看呢，唉，真是個“用心良苦”的作者吧，貼滿了大量我們中國人錯誤的英語圖片，笑沒被笑死，丟臉死了。,3.375,6.25
text_00883,text,電池容量高達56Wh，續航能力強，可使用3～4小時，電池芯是韓國的，控制晶片是三星的。,5.286,5.625
sentence_00489,sentence,工作經驗最高10分,5.333,2.333
text_02452,text,"美國總統川普確定對中國將近2,000億美元的商品關稅提升至25%，將會對談判有重大影響，但這並不是告一段落。",4.714,5.222
text_00353,text,很多車主抱怨冷氣空調有很重的酸臭味---新車時卻時有很嚴重.,3.0,4.875
sentence_00440,sentence,若報導牴觸受眾的核心信念,3.5,4.0
sentence_00638,sentence,既然別人不理你了,4.0,7.0
text_00530,text,此道路為單線道但是道路上並不有話單向或是行駛路線路邊無話黃色線道也無紅色線在整個過程中對方撞到我之後變成靜止狀態以機車量的距離與寬度大約是1.5臺車也就是說機車改4輪以人的話可以至少佔4個人所以你說你們說我氣憤不氣憤重點是看他服務那麼多年的環保局垃圾車既然會撞我車子會不會太誇張了再稍微些10~15角度轉彎處太誇張了只能說只想回他幾句髒話哈哈,3.222,6.875
sentence_01556,sentence,冠冕堂皇的理由經不住推油的按摩,3.75,3.2
sentence_00727,sentence,式翻盤太精彩了,7.0,6.0
sentence_01409,sentence,聖人將一年火侯攢於一箇時辰中,6.0,5.0
sentence_01286,sentence,後徐被軍法處置後,4.6,3.8
text_01569,text,這項限制在二○一一年利比亞爆發反政府革命後改變了，利比亞獨裁者格達費的垮臺，讓他用售油所得買入的大批武器落入各方勢力手中，這些武器開始從利比亞邊界湧入。,3.778,5.333
text_02563,text,律師表示，禮頓知道採購物料及螺絲帽接駁有問題，是應該通知港鐵及即時解決問題，但禮頓從來無向港鐵提及，港鐵就連線縫問題向禮頓發出138份不合格報告。,3.571,4.0
sentence_00522,sentence,不如此早就被滅了,3.667,6.333
sentence_02314,sentence,微信三天不新增會失效,4.333,3.333
sentence_02209,sentence,會長年佔用堆填區的空間,3.75,4.75
text_02076,text,根據路透社的情報，Google已暫停了與華為在轉移專利硬體和軟體上的相關交易，從而影響到華為的海外手機業務。,3.857,3.857
text_02034,text,2017年秋季，雪茄形狀的奧陌陌闖入太陽系，成為科學家發現並證實的首個星際訪客，在科學界引發了不少的喧譁與騷動。,6.0,5.429
sentence_01086,sentence,你就開始新一輪的論戰,5.0,4.0
text_01077,text,醉漢擋道，在車上多停留14分鐘，如果是心血管急症患者，超過6分鐘就可能腦死失救，痛批醉漢失序行徑。,3.0,6.167
sentence_01670,sentence,就是你口中喪心病狂的民進黨在80年代做的事嗎,4.0,6.0
text_02224,text,Google一如所有的爆料所道，為這產品線帶來兩名定價較親民的新成員，只要400美元的Pixel3a和480美元的Pixel3aXL。,6.5,5.0
sentence_00106,sentence,搭豪華私召車卻沒錢還,3.25,5.75
sentence_00576,sentence,無一例外都離婚了,2.667,6.333
text_01763,text,英文「中國日報」（ChinaDaily）本月稍早報導，黑格要獲得國會通過任命案，將面對一場艱難的戰役，但報導也提到黑格「顯然願意與中國合作」。,4.778,5.143
text_02759,text,由於收購瑞典汽車公司薩博失敗，導致在鄂爾多斯的造車槓桿落空，置換的煤炭資源懸停，最終使多方陷入同一僵局當中，而今這一僵局仍然難解。,3.667,3.333
text_00330,text,壓縮機使用電子可變開關控制,5.125,5.0
sentence_00150,sentence,怎樣能更平步青雲,4.667,3.667
text_01724,text,在芝加哥，我看到美國的美好前景。,6.444,5.571
sentence_02514,sentence,讓他的心變得率直,6.6,4.2
text_01682,text,國民黨已警覺到，二○一四年七合一選舉，如果藍營施政無能無感的印象無法改變，則七合一選舉即可能大敗，如果七合一選舉大敗，到了二○一六大選即難保不會變天。,4.111,5.833
sentence_00129,sentence,這樣的言論會不會被帶走,4.75,4.5
sentence_02153,sentence,簡直讓人歎為觀止,6.4,7.5
sentence_01883,sentence,詹碧雲奪得東方舞,6.667,3.667
text_01451,text,非客家籍的郝市長以客語致詞，博得臺下鄉親們的掌聲鼓勵。,6.556,5.444
sentence_02204,sentence,草包沒有審慎評估就降為乙等,2.333,5.0
sentence_00286,sentence,斯柯達看風景的繼續反饋可讀性的小組賽隨時隨地很好的回答你的決定繼續舒適度度假酒店不得不服厚度和道德大型活動基督教反對基督教機動車的很多很多很多很好的很多很多很多哈哈哈哈打交,5.0,3.5
sentence_01566,sentence,損壞是一件顯而易見的?,5.0,4.0
text_01277,text,警方調查，吳宗憲等人昨天清晨五時許，到南京東路五段陳家涼麵用餐，因鄰桌三男兩女講話太大聲，引起吳宗憲的不滿，於是要其中一人到店外詢問究竟談些什麼？對方向吳表達不好意思，願意替吳宗憲等人埋單，以示歉意。,3.875,3.0
sentence_00928,sentence,非常下流無恥危害世界安全,2.5,8.0
text_01371,text,許文雄於民國98年間因涉及職棒放水打假球案，不僅遭球隊開除，面臨沒有球打的失業困境，還被法院判決必須賠償原所屬球隊違約金新臺幣100萬元。,3.5,4.625
sentence_00262,sentence,會被美國取消關稅優待,4.0,2.667
sentence_01941,sentence,國民黨徹底淪落為政治娼妓了,2.5,5.25
sentence_01317,sentence,能做你爹的還不夠高貴,3.4,6.2
sentence_00663,sentence,滿心歡喜揮手像個孩子,7.5,6.0
sentence_00413,sentence,今天起床就感受到活力,7.0,6.75
text_01476,text,臺灣遊戲選手再度揚威海外，遊戲業者表示，臺灣遊戲人才豐沛，但社會對遊戲業的負面觀感，讓電競產業發展受限，希望政府帶頭正名並給予協助，幫助電競產業與國際接軌。,6.444,5.714
text_00564,text,第五，酒店主要面向團隊，不喜歡商務客人。第六，房間隔音極差,2.222,6.714
text_00111,text,如果看這本書的女生多了，優雅的女士會讓今夏風光無限。,6.4,5.286
text_02613,text,令人欣喜的是，中國民營商業航太公司的迅速崛起，讓國家隊不再形單影隻，這些商業航太公司正在向全產業鏈、全場景突圍和趕超。,6.333,4.444
text_00879,text,用了一個50元券，花了2649入手的，價格而言是無敵了，當然你要是3199入手，價格上就沒有優勢了，產品秉承了華碩的一貫品質，各方面做工都優於MSI的,6.2,5.375
text_01950,text,阿富汗長年戰亂，貧窮落後是普遍現象，人民三餐不濟，聯合國兒童基金會估計，至少有3百萬的5歲以下兒童，發育不良、營養不足，其中1/3情形嚴重，甚至活不了。,2.556,5.8
sentence_02296,sentence,微機械是基於晶片製造技術的精密機械,5.0,2.5
sentence_02270,sentence,同樣不予以置信,4.0,5.667
text_01719,text,同時他感謝了他的女兒，「你們是世上最美的少女」。,6.889,5.667
text_02129,text,最近我接觸的幾個活躍開源專案，都是西方人主導開發的，他們維護者似乎對UTF-16均有所誤解，或是懶得做全面的支援。,3.556,3.333
sentence_01534,sentence,盼扺消可能的赤字,5.667,6.0
text_00341,text,也在原廠保養，遇到這事還真是第一次。,3.778,5.444
text_02928,text,這是因為近期詐騙集團已經不再只是發詐騙郵件，而出現了一系列冒充蘋果客服的詐騙電話，這些客服電話會利用一些技巧，來盜取使用者的Apple帳號。,3.5,4.333
sentence_02569,sentence,從你嘴裡說出簡直像天籟,7.0,6.333
sentence_00539,sentence,我不承認有這麼糟糕的爸爸,3.0,6.8
sentence_00613,sentence,同時焦慮還會跑進來亂我真的4不知道該怎麼辦,3.0,5.5
sentence_00710,sentence,妳支撐了多少支持者的心靈,6.333,6.333
text_02952,text,OpenTelemetry成立的目的，是要為原生雲端應用程式，提供強健可移植的遙測功能，作為OpenCensus和OpenTracing兩專案的替代方案。,5.875,3.125
sentence_01041,sentence,還有他是美人魚,5.6,3.6
text_01503,text,戰略資源倒數計時，更讓人懷疑有人打PASS將資訊傳達給臺上比賽的選手。,4.0,5.429
sentence_01850,sentence,直到我們完全聖潔,5.333,4.667
sentence_01158,sentence,就如同你信賴他嗎,5.0,4.333
text_02962,text,美國的網路安全業者PaloAltoNetworks近日宣佈已與兩家業者簽署併購協議，一是專精於容器安全的Twistlock，另一為無伺服器運算安全業,5.25,3.222
sentence_00105,sentence,冰箱等傢俱損毀後,3.0,3.667
text_01109,text,培養航空棒球隊的付出，縣府會儘速確定接任人選，讓球隊持續運作。,6.0,5.286
text_02199,text,因為韻律，身體才不被削為物；身體空間的記憶，若滅了韻律部份，就有反生命的危險——以此觀之，羅浥薇薇是在倫理與才份上，雙雙俱足的守護者，珍稀且強悍。,6.25,4.75
sentence_02215,sentence,能掀起什麼大風大浪呢,4.667,4.667
sentence_00095,sentence,武吉知馬一帶擁有近40年曆史的老字號陳唱車行展銷室,5.333,3.333
sentence_01127,sentence,你們如果不饒恕別人,4.5,7.5
sentence_01249,sentence,凡得此症的人都以得病為榮,6.0,6.0
sentence_00797,sentence,為祖國效勞是我的榮幸,7.0,6.5
text_02337,text,抗生素是用以抑制細菌感染的用藥之一，若因病需要使用抗生素時，醫師或藥師都會特別叮囑一定要把所有的抗生素吃完，以免發生更嚴重的抗藥性問題。,5.111,4.375
text_00019,text,看了此書對中醫養生有了更濃厚的興趣，當然尤其是能使自己又美麗又健康的法子，正在嘗試，但願有效果。,6.222,4.429
text_02403,text,此次展會吸引了EMS、中通、圓通、申通、韻達、百世、德邦、蘇寧等中國主要快遞公司，阿裡雲、優博訊、尖叫智慧外骨骼機器人等頂尖科技企業參展。,5.625,2.625
sentence_01145,sentence,純全可喜悅的旨意,7.0,6.333
sentence_00611,sentence,卻得到一鼰赤?,4.333,4.0
text_00270,text,一旦你發現什麼事情好像很完美了，其實它就哪哪都是漏洞。,3.5,4.375
sentence_01028,sentence,三度提出司法請求與會商要求,5.0,3.333
text_02206,text,當前IT公司為了爭奪優秀的技術人才，提供的各種福利都很可觀，除了極高的薪資，什麼免費餐飲、健身房、衣服清洗、桌上足球、各種下午茶與外出團建應有盡有。,6.778,5.375
sentence_00096,sentence,5000母音樂家,5.333,2.667
sentence_02217,sentence,最催眠的莫過於艱澀,5.0,3.75
text_01492,text,臺北暗殺星隊長陳匯中（MiSTakE）表示：「比賽中雖然一度陷入拉鋸，但經過調整，重新找回自己步調，最後能夠取得勝利很開心。,7.0,6.571
text_02321,text,香港豬肉行總商會理事長許偉堅表示，若發現豬隻受感染，不會反對屠宰所有豬隻；但豬隻是業界財產，若沒有問題，應該盡快放行豬隻。,5.0,3.444
sentence_02247,sentence,將依公投廢止條文和廢核遊行兩件事並陳,5.0,4.0
sentence_01371,sentence,逆境和業障是有,3.75,3.8
sentence_01606,sentence,得其善言不狂喜,6.6,3.8
sentence_00792,sentence,你們可以侮辱我,3.0,7.333
sentence_01519,sentence,可以多一個默默守護的牽掛,6.6,4.0
text_01813,text,我反對死刑的原因很簡單：就是無法降低犯罪率.,4.333,5.0
sentence_02575,sentence,一賢人進則望治,7.333,6.0
sentence_00733,sentence,的計劃再受挫折,3.0,4.667
text_02598,text,天文臺預測，本港地區今日天氣，大致多雲，有幾陣驟雨，中午前後驟雨逐漸增多及有狂風雷暴，最高氣溫約31度。,4.875,3.111
text_00328,text,這是為了讓普通男孩、女孩有幻想的空間。,5.333,4.571
sentence_02205,sentence,處於曖昧狀態但還沒結婚,5.0,3.333
sentence_00167,sentence,頑固的推行加贈關稅,3.5,5.25
sentence_00358,sentence,據香港南華早報透露,4.667,2.667
text_00076,text,後來有朋友買了說好，那咱還是買一套吧。,5.556,4.0
text_00720,text,我住的是2樓，窗戶不能上鎖，不夠安全.,3.625,5.429
sentence_01061,sentence,各種偏執與需要被照顧到的情緒都有了清楚的面向,6.5,4.5
text_00167,text,希望更多的老師看看王老師的書，仔細的想一下應該如何教孩子學習而不是灌鴨式的教授知識，讓孩子真正的愛上學習！,6.571,5.857
text_02165,text,這款很有價格優勢，無磷，不含防腐劑和熒光增白劑，主要包含脂肪酸鈉、甘油和沸石粉等，適用於內衣內褲、貼身衣物等，可以瓦解血漬，建議有需求的值友別錯過。,5.625,4.5
text_00516,text,如果因為2.5的稅金還有一些優勢不存，再加上很多安全配備被削減而導致銷量驟減。,4.0,4.571
sentence_00386,sentence,則不可得志於天下矣,4.0,4.2
text_00971,text,這個筆記本性能好的，適合女生用，而且是粉色！,7.0,6.286
text_00645,text,可能這位小姐心情不是很好對我即是嘆氣又不耐煩，可是在與老外交談時態度可以同5星飯店比較一下了。,3.143,4.875
sentence_02164,sentence,一看經濟欣欣向榮,7.0,5.667
sentence_00927,sentence,財產被法西斯獨裁習,3.667,6.0
sentence_01917,sentence,果然是精明的商人,6.667,5.0
text_01758,text,相對的，伊朗政府對黑格的提名抱持審慎歡迎的態度。,5.375,3.857
sentence_00769,sentence,清澈的藍色海水,6.0,2.333
text_01229,text,事情發生了，請讓新生命帶來喜悅與平安，而不要帶來恐嚇與恐慌。,4.444,3.571
text_01309,text,Razer共同創辦人暨執行長陳民亮Min-LiangTan)表示：「去年我們看到贊助隊伍當中，TPA戰隊的成績讓我們感到很滿意，而今年雷蛇也擴大贊助TPS，除了期待他們有更好的表現，今年跟明年也將提供更多的贊助資源，積極投入經營電競市場。,5.875,3.857
text_01808,text,但構建中美新型大國關係，不是嘴上說一說就管用；美國必須學會尊重中國重大核心利益，少做表裏不一的「蠢事」。,4.667,5.375
sentence_02502,sentence,結果就只是單純的不歡而散,3.0,5.0
sentence_00754,sentence,拿撒勒人被人出賣釘上十字架,3.0,4.25
text_01887,text,反倒日本處於經濟低迷已久，至今尚未看出有何出路。,4.5,3.625
sentence_01785,sentence,圍毆至牙齒移位,3.0,4.5
sentence_01283,sentence,於是我們看到生育率下降,3.5,4.0
sentence_00028,sentence,河村隆一演出充滿溫暖,7.667,5.667
text_00700,text,強烈建議不要入住！,2.0,7.625
sentence_01473,sentence,不過幾百年的領先而已,5.0,3.0
text_01690,text,抗議個屁~根本就像是小屁孩，不爽去搗亂而已~這不叫抗議~不叫反服貿~這叫....幼稚、無聊、閒閒沒事做我就是想笑~看到你們抗議變成貪吃鬼跟小偷和觀光客~我真心覺得~好笑~而且噁心~~不要拿服貿來當藉口去搗亂....回家吧你們!!!,2.0,6.0
text_00889,text,關鍵還是不錯的散熱，做工，設計，非常適閤家庭娛樂使用。,6.889,4.667
text_02738,text,向來女兒的出生被媽媽們戲稱是”最強小三”的誕生，不過當了人家女兒這麼多年也確實有感受到爸爸對於女兒無條件的溺愛,6.0,4.0
sentence_00984,sentence,但我人真的很手賤,3.6,6.25
text_01636,text,試想，當年新聞局官員郭冠英用筆名在網路上撰文，被公懲會認定「其言論顯與公務員身份不相宜，影響政府機關形象至巨」，就予以撤職處分；施文儀如今不斷惡意批評政府與政策，難道不應該處分嗎？此外，施文儀是凱達格蘭學校國策班第一期，是民進黨刻意栽培的對象，2008年之後馬政府繼續重用，足證國民黨用人不分藍綠，這固然值得肯定，不過類似施文儀這種人如今還有很多，他們對於政府政策，或是陽奉陰違，或是無形抵制，或是明譏暗諷，或是公開反對。,3.0,6.333
text_02395,text,十一種口味可選，味道鮮美，適口性強，狗子愛吃~京東目前售價12.9元，下單3件，可參加買3免1，實付25.8元包郵，摺合8.6元/件，需要的值友可以入手~,5.625,3.5
text_02801,text,韓粉宜蘭後援會則發出警告，6月1日、6月22日兩場造勢大會均屬自主性，若有人招攬免費搭車、請客、吃飯、送錢，都是陷害當走路工影片，籲韓粉千萬別中計並歡迎檢舉！,4.143,5.778
text_01243,text,日本首相安倍晉三的外交智囊谷內正太郎20日表示，中國以「武力威脅」對釣魚臺日稱尖閣諸島)提出主權要求，破壞國際規則。,4.0,5.286
sentence_01922,sentence,如常飲能使老人面部紅潤,6.75,3.0
sentence_00112,sentence,峨眉武術的剛柔並濟,6.0,3.0
text_02362,text,隨著共用單車的爆發和智慧門鎖的快速落地，自行車鎖和門鎖均快速完成了智慧化轉變，實現聯網管理，用藍芽、指紋等替代鑰匙等，一定程度上革新了傳統車鎖和門鎖市場。,6.857,4.167
text_01974,text,王金平也說，行政院將在二月底前擬具績效獎金的覈算辦法送立法院備查，立法院屆時再來「深入探討」。,5.333,3.714
text_01855,text,國營事業有各種型態、種類及業務性質，尤其部分國營事業是在市場上和同業競爭，能否獲利，必須考量是否具備和同業競爭的條件因素。,5.125,2.714
text_01226,text,無論如何，都不應當讓迎接新生命這件開心的事，變得生命的負擔。,4.5,6.143
text_02147,text,你不懂自己的不安全感為何這麼強，強到你總是需要用分手或傷害自己的方式考驗對方，或者大哭、或者冷戰，去要對方聽從順服。,3.375,4.111
sentence_01786,sentence,手段卻極為粗暴,2.6,6.25
text_01921,text,他講述了權力更迭的過程，我覺得非常有趣。,6.1,5.75
sentence_00382,sentence,能讓電視機前的老鄉爽一週,7.0,5.0
text_02090,text,金管會主委顧立雄今天表示，為鼓勵保險業投入非特許的長照產業，涉及不動產投資部分，將放寬收益率規定，至於收益率會調降多少還在研議，不過時程不會太久。,5.0,3.833
sentence_01428,sentence,腐蝕我們的心靈,3.333,4.667
text_01261,text,有些飼主會放任自家寶貝亂跑，甚至讓狗跳上桌，這不僅影響到他人，也會讓店家對寵物關上大門，害乖寶寶再也去不了。,3.125,6.0
sentence_02391,sentence,桑塔露琪亞的小船在搖晃,5.0,2.25
text_01452,text,兒時在鄉下長大，黃昭順常和玩伴跑到防空洞玩，一次不小心慘遭蛇吻，在人生記憶中留下永難抹滅的恐怖陰影。,3.889,5.0
text_01930,text,AIT文化新聞組長裴士蓮（SheilaPaskman）晚間表示，AIT代表美國政府感謝臺灣慷慨捐助因珊迪颶風而受災的人民。,6.375,4.667
sentence_00592,sentence,甚至分開只是合理化你的行為,3.0,5.0
sentence_01798,sentence,廣華醫院發生棄嬰疑雲,3.5,4.5
sentence_01408,sentence,為什麼我逛街時堅決要自己行動不要他陪,4.75,4.6
sentence_02332,sentence,所得稅生涯免除,6.5,2.8
sentence_02297,sentence,郭文貴可敬可嘉,6.25,6.0
sentence_01562,sentence,碎片化修補也不行,3.5,6.0
sentence_00547,sentence,研究人員的性別可能影響實驗鼠的疼痛反應,5.0,3.75
text_02036,text,孩子難以改變的另一個重大原因，是社會環境的影響，成人的世界、父母和老師每天也都在滑來滑去，要孩子不滑，真的很難有說服力。,3.625,5.875
sentence_00206,sentence,它不會為中國帶來什麼根本性的變動,3.5,4.0
text_00670,text,歡迎您再次入住，衷心祝您身體健康，工作順利!,6.714,4.167
text_00996,text,而且實際使用後發現它的很多自帶的實用軟件非常出色，非常人性化！,6.714,5.25
text_00347,text,目前新一代CAMRY的旗艦定位車款就只有2.5G車型可以擔任了...搭載於CAMRY上的足踏式駐煞車是機械式的，踩第一次鎖定，踩第二次就能釋放駐煞車了非常感謝大家的熱烈回應，小編必須要做的是盡量將新車的細節分享給大家，當然每個人都有所偏好，有些人若是不喜歡送他也不願開...買車是看需求，各種級距車型鎖定的客層與定位也不盡相同尤其現在安全防護意識抬頭，CAMRY此次改款能否持續擄獲人心？相信之後的銷售量會給大家答案的～,5.778,5.0
text_01520,text,這次獲獎的同學個個都是品學兼優的孩子，就讀聖母護專五年級的王位同學，學業成績始終保持班上第一、二名，他也積極參與醫院志工服務，至今已累計近兩百小時，除此還參與相關證照考試及研習課程，目前已有急救員及緊急醫療救護技術員之資格。,6.444,3.286
text_01991,text,「高雄發生大災害你們還在幹政治？這個板沒救了」最喜歡講這句話的是誰？不就是那些八卦板的長駐3.0綠吱嗎？這個板不就是幹政治而設立的嗎？為什麼不能幹政治？多的是在國家有重大災難時在非政治板面ex:八卦板)幹政治的綠吱自己在不能講政治的板面，批評時政批得很爽卻來大聲指責這個「因幹政治而設立的板」在國家有重大災難時不准批評政治人物否則就是沒人性我不知道這算什麼嚴以待人寬以律己的標準？,3.556,7.0
text_02052,text,雖然微信的功能開放比較剋制，不過微信支付的協力廠商服務卻動不動搞個小動作，目前協力廠商服務已經多達12個，比騰訊自家的9個服務還要多。,5.0,4.25
text_02442,text,公共空間的公用垃圾桶在管理上並不容易，垃圾量太多滿出來會造成髒亂，但如果要密集的收集垃圾又得花費大量的成本，在管理上並不容易，所以常常就乾脆不放垃圾桶。,4.222,2.0
sentence_01610,sentence,我的祈禱仍純潔,6.333,3.333
sentence_02329,sentence,連牛奶都未加熱,4.0,5.5
sentence_02002,sentence,從而不敢上前動手,4.0,4.5
sentence_01636,sentence,麻木就是沒知覺,4.667,4.667
text_02462,text,有個男人，少年得志、放浪形骸、花天酒地，在人生路上跌一跤之後，沈潛十數年，突然對一位條件很好的女性展開追求。,5.4,6.0
sentence_01203,sentence,本大小姐一向和藹可親,7.0,5.75
text_00758,text,衛生間的馬桶是壞的~~一不小心能把馬桶給摔碎。,3.778,5.444
text_01734,text,即寧可忍受短期罷免案可能帶來政治動盪的痛苦，換來政府施政效率提升、經濟生活改善的中長期好處，誰曰不宜。,5.143,5.0
sentence_00053,sentence,但是居然一個禮物,5.5,6.333
text_01837,text,藍委推動補貼政策制度化對於國營事業員工反彈，指經營績效受政策性因素影響，有盈餘才能發績效獎金是不公平的；王金平說，國營事業盈餘計算是否包含政策負擔之虧損，立法院協商處理預算無法規範太詳細，只能規範最高可以領多少，這部分未來可以再研究。,4.444,3.167
text_02060,text,微軟Windows10的五月更新今天如期登場，對一般使用者來說最明顯的改變，應該就是增加了亮色主題，了吧。,5.714,5.5
sentence_00725,sentence,你和所有人都是平等的,6.0,5.0
text_01696,text,其實臺灣缺的不是民粹政治，缺的是負責任的反對政治。,4.25,5.75
sentence_01960,sentence,可能害了西藏患病兒童,3.0,5.0
sentence_01964,sentence,整場比賽看下來有夠過癮,7.0,7.0
text_00682,text,晚上有小姐騷擾電話。,4.0,5.0
text_00427,text,平常都停路邊，半年換一次機油，也沒甚麼地方故障，我從以前K6.K8.K9.VIOS都沒它好開，K9是98年出廠，朋友家有賓士車，他坐後座之後就說，坐起來的感覺像賓士，這怎麼說，其它車都要拿去填海了。,5.25,5.0
text_02602,text,在我可見的範圍，懲教人員以禮相待，亦關心他們的身體狀況，相信他們均可有安全寧靜的空間修養心靈，以文字為大家打氣。,6.571,3.444
sentence_02271,sentence,在各界砸郭人士群策群力,4.333,4.667
sentence_01114,sentence,你翼望戲弄風吹,4.0,6.0
text_00683,text,聽朋友說那裏的小姐比較宰客，談好的價錢只是臺費，最後還會另收天價小費，不給的話，會有雞頭進來跟你談，挺恐怖的，最好不要嘗試。,2.556,4.75
sentence_00273,sentence,導致王扣瑪罹患嚴重肺炎,3.333,4.0
sentence_00438,sentence,中國傳統文化是戰勝共產黨和專制的法寶,7.0,5.0
text_01961,text,簡裕榮說有困難，同意戶隨即起身離開表示不滿。,3.143,5.8
sentence_00594,sentence,風駟雲軒愁誓約,3.0,6.0
text_00338,text,謝謝熱心朋友你們的關心與建議。,6.0,3.833
text_01876,text,以前大家不相信臺灣會餓死人，現在卻發生單親媽媽偷奶粉要給小孩吃，實在悲哀。,2.714,6.143
text_00140,text,帶一本小冊子，可以傳閱給你的朋友，分享擁有春天般美麗的心情，象鳥兒一樣放飛自己。,6.0,4.667
sentence_01778,sentence,一切的悲歡離合,5.0,3.333
text_01540,text,收到稿費後，請孩子吃大餐分享喜悅。,7.111,5.571
sentence_01291,sentence,虐童案引全臺公憤,2.5,7.5
text_00162,text,佩服作者的奇思妙想...衷心希望心情總是不好的人們能夠笑對人生其實真沒什麼過不去的坎兒~,6.0,4.625
sentence_01106,sentence,反而是老美假話都那麼可信,3.75,5.25
sentence_01703,sentence,整天都會滿臉紅光,6.5,4.5
sentence_01867,sentence,餵親都要搏鬥半個鐘,4.0,5.333
sentence_00326,sentence,但今天就有女生穿粗跟涼鞋參加,5.0,3.333
sentence_01521,sentence,不是煽動臺灣反華,4.5,4.5
text_01376,text,針對江母死因，地檢署昨委請前刑事警察局法醫研究所主任石開平相驗，解剖遺體後發現江母脖子上有不明顯勒痕，窒息死亡無誤。,3.286,3.125
sentence_01813,sentence,更不會找尋上師的過失,4.0,5.0
sentence_00063,sentence,一幅畫作被美國高階鑑價師鑑價一千三百萬美元,6.0,6.0
sentence_02487,sentence,低濃度阿托品眼藥水可減學童近視加深速度七成,6.5,5.5
sentence_00520,sentence,甜甜的蜂蜜口感,6.5,3.5
text_00409,text,安全配備很重要但駕駛方式，行為也同樣重要影片中那位車主完全沒注意前方路況幾乎快撞到了才踩煞車切到右線還好當時右線沒有車不然被他撞到還真衰安全配備是輔助不要以為防彈車多安全它只能讓你躲過前波攻擊你還得想辦法駛離現場否則一樣掛點懂嗎?,4.857,5.714
text_00095,text,我會將學到的知識向身邊的親朋好友宣傳，只要長期健身，必有回報。,6.625,5.0
sentence_00629,sentence,金犢獎0512,5.0,1.667
text_00302,text,臭酸的話題....東想西想，勉強掰出一些東西來阻礙。,3.286,4.167
text_01264,text,害怕給店家帶來麻煩，所以總是要附上一張「告示」宣導寵物上餐廳的禮儀。,5.111,3.5
text_02728,text,充滿童趣的故事、鮮豔活潑的畫面、風趣幽默的表演、精彩絕倫的交響樂現場演奏，獻給孩子的人生第一場交響樂，選它就對了。,6.778,6.125
text_02178,text,Titan安全金鑰是由穀歌推出的一款防範網上誘騙的雙重身份驗證裝置，內建硬體晶片，其中包含由Google設計的韌體，用於驗證金鑰的完整性。,5.857,4.429
sentence_00214,sentence,所以問題一大堆,3.4,6.0
text_01505,text,歌迷昵稱「京爺」的張芸京沉潛2年，言談中興起了結婚生子的念頭，宣佈「想婚」，不怕「京爺」形象破滅，歌迷心碎嗎？她笑說，「反正我早就想擺脫這個稱呼啦！,5.5,3.75
sentence_00864,sentence,第一次來萬國紀念公園,6.0,4.667
text_02119,text,沈佳宜安全穩固不影響訊號天貓精選現售價10.8元，可疊加5元優惠券，折後5.8元包郵，近期好價，有需要的值友不要錯過了。,5.75,3.0
text_01191,text,如果老師可以透過通報，讓學校強制對疑似可能有狀況的孩子鑑定，透過社工系統介入，纔是真正的保障學習權。,5.875,4.125
sentence_01820,sentence,姦淫女性樣樣來,3.0,6.0
sentence_01198,sentence,九份的旁支小巷就留待有空時自己獨遊品味吧,6.5,4.0
sentence_01401,sentence,我很罕見的買了繪本,5.5,6.5
text_00339,text,大家的建議與分享的結論看起來沒啥問題，我想問題的解決因該不會有問題，或遺症。,5.286,3.556
sentence_01712,sentence,也沒有這種魄力,4.0,4.5
sentence_01212,sentence,原因歸咎於只靠紅色權貴基因庫挑選,3.4,6.0
text_02730,text,嗯，是的，您沒看錯，上述三段充滿著詩意的編排比喻並非在描述某個出現在2029年的某個生化機器或者練出了庫裡式三分的揚尼斯，而是在說大衛羅賓遜。,5.0,4.286
text_00718,text,進入房間後非常舒服。,6.625,4.2
sentence_01123,sentence,即使是責備勸勉,4.5,6.0
text_01868,text,執政者無能，人民十分火大。,2.714,6.571
text_01138,text,但是壹電視發掘的少女團體「WeatherGirls」（氣象女孩）卻選擇在這個敏感時刻進軍日本，將在10月發行首張日文單曲，搶攻宅男市場。,5.375,4.625
sentence_01008,sentence,比起聊著時事八卦,6.0,4.0
text_01047,text,「少年Pi的奇幻漂流」也贏得技術成就天空3D獎，入選年度10大影片。,6.5,5.857
text_02285,text,初步調查顯示，女童沒有接種今季季節性流感疫苗，潛伏期內沒有外遊，她的弟弟最近出現發燒，已經求醫，無須入院，情況穩定。,5.556,3.125
sentence_02399,sentence,我家雜物間都要堆起滿滿全新只用過一分鐘的燈管了,4.333,5.667
text_01372,text,職棒球員表示，許文雄當時獲悉遭判賠違約金100萬元，曾表示尊重法院裁決沒有任何意見，但也顯示他無奈的心情和失意。,3.125,4.75
text_01821,text,什麼都暴力就好了啊，談什麼民主你問過我嗎?,3.125,7.625
text_00307,text,今天接到肇事者他媽的電話...說他們家經濟不好...兒子剛退伍...爸爸聽不見...聽到這些我只希望我的車趕快修好就好...其他就算自己倒楣了...晚上去辦出險...一切就交由車廠跟保險公司處理吧...唉...開快車真的一點都不帥...看他小女友都快嚇哭了==能夠轉彎打滑還撞我這麼大力想必速度一定不慢...只希望我的車車能快點回復原狀了...,2.667,5.0
sentence_02330,sentence,不因大眾的注目而刻意獻媚,6.5,4.667
text_02885,text,臨床上，腎氣不固、下焦虛寒導致的遺尿最為多見，症狀表現為小便清長、神疲乏力、面色少華、形寒肢冷、腰膝痠軟等。,3.714,3.143
sentence_01640,sentence,就是讓世界科技停滯不前,3.0,5.5
text_01496,text,因此在他們前進美國爭取世界冠軍前，很多人並不看好TPA能有亮眼成績，甚至臺灣內部都有很多質疑的雜音。,3.75,4.444
text_02945,text,毛澤東至死都是一口難懂的湖南土話，鄧小平也是一口稍稍好懂一點的四川方言，他們都不會說普通話，有什麼資格當黨和國家領導人呢？,4.0,4.667
sentence_00616,sentence,所簽署的約定!,5.5,7.0
text_02557,text,美國國土安全部在週一釋出的一份警報中警告，不只是中國製的手機可能會偷傳資料回中國，中國製造的無人機也可能會向中國的製造商傳送敏感的飛行資料。,3.75,4.714
sentence_00819,sentence,企圖將自己從刑事罪犯華麗轉身為,3.667,6.0
text_02387,text,"被鴿在心理學上叫做社會排斥，還有很多學者會用socialexclusion,ostracism來交替使用。",4.889,2.7
text_02891,text,暫委法官練錦鴻判刑時批評，張健華的證供不盡不實，法庭不接納他的供詞，又認為女事主的口供誠實可信，在受淩辱後沒有即時求援，吻合她的害羞和內向的個性。,4.6,3.143
sentence_01440,sentence,這也包括你身邊那些沈默寡言,4.0,5.0
sentence_01109,sentence,連朝代國號都混亂不堪,3.0,7.0
text_02629,text,1978年夏末正是卡特就任以來首度的期中選舉逐漸展開的時候，而輔選過程中，民主黨參議員甘迺迪挑戰民主黨總統卡特的態勢已經出現，兩人彼此敵視。,4.429,4.286
sentence_00913,sentence,不知道當年他們是怎麼把校歌寫得這樣簡潔,6.0,5.0
sentence_00097,sentence,醉漢出口辱罵女郎,2.25,4.333
text_02867,text,中正一分局表示，財團法人博愛文化基金會申請今天在凱達格蘭大道舉辦集會，預計活動時間從下午2點開始，到晚上6點30分結束。,5.0,1.8
sentence_01239,sentence,藍瓶乖乖聽話水,5.5,4.5
text_02264,text,雷軍和林斌本週赴印度進行商務活動，昨天，一張雷軍身穿印度傳統服飾、被網友親切稱為雷長老的照片引發米粉熱議。,5.5,5.429
text_00505,text,假如他不安全，買你覺得安全的車啊!假如開起來不像跑車...那就去買跑車啊!!配備不夠，沒有足夠的安全氣囊。,3.25,5.625
text_02249,text,隨著美國禁令逐步生效，越來越多的企業選擇與華為停止合作，其中包括谷歌、英飛淩、ARM等等，現在華為幾乎每天都會迎來一個壞訊息，令人心揪。,3.222,4.556
sentence_00302,sentence,毛病在於太自以為是,3.5,6.0
text_00482,text,買TOYOTA就好像娶老婆便宜不用太多聘金就可以入手外型又很好看只是沒有精品名牌LV加持平常都不會鬧脾氣5000公里花一點小錢他就爽了不用常常花各4千弄頭髮一萬買保養品3萬買LV10萬買鑽戒的使用它的時候舒服就好了不需要太多的技巧能達到目的地就好了不需要一直大馬力衝刺重點是等你想換掉他一堆人願意出高價去接收咧一般的男人甚至女人需要的不就是這種車當然想要的都是林志玲名模等級的那種歐洲車跑車,4.875,5.143
sentence_00381,sentence,那種不屑的調調,3.0,5.333
sentence_00047,sentence,也說不定明天就會變回灰綠了,4.0,5.0
text_01955,text,CNN記者：「其中69%被抓的小孩，年紀是在14歲以下，最年輕的甚至只有8歲，98%說他們受虐或是親眼目睹過施虐暴行。,2.6,5.714
text_01222,text,首先，得勇敢地讓家人知道，也讓信任的老師知道，讓大人及朋友來陪伴自己面臨挑戰，會更容易面對跟處理眼前的困難。,5.375,4.8
sentence_02119,sentence,種種人格上的控訴,3.0,4.0
text_02173,text,新時代的供應鏈不只需要充足電力，還必須是符合環境標準的綠電；然而綠電不包含核電，在美國環境保護局的定義中，核能算是傳統能源的一個分類。,5.0,3.143
text_00515,text,但品質，品牌或省油的優勢是不是真的一直維持，2.5的銷量很快就能反映出來，,5.5,5.625
sentence_02476,sentence,媽啊我擔負不起,2.5,7.5
text_01556,text,他接受國家電視臺記者採訪時道歉，說當時只是試圖緩和一下緊張氣氛。,4.556,4.1
sentence_00812,sentence,反而下定決心與兄長一戰,5.0,5.25
sentence_00115,sentence,冰火問我怎麼區分知己,5.0,4.4
text_01778,text,今早起來看到新聞，政院已經淨空雖說鬆了口氣，但還是很難過身邊的朋友一個個著了魔，紛紛把頭像換成黑畫面並說「民主已死」、「我們正在失去」我想這幾天還是別介入好，甚麼也都別說看到驅離後的情況，心裡又沉重起來民主並沒有死，我們沒有失去國家，只是被暴民傷害破壞就算員警完成驅離，我還是高興不起來並讓外人看了一場鬧劇笑話這就是大家要的嗎?,3.0,6.333
sentence_00460,sentence,直到晚上回家才看到地震的訊息,4.0,4.667
text_02261,text,據TechSpot網站報道，像Roku、AppleTV和亞馬遜FireTV這樣的智慧電視服務比以往更受歡迎，不難看出原因。,6.0,4.5
text_00299,text,我比較擔心的是重機那天不會打滑失控迎頭撞上你至於一般小汽車路上開的有九成以上沒有循跡系統吧舊車不會有新車要高階車款才有)你真的天天在想在你四周那些國產車那天不會打滑失控迎頭撞上你嗎?,3.667,5.625
sentence_00319,sentence,然後遲疑很久才發,4.0,4.0
text_02404,text,不可避免的，這種模式容易出現騙局，雖然從業者都是精明人，但欺騙者通過長時間的正常交易獲得信任之後他們也可能會麻痺大意。,4.0,2.875
text_02330,text,他們本星期二在餐廳光顧自助晚餐，進食包括凍長腳蟹及凍龍蝦，其後出現腹痛、噁心、嘔吐、腹瀉及發燒等病徵，全部人已求醫，情況穩定，其中兩人需入院。,3.429,4.25
sentence_00013,sentence,在沒有任何實證其數學能力的情況下,5.0,3.5
text_01355,text,四處攻擊路人，幸好大家遠遠見他不對勁，都繞道而行。,3.222,5.333
text_00273,text,對於學習者來說，真正的樂趣在於學習本身。,5.75,3.875
text_01294,text,Moscow5是上一季冠軍，實力雄厚，在準決賽第一局就以猛烈炮火重挫「臺北暗殺星」，但ＴＰＡ以極強的抗壓力及團隊默契，主力王榮燦表現精湛，一旦領先就極力壓制對方，逼使對方求援而露出空檔，而且懷抱「不要死，不能死」的奮戰精神，在接下來的兩局比賽中完全掌握了節奏，最後以二比一逆轉擊敗Moscow5。,6.75,5.625
text_02407,text,此次暌違一年，再次出發的孟子坤出人意料地一改往日深情路線，變身不羈嘻哈BOY，帶領聽眾感受孟氏嘻哈與眾不同的超燃魅力。,6.0,4.111
sentence_00455,sentence,乾脆徹底禁止宣傳鄧小平關於黨和國家領導體制的改革內容,3.5,6.5
sentence_01805,sentence,也像法國一樣罷工的時候,3.5,3.8
sentence_02225,sentence,發現樓在垂直下陷,3.6,6.0
sentence_02114,sentence,汝已違犯於彼等,3.0,8.0
text_01237,text,之前人力銀行公佈今年有七成上班族年終獎金不到1個月，現在卻有遊戲媒體公司年終獎金平均有10萬塊，一般員工最高可以領到21萬，更特別是這家遊戲媒體的年終給的方式，不是用評分，而是用出任務拿積分以及打遊戲來換年終。,5.875,4.889
text_00297,text,一堆豐田的護衛隊真可怕哪天死的是自己跟家人才會開始哭方向燈在行駛中絕對不是小問題足以釀成大事故連基本的安全問題都不注重真的很可怕車主花那麼多時間跑原廠是活該嗎車放在原廠那麼多天要另外花交通費是活該嗎損失誰來陪ˊ不尊重生命安全只會上來沒理由護衛的不過是加速蓋大樓的速度建議樓主一定要找消保官,2.25,6.833
text_02469,text,但是許多DIY愛好者卻對遊戲本嗤之以鼻，認為它對比DIY主機價效比低下，傻大笨粗移動性也不見得比桌上型電腦好到哪裡去。,3.625,4.0
text_00246,text,這裏什麼都有，就是沒有無聊！,6.625,5.0
text_02164,text,不太像我們熟悉的亞洲社會，關係進展通常是從單一方好感開始，接著追求，經過幾次的見面及瞭解，才發展成為男女朋友的關係。,5.0,2.857
sentence_00609,sentence,惟當權貪婪的瞳孔,2.75,4.25
sentence_01700,sentence,感覺華人孩子在公共場合比較守規矩,6.6,4.75
sentence_01720,sentence,一個長期直播的人活那麼寒酸,3.0,6.0
text_00074,text,現在人們的生活壓力很大，在很多時候自身的健康問題往往都被忽視了，特別是男性朋友，所以日常生活中多瞭解一些與健康和保健相關的知識還是必要的。,5.5,4.0
text_01439,text,男友拋下天后光環，與錦榮走遍各大夜市高調曬愛，詹惟中稱Jolin蛇年感情運將比較不穩定，反觀錦榮的愛情運相當旺，會有較多的外在誘惑。,4.714,4.8
text_00012,text,生活的力量真的足夠巨大，巨大的讓人可以平靜來面對這一切的過眼雲煙和眼前與期待相差甚遠的平淡。,4.375,4.25
text_02519,text,經歷了長時間的文藝為政治服務，人們驚歎於星星藝術家的自我表達，他們畫普通人的肖像，普通的風景，手法不太寫實。,5.0,4.167
text_00228,text,看了鄭淵潔的這一系列的書，寫了一篇作文描寫一隻小狗到了外星球的故事，寫得還是比較生動有趣了，連老師也打了個“好”字。,7.125,5.714
text_01387,text,有趣的是，現場還臨時上演一段粉絲見面會，陳美鳳也熱情迴應，給予庇護員工「愛的抱抱」。,6.125,4.286
sentence_02068,sentence,而別離足以美化人生,7.0,5.0
text_02479,text,可能洩露大量資料的自2014年一來就有的嚴重漏洞被暴露，未更改預設密碼的Linksys路由器甚至可以幫助駭客在現實世界中物理定位裝置和使用者。,3.375,6.0
text_01730,text,值得注意的是，在新任七名常委中，除領頭的習近平與李克強外，其餘五人王岐山六十四歲，餘下四人皆六十五歲以上，意味五年後的中共十九大，這五人皆將退休，一口氣將補上五名新常委。,4.875,4.429
sentence_00304,sentence,事實證明每一箇中國人都是中共惡行的受害者,2.5,5.75
text_01351,text,九人的廂行車，被對向的酒駕車輛迎面撞上，整輛車翻落山溝，結果現在一人死亡，兩人昏迷，六人重傷，肇事駕駛也重傷昏迷中。,2.333,4.0
text_00453,text,不過國內遊覽車用的都是PVC仿皮悶熱又不透氣，長途搭乘的舒適性較差版大父親添購新車時不妨考慮和噶瑪蘭客運一樣的平織布椅吧客機、高鐵等長途運輸也都採用平織布椅除了視覺較有質感，舒適性也比PVC優清理方面也不像早期常用的絨布，悶熱難清理還容易卡灰塵佳豐現在好像做軌道車的座椅比較多？,4.375,4.5
text_02566,text,法官判刑時表示，被告濫用父親的身分和權力，對女兒的身心無情地蹂躪，行為極度卑劣和令人髮指，因此要重判。,2.0,6.778
sentence_00668,sentence,一些長輩的看法是感到荒謬,4.0,5.0
sentence_00787,sentence,水果的酸甜感跟巧克力的味道搭配起來滿和諧的,6.333,4.333
sentence_01195,sentence,蓮舫只會跟工作有關恩人,6.0,3.5
sentence_02382,sentence,漫無目的的遊蕩,4.333,3.667
text_00362,text,這種車重比較，是給那些喜歡論斤秤兩評論車子好壞的人看，你如果沒這種重量迷思，又何必堅持yaris比較輕,4.667,5.333
sentence_01611,sentence,文貴呢這幾天活動非常頻繁,5.0,3.4
sentence_01722,sentence,我是不評價高傲國家的,4.0,4.0
sentence_01897,sentence,進度閃4潛入舊都,4.5,5.0
sentence_02488,sentence,你們共匪軍艦自己炸毀了,5.333,5.0
sentence_00647,sentence,是故意用來讓我自爆的武器,3.6,5.25
sentence_02223,sentence,每一刻都是時髦者的獨苗,6.0,3.75
sentence_01064,sentence,他們試圖將狹隘的,5.667,3.25
text_00965,text,IBM的本本我用的最多，也是感覺最好的本本。,6.444,4.75
text_01970,text,但部分國營事業在?額虧損下，每年仍可領三、四個月的獎金，引發社會高度質疑。,3.333,5.25
sentence_00764,sentence,無論他編造的郭條條有多完美,4.0,5.75
text_02882,text,一名來自中部那空那育地區、60多歲的農民表示，自己過去也曾專程到曼谷參加前任國王蒲美蓬的喪禮，很榮幸也能參加這次加冕大典，衷心期盼十世皇能延續先皇功績。,6.5,3.75
sentence_01040,sentence,你儘可安心與他同行,7.0,4.5
text_02595,text,每次碰到車子在路邊隨意亂停，光是開單拖吊，好像有點治標不治本，畢竟貪圖方便或是覺得自己不會那麼倒楣被抓的駕駛者多的是，只有真的讓車子沒法停，才是根本之道。,4.5,3.0
text_00981,text,東西不錯，烤漆面漂亮，機器運行穩定，速度快。,6.889,4.75
sentence_01830,sentence,永隆前高層妻哭訴,3.0,5.333
sentence_02582,sentence,越是覺得自己很厲害而自滿的人,4.333,5.333
text_02686,text,他的祖父和已逝的父親都為聯邦政府工作，仍與母親同住的胡佛便是官僚主義的產物——八卦、行話、祕密交易、兵不血刃卻殘暴的領土戰爭。,3.111,4.8
sentence_00921,sentence,如果歐巴馬即將執政的時候冒出一個他媽媽跟普丁生的私生子,4.0,5.333
sentence_02434,sentence,還記得團委從我手裡搶走的五塊錢,4.0,4.0
text_02366,text,但當他對這個世界有所疑惑，希望尋求解答或幫助時，大人們卻只會說自己好忙，或者責備他整天不讀書，都想些沒有意義的事情做什麼？,3.0,5.667
text_02514,text,嚴查增加辦理條件表明了監管層面強硬的態度，那就是這一次的攜號轉網不會再有任何套路，這對普通使用者來說無疑是一個非常好的訊息。,6.571,6.0
sentence_01706,sentence,幾度掙扎亦是枉然,3.0,6.0
text_00021,text,嘻嘻，女人就是愛折騰，只要能讓自己變美，就絕不怕麻煩，所以，從這個方面講，算是本好書吧,6.375,5.625
sentence_00372,sentence,到時候您不覺得讚了就不讚了哈哈哈,5.0,5.667
text_01893,text,何以一個涉貪的卸任總統，在臺灣政壇上還不時激起一連串的漣漪？說穿了還不就是對國民黨長期獨裁政權的一種恨與不甘。,2.889,6.333
text_01625,text,人卻缺乏勞動保障，政院擬定的《長照服務法》並未納入外勞，讓臺灣的長期照護系統依然建立在外勞的血汗勞動上；此外，外籍看護工幾乎沒有休假，亟需喘息服務，但《家事服務法》草案卻被政院冷凍近10年，呼籲政府應該解決問題。,4.0,4.333
sentence_01701,sentence,出遊的時間拿來健身以填補我這無法忌口的口腹之慾和內心空虛以免跟腹肌說再見,6.667,5.0
sentence_02095,sentence,內心將是充滿謙虛與清淨,7.0,3.25
sentence_01465,sentence,0後就發各種小散文宛如已奪冠,6.333,3.667
sentence_00281,sentence,而放棄生存的意志,3.0,5.667
text_02059,text,馬雲想表達的似乎是，要想在事業上取得成功，需要長時間勞動和學習的奮鬥精神，他的發言被解讀為肯定了義務加班。,4.0,4.5
text_00298,text,原廠導航..算了吧..小偷超愛的.,3.286,4.125
sentence_00070,sentence,柴門反關無俗客,5.667,4.0
text_00628,text,而且很骯髒，真的很骯髒.,2.5,6.625
text_00388,text,當然只能靠私下的交情多交些汽修科的朋友只有好處不會有壞處啦汽修科在汽車版上應該要得到相當程度的尊重才對哪天臺灣尊重高職畢業的技術人員可以像尊重大學裡的博士一樣那我們的工業水準就可以跟歐美媲美了,6.286,6.167
sentence_00512,sentence,諱疾忌醫是古人就抨擊過的,4.0,4.5
text_00863,text,第一次在京東購物，上門提貨，看到貨後，總算不擔心品質問題。,6.0,5.429
sentence_00040,sentence,感恩老師教會我學習獨處,7.0,5.75
sentence_00044,sentence,但是沒過多久又變回一開始看到的顏色,4.5,4.5
sentence_00549,sentence,都變得很有理由了,5.0,3.5
text_01017,text,安裝系統是麻煩，主要是LINUX的原因，用魔術分區分完格式化後仍然不能進入Dos，這時需要用FDISK命令，但要加參數MBR，也就是鍵入FDISK/MBR就解決問題。,6.0,4.375
sentence_01795,sentence,美國和中國應該齊心協力,5.667,4.333
text_00983,text,鍵盤挺舒適（可能本人的手也不大）。,6.0,4.444
text_01669,text,郝龍斌妻子高閬仙和李永萍昨均嚴詞澄清，高閬仙透過北市府發言人張其強表示，童仲彥濫用議員身分，躲在言論免責權的保護傘下，做出毫無根據的指控，她個人非常憤怒，今天上午將委請律師提告，並要求連帶損害賠償。,3.556,6.6
text_01926,text,外交部說，臺美關係友好，人民情誼深厚，美國遭逢重大災變，災區受創很深，部分災民流離失所，臺灣人民感同身受。,4.5,5.429
sentence_00289,sentence,但是不能因為立場而卑鄙到顛倒黑白的程度,4.0,7.25
text_02504,text,直觀感性的說，這種人我們驚呼為女神；冷靜下來後，為了表達對這種哪兒哪兒都好的不可理喻，我們稱呼她為指令碼怪。,4.5,3.333
text_01692,text,沙文主義，她說「世世代代以來，我們是不曾被逆境打倒的福爾摩沙之子」；在社會基礎上，她影射正當性危機，她說「焦慮與不安正在這個國家蔓延」；在政府表現上，她譏諷馬英九總統專斷獨裁，她說「執政者不理會人民聲音、只是一意孤行」,4.111,6.875
text_01980,text,我反對死刑的原因很簡單：噁爛的屍髮體系會有誤判或惡意判決。,3.556,6.333
sentence_01460,sentence,為何審查了四年才一審宣判,3.0,6.25
text_01861,text,行政院長陳沖16日召開政務會談，聽取經建會「自由經濟示範區推動方案」簡報。,5.111,2.75
text_00935,text,如果決定轉賣或交換手機設備，確定將內部資料清除乾淨，恢復到出廠設定，以避免個人資料遭到外流。,5.0,2.8
sentence_00730,sentence,賣弄一下矯情的文字或有限度的性感是,4.5,4.0
sentence_00775,sentence,就這樣不知不覺為你著迷了,6.6,5.6
sentence_01737,sentence,國家就是個空洞的概念,4.0,3.0
sentence_00762,sentence,巧克力香味很有誘惑力,7.5,6.0
sentence_01350,sentence,貨幣貶值為什麼可以抵掉關稅,5.0,4.5
text_01782,text,生活不見改善，薪資停滯、房價高漲、出口衰退，馬的民調支援度創歷史新低、僅剩十三趴，使得全國似都同意︰馬先生是個沒用的笨蛋（Mr.Maisanineffectualbumbler）。,2.875,6.0
text_00467,text,說真的買到最便宜的我真的會很開心，買到很貴的會嘔個老半天可能是我比較不同吧!!我買東西都希望買到便宜的，不想買貴被當盤子敲耶~回想起來，家中從以前到現在已經買入1X台車子，只要交完車付完錢後，再也不見業代蹤影..屢試不爽喔!幾乎各大汽車品牌都有過經驗，所以從此再也不相信業代口中的服務價格便宜給我，對我來說才是最好的服務~~,5.333,5.222
sentence_00220,sentence,因為我就是個徹頭徹尾的爛人,2.0,6.8
text_02649,text,陳婉玉由代表律師引導作供，說婚後多年遭丈夫暴力對待，丈夫2002年更有外遇，翌年離開她，她曾經要接受心理輔導，作供期間她多次哽咽。,3.0,5.571
text_02670,text,如果你喜歡整個旅程編排妥當，井井有條，去年推出的手機GoogleTrips可以幫到你，最近Google將這服務推出網頁版，更方便使用者在電腦編排行程。,6.714,4.833
sentence_01932,sentence,值超高典雅奢華歐式風格火鍋,6.0,5.5
sentence_00892,sentence,右半邊的的刮痕做得很逼真很有味道,6.0,6.0
text_01564,text,二○○六年，在北韓試射一枚彈道飛彈兩個月之後、進行第一次核試前一個月，北京曾悄悄減少對北韓的石油供應，後來的貿易資料才使這件事曝光，北京隨後乾脆不再公佈相關數據。,4.714,3.75
text_01108,text,桃園航空城棒球隊總教練「棒球先生」李居明，將赴義大犀牛職棒隊任職教練，縣長吳志揚廿五日接見他，慰勉嘉許並感謝他在職期間之辛勞。,6.778,4.286
sentence_01342,sentence,行壞事的房仲喬福,3.0,5.5
sentence_02202,sentence,感人的歌聲優美動聽,7.5,6.0
text_02521,text,對暴龍來說，在北國奮戰7季的羅瑞，與勇士格林的攻勢組織好壞將是重點，另外在東冠表現低迷的暴龍格林能否回神，會是暴龍能否抵抗衛冕軍重要關鍵。,5.333,3.889
text_00966,text,其他廠商的用壞過不少，老款的一些現在還有幾個基本成了垃圾。,3.0,5.0
sentence_01655,sentence,身為老師的嚴肅,5.667,5.333
text_01502,text,有韓國網友質疑，TPA能將此戰術做到盡乎「完美」的境界，是否有人在臺下通風報信？不然實在很難相信TPA每個人都有超強的第6感，可以完全掌握對手的動向，而且每一場比賽幾乎都如此。,4.778,5.5
text_02921,text,偏偏那些為自己私利收巨額回傭的、為自己豪宅裝潢僭建的大官、虛假資歷學歷的、私通調查物件的議員，卻平安無事。,2.5,6.556
sentence_00873,sentence,特朗普下令啟動餘下3千億美元中國貨徵稅程式,5.0,2.75
sentence_02531,sentence,當時大家的焦點在於會否動武,5.0,4.333
sentence_01568,sentence,這千鈞的重擔壓在你們領導身上,4.667,5.333
sentence_00172,sentence,如果明年總統選舉實現連任,4.0,4.0
sentence_01702,sentence,繼續整理手頭瑣事,5.0,2.333
sentence_00359,sentence,而拒絕更多讓步的中國國家主席習近平表示自己會負完全責任,4.333,3.667
sentence_02037,sentence,指揮孫臏和劉伯溫攻佔它總部網管中心,5.0,6.5
sentence_00557,sentence,但在無形中其實大家都看得出來,5.0,4.667
sentence_00923,sentence,鄭伊廷不講信用,3.25,5.5
text_01769,text,花果山的猴子們有個特點，就是有被害妄想症為什麼呢幻想著核四會爆炸幻想著會有火山爆發，幻想著阿共會打，幻想著國民黨蓋台，幻想著會走山.,3.625,5.75
text_01455,text,讓她印象最深刻的是古早時代的武俠電影「七俠五義」，「劇中有一條很大的蛇，讓我印象深刻，以後只要電視、電影中有關蛇的事，我都喜歡看，尤其有大蛇的。,5.375,5.0
text_02678,text,星期日一架直升機在八鄉墜毀，機師王輝雄當場死亡，他是香港飛行總會會員，總會對事件感到非常痛心，形容失去了一名充滿熱誠的飛行員，向他的家屬致意深切慰問。,2.333,4.222
sentence_00869,sentence,這便是汝的惡習唷,3.6,5.25
sentence_02169,sentence,本質是為了看世界寬闊視野作品發表演說,6.5,5.5
sentence_01970,sentence,就要容許不同的聲音和爭辯,7.0,4.25
sentence_00186,sentence,這樣的威脅一旦實現就會破壞產業鏈,3.0,4.75
text_01512,text,無論是對家人或朋友，張芸京總是習慣報喜不報憂，久而久之也變得不知如何表達，「大家都會看張芸京的外在，好像是很堅強的、感覺是打不倒的。,6.125,4.286
text_02197,text,據外媒CNET報道，澳大利亞北領地公園和野生動物保護組織的護林員在HumptyDoo鎮附近的高速公路上發現了一條非常不尋常的三眼蛇。,4.625,5.556
sentence_00055,sentence,痛失稚子的總統,3.5,3.5
sentence_00161,sentence,10日接受美國媒體訪談時淡化朝鮮恢復試射行動的意義,4.4,3.75
text_01016,text,以前本本就是三星垃圾屏。,3.625,4.75
text_01691,text,民進黨前主席蔡英文上週在媒體投書「寫給2013的臺灣」，然而筆鋒流露老練的民粹修辭，委實令人擔憂。,3.0,4.625
sentence_02257,sentence,真的是每次測出來後就能感受到其實普通人的味覺還是蠻不靈敏的,3.667,4.0
text_00321,text,建議一下目前因為你都還是吃住家中但是我覺得應該要將夫妻倆的所得提出一部份拿給家裡比較實在畢竟養一台車不是說有頭款有能力繳貸款就可以搞定的事情事後的保養費、保險費、油錢、稅金都是一筆開銷再說個難聽一點的話要是好死不死A到的話那筆開銷更會讓你頭大假使不需貸款可以直接購入的話當然我會建議你可以買假如要貸款的話買台機車給老婆比較好不會騎只好慢慢教他,5.0,4.857
text_00124,text,畫面很簡單，文字也很簡單當你陷入一種迷失自己的狀態,4.889,2.667
text_02106,text,隨著Uber和Lyft等打車服務規模的擴大和自動駕駛汽車技術越來越受歡迎，有研究指出紐約或舊金山等人口稠密城市的私人汽車保有量可能會下降。,5.125,4.0
sentence_01311,sentence,因為野蠻人有自動過濾文明人功能,3.5,5.25
sentence_01895,sentence,中國人民感激美國政府替天行道,7.0,5.667
text_02336,text,iFixit猜測底下的微關開可能也有被改動到，採用新的合金或熱處理方式來延長壽命並減少誤按，但對此並沒有太明確的證據。,5.0,2.714
sentence_02500,sentence,今天有隻拉布拉多很機靈,6.6,4.0
sentence_00332,sentence,為了慶祝花了一個蛋糕錢,5.5,4.5
sentence_00419,sentence,重光暨安香科儀圓滿,6.0,2.0
text_02331,text,這牽涉到法院如何在政治對立、媒體品質堪慮、社會價值衝突的大環境下，參與塑造公開發言者的言論尺度；此課題攸關臺灣民主發展的品質，值得認真關注。,6.0,4.6
text_01057,text,常在臉書上發佈美照的網友小魚說，希望大家不只能注意到自己的照片，也能注意到文章。,4.889,4.444
text_00212,text,裏面也有寫娜娜家裏之前遭遇的變故，文筆一如娜娜一樣樂觀但還是有心酸娜娜很讓人心疼娜娜加油咯！,5.429,6.0
text_01633,text,這些說法，不能說完全沒有一點道理，但仔細推敲，其實大有商榷餘地。,5.222,5.0
text_00872,text,外觀漂亮，白色鍵盤搶眼，功能鍵設置合理;鍵盤材質好，觸感紮實;觸摸板做了凸點處理，手感也不錯，同時具備簡便的觸摸縮放功能,6.778,5.5
sentence_02203,sentence,那不是超肥胖的嗎,3.5,7.0
text_02445,text,不過也是有副作用的，長時間使用容易長骨剌，為了吃零食要冒肌肉痠痛或是半邊麻痺的風險也是要好好考慮一下的。,3.375,5.0
text_01626,text,正值中國大陸與日本對峙日益緊張之際，民進黨主席蘇貞昌率團訪問日本，對於此行的宣傳造勢或許不無些微效果，但卻會使中國大陸對他僅有的一絲幻想也完全幻滅，並將使民、共兩黨之間黨對黨的良性互動更不可能。,4.1,4.75
sentence_00584,sentence,拍賣的錢若有超過,6.0,4.667
text_01835,text,聽完黨團幹部的說明，馬表示，不論哪種獎金，「都要與改革結合在一起，更是改革的一部分！,5.444,5.25
text_01748,text,有鑑於新聞報導和社會對立,4.444,4.143
text_02687,text,中國正在運用數字科技復活黨國極權體制，在朝陽群眾西城大媽背後，是監控手段的強化，嚴密程度可能在人類歷史上前所未有。,2.0,6.0
text_02702,text,許多人有睡眠的問題，會求助藥物幫助睡眠，美國食品藥物管理局強制3種鎮靜安眠藥，附上風險警告，安眠藥是安全的嗎？,4.111,4.2
text_00594,text,早餐嗎？別說可口和品種多樣了，不誇張地說，連填飽肚子都成問題，不行你就去試試！,3.143,6.857
sentence_00252,sentence,考察隊被困住了,3.667,5.667
sentence_00595,sentence,你今日的不順是因你早期的自負與自私,3.0,6.4
text_01864,text,行政院指出，自由經濟示範區是依據總統「黃金十年國家願景」活力經濟施政主軸方向進行規劃，陳沖表示，在全世界沒有先例的情況下，經建會花了十個月時間，在內部召開了31次工作會議，並與相關部會進行9次研商會議，提出的心血結晶，可謂內容豐富。,6.0,5.375
sentence_01441,sentence,不逼迫他說話2,4.5,4.0
sentence_00135,sentence,他現在已經感受到黨內外和國內外的各種危險,3.75,4.5
sentence_01603,sentence,實施30分的警報發放,5.0,2.333
sentence_00253,sentence,雪崩的時候發生了不幸,3.0,5.75
text_00205,text,我從很小的時候就非常喜歡讀書獨獨不喜歡歷史方面的書籍感覺她們太沉重，中國的歷史太讓我們這些赤子而憂心重重了,3.667,3.0
text_02829,text,這些個案以港人在內地遭受拆遷，無理強拆，為了守護家園，被屈煽惑、尋尋釁滋事罪或襲擊罪，在拘留時面對酷刑，屈打成招，脅迫家人。,2.875,6.125
sentence_01257,sentence,結果延期到下下下週了,3.25,5.4
text_01150,text,人家常說：「有禮貌的孩子人人喜愛，守紀律的孩子不會變壞。,6.444,3.429
text_01563,text,不過中國長期以來一直支持這個難以預測的盟邦，主要是顧慮到北韓不安的情勢可能會造成湧向兩國邊界的難民潮、美國勢力在朝鮮半島擴展，甚至最終帶來兩韓統一，這都是中國不願意見到的事。,4.0,3.889
text_02415,text,凡是小郭的專案，副總不僅徹底盤查、一改再改，最後尚且責怪他拖延，耽誤公司的目標達成，這讓小郭備感委屈，再也待不下去。,3.556,5.444
sentence_02408,sentence,孫立勇就是獨裁專制的不法之途,3.0,6.0
sentence_02161,sentence,撫育了你終於成青春的臉龐,7.0,5.25
sentence_00426,sentence,的話我們也無法體會到百餘年,4.5,3.333
sentence_02567,sentence,並質疑窒礙難行,4.0,4.667
text_02795,text,時事評論最最最最最最最/東海一梟最最最最最最最對於儒家來說，最不幸、最可怕、最痛苦、最痛恨、最不可饒恕的事，是言論自由被剝奪。,3.571,6.143
sentence_02053,sentence,如何履行主權在民的政治方略,5.0,3.0
sentence_00825,sentence,在世的短暫的一生中,4.5,3.5
text_02296,text,蘋果的回答是肯定的，從去年下半年開始，蘋果頻頻對外釋出向服務轉型的訊號，甚至在今年的春季釋出會上，徹底拋開硬體，全力宣傳其流媒體和金融服務。,5.778,5.333
sentence_00534,sentence,噁男才不準進健身房啦,3.0,7.25
sentence_01328,sentence,西格瑪那張臉看起來真的不像反派,5.0,3.667
sentence_00416,sentence,不過我的主張是女人不應該參與政治而是去歲靜,3.5,5.0
text_02750,text,政府的一意孤行、且拒絕公眾諮詢之下，結果不單在立法會造成大混亂，而且在社會也引起自雨傘運動以來的最大型的社會動員，反對修訂。,3.111,6.0
text_02887,text,該證型的患者常有五心煩熱、頭暈、耳鳴、失眠多夢、腰膝痠軟等症狀，或伴有口乾舌燥、舌紅少苔等問題，此證在臨床也最為多見。,4.167,2.167
text_02589,text,本文認為，如果真心想要維持兩岸的和平，並且在不能破壞和平的前提下去解決兩岸目前分裂的情況，有兩種方法值得臺北與北京當局考慮。,5.714,3.333
sentence_01889,sentence,大雨洗淨後的重生,6.6,4.0
sentence_00241,sentence,已經觸及到中國文化傳統的核心,5.0,4.0
sentence_00996,sentence,世界上最可笑的就是像你這種靠共產黨發的五毛養活,2.5,8.75
text_01459,text,馬文君說，蛇的樣子真的不討喜，在臺灣習俗中也不太好，除了「白蛇傳」外，都不是什麼好印象，雖然有些害怕，但畢竟自己屬蛇，還是要找理由「不排斥」這種動物。,4.25,3.667
text_00060,text,情感，你去試，你就會有收穫---要麼幸福、快樂，要麼痛苦、遺憾。,5.625,3.875
text_00784,text,希望該酒店應對早餐供應有所改善.,3.667,4.444
text_02335,text,但具體到連鎖百強的細分業態中，還是難以突破區域龍頭髮展不均、大型超市增長趨弱、百貨超市業績平平的困局。,4.333,3.286
sentence_01522,sentence,顛倒是非黑白的品德郭文貴簡直信手拈來,3.5,6.5
text_01649,text,馬不好好施政臺灣會崩壞楊志良感嘆，日前他推出新書「臺灣大崩壞」，其實他自己也很討厭「崩壞」這種強烈字眼，可以幸福快樂，誰喜歡崩壞？問題是馬政府上任以來，不好好施政，他深切擔憂臺灣沒有前景，再這樣下去真的只能走向崩壞。,3.143,6.111
text_02703,text,臺灣兒科醫學會提醒家長，在睡眠上給寶寶的幫助越少越好，讓孩子學習自行入睡，並能大幅降低嬰兒猝死症候群的風險。,6.0,4.571
text_02691,text,今次居屋申請首次提供電子申請服務，但蘇小姐表示，因為擔心網路系統可能出現斷線等問題，親身交表可跟客務中心主任溝通，相對較穩陣和較快。,5.25,2.375
text_01252,text,另位陳水扁醫療小組成員、客社前社長張葉森也表示，阿扁過去被關在北監裏，被日光燈一直照射，監視器也一直對準阿扁，其他受刑人運動時可大家一起運動，只有阿扁單獨做運動，法務部只選擇對馬政府有利的方向講。,3.333,5.875
sentence_01691,sentence,除了哄騙部分無知之人為其捐款之外,3.25,5.75
text_00065,text,臨近畢業，好友一個個離開，雖然沒有過多的描寫，但不免看了讓人心酸，就在一年前我也經歷了一場場大學好友的分離痛苦。,3.0,5.375
text_01408,text,第八屆「烏克蘭國際發明展」昨天公佈得獎名單，臺灣代表隊九十七件參賽作品，就獲得五十面金牌、三十三面銀牌、七面銅牌，中獎率超過九成，得獎數較去年多一倍，在所有參賽國中表現最佳。,6.875,5.333
sentence_02039,sentence,跟1930年代經濟大蕭條時代相若,4.667,3.333
text_02383,text,1934年，售價200多美元的福特ModelT在美國暢銷多年時，大部分德國人甚至一輛自行車都負擔不起，更別說當時德國只生產昂貴車型。,3.875,3.222
sentence_00605,sentence,也非常重視善惡有報的懲罰,5.667,4.333
text_02714,text,一隻最新被發現的困在琥珀中的小千足蟲已經有9900萬年的歷史，這隻千足蟲在接近一億年前被困在緬甸，他被發現時依然處於白堊紀時期形成的琥珀中。,5.5,4.125
text_02722,text,我童年挺快樂，父母和睦家庭優渥，朋友對我挺好，我學習成績也挺好，唯一的煩惱可能就是中午食堂自己最愛吃的小炒肉又放了香菜。,5.429,3.556
text_00658,text,最大的優點也就是價錢比較實惠，另外有免費停車場（如果住在古鎮裏面，白天是不允許把車開進去的）。,6.0,4.625
text_00584,text,地理位置：正對長春火車站，優點：方便乘火車的朋友，缺點：感覺環境有點亂，物價較高，但周圍各種飯店很多。,4.778,4.286
text_02567,text,曾參與第一部分聆訊、負責監督南面連線隧道紮鐵工序的泛迅建築公司負責人潘偉山供稱，鋼筋絕少不能通過抽樣測試程式，通常只會將生銹的鋼筋退回供應商。,4.667,3.833
text_00969,text,關於字小的問題，正好可以限制自己的上網時間，也算優點，哈哈。,6.4,4.286
text_02272,text,幾年前，總部位於加利福尼亞的WillowGarage推出了一款名為PR2的雙臂輪式機器人，其被設計用於機器人研究，但不幸的是該公司已經停業。,3.6,3.8
text_02481,text,Facebook今天上午宣佈了一項新計劃，專注於利用其資料和技術幫助從事公共衛生工作的非營利組織和大學更好地繪製全球傳染病的傳播圖。,6.333,3.889
text_02381,text,近日，在百慕大粉紅沙灘和綠松石潮汐之下，科學家發現來自地球地幔過渡帶深處的一個富含水、晶體和融化岩石的層可以滲透到地表形成火山。,5.4,3.429
text_00662,text,我們忍了，但友情提醒以後來入住的旅客，對這裏的服務期望值不用太高。,3.25,5.625
sentence_00325,sentence,考慮外賣小哥違停實際原因,5.0,2.8
text_02227,text,為了緩解壓力，Intel推出了22nm的B365晶片組規格的主機板，即把H270改成支援8、9代酷睿處理器，同時支援Win7系統的使用。,5.375,3.0
sentence_02001,sentence,這王明完全是粗野莽夫一個,3.0,5.4
sentence_00846,sentence,沒能說服美方取消2,3.4,4.0
text_01359,text,少女和死神拔河，一個禮拜後還是不幸死亡，她的媽媽心痛哽咽，眼眶滿是淚水，傷心的吳媽媽崩潰了，拿出女兒照片，原本漂亮可愛的女兒，再也回不來了。,1.8,7.667
sentence_00020,sentence,不仔細看會以為這地鐵站叫,5.0,4.0
sentence_00896,sentence,總目標是高雄要發財,6.333,4.0
text_00865,text,幫朋友買的，1價錢便宜，2，樣子也挺漂亮，儘管是14寸的，但設計的樣子很精緻，挺輕薄的,6.0,5.143
sentence_01310,sentence,而送中國人滲透,3.5,5.5
text_00101,text,平凡的記錄不平凡的費德勒，有過輝煌，有過失落，有歡笑有淚水，相信他的路途依然精彩，勝也精彩，敗也精彩，他的完美在於追求完美......過去喜歡，現在喜歡，將來也一直喜歡，這麼一個人，創造完美，贏了多少，輸了多少，付出多少，收穫多少，ROGER將繼續完整他的人生，讓他更加美麗，我們將依舊支持，默默注視，看他怎樣打出完美比賽，畫出完美人生。,6.444,4.714
sentence_01327,sentence,完全不顧形象的跟哭給你們看是嗎,3.333,6.333
text_00529,text,ok~瞭解嗎？只是希望你認清事而己！,4.25,4.875
text_02793,text,作為流行文化的文物，電影紀念品總是很有趣，但科幻小說和科幻電影中的專案有一些特別之處，因為除了讓我們深入瞭解著名的故事外，它們還揭示了創作中的藝術和獨創性。,6.75,4.625
text_00152,text,我想我是愛孫波的。,5.143,4.167
text_02865,text,後來企業軟體需要的技術越來越複雜，功能越來越複雜，企業就養不起那麼多、那麼專業的開發人員了，就開始購買外部的商業軟體公司的軟體產品和實施支援服務了。,4.333,4.0
text_01373,text,許文雄被球隊開除這幾年來，求職處處碰壁，沒有穩定的工作，收入也不固定，曾表示很後悔涉及打假球案，也數度規勸後進不要步上他的後塵。,3.0,5.143
text_01877,text,鋼盔也要油電雙漲，今年起勞健保也漲價，人民是總統的頭家，頭家都生氣了，公僕卻不在意；以前發生重大事件都有官員負責，如今人民生活難過，卻沒有官員下臺，這個政府完全是無感、無責任。,2.571,6.2
text_00345,text,可能你剛好沒遇過那段強風吧，我週週往返新竹-台南和美那段風真的強，但是要看季節，並不是每天都是這種大風，最近12月份風很大有時還會被雙面巴來巴去.....FIT的懸吊與yaris比差不到哪去尤其後懸也是用廉價的非獨立式懸吊。,4.222,4.0
sentence_02198,sentence,一次一次又一次地遺棄,3.0,4.333
text_02306,text,網際網路正在發生分裂，各國家和公司很快將被迫對自己的網路未來做出一個嚴酷的選擇，即選擇西方模式還是由中國共產黨所建立的模式。,4.0,3.571
text_02482,text,這是西安的陸家嘴和中環，是整個大西北富人悄悄前來朝聖的奢侈品天堂，這裡象徵著財富、階層與品味，閃爍著煤炭黑金的光芒。,5.333,3.5
text_00750,text,太吵，最要命的缺點，一個賓館主要的功能時能提供相對安靜的環境，可是住在這裏實在吵得要命，聯繫前臺提出置之不理。,2.5,6.889
text_02353,text,最新訊息是，這名瘋狂的半癱瘓男子已經駕駛著自己的PolarisRZR，成功地在探索頻道的見證下完成了這項挑戰。,6.429,4.25
text_00315,text,爛到最後，大家都一起爛了！,3.25,6.143
sentence_00665,sentence,就算是惡作劇也一樣,3.6,6.0
sentence_00141,sentence,世界上沒有第二個國家如此成就,7.0,6.75
sentence_00006,sentence,歷史上我還真找不到有那一位成功者是每天開會,4.0,4.0
text_00947,text,解析度可以自己設定新的，方便遊戲。,5.571,4.75
text_02045,text,禾馨民權婦幼診所陳思宇醫師提醒，常遇到女孩們因為生理期期間妹妹悶了一整天有異味，而使用一些清潔力較強的陰道盥洗用品，或用去汙力強的鹼性清潔用品清洗。,4.5,2.778
sentence_00085,sentence,我不得不再次談論許章潤教授,4.5,4.5
text_02736,text,馬來西亞一名少女在社群網站IG貼文問網友，她該死還是該活著，隨後她遵照多數網友所說該死的回應，跳樓自盡，掀起呼籲調查原委的聲浪。,1.75,6.0
text_00479,text,其實就樓主描述及照片看起來，也不能全怪是神車不好!彎道中時速70已經不慢!再加上是爆後輪，肯定會有甩尾的現象!再加上路面品質不好的時候，翻車應是不意外，每個人對車子的敏感度不一，反應度也不一!照當時情況能救回來的!應該是經驗老到，有不錯反應能力的人!.....總之人安全就好，車再買就有!去收個驚，改改運好了!,4.889,5.875
text_00701,text,酒店的泳池還不如比它小的酒店漂亮。,3.6,3.833
sentence_00575,sentence,除了極個別選擇原諒她的,4.0,5.333
sentence_00153,sentence,感謝追星路上阿米為防彈及彼此應援,7.0,5.5
text_00655,text,酒店最大的好處就是離DFS超級近，大包小包可以放回房間後繼續去其他地方逛。,7.0,4.875
text_02221,text,搭載新一代旗艦SoC驍龍855，4800萬畫素加OIS光學防抖拍照，全功能NFC加持，補足了16th上的不足。,6.333,3.286
sentence_00724,sentence,某地發生一起少年惡性傷人事件,3.0,5.0
sentence_00658,sentence,翻了一下電腦意外找到以前去社團表演編了一個口水歌的組曲,6.333,6.0
text_01064,text,立榮航空總經理陳憲弘表示:「立榮航空能五度獲獎，要特別感謝蘇前董事長宏義及全體同仁多年來的努力，更要感謝長榮航空導入國際級的管理體制及優質服務，大幅提升了立榮航空服務品質。,7.0,6.25
text_02268,text,十弋耐高溫，家居常用，簡約經典，手感舒適~天貓晶家家居專營店當前售價9.9元，直降好價，內含6只，無鉛玻璃材質，耐高溫到100度。,6.0,2.375
sentence_00876,sentence,跟水槽裡的髒碗盤一樣,3.4,5.5
text_02574,text,5月14日訊息，今天聯想推出了一款小新螢幕魔力擦，一噴一擦，螢幕宛若新機，而且安全殺菌，售價59元，目前已在聯想商城開售。,5.778,3.111
text_01579,text,中國天主教愛國會的主教指派只聽從北京，這些任命案也遭到梵蒂岡抗議與否認。,3.375,5.857
text_02234,text,由一群低地球軌道衛星實現，Starlink將為幾乎沒有網路連線的人群提供快速，可靠的網際網路，包括農村和現有服務過於昂貴或不可靠的地方。,6.857,5.571
text_00262,text,收到書的那天，正好是和兒子一起去郵局去的，一到家，他就迫不急待的打開書，一口氣全部看完，特別是對書中動物、人物的神態表情，一遍一遍地翻過來對比，突然，他在房間裏大聲喊到：媽媽，這是我六一兒童節收到的最好的禮物！,7.0,6.714
sentence_00258,sentence,這次未成型的合作成為了永久的遺憾,2.5,5.333
text_02024,text,5月7日，米家空調伴侶2新品開售，價格79元，讓家中傳統空調變智慧，比169元的1代便宜了一半還多，代價就是不再是閘道器，功能更純粹。,6.222,4.333
sentence_01295,sentence,回答問題說話有點分心,4.0,3.25
text_01374,text,涉嫌於山區盜伐珍貴牛樟木的嫌疑人，檢警和職棒球員對於許文雄的境遇一步輸全盤輸，感到不勝唏噓。,3.5,4.556
text_01141,text,WeatherGirls若是選在臺灣出道，不管實力如何，大家一樣只會批評，果然外國的月亮就是比較圓。,3.444,5.571
sentence_01851,sentence,因為我與蒙的恩不相稱,5.0,6.5
text_00301,text,您再算算看好了....不買它,3.375,4.833
sentence_00066,sentence,臺灣無法容忍這種和禿頭韓一樣的廢物,2.75,7.25
sentence_01940,sentence,侵吞和挪用公款,3.0,4.0
sentence_01990,sentence,郭文貴做的每一件事都透漏著其整個人的腐爛陰險,1.25,6.4
text_00023,text,書裏傷感的情節而落過淚感嘆唏噓但是這不是我要的每個人追求的愛情不一樣，有些感受卻是可以一樣的吧,4.222,4.143
sentence_02070,sentence,不求自己的益處,5.667,4.0
text_02680,text,再加上大家對伊莉莎白歐森ElizabethOlsen的身材讚譽有加，大膽的穿著風格的確吸引人的目光，據說永遠都不穿內衣的？,5.625,5.375
text_01432,text,Apple已經逐漸喪失了創新的養份，產品規格的更新味道大於創新應用。,3.625,4.857
text_00446,text,不會吧!!!我也是讀清華高中耶!更巧的是我也是高榮線我都是坐這台好幾百萬的車上下課喔哈哈哈車子很新，司機態度很好喔!是妳爸爸喔，重點是坐起來好舒服喔...每次要上課一上車挑好自己想要的位子，舒服的坐著。,7.333,6.571
sentence_02151,sentence,由他的幕僚們縫縫補補再塞進更多的棉花,5.0,5.0
sentence_01860,sentence,家人一分錢也得不到,3.0,3.667
sentence_01097,sentence,形象吹的神勇無敵,5.0,5.0
sentence_01299,sentence,某派主張壓制某派,4.5,5.5
text_00408,text,還價錢都訂好了咧...雖然還算是行情價!但可能就是抓住價錢不算貴，怕麻煩的心理詐騙!!建議一定要找員警!!不一定是機車要賠汽車!!雖然你們沒犁田，人也沒事!突然想到:叫員警來，先開牠一張亂改大燈HID)，應該比2500貴很多!還要驗車!!可能牠會倒給你一千，抱著牠的下巴落荒而逃!,3.556,6.125
sentence_01716,sentence,不同於傳統的手術切除和抗癌藥物或放射療法,5.0,3.25
text_02248,text,從美國進口中國科技類產品重點徵稅清單來看，新一輪2000億美元商品主要涉及計算機及零部件、通訊裝置、電視攝像機等。,5.0,2.143
text_01121,text,網友諷刺，直接讓壹電視上架就好，年代新聞可以轉作網路新聞。,4.0,5.556
sentence_00838,sentence,遠離政治和媒體,4.833,4.857
text_00690,text,墊中間是凹下去的，沒辦法躺的舒服，又不敢再叫換房了，不知再會出現什麼問題。,3.375,5.857
sentence_00842,sentence,習近平內外交戰,4.667,4.333
text_02880,text,日本仙台市一名遭家暴的七歲男童，獨自跑到警局求救，警方發現他全身傷痕累累，發現他被狠心父親踹肚子，還被整個人壓著撞地板。,1.875,7.857
sentence_02345,sentence,逢此殊勝日請盡力行善,6.0,6.0
sentence_01396,sentence,公共電視很丟臉,3.0,5.75
sentence_01019,sentence,關注切斷電話已,4.6,2.25
sentence_00340,sentence,我就覺得天啊超尷尬,3.333,7.667
text_02179,text,在本月補丁星期二活動日中，微軟面向所有Windows10系統釋出了累積更新，但是使用者的升級之路並不順暢。,3.667,3.75
sentence_01219,sentence,年民進黨空前大挫敗,3.0,6.5
sentence_01098,sentence,一般人不易聽懂,4.5,5.0
sentence_01791,sentence,清除一大批害群之馬,6.5,4.5
text_02032,text,有人認為無傷大雅，但本文作者指出，笑話中的性別刻板印象、強暴迷思，傷害累積起來，也可能落入人們對日常生活的想像中。,3.556,4.889
sentence_00170,sentence,而且將阻礙全世界的穩定和繁榮發展,3.0,5.5
sentence_00240,sentence,又如何可以推動社會變革呢,4.0,5.75
sentence_00169,sentence,這樣也是變相幫他開口,4.5,6.0
text_02004,text,5月4日，優速物流有限公司釋出訃告稱，該公司董事長兼總裁餘聯兵因發生意外，於北京時間2019年5月2日12時許，不幸離世，享年47歲。,3.286,3.875
text_02592,text,由品牌出貨排名可以發現，除了一、二名仍由韓系品牌佔據，第三到第六名皆為中國品牌，顯示中國品牌利用成本優勢積極提升市佔率的企圖心不可小覷。,5.429,3.833
sentence_01330,sentence,那簡直一文不值,2.333,7.333
sentence_01263,sentence,甜美清新會聊天,6.333,2.333
text_01464,text,前天發生的新埔林家大火，在場消防員束手無策，導致受困的62歲林榮茂等不到救援，在妻子眼前活活被燒成焦屍，宛如八掌溪翻版，無能政府又添一筆；更令人震驚的是，死者的長子案發後失蹤，昨被逮後才承認縱火，理由竟是氣父母未依承諾幫他存錢。,3.429,5.375
text_01085,text,根據兒盟調查，7成2弱勢童教育資源不足，2成5甚至寫不完26個英文字母，這些孩子的學習資源、能力相對貧窮，令人憂心。,3.0,4.875
sentence_01886,sentence,可是偶爾也會有兩個彼此熱戀而同時又彼此被熱戀的情況,5.5,5.0
text_00917,text,跑起來還是不錯沒有衝突。,6.125,3.857
sentence_01693,sentence,陣痛和子宮整天互相排斥,3.0,7.0
text_01613,text,中評社指出，中國的這些反制動作再次表明，美國的武力威懾措施並不湊效，不管美國採取何種武力威懾措施，中國都不會懼怕，中國會堅決維護領土完整。,6.333,6.778
sentence_02180,sentence,連外表都變得不再討喜,3.0,6.0
text_00680,text,它本來應該得9星的，雖然這個世界上並不存在這樣完美的家園.,5.667,5.75
sentence_00158,sentence,一直擔心累到她,4.0,5.25
text_00226,text,文如其人，安哥樂觀的生活態度讓他寫出如此生動感性的好文章。,6.0,5.25
text_01466,text,父親被活活燒死，他說很懊悔，「如果可以，我願代替爸爸承受被火焚身的痛苦」，林嫌正住院治療，警方將等他出院，再依殺人、公共危險等罪嫌究辦。,2.875,5.25
sentence_02565,sentence,大量狗官攜鉅款外逃不敢追捕,1.667,7.667
sentence_02069,sentence,見到有人去非禮女人,3.0,5.5
text_01990,text,特別吳育昇明明之前就失敗了還敢再來真的超可笑的這不是民主這是政治惡鬥你要罷免去罷免那些貪汙的黑道或其親屬)的跟你們作對就要罷免這到底是什麼民主,3.0,6.667
text_01201,text,長期關注ＴＰＡ的網友actr表示，ＴＰＡ的技術或團戰可能和其他隊伍在伯仲之間而已，但穩定度絕對比其他隊伍強，這個禮拜觀戰下來發現ＴＰＡ的失誤比其他隊伍少。,5.889,3.857
sentence_01525,sentence,都是壓榨億萬底層中國人民的沉重枷鎖,2.5,6.5
text_01129,text,總統說，願臺灣產業升級，經濟振興，人人有工作，家家都歡喜；願社會和諧安定，大家相互關懷，互助合作；願全民充滿朝氣，相互激勵，迎向新挑戰，開創新世紀。,7.0,5.167
text_01595,text,上週協商時，朝野黨團雖達成刪減績效獎金共識，但具體立場仍南轅北轍。,4.222,4.0
text_02198,text,除了預估看完所需的時間外，也能自已找出重點，甚至是解釋縮寫的涵義，讓你可以先看看大綱，再決定要不要仔細閱讀。,5.667,2.5
sentence_02047,sentence,若不是眼見情郎臂骨折斷,4.0,6.333
sentence_00578,sentence,而俄軍根本不理會他們,4.0,5.0
sentence_00839,sentence,以免被他們佔便宜,4.0,6.0
sentence_00089,sentence,你就該有多少堅強,6.0,6.0
text_01232,text,未成年懷孕學生身邊的大人，剛開始聽到這樣的消息，難免震驚，但當孩子願意跟我們說，代表的是孩子信任我們，此時真的需要我們的幫助。,6.0,4.75
sentence_00852,sentence,我們試圖把他拉出來,4.333,4.0
text_02564,text,石禮謙向內會主席李慧瓊報告，自己無法再主持逃犯條例法案委員會，向內會尋求新指示，不過民主派首先質疑石禮謙去信內會的合法性。,4.5,4.0
sentence_00164,sentence,這明顯是對匪自己不利才會選擇的行為,4.333,4.333
text_01060,text,沒有得到救援，「我感到非常內疚」，也希望所有消防同仁都要感到內疚，「這種事情不容釵A發生」，一定要拿出決心與魄力，不是光消防局的事，巷弄的改善，「地方政府責無旁貸」，消防通道要維持其權威性，誰敢停車馬上拖吊。,4.0,6.444
text_01830,text,馬英九總統昨表態支持縮減，強調「這是改革的一部分！,5.222,5.286
sentence_02086,sentence,你媽媽看上去非常慈祥,7.0,5.0
text_01746,text,他說，臺灣要用善意而非仇恨來改變中國，對中國也不能只講求經濟利益。,5.125,4.875
sentence_00962,sentence,你們是中國最沒良心的混蛋,2.0,8.0
sentence_01637,sentence,但是我被自己囚禁了,3.0,4.0
sentence_01624,sentence,賄賂120萬美元入名校,3.0,1.667
text_02584,text,如果你必須要聽一個打車公司的高管說說隨著無人駕駛計程車的興起，人類司機的未來會變成什麼樣，那富有爭議的前Uber執行長特拉維斯·卡蘭尼克會是一個很不錯的選擇。,5.857,4.333
text_01923,text,外交部今天表示，美國遭颶風侵襲，災區又受風雪襲擊，將捐130萬美元賑災；美國在臺協會（AIT）說，感謝臺灣慷慨捐助。,6.625,4.667
sentence_01216,sentence,如果我們要清算他,4.0,6.333
sentence_02230,sentence,這冰淇淋蛋糕有夠難吃,3.0,7.0
text_01754,text,至於凱瑞，以色列也擔心美國外交政策在他主導下，將會使以色列在巴勒斯坦問題和約旦河西岸屯墾行動上面臨更多壓力。,4.111,4.444
text_00632,text,是商務旅行的理想選擇。,6.375,3.111
text_02053,text,balaby輕便耐磨，柔軟舒適~亞馬遜中國Clarks此商品亞馬遜中國下單實付364元，喜歡的值友不妨關注一下~,5.375,3.0
text_01037,text,十八人沒有請領獎金的法律理由，屬不當得利，提民事訴訟追討。,4.222,4.444
sentence_00655,sentence,她應該從國會中被刪除,3.667,4.333
text_01908,text,劉耀仁表示，更可惡的是，交大還是依開單多寡發放獎金，交通局相關單位竟不是依工作好壞，而是「雨露均沾」全發，根本就是變相加薪，把人民當傻瓜。,3.0,6.875
text_01546,text,中共總參謀部日前頒發《二○一三年全軍軍事訓練指示》，要求全軍與武警部隊加強實戰化訓練，做好打仗準備，提高打仗能力。,5.5,5.375
text_01915,text,他說：「我也很想瞭解祖父，但甚至不清楚他是否知道我的存在。,4.0,4.0
text_01140,text,以外型來說，要對抗南韓團體應該不難，但是舞蹈和唱功有待加強。,5.0,4.667
text_02237,text,Dell在幾個月前推出的新款XPS13收穫了頗多的好評，但如果你對筆記本的需求不僅僅滿足於傳統的樣式，那還有沒有更適合的選擇呢？,5.889,3.222
text_01332,text,他鼓勵學生，每個小螺絲釘都是重要角色，不要放棄自己。,6.625,4.714
text_00462,text,如果坦克真的那麼便宜又那麼好，為何多數人都不敢用。,4.875,4.333
sentence_00817,sentence,以無知小丑的表演形式淋漓盡致的演繹,5.0,4.333
sentence_00199,sentence,就變得比較快樂,6.6,4.4
sentence_00037,sentence,他把自己經歷的事件遇見的人,5.0,4.333
text_01045,text,「好萊塢報導」指出，今天公佈的倫敦影評人協會獎，臺灣導演李安擊敗同樣入圍奧斯卡金像獎最佳導演的奧地利導演麥可漢內克，贏得年度最佳導演獎。,6.714,6.167
sentence_01794,sentence,那麼美方就會大受鼓舞,6.0,5.75
sentence_02218,sentence,30即將要開採囉,5.0,4.333
sentence_00541,sentence,我覺得應該是心跳之後除魔法以外,5.5,4.333
text_01489,text,臺北京站廣場同步收看直播的玩家緊盯螢幕，不時發出歡呼聲並拍手叫好，直呼：「好緊張！,6.375,5.625
sentence_00600,sentence,老是躲在哀怨中,3.0,5.6
text_02258,text,天貓蘇泊爾向北向南專賣店14日10點聚划算279元，前2000半價，實付到手價139.5元，32㎝大炒鍋，價格很不錯的，喜歡的值友可以關注。,5.5,2.875
text_00933,text,然而這一過程往往容易產生龐大安全性漏洞，讓外界攻擊變得更加容易。,3.5,3.833
sentence_00525,sentence,雖然宗教的核心是神祕的和超出人世的,6.0,3.0
text_02778,text,2018年10月21日下午四時五十分，臺鐵6432次普悠瑪自強號列車在新馬車站旁發生火車脫軌事故，全車366人，18人死亡，215人輕重傷，震驚社會大眾。,1.143,7.5
text_00359,text,隨你高興,3.222,5.5
sentence_00144,sentence,但是鳥的圖案則不太適合放在夫婦的睡房,4.0,4.75
sentence_02371,sentence,和其小助手幫我捏的人設們,5.25,3.0
text_01668,text,臺北市議員童仲彥昨天在市政總質詢爆料指出，工信前董事長潘董（潘俊榮）曾送臺北市長郝龍斌太太及前北市文化局長李永萍鑽石，但遭郝龍斌當場反駁「絕無此事」並嗆聲「議員你有種就到外面講，放棄言論免責權到外面講。,3.375,6.667
text_01197,text,林益全確定簽約後，比起去年月薪23萬元，漲幅高達96%，與他一開始的目標相去不遠，其實這已是他第二次加薪接近百分百，前一次在2009菜鳥年勇奪包括年度MVP在內5項個人獎後，隔年薪水就由11萬躍升22萬元。,6.4,5.125
text_02154,text,記者暗訪發現，目前仍有多家組織以愛心捐贈名義招募女性售賣卵子，並給予一定的營養費，價格從1萬元至10萬元不等。,3.875,5.125
sentence_01217,sentence,要懂得在混沌中賦能自己,6.5,4.0
text_02212,text,在維多利亞女王登基以來，英國首次有一週時間不靠燃燒煤炭來發電，最後一臺燃煤發電機於5月1日下午從電網脫離。,6.111,3.444
text_02332,text,為保障使用者自由選擇權，兩部門在通知中要求運營商嚴禁限制老使用者選擇新套餐等行為，切實增強使用者獲得感。,5.625,4.0
sentence_00180,sentence,新浪微博這個中國最大的社交及時平臺輿論的監控已經到了髮指的地步,2.667,4.333
text_02833,text,英國脫歐歹戲拖棚近3年，脫歐時程遙遙無期，首相梅伊昨天不敵龐大逼退壓力，淚眼汪汪宣佈將在6月7日辭去執政黨保守黨黨魁。,3.556,5.375
sentence_01991,sentence,而且之前很多人有吃到開放大陸人來臺觀光的甜頭,6.0,5.0
sentence_01075,sentence,川普挖苦奧巴馬,3.333,4.0
sentence_02521,sentence,一位哲人曾說過,5.0,1.333
text_01750,text,放鬆一下心情吧，或許意見不同或許看法相異，我仍然珍惜所認識的每一個人.,6.222,3.429
sentence_01096,sentence,預算軟硬體建設等內政,5.0,2.5
sentence_00524,sentence,中共最受信任的危機管理者回到了政治前線,6.5,5.25
sentence_00407,sentence,垃圾會先會甘心,2.5,4.5
text_01590,text,反映國家經濟困境、迴應社會民意和改革聲浪，必須要做出的決定。,5.375,4.375
text_00633,text,門外好象正在裝修，有點雜亂.,3.778,4.143
text_00985,text,鍵盤很好用，按鍵挺舒服的，但是空格鍵有點異樣的聲音3.,5.111,3.286
text_01667,text,在詢答的過程中，立委做了很多的假設，包括要政黨協商、要民進黨同意等，在很多的假設前題下追問是否有助於氣氛的緩和，所以他才回答，「如果做了這樣多假設後，當然會有助於緩和氣氛」。,5.286,4.625
sentence_00278,sentence,異性戀結婚也不用別人同意,5.6,3.5
text_01840,text,目前經濟部長月薪十八萬元，若以年終獎金一．五個月計算，總計年終獎金二十七萬。,5.444,3.833
sentence_02337,sentence,這一詞我覺得較為妥當,6.667,5.0
text_00309,text,沒錯，鋁圈能裝的碟盤尺寸是有限定的！,5.0,5.25
sentence_02377,sentence,印出來也比較細緻,7.0,4.5
text_01566,text,伊斯蘭北非開打組織（AQIM）在一九九○年代被阿國軍隊擊敗後，撤退到馬利、阿爾及利亞、茅利塔尼亞間的撒哈拉無人地帶。,4.625,3.778
sentence_01031,sentence,下屬在不加思考分析下只懂附和奉承上司,3.0,5.0
sentence_00310,sentence,現線上條有些清晰了,5.5,3.5
text_00539,text,煙灰...等等)你母親就一定會要求將椅套拿去送洗在洗的期間，可以跟母親說:沒椅套也蠻整體性,5.444,4.5
sentence_00999,sentence,為一個上臺4年一事無成的婊子喝彩,3.0,5.667
text_01170,text,在遊戲中殺氣十足，但被外國媒體問到要如何使用獎金時，Bebe卻害羞地說不出話，最後還是MiSTakE把他「想買電視」的心願說出來；身型魁梧的Lilballz說，回到臺灣第一件事就是要好好享受臺灣美食。,5.857,4.857
text_00542,text,很舒服；服務不錯，感覺樓層比前臺服務更好；酒店周圍環境真好，有山有海，本人在後山散步時差點掉下懸崖，建議酒店及時將後山半截路加上標誌和圍擋，太危險了！,3.571,5.444
sentence_01775,sentence,兩個人之間走到盡頭原來不是咬牙切齒的恨意,4.667,4.667
sentence_01023,sentence,我可沒有反駁你說的問題,4.5,6.5
sentence_01372,sentence,網上有人質問我,4.0,3.667
text_00541,text,首先非常感謝您選擇東方大酒店，也非常感謝您給我們提出了寶貴的意見，酒店近期樓頂正在加層建造西餐廳,6.125,3.833
text_02560,text,來自新加坡的共用單車oBike，以無樁共用方式在臺北市經營，不過今年年初經營團隊就傳出倒閉的訊息，而現在臺北市大小街道都還可以看到oBike的遺棄車輛。,3.5,4.333
sentence_01357,sentence,最後可能會被海給淹沒了,3.25,5.75
text_00774,text,單就缺點羅列如下，望改進:房內夜間有異響.,3.333,4.75
text_01227,text,反過來，懷孕期間還可以請求學校依法保障產前假、產假、個別輔導、成績彈性計算、安排適當的親職教育等等。,6.125,4.429
text_00791,text,最可怕的是沖澡3分鐘後淋浴龍頭停水，2分鐘以後浴缸龍頭也完全停水.,2.889,4.857
sentence_02093,sentence,巴黎聖母院上個月因大火毀損,3.0,4.667
sentence_01334,sentence,政府財富不是那樣計算的,4.0,4.667
text_01731,text,習近平強調中國取得舉世矚目成就，可自豪但不自滿，「絕不能躺在過去的功勞簿上。,6.0,4.857
text_02126,text,近日，荷蘭科技部落格LetsGoDigital曝光了三星新獲得的一項外觀設計專利，其中展示了一款支援變形為矩形萬花筒的特殊裝置。,5.833,4.286
text_02310,text,近日，滴滴出行APP內出現特惠拼車功能；4月15日，滴滴順風車事業部總經理張瑞通釋出公開信，列舉了半年以來，滴滴順風車在安全事情上做的若干措施。,5.556,2.444
text_00635,text,感謝您對大連銀帆賓館的中肯評價！,6.4,5.714
text_00659,text,這個賓館的服務員都說自己的餐廳做的當地小吃好吃，實在不敢苟同，份量少，味道也不地道，價格卻不低，建議重視當地美食的朋友不要在賓館的餐廳就餐，會對山西的小吃產生錯誤印象的。,3.0,6.0
sentence_00012,sentence,不管是露基梅還是抱枕套只要有克萊的臉就90分起跳,7.0,6.0
text_01181,text,家長在市場擺攤，工作很忙，小孩就放牛吃草，父母用錢打發小孩，有求必應，卻缺乏親情互動。,3.333,2.8
text_02890,text,波洛西表示，一名男子孤身在街上阻攔一列坦克的圖片，獲得全世界所敬仰，但中國大多數年輕人卻不知道，她對此感到很傷心。,3.375,5.0
text_00102,text,去感受喜悅、和平和愛……雖然不是很容易，但是我發現最近困擾我的一些負面情緒正在慢慢流失。,6.5,4.625
sentence_02128,sentence,而取決於生平的善行,5.667,3.667
sentence_00110,sentence,身後的恩惠要留流得久,6.667,5.333
text_01128,text,馬總統表示，新的1年，他心中有3個願望，希望經由他和全民共同努力，打拚出臺灣新氣象。,5.889,5.571
sentence_00375,sentence,只能聽諂媚不能聽良謀,3.0,4.75
sentence_01333,sentence,壓迫與偏見的國際社會中,3.4,5.25
sentence_01475,sentence,那三分鐘全國默哀時流量,5.0,1.0
sentence_00373,sentence,現在摸不準少數派哪些文章收費哪些免費,4.5,3.25
text_00123,text,如果當時再勇敢一點點，結局會不會不一樣？,4.375,5.25
sentence_01671,sentence,所以感覺時間過得格外的快,4.75,5.5
text_01809,text,美國在中日釣魚臺爭端中「選邊站」，不僅將損害中美關係大局，破壞亞太地區的和平穩定，而且使美國在亞太地區的戰略利益受損。,3.667,5.286
sentence_00459,sentence,當然並不是說劉電工發明這個學說而是他自身就是受殖民地考試工廠生產出的考試機器,5.0,4.0
text_01411,text,帶隊的中華創新發明學會秘書長吳智堯說，易吉益利用生活中食材廢棄品製成可分解的包裝物材，具環境生態保護概念，獲得大會青睞。,6.556,5.0
sentence_00726,sentence,導致跑步完有點嘔吐,3.5,5.0
sentence_02261,sentence,是堅守不屈不撓的光環,7.333,6.667
sentence_02277,sentence,其實就連美國也是一直是在兩者之間來回搖擺的,5.0,4.667
text_01997,text,失望對象二:臺灣理盲!爛情!拿無知當力量公共政策不比數據不比評估卻比肚皮薄厚餓不餓得死?,3.0,6.75
sentence_01360,sentence,內心裡卻是豐滿的,7.0,5.0
sentence_02462,sentence,這比言論審查更退步,3.0,5.25
text_02856,text,雲林縣警局北港警分局土厝派出所所長陳連益、警員楊子誼，日前執行巡邏勤務時，在水林鄉水林路發現失竊贓車，遂依法予以攔查，清查後發現竊嫌另涉2起竊案。,4.429,4.429
sentence_01231,sentence,慶富案錄音檔流出,4.5,5.5
sentence_00870,sentence,時期的甜蜜現在的,4.5,4.0
sentence_02084,sentence,你的眼睛讓我入迷,7.0,5.0
sentence_00391,sentence,我看我符不符合,5.0,2.0
sentence_01387,sentence,有的父母是嚴厲的管教孩子,5.333,3.0
sentence_01828,sentence,中共扣押你們還要管你們吃喝,3.5,5.75
text_00098,text,時間，可以消耗愛情，愛情是經得起歲月蹉跎的，經不起的，那不叫愛”忽然間，明白了什麼有了愛情，其實，再孤獨，也算不上真正的孤獨如果在愛中，依然孤獨，那你就需要考慮一下，這，是不是真的愛了!,3.75,4.0
sentence_02304,sentence,卻被視為顛覆國家政權暴動事件,2.5,7.0
text_01137,text,立委會質疑官員心態落後，是拿世界主要電玩大賽做借鏡，臺北暗殺星參與的美國英雄聯盟第二季比賽，史上獎金最高，美金100萬，摺合臺北2900多萬，但光是英雄聯盟這款遊戲創造的產值，就超過10億。,5.25,5.571
sentence_00360,sentence,簡直是人生惡夢的開端,2.6,6.75
text_02763,text,左邊是賣內衣的，右邊是賣襪子的，這間店就在如此野生的夾縫環境中，在喧鬧嘈雜的嬉笑叫賣中，在魚龍混雜的人來人往中，混了下來。,5.222,2.889
text_00888,text,採用聯想全新高觸感鍵盤，新鍵盤無論在佈局、鍵帽形狀、鍵程手感上全部進行了人性化更新，不僅滿足輸入速度快、輸入正確率，更能滿足用戶輸入舒適的需求。,6.778,5.0
text_00150,text,有的文章純粹我覺得可能還是編的，比如說表姨媽的時候，說成了watchaunt，這可能嗎？？？除非開玩笑的時候故意的吧，任何一個學過英語的初中以上的人都難以犯這種錯誤吧？翻了幾個故事看了之後，積極性大受打擊。,3.125,6.0
sentence_01156,sentence,什麼團體裡都有沒判斷力的人,3.25,6.25
text_01537,text,他愛孩子卻不知如何表達自己，更不知如何面對屬於父親的軟弱、焦慮和哀傷。,3.0,5.375
sentence_00888,sentence,直面質疑中共政權,4.667,5.333
sentence_02370,sentence,都是望子成龍望女成鳳的,6.0,6.0
sentence_02477,sentence,但還是有點點洩漏一聲,4.0,3.5
text_02643,text,今日俄羅斯5日報道，俄羅斯航空一架蘇霍伊100超級噴氣機在莫斯科謝列梅捷沃國際機場迫降時著火，機上有78名人員，包括6名機組人員和7名乘客。,3.0,5.0
sentence_01138,sentence,而且為什麼尹尋的動作這麼熟練啊,5.5,6.0
text_01050,text,入圍倫敦影評人協會年度最佳導演的除了李安與麥可漢內克外，還有「00:30淩晨密令」的凱薩琳畢格羅、「世紀教主」的保羅湯瑪斯安德森以及「安那託利亞故事」的努瑞貝其錫蘭（NuriBilgeCeylan）。,5.444,4.75
sentence_01628,sentence,這樣的典範永留我心,7.0,6.333
sentence_01153,sentence,如果是我就玻璃心碎了,3.0,6.6
sentence_01893,sentence,民眾要在水深火熱中仰望著威風凜凜的總總統座車一行五六十輛通過,3.6,6.5
sentence_01413,sentence,眼睛會覺得疲勞,4.0,4.5
sentence_01673,sentence,魔幻寫實的人生,6.0,4.0
sentence_02335,sentence,且工業類別詳盡,6.333,4.6
text_00942,text,最開心的是朋友幫忙裝了ＷＩＮＤＯＷＳ７，介面很漂亮！,7.222,6.125
text_02674,text,彰銀經營權官司，臺新指財政部違約，導致臺新喪失彰銀經營權，高院判決臺新為彰銀最大股東時，財政部應支援臺新指派過半董事。,4.333,5.0
sentence_02572,sentence,用在生活激盪不同的美感,7.0,3.667
text_02548,text,華為遭到Google切斷服務，未來新手機不能使用Google的相關應用程式App，包括Gmail、YouTube等都無法使用，重挫該公司在全球的佈局。,2.286,5.667
sentence_02031,sentence,讓生活多了溫暖和明媚,7.0,5.667
text_00403,text,這篇文章跟福特有關係嗎？孤鴻海上來你真的很會硬凹捏各國強制安裝的安全配備，如同安全帶一般只有台灣政商牛步，還是說你跟他們有一腿？擁護T牌到這種程度，也真有你的畢竟花錢買Toyota的是別人，也不是你對吧？別人家的小孩死不完如果因為你一句話讓其他消費者對安全性有了錯誤的決定甚至間接導致未來事故的發生那業報是一輩子都還不完的,3.0,6.444
sentence_00138,sentence,不知道這樣刷推效果如何,5.0,4.333
sentence_02287,sentence,讓農地違章工廠取得永久居留權,4.0,4.333
text_00097,text,但是，誰也不能將心分成兩半呢，這樣的結局也未必不是最好的選擇吧。,4.25,3.75
sentence_02307,sentence,近視眼都能看清,5.75,5.5
sentence_01848,sentence,你斷裂了那捆綁我的鎖鏈,7.0,6.0
text_01397,text,也難怪不少人大呼莫名其妙，嘲諷歐盟該得的是經濟獎而不是和平獎；還有人胡亂推測說，德國會領走和平獎獎金，而且一毛都不分給身陷急需紓困的希臘。,3.5,5.143
text_02116,text,但如果你以為威脅一家便利店生存的最大障礙，是身邊的競對品牌的話，其實是忽略了當前便利店面臨的一個更大的敵人——本地生活服務平臺。,4.667,3.5
text_02639,text,據相關報告顯示，68%的家長對孩子的教育感到比較焦慮、非常焦慮，90後家長已開始為孩子教育未雨綢繆，80後二胎焦慮處於較高水準。,3.625,5.25
sentence_01187,sentence,可以照著永恆生命,6.0,4.333
text_00579,text,缺點麼，就是隔音不是很好。,4.0,4.429
text_01453,text,比黃昭順年紀大一輪的「老蛇」國民黨立委徐少萍，同樣也是「蛇」怕蛇，心情卻很複雜，如果要比喻，有一點像怕鬼，卻又愛看鬼片。,4.556,4.429
sentence_01406,sentence,劣誕下的怪胎!它們禍害華夏近百年,2.0,8.0
sentence_01277,sentence,看看這精美滴握手,7.0,4.75
sentence_00546,sentence,重點係有個聚腳點方便聚聚,5.333,4.0
text_02252,text,我，36歲，駕齡3年，4w公里朋友A，35歲，駕齡6年，15w公里A約我五一出去旅遊，正好我老婆帶孩子還在老家休哺乳假，於是我就答應了。,5.429,2.714
text_00078,text,看來不能以自己的喜好來決定買不買，大獲好評的書還是值得買的。,5.444,4.143
sentence_01744,sentence,依靠嘴巴來收集惡運,3.333,5.0
sentence_01208,sentence,或是閃光燈照出來效果總是讓人吃驚,6.0,5.5
sentence_00661,sentence,一直輪迴還是一直糾纏,3.4,5.25
sentence_00603,sentence,美國無意與伊朗戰爭,5.333,2.333
text_02475,text,目前有越來越多的證據表明，許多年輕的遊戲玩家在玩電子遊戲時出現了上癮行為，並因此面臨著極大的心理壓力。,3.286,5.429
text_00699,text,客人來過都表示氣味難聞，很尷尬。,3.0,5.0
sentence_02149,sentence,而如果飛黃騰達後變得奢靡頹廢,4.0,3.5
text_00878,text,京東響應速度很贊，第一天下午下單，第二天上午就通知到貨了，不錯；本本很好，就是在包裝的時候不太好，把表面的膜都弄皺了，好多灰塵；拿回貨之後是同事幫忙給做了些測試的，各項測試結果顯示本本很好，對於我這個不玩遊戲的人來說足夠使用了。,6.333,5.375
text_02194,text,羅永浩是在轉發小野科技聯合創始人@菲力浦達文西的微博時透露的這一訊息，菲力浦達文西此前曾勸說廣大錘粉幫贏不著急，不要著急開設實體店賣小野電子煙。,5.167,4.167
text_02503,text,工聯會立法會議員麥美娟在會上指出，葵青區議會早前質疑瑪嘉烈醫院重建後，連同地牢只增加6層，認為不足夠。,4.0,3.0
text_01747,text,面對災難，生命的脆弱，親人驟逝之痛，災民需要的是寧靜和平，而不是纏鬥不停的藍綠喧囂，中央計劃災區重建，復興高雄經濟，地方安置災民，檢驗地下管線，重新檢討「重工業都市轉型計劃」，痛定思痛，記取教訓，唯有「同舟共濟」，放下怨念，面向未來，「藍綠共治」的政府才是真誠為高雄同胞祈福！,4.444,5.714
text_01919,text,我的夢想是，回到北韓，讓一切變得更好一點，讓人們的生活輕鬆一些。,6.111,5.286
text_02315,text,先前也謠傳光陽可能會在近期發表較大功率、且Ionex電池比當前更大的電動車，或許此次的活動也將為傳聞中的光陽較大功率電動車的發表活動也不一定。,5.778,5.25
sentence_01247,sentence,這種陰影就可以用,5.4,3.6
text_02191,text,而且愈多計畫帶來愈多壓力，一旦某個計畫中的事情卡關，就會想要整個放棄，或是一直卡關在那邊，而整個計畫都往後拖延？,3.375,6.0
sentence_00880,sentence,練習過量勞損了,2.0,6.0
sentence_01977,sentence,卻狂風驟雨急奔呼嘯,3.75,6.0
sentence_00771,sentence,但還是有意外了,3.5,4.5
text_00989,text,端莊耐看，不會過時，配置足夠，物超所值。,6.875,5.222
text_01265,text,包括「你家寶貝不會亂叫、不會亂做記號、不亂跑」，即使做大小便，也會主動清理好，更不讓牠上桌、亂舔餐具，不害別人吃到毛。,5.111,3.857
text_00934,text,網路，這些網路點可能是惡意連結，攔截用戶設備和合法伺服器兼的訊息傳遞。,4.222,4.286
text_00290,text,其實看的影片之後，相信樓主只是想反應一下原廠處理的態度及消費者的無奈。,4.111,4.714
text_00709,text,感謝您對我酒店的關注與支持，期待您的再次光臨。,6.857,4.556
text_02866,text,人類乳突病毒傳染性強，婦產科醫師陳保仁今天表示，HPV感染非女性專屬，男性也可能被感染，導致癌症及面板病，且傳染途徑也不只性行為。,3.375,3.778
text_00370,text,影音設備...這個部分有改善。,5.444,2.889
text_01260,text,網路上一隻小有名氣的柯基犬「卡內」，主人經常在BLOG分享願意讓狗進入的友善餐廳，但絕對會附上一張「告示」，宣導帶狗上餐廳的禮儀。,5.75,4.571
text_00733,text,這裏服務挺好的，沒有前面朋友說的那麼糟糕，聽說我是西門子的還主動幫我upgrade！,6.778,5.429
text_02087,text,如今隨著領導人的改朝換代，許多人開始好奇索尼在移動領域的策略是否會發生改變，而對此新CEO吉田憲一郎給出了否定的答案。,4.667,2.778
sentence_00915,sentence,我為太關注自己生命而羞恥,3.0,6.25
text_01079,text,救護員沒有隨身護具，宜避免正面衝突及閃躲車上，通知警方到場處理才妥適。,5.0,4.75
sentence_01978,sentence,極樂淨土之類的,7.5,4.0
sentence_01859,sentence,驅散貿易戰的陰雲,6.0,4.5
text_01347,text,他們的照顧方式，根本就是虐待。,2.667,6.429
text_01978,text,但遭遇既得利益者強烈反彈後，又改口發放依據的注意事項是「每年頒訂」，並稱要與經濟連動。,3.889,4.625
text_02585,text,對於近日手機民調爭議，賴清德今受訪時表示，過去民調有嚴謹科學根據，若貿然轉為手機民調，是否有辦法完整代表整個真正的民意。,4.714,4.111
text_00783,text,餐廳的服務員態度不友好，免費提供的早餐有的在早上八點就沒有供應了蒸雞蛋和炒米粉，小妹與服務員交涉兩次未果，早餐供應時間是到上午九點結束的.,3.286,4.75
sentence_00191,sentence,擅自改變產品的存放方式,4.25,3.8
sentence_01481,sentence,看到這個訊息的時候真的很氣憤,2.667,7.5
sentence_01961,sentence,久而久之演化為一種禁忌,5.0,4.0
sentence_01766,sentence,卓越非凡之事不可勝數,7.75,5.75
text_02933,text,土耳其搜捕101名未遂政變涉案嫌疑人-新華網新華網土耳其搜捕101名未遂政變涉案嫌疑人---報道說，土耳其警方在全國至少18個省同步展開抓捕行動。,4.5,5.0
text_00371,text,喇叭這一代還是差勁透了。,2.778,6.143
text_00053,text,但對異地戀失敗的人，是一杯溫水，可以灌溉貌似枯死的愛的能力。,5.556,5.167
sentence_02550,sentence,要贈送經過開化寺註生娘娘加持,6.333,4.0
text_00052,text,這種記錄難免空洞，虛構也顯得薄弱。,4.0,3.5
text_00187,text,好可愛的書啊，圖片生動幽默，連我們單位的男同志都喜歡看，呵呵。,6.75,5.889
text_01789,text,今年六月馬決定調漲電價，民怨爆發，雖說臺電虧了很多錢，但很少人理解,3.778,5.625
text_02176,text,而且不僅僅是系統還原，清理安裝Windows10，建立系統還原，安裝更新然後嘗試還原裝置的使用者都可能會遇到故障程式碼為0xc000021a的系統崩潰問題。,3.6,4.714
sentence_01929,sentence,待靈魂於冥河消散,4.667,2.667
text_00220,text,這樣很累，我的這個想法也很天真，幾句話沒辦法改變什麼，但我還是會照著我從最初的路線前進！,5.556,5.222
text_00177,text,廖亦武是在一年多前歷盡艱辛逃離，後來在德國受到庇護。,4.667,5.143
sentence_02395,sentence,能讓我看到兔子被偶像點名債D的表情,6.0,4.333
sentence_00103,sentence,只許州官放火不許百姓點燈,2.0,6.5
text_00656,text,連最起碼的兩瓶免費礦泉水都不給提供。,3.0,6.0
sentence_01620,sentence,大饑荒的發生是分分鐘鐘的事情,3.0,5.25
sentence_01447,sentence,拖延民進黨總統初選,4.0,2.8
text_01644,text,馬英九說，他對酒駕議題關心很久，希望從嚴、從速來面對。,5.667,3.333
sentence_00102,sentence,但還是會受皮肉傷,4.0,3.25
sentence_00798,sentence,憑什麼這樣的事情要保密,3.25,6.75
text_02050,text,在英國準備為華為開綠燈的決定遭洩密後一週，英國首相特蕾莎·梅在當地時間5月1日突然開除了被指為內鬼的國防大臣加文·威廉姆森。,3.667,4.429
text_01519,text,本次獎助學金在審查過程中看到許多同學生活條件拮据，且大部份來自單親及隔代教養家庭，甚至有些同學寄人籬下由親友扶養帶大，讓審查委員們感到百般不捨。,3.889,5.889
text_02033,text,因沉迷網路造成學業荒廢、生活失序、人際障礙的孩子愈來愈多，要協助這些孩子改善也有困難，主要因為缺乏病識感，孩子不認為有改善的必要。,3.333,5.0
text_00885,text,鼠標，嘿嘿，只能用兩個字形容：安逸！,5.75,5.857
text_02590,text,一名在學術期刊等公共平臺發表了高達200多篇論文的日本麻醉醫師──藤井善隆，被抓到長期偽造資料，並有高達183篇論文遭到撤稿，且數量仍持續增加。,3.143,5.0
text_00909,text,觸摸板手感非常好，與託手區過渡很好！,6.556,5.667
text_01798,text,我一直很想找機會和反馬的網友好好的聊聊馬英九完成很多前任與前前任都辦不到的事，單是一個台日漁業協定，李登輝、陳水扁都搞不定，他們整天認為台日友好，但是日本就是不跟他們友好。,5.125,4.571
sentence_01538,sentence,盡吹毛求疵之能,4.0,5.0
sentence_00697,sentence,組裝起來很順利,7.0,4.5
sentence_01072,sentence,把日軍的進攻引到了共畜區,5.5,6.5
text_02207,text,升級貿易摩擦不符合兩國人民和世界人民的利益，中方對此深表遺憾，如果美方關稅措施付諸實施，中方將不得不採取必要反制措施。,3.714,4.667
sentence_00899,sentence,澳洲無處不成風景,6.333,5.333
sentence_00759,sentence,這些人很可憐的,3.0,6.667
text_01409,text,在金牌獎作品中，大會另選出十五項特別獎，臺灣獲得五項，包括最佳發明獎、最佳青年發明獎、最佳人氣獎、最佳能源發明獎及最佳新技術獎。,6.222,4.75
sentence_00124,sentence,那麼珍惜每一塊錢的外婆一出手就是一千塊,6.0,4.75
text_01407,text,他說，他們害怕失去獨立性，不想住進專門機構，覺得「沒有值得活下去的理由」；儘管他和父母曾力勸，但最終還是接受弟弟求死的心願。,3.286,4.875
text_01757,text,以色列擔憂，都反對軍事攻擊伊朗的黑格和凱瑞，會讓以色列很難對伊朗核設施採取軍事行動。,3.444,4.857
sentence_01159,sentence,是真的能夠撼動人心的,7.5,7.0
sentence_01672,sentence,我們的國家安定團結,7.6,5.75
sentence_00435,sentence,請觀看完整視訊,5.0,2.333
sentence_01824,sentence,為何滿紙荒唐話,3.667,6.333
text_02187,text,2011年之前的幾款Mac仍然可能容易遭受類似ZombieLoad的安全攻擊，而蘋果無法解決這個問題，因為英特爾不會發布必要的微程式碼更新。,3.889,3.333
sentence_00033,sentence,協議要求這些自然人股東在離職或死亡的情況下,4.0,4.0
text_01552,text,印尼一名最高法院法官候選人拿強姦受害人開玩笑，受到廣泛譴責，可能丟掉法官職務。,3.111,6.143
sentence_01550,sentence,終院駁回劉夢熊上訴,6.0,5.0
sentence_01973,sentence,觀察力也非常出眾,7.667,6.333
sentence_01651,sentence,聽說有老婆故意把老公伺候得超周到,4.5,7.0
text_02642,text,因此，資本主義和加速主義邏輯將渴求一種新的社會管控方式，一種超越996制度，甚至超越二元式的人類生理邏輯,5.625,5.778
text_01344,text,在偶像劇《我可能不會愛你》爆紅的法鬥犬「包子」，最近在網路上又受到網友熱烈討論，但內容卻是對飼主的批評謾罵。,3.375,4.667
text_02681,text,從積極佈局進軍中國市場，到轉以內容授權形式間接在當地提供服務，Netflix的中國發展之路可說是走得相當艱辛。,4.5,2.5
text_01360,text,今天不是我害她，說這摔車全是意外，毫無悔意。,2.889,6.556
sentence_00654,sentence,熟悉又模糊的名字,5.0,5.667
sentence_02214,sentence,一個失手就是下輩子再見了,2.75,5.8
sentence_00709,sentence,虧損資金沒有形成規模,5.667,3.0
text_01533,text,回想成長過程，不管是生活方式、學校或工作，受到父母期望而下的決定不勝枚舉。,4.0,4.556
text_01402,text,主持這起安樂死專案的醫師杜佛（DavidDufour）說，「他們很高興，可以結束他們的折磨是一種解脫。,6.333,4.5
sentence_01248,sentence,為什麼貼紙出入境泰國順暢無比,4.5,5.5
text_02184,text,近日，有媒體報道稱，讓人們煩不勝煩的騷擾電話之所以有增無減，其原因在於撥打騷擾電話的所謂電信增值業務基本上只要給錢就能辦。,3.667,5.0
sentence_00185,sentence,他們會利用談判作為手段,4.0,5.0
text_01952,text,這名18歲的小媽媽走了2個多小時，纔來到這座聯合國診所求助，3歲大的古米納，怎麼看都像是只有1歲多，就算現在猛吃高單位營養品，恐怕已經於事無補，更令人訝異的是阿富汗媽媽，不流行餵母乳。,3.375,4.5
text_01338,text,連發投注站老闆娘洪月娥說，前天下午四點多，一名年約二十多歲年輕人路過，看到大排長龍買彩券及刮刮樂，也好奇排隊試手氣，花了三百元買一張「紅包一把抓」刮刮樂，因當時人多，由她隨意挑選一張。,5.0,3.429
sentence_01266,sentence,最多隻能享有動物權,5.75,4.75
sentence_01493,sentence,睇?福山?事業遇上非常嚴峻?考驗,4.5,5.333
sentence_01588,sentence,我看他們這輩子難分離,5.5,4.0
sentence_00054,sentence,久病床前無孝子,2.6,4.4
sentence_00734,sentence,每個群有助教維持秩序和整理問題,6.0,3.0
sentence_02004,sentence,三谷三木表現出所有的羞怯裸體主義,5.5,4.333
text_01104,text,據對華援助協會轉述，中國大陸盲人維權律師陳光誠近日對侄子陳克貴遭法院判處3年3個月的監禁，表達極大的憤怒與譴責。,2.667,7.75
sentence_02540,sentence,要讓邪教信眾戒除邪教,6.667,5.333
sentence_00815,sentence,掙扎明天要不要去乙女市集,5.0,5.0
sentence_01981,sentence,雖然感情線很混亂可能大家看著覺得風中凌亂,4.0,2.667
text_01996,text,難道他們不知道自己現在反對的東西在自己上臺後可能無法收拾?,3.444,5.0
text_00977,text,動項的時候，偵測震動的那個功能不要關，那個是保護硬盤的。,5.222,4.75
text_02380,text,一個朋友和我說，自己也嘗試過單獨出國旅遊，但旅程中真的覺得很寂寞，完全不像想像中那樣豐富精采，懷疑是不是自己做錯了什麼？,3.333,3.444
text_02140,text,上網就能找到各式各樣選擇，甚至業者還會根據你的搜尋軌跡不斷推播廣告給你，個人的喜好偏愛隨著科技發展，將無所遁形。,4.667,5.333
text_02696,text,一星期前，好市多接獲義美鮮奶還沒過期，卻有變質和結塊現象的客訴，大動作將3萬3000瓶兩公升義美鮮奶全面下架。,3.714,5.714
sentence_01945,sentence,讓小鳥捎去我我最深情的問候,6.5,5.5
text_00574,text,空調溫控不好，暴熱，呵呵。,2.778,5.111
sentence_00259,sentence,很興奮搬到到紐約新的總部地點,7.333,6.333
sentence_00411,sentence,這樣算起來誰更便宜,5.5,5.0
text_02529,text,點贊是社交網路裡最美好的部分，每當代表點讚的小紅點彈出，都意味著我們獲得了來自別人的認同、共鳴、讚許……真的嗎？,4.444,4.625
text_00100,text,特別是主人公面對困境艱苦奮鬥的精神，對今天的人們仍有極大影響。,6.333,4.857
sentence_02446,sentence,除非他已經丟辭呈出去了,3.667,5.333
sentence_01730,sentence,也是第一次我覺得去韓國工作沒有獄禰O人厭倦,7.0,5.0
sentence_01255,sentence,臺灣能存活下來只有靠靈活的外交,5.5,6.0
sentence_01632,sentence,馬上就找我們開槍,4.0,6.5
text_00346,text,你要說FIT超控好嘛就是跟yaris一樣好,5.375,3.625
text_00963,text,白色的，很漂亮，做工還可以,6.0,3.429
text_00828,text,感謝您對大連銀帆賓館的良好評價！,6.667,4.143
text_02250,text,研究人員發現，將監禁期間無能力犯罪的情況考慮在內，曾入獄服刑的人在被判決後5年內再次被逮捕/定罪的概率有輕微的下降。,6.0,4.857
text_01020,text,螢幕15.4的，寬屏16：10看電影不錯內存一個G鍵盤我就不說了，IBM的鍵盤是世界公認手感和質量最好的硬盤250G，我一般是下載的480p的mkv格式的電影，一部電影也就1.5GB左右，哈哈，這個硬盤裝了一百多部電影是綽綽有餘的CUP是雙核的1.6G主頻，雖然是比較低端的賽揚系列，但是只要不是運算大型的專業軟件什麼的，同酷睿、奔騰的差距是基本區分不出來的,5.5,3.375
text_02911,text,有些國家為了種種顧慮，刻意予以淡化，荷蘭政府近日就被揪出對難民犯罪資料動手腳，引發軒然大波，司法部次長哈伯斯21日引咎請辭下臺。,3.5,5.778
sentence_01938,sentence,或本來就是歹徒的人,3.5,5.5
sentence_00087,sentence,不願做奴隸的人們,5.5,6.333
sentence_00113,sentence,江湖中的人心人性才得以愈發清晰,4.667,7.0
text_02089,text,不久前微軟給PC玩家們帶來了一個非常好的訊息，原本以主機為主要服務物件的XboxGamePass訂閱服務，現已確定會擴充套件到Windows10平臺上。,6.125,3.75
text_00657,text,補充點評2007年10月14日：五層是夜總會，騷擾電話就沒停過,3.556,5.125
text_01204,text,熱愛電玩的網友witness0828則貼文「看到ＴＰＡ奪冠是此生最激動的時刻」。,6.778,6.0
sentence_02554,sentence,是寂靜角落育出的的渴盼,5.667,5.333
sentence_01914,sentence,寧可花費巨資建造昂貴機艦,4.0,5.75
text_02222,text,一項新的研究分析了不同型別的飲食，並揭示了它們與那種癌症最密切相關，例如沒有食用足夠的水果和蔬菜被認為與口腔癌相關性更高。,4.667,2.833
text_00590,text,服務也不錯，效率很高。,6.889,6.286
text_02912,text,賴清德說到，他對黨主席卓榮泰很欽佩，面對27位中執委提案修改選舉辦法，他有道德勇氣維護黨的制度，站在制度面。,6.375,5.5
text_01401,text,有人吐槽「接下來要得奧斯卡嗎」反歐元的英國獨立黨議員法拉吉說，歐盟獲頒諾貝爾和平獎，顯示挪威人還挺有幽默感的；荷蘭的反歐元國會議員懷爾德斯辛辣吐槽：「歐盟得諾貝爾獎…接下來咧？（歐盟理事會常任主席）範宏畢得奧斯卡嗎？」一名在雅典街頭賣彩券的小販直言，歐盟得獎令他怒火中燒，「難道他們不知道我們身陷金融戰？這獎唯一能提振的是（德國總理）梅克爾的士氣」。,3.571,6.5
text_00572,text,感謝您的點評，並期待您的再次光臨！,6.375,4.778
sentence_02050,sentence,體態威武步履穩重,6.667,4.0
text_00968,text,第二臺電腦的職能，便攜夠用，當然光驅除外，遊戲免談。,4.625,3.625
text_00860,text,系統上網，看片相當好，可能是進行了優化。,6.0,5.0
text_01291,text,現代遊戲娛樂史上的全新開始，其不只是遊戲，更代表XBOX平臺上的多元娛樂內容。,5.5,4.125
text_02718,text,多發於北方夏季的飄絮，由於在飄揚過程中夾雜了花粉、塵埃，確實讓有些人在接觸後，會產生面板瘙癢、蕁麻疹等過敏症狀。,4.25,3.375
sentence_00907,sentence,表示憂慮及關注,6.0,7.0
text_00178,text,二○○九年中國擔任法蘭克福書展主題國時，他雖受邀卻被當局禁止出境。,3.333,4.571
sentence_01024,sentence,但是我沒有?電梯抽煙道德阿,3.333,6.5
text_00800,text,廁所骯髒，長年累積的汙斑，臭味，令人無法如廁。,2.0,6.833
sentence_00109,sentence,卻幾乎全無用處,2.667,6.667
text_01846,text,華人在外面太低調了，以致失去自我，缺乏獨立的人格，民族品格和國格，不夠維護自己的尊嚴。,3.222,4.5
sentence_01747,sentence,非常具有侵擾性的顏色,4.333,4.667
text_01074,text,外交人士透露，我方對中國僑民申請護照的審覈相當嚴謹，「申請人大概要是諾貝爾獎得主纔可能成功吧！,4.125,4.167
text_01531,text,現在，她不僅是一位成功的母親，也是一位懂得做自己的知名作家。,6.4,4.25
text_02456,text,與聯想之前釋出的VR眼鏡不同，這是一款toB的產品，旨在為員工提供幫助，以提升工作效率，提高培訓質量，與多個團隊成員協作等。,6.4,4.125
text_02527,text,經常混跡於值得買，看各路大神分享好物，也讓我受益良多，無奈自己水準太差，不能給值友們作出貢獻，每每想到這一點很是慚愧。,4.0,4.556
text_00527,text,不要輕易的挑戰它的極限！,4.5,5.571
text_02465,text,德銀報告認為，有60%機會中美今個月未能達成協議，以及美國對餘下3000億美元中國商品加徵關稅，形容雙方都不讓步，因為貿易戰對中美仍未造成足夠大的傷害。,3.5,5.0
text_01424,text,HTC今（11）日以重大訊息方式公告與Apple達成專利訴訟的全球和解協議，雙方甚至還協議了一紙長達10年的專利授權協議。,5.0,4.5
text_00858,text,鍵盤手感相當好，筆記本上方的攝像頭也很食用。,6.143,4.0
sentence_00990,sentence,然後自己判斷為什麼種族主義者丹尼貝克獲得了一張免費通行證或者這些可憎的母親為他提供的蹩腳的藉口,4.0,4.0
sentence_00806,sentence,不要說這麼可怕的話嘛,4.333,4.75
sentence_00556,sentence,上照抄我標題的句子讓我很害羞,5.5,5.667
sentence_00845,sentence,非洲豬瘟病毒流入本港令市民人心惶惶,3.0,6.0
sentence_00572,sentence,我只有五分之一都成日不是憑空消失就是被貓藏起來,4.6,2.5
sentence_01745,sentence,人不犯我我不犯人,5.0,5.0
sentence_01832,sentence,評審都是女人和同性戀女權自助餐,3.0,6.0
text_00674,text,酒店員工將一如既往，不斷努力，服務好每一位客人，提升服務品質，爭取更多的賓客滿意率！,7.556,4.714
text_00457,text,司機也是人沒人願意拿自己生命開玩笑司機道德早就被景氣給幹掉了這兒的官員有幾個是司機出身的法規多且很多是很不合理罰金又高一般人出事了大多同情小車這兒不講道理只講大小偏偏做大車司機也要養家收入一年不如一年下延長工時是必要的累錢又少又有表哥整天拿法規找麻煩是問道德是..........,2.889,6.333
sentence_02060,sentence,應該也沒膽量和機會造什麼孽,4.25,6.0
sentence_00919,sentence,而是這個國家的大方向已經轉變,5.0,2.0
sentence_00607,sentence,我們必須服從歷史的不合理的力量,4.667,4.333
text_00404,text,話說Camry、Teana、Accocd這種大型房車要搭17吋以上的車身比例比較好看，16吋以下有點頭重腳輕的感覺!要是我不會為了省油把18吋、17吋換成16、15吋輪圈!說真的買純汽油的大型房車不要把省油考慮在裡面，不然你會開的很痛苦坐在車室內很舒服，但是一直注意油耗，心理很痛苦XD)!因為計較那一公升差1~2km是沒什麼差別的!,4.222,5.875
sentence_02087,sentence,以前我就是混黑道的,4.0,6.0
sentence_00405,sentence,可能可以幫助改善消化系統健康,6.6,4.4
text_00406,text,這安全問題很像騎機車裡也常發生~安全帽與護具問題~戴全罩好還是瓜皮好~要穿護具不穿護具每個人都有自己答案~之前朋友也是大概這樣講~我慢慢騎就好沒必要戴全罩穿什護具笑死人~反正每人注重的點不一樣~有人會買就是會買~就顧好自己就好~重點只要遇過一次就知道有那些安全配備的好反正很多都是要花錢買經驗體驗就知道~,4.667,4.143
text_00068,text,以前一直不喜歡喝水，雖然同學都說喝水對身體有好處。,4.556,4.778
sentence_01768,sentence,第四集太逆境了,3.667,6.0
sentence_02409,sentence,我們家去參加了表叔女兒的喜宴,6.5,4.0
text_01285,text,從事動物保護工作的志工做的更好。,6.333,4.75
text_01922,text,「四代世襲」的主人公，但二○○一年金正男持假護照入境日本遭驅逐，後來就傳出他被剝奪接班的資格。,4.222,5.25
sentence_02497,sentence,主子們分贓不均吵吵架是常態,3.5,5.0
text_02286,text,吉利汽車行政總裁桂生悅出席股東大會後表示，中美貿易摩擦的確令消費者信心下降，但相信中央已高度關注，並會推出政策剌激消費。,6.0,5.143
text_01903,text,還有政治立場鮮明的同學理直氣壯的說以前跟他很好的國小老師因為一直發深藍的文讓他看的很不爽所以刪了他好友。,3.444,6.375
sentence_02369,sentence,或者胡德平的妻子現在光彩集團董事長王穎吧,5.0,4.5
sentence_00707,sentence,就多少體貼一點吧,5.5,4.5
sentence_02237,sentence,海浪聲不斷帶給我靈感,6.6,4.25
text_01717,text,「今天在這裏，必須要感謝20年前與我結婚的女子。,6.857,7.429
sentence_00608,sentence,腦袋發熱糊塗蛋,2.5,7.0
text_00243,text,奧列傘……一個消滅口吃的地方……一個渴望創造力的波希米亞集市……一場關於愛和理解的換位遊戲。,5.333,4.5
sentence_00463,sentence,令人厭煩般的找碴又無理取鬧呢,3.0,7.25
sentence_01605,sentence,卻造就2001年科網股爆破之失,2.0,6.5
sentence_01734,sentence,我給新手的建議是,5.5,3.5
sentence_00636,sentence,保證能吃的都吃膩了,4.0,4.2
text_00498,text,好吧講其中一個理由我認為一台1.6噸的車子油耗只有14KM/L,4.625,5.143
sentence_02443,sentence,修改法規又冗長費時情況下,3.5,3.5
sentence_01054,sentence,不必因缺錢而被驅逐,7.0,5.333
sentence_01876,sentence,沒有因睡眠後減輕沈重感,3.5,3.6
sentence_01210,sentence,放過一遍後再也找不到二次回味的慾望,3.0,5.5
text_01456,text,蘇震清小時候住鄉下，經常和朋友在田間抓田鼠、青蛙，難免遇到蛇，還有一次用小蝌蚪釣青蛙，結果卻釣到一條蛇。,5.111,4.778
text_00070,text,但是要注意一點，水喝多了是好，但問題是什麼樣的水纔對身體有好處。,5.556,4.5
text_02956,text,抑鬱症會影響許多人的生活，雖然目前有許多治療方法可供選擇，但多數見效緩慢，需要數天甚至數週才能讓人感受到好處。,4.889,3.556
text_02770,text,天貓精選6月1日0點開始前2小時報價138元包郵，此款升級版19件套，細緻入微小確幸，從容待產、孕育、坐月子，做幸福媽媽。,6.857,4.714
sentence_00617,sentence,因為中共以15年為期答應改善經濟體質的約定並未遵守!,3.0,7.75
text_02634,text,也就是說三星已經給自己下了最後通牒，要麼5月31日拿出該公司認為滿意的產品給使用者一個答覆，要麼就完全當作沒有預購這回事，一切交給時間來解決。,4.857,3.111
sentence_02580,sentence,總有少量虔信的人不吃他們那一套,4.5,5.0
sentence_02441,sentence,本次萬安演習不會有手機警報,5.0,2.0
text_00714,text,9月30日我給朋友（從德國來湖南打算去張家界）預訂了2間房1晚，第2天早上結帳時服務員硬說房間少了1個衣架，我朋友只好上去6樓看，結果是服務員數錯了。,4.111,4.429
sentence_01615,sentence,奮鬥進取與悲觀的人無緣,5.0,5.0
text_00992,text,有攝像頭和麥克風，可以直接進行視頻聊天，讀卡器，能相容市面上常見的卡，整體性能非常好,6.5,4.143
sentence_00757,sentence,也就是異性間的隔閡和同性間的競爭,4.0,4.5
sentence_00843,sentence,樂於維持惡化現狀,2.0,6.0
text_02275,text,無論發生地震、火災或是其他災害，只要我們所在的建築物變得不安全了且有可用的逃生通道，就需要從建築物撤離出來。,4.571,5.5
text_01992,text,人民日報海外版：中國有能力為受害公民討回公道。,5.333,5.286
text_00191,text,索居，就是渴望內心的精神自由。,5.667,4.778
text_01148,text,一不小心，撞上了一位男子，這位男子便生氣的大罵：「是誰家的小孩，這麼沒禮貌…」但小豪依然我行我素，身旁的父母也視若無睹，這樣的場景，免不了讓人覺得無奈。,3.857,5.625
text_00025,text,看完這本書，確實對我幫助很大，可以客觀、理智地分析問題。,6.625,4.5
text_02236,text,在這樣一個地方，市場份額或移動技術的?變不只是理論上對顛覆進行討論那樣簡單，而是可能對一個社群造成致命一擊。,3.875,6.0
sentence_01479,sentence,我的人生遇見了重大挫折,3.0,6.333
sentence_00589,sentence,這樣就無情那每支球隊都不用換血了啊,3.5,7.667
text_00523,text,唉~又是一篇無聊的酸文！,3.222,5.5
text_02379,text,財政司司長陳茂波說，政府近年推出多項不同資助計劃和獎學金，目標著重發掘年青人不同的志向和能力，幫助他們作多元發展及拓闊視野。,7.125,3.778
text_01431,text,沒錯，蘋果的崛起可以說是創新的代表，從iMac、iTunes、iPod、iPhone、iPad及iOS作業系統等產品，一路下來都賦予產品創新的精神，也因此獲得市場的肯定。,6.6,5.857
sentence_02559,sentence,它的裂痕始終存在,3.0,6.25
sentence_00429,sentence,火腿腸非常不衛生,3.2,6.5
sentence_00645,sentence,和戀人分手的可能性微乎其微,5.667,3.667
text_00507,text,我開什麼車不重要，但重點是絕對比國產的Camry安全相對比較下Camry對我來說不安全)還有作啥工作跟車子有啥關係?,4.333,5.625
text_02651,text,過去幾周，多位GooglePixel3a智慧機使用者爆料其遭遇了軟體方面的問題，甚至會隨機發生手機熄火的故障。,3.444,5.0
text_02609,text,本週一，印尼總統拍板決定將印尼首都遷離雅加達，避免印尼的政治經濟中心隨著雅加達地層下陷問題加劇，在2050年一起沉入大海。,4.5,4.5
text_01427,text,但是近年來在網際網路走向多元與開放的環境下，微軟獨大的局面也一一被打破，優勢逐漸喪失。,4.5,3.667
text_00660,text,房也在3樓，窗子看出去是個平臺，很壓抑的感覺，衛生間有股很難聞的怪味道，電視機很小很破的那種，服務也不太好，反正我覺得有受騙的感覺。,2.889,5.375
text_00305,text,擺明仗著牛頭牌光環，仗著銷售量高這樣對的起你的支持著?,2.556,6.889
text_00487,text,有錢為什麼要買Camry?,4.444,5.571
text_01473,text,總統強調，臺灣有最勤奮的人民，人民有最善良的心，相信只要大家互相扶持、互相鼓勵、互相包容，沒有衝不破的難關。,6.375,4.625
sentence_01915,sentence,吹牛造勢難自立,3.0,3.0
sentence_01290,sentence,應該也影響到了公司的名聲,3.6,6.0
sentence_01192,sentence,華文世界的人能活得這樣體面,6.0,2.5
sentence_01431,sentence,與人相處不再是難題,7.0,4.0
sentence_01015,sentence,總覺得這年頭光天化日下會看到的幾乎都是無關緊要的私事被三流媒體扒糞,3.333,6.0
text_02056,text,1988年，在美國麻省波士頓，有位40多歲的女性柯雷雅做了心肺同時移植的手術後，出現了許多微妙的改變。,5.429,3.5
text_00138,text,想到故宮的烏鴉都有了歡喜的感覺.,6.25,4.333
sentence_02264,sentence,我其實不訝異孩子的言談,5.5,4.333
sentence_02326,sentence,爭做文明有禮蕭山人,5.5,5.25
sentence_00309,sentence,致使警員疏於防範,3.4,5.25
text_02876,text,江西上饒市10日發生一起校園凶殺案，一名學生家長持刀衝進教室，衝著一名劉姓學生猛捅13刀，在場學生目睹行兇過程都被嚇呆。,1.714,7.857
sentence_01509,sentence,但他們自命不凡,3.0,6.0
sentence_00231,sentence,我會為你的心產生敬意,6.75,4.25
text_01224,text,但真的懷孕時，對方又能負什麼責？怎麼負責？怎麼照顧？目前他能充分照顧自己了嗎？恐怕很多時候，在懷孕後，如果對方也是青少年往往負不了什麼責任，貢獻出精子的這位男性也會很懊惱，不如在發生性關係前，就好好防範於未然。,3.0,6.143
sentence_01936,sentence,畫的最偏心的四人,4.0,4.5
text_02545,text,特別的是這款飛彈並沒有火藥，因此擊中目標也不會爆炸，而是利用飛彈在旋轉時帶動彈體周圍的鋼刀旋轉來破壞目標，因此可以很精準的擊中敵人卻不會誤傷無辜。,6.333,3.333
text_02455,text,我們不會忘記，中興通訊及其三家關聯公司也是在2016年被美國列入實體名單進而於2018年被美國啟用拒絕令，受到了慘重的打擊。,3.667,4.2
text_00279,text,讀《好媽媽勝過好老師》後，最大的感受是我知道自己錯了。,4.875,3.714
text_01254,text,這是你我都可能遇到的問題。,4.556,3.875
text_01847,text,挺貪汙阿扁還硬要裝成無黨籍就算了今天又講邵曉玲腦袋秀逗事後還說是開玩笑的台灣的首都真的需要這種市長?,3.125,6.857
sentence_00551,sentence,進一步侵蝕高度自治,3.0,6.667
text_01688,text,哈哈哈很好笑因為你可能要先檢舉facebook只能點讚不能點幹!我覺得大家知所以會覺得政黑很溫暖其實重點不在於能不能噓文重點還是政黑在推文不會無腦嗆當然除了吱吱先嗆的情形之外吱吱如果覺得數字版伏冒板很棒很自由請你們去查一查什麼叫作沉默螺旋理論什麼叫作言語霸淩不要你們覺得你們很理性很正義在我看來反而覺得愚蠢,3.25,6.0
sentence_00490,sentence,產業要具有創新性,6.667,6.0
sentence_01529,sentence,養活了多少中國工廠,5.75,3.8
text_02328,text,隨著比特幣數量越來越少，挖幣的難度也逐漸加大，而且耗電量激增，所以比特幣價格飆升很大一部分原因來自於成本過高。,4.375,3.6
text_00269,text,很激動的心情買下了這本厚厚的書，後來學完了才發現，其實笨書並沒有想像中那麼完美……不是很詳細，有些地方還有錯誤……也許在所難免吧……不過，這個世界上沒有絕對完美的事物存在。,4.571,5.125
sentence_01133,sentence,色戒的一個缺憾,3.25,2.5
sentence_01613,sentence,它在咖啡館裡喋喋不休,4.0,6.0
sentence_00264,sentence,乞丐傳頭就破口大罵,3.333,4.333
sentence_01176,sentence,也隆重邀約不同語言,6.5,4.5
text_01663,text,陳致中13日則是針對陳沖的回答發文表示感謝，他說，繼臺北市長郝龍斌站在消弭對抗、社會和諧立場，支持阿扁保外就醫之後，陳沖在國會殿堂公開表示「如果釋放阿扁總統有助藍綠和解，也就是對臺灣的整體發展是好的，他願意支持」，「陳院長一席話，讓我很感動、很感謝」。,6.556,5.0
text_00580,text,一家4星級賓館，設施方面實在是不敢恭維。,3.25,5.75
sentence_00535,sentence,只要冠佑講話就會自動忽略的病,5.0,4.0
text_02440,text,當然有人說是因為動保意識擴張；但也有人說近年因為都市種植草地，不經意帶來外來種蚯蚓，所以導致黑冠麻鷺的擴張。,4.571,3.667
sentence_01424,sentence,挖掘機團隊出品,5.0,2.25
sentence_00875,sentence,必須先學會辯解,5.0,5.0
text_00050,text,異地戀的思念會毒死一個人的熱愛。,3.375,6.167
sentence_00353,sentence,你寫個穩定產出的部落格我也算你有,7.0,6.0
text_01073,text,具中國籍人士能獲發我國護照的唯一可能性，是先在海外取得永久居留權，再向我國駐外館處申請中華民國護照；但外交部接獲申請後，仍會進行通盤考量，只有認定核發護照對國家有利，纔會同意放行。,5.556,3.714
text_01166,text,他說，大多數親友還是希望自己好好完成學業，考個公務員，安穩過生活；自己打算繼續從事職業電競，將來退居幕後，公司已對選手的生涯做妥善規劃，將輔佐相關技能訓練。,5.444,4.111
text_01803,text,題痛批，直言美參議院的不智之舉將助長日本右翼勢力氣焰，甚至讓其做出戰略誤判；而日本右翼政客一直幻想和美國捆綁在一起,3.429,6.143
text_00017,text,學會愛，抓住愛，把握愛，珍惜愛，那就會有幸福。,7.222,4.167
sentence_00704,sentence,是你們支撐著我,7.0,6.667
text_00219,text,我不希望大家都迷失在永無習日的數字遊戲中！,3.714,5.625
sentence_00744,sentence,參選者大都以為自己有本事使臺灣經濟繁榮就可以被擁護當選,4.0,5.0
sentence_00142,sentence,你所得到的民主無非是過了一下嘴淫而己,3.4,6.5
text_02417,text,司法實務上，恐嚇檢察官均難逃嚴懲，一般人常打嘴砲，以開玩笑方式揶揄對方，但消遣目標若換成執法人員，小心因一時心直口快惹禍上身，反而吃上恐嚇罪，得不償失。,3.5,5.167
sentence_00816,sentence,鬧劇而沾沾自喜,4.333,4.667
sentence_00279,sentence,被文貴詐騙貸款的銀行,3.5,4.5
text_02485,text,如今的一面二面三面，不但要在1小時內做完30道技術題，還會向人性的軟肋發問，你的同事很愛出風頭，又必須和他在一個專案組，該怎麼辦？,3.625,4.0
sentence_02557,sentence,彭斯副總統一樣有決斷力和執行力的議員,6.5,6.0
sentence_00514,sentence,美爹的軍火商可高興壞了,8.0,8.0
sentence_00250,sentence,而中方的法律則是如毛澤東說過的,5.0,4.0
text_01468,text,長子和丈夫一起罹難，後因火場只有一具屍體，曾撥電話找長子，但他的手機卻關機，且行蹤不明，警方試圖鎖定林嫌最後通話所在地的新豐、湖口一帶，漏夜訪查卻未有所獲。,3.556,2.857
sentence_00162,sentence,練習等待跟接受,5.667,3.5
sentence_02344,sentence,老師們難免滿腹怨言,4.0,4.4
text_01787,text,專文中指出，臺灣人的生活不但沒有改善，薪資還倒退十年。,3.0,5.667
sentence_01954,sentence,儘管時間很充裕,4.5,4.5
sentence_02453,sentence,照耀著所有陰霾,6.5,5.5
text_00664,text,最後希望他們可以送雙早!謝謝!:)賓館反饋2008年2月15日：您好！,5.25,3.778
sentence_01275,sentence,凍結龔仁心等四人職務,3.667,3.333
text_00429,text,三O幾年前爛車頂事件是一大敗筆，連我爸都受驚了!品質不良又不負責任，但它實在好開~T的話..行銷大過一切歌後或七速，完完全全適合多數國人買車的特性；但撇開一些該有的安全科技不談，至少在設計上使得維修容易又可以少花錢，問題少~希望台灣將來會有個真正競爭的市場!目前消費者真的很吃虧。,3.222,5.625
text_02831,text,其次是，仍在內地生活但噤聲，家人不提，孩子不知，表面上若無其事，實際上刻骨銘心，午夜夢迴，難以釋懷的朋友。,4.143,3.5
text_00727,text,真心祝願您“七夕”情人節快樂！,6.375,5.75
text_02618,text,今年4月，入住洲際酒店集團旗下杭州洲際酒店的旅客發現，這家酒店富麗堂皇的大堂內，出現了一臺風格十分現代化的自助機器。,6.0,4.333
text_00955,text,玩WoW的設置多調試幾次，可以開到不錯的水準並保持流暢（全屏1366x768哦）。,6.25,5.875
text_00801,text,還算有優點，就是服務員的態度不錯。,6.25,4.714
sentence_00528,sentence,現在社交軟體都會向使用者申請讀取聯絡人的許可權,5.667,3.0
text_02534,text,戒邪淫網-戒邪淫論壇-戒色戒淫戒邪淫挽救一批，深陷手淫毒害而不能自拔的年輕人1、淫海無邊各位，萬惡淫為首，百善孝為先!,6.286,4.875
sentence_00641,sentence,也得以發現了咒術的天賦,6.5,5.5
sentence_02361,sentence,哪有權力的集中和為所欲為,3.0,4.75
text_01484,text,結果12局上老虎隊掌握契機，先是Cabrera遭保送上壘，接下來Young再打出超前的二壘安打攻下1分，AndyDirks也打出直擊投手的強襲球，DavidPhelps空手想接球卻無法順利完成出局數，讓老虎隊再下一城。,5.333,4.833
text_02838,text,勞動節的芬蘭文是VAPPU，從三四月開始就一直聽到學生在討論VAPPU，非常納悶勞動節跟學生有什麼關係？,4.833,4.833
sentence_01947,sentence,如果作者懂得在故事中排首位的,5.0,5.25
text_02774,text,由於山高坡陡，植被茂密，風力風向多變，火場多處復燃，撲打較為困難，內蒙古森林消防總隊正在積極調集力量，繼續向火場投送兵力。,3.25,5.25
sentence_01858,sentence,我來不及等你認錯悔過了,3.5,6.0
text_00456,text,以前不也有很多車，發生失速、火燒車狀況，所以在一味強調安全時，難到動力或機電品質就無需安全檢視，當然啦~暴衝一詞，T牌也是無可推託。,3.75,5.429
sentence_02124,sentence,郭文貴鋌而走險,4.0,4.5
sentence_02506,sentence,但是我已經頭昏到一個快昏倒,3.0,7.0
sentence_00148,sentence,一種像彈珠掉地板反覆彈跳多次的聲音,5.0,2.5
text_01910,text,所以不希望林義雄死的是國民黨希望林義雄死的是那群想讓他變成終極武器的居心叵測的人就跟文林苑王家一樣，一堆人圍在旁邊加油打氣說絕對不能妥協，要跟政府幹到底，怎知打官司賠錢的風險都不再這些職業學生身上我看到時候林義雄撐不下去了，想放棄了圍在旁邊的還會說林義雄表示萬死不辭！,3.0,6.75
sentence_01532,sentence,結果在經濟趨緩時來不及煞車,3.5,5.0
sentence_01836,sentence,為什麼老是得理不饒人,3.0,6.667
sentence_00120,sentence,講沒幾句就覺得別人看不起他們,3.0,6.6
sentence_00242,sentence,不確定能不能破解,4.0,4.333
text_00275,text,番外篇更是絕啊~~最愛看冰依跟衛在一起（雖然好像有點對不起祈然），看到他們都有自己的幸福是很好的~~不過作者怎麼就不讓步殺也幸福呢~雖然現在看來也不錯，但是還是想看看步的愛情使~~*_*,5.625,4.714
text_01509,text,我在教會看到很多不離不棄的情感，心裏面也會希望有一天能夠遇到這樣的感情。,6.444,5.625
text_00478,text,請看清楚我的回文好嗎？動不動就罵人我是請部份說camry很不安全的朋友提出比較明確的証據這樣子也會被您說強迫症您是精神科的醫師嗎？樓上有位朋友批評我不一定懂相機我查了一下這位仁兄在攝影版的發言要是我像這位仁兄一樣討論類似的主題我一定不敢說誰懂或誰不懂因為還沒到那樣的level啦一位現任camry車主留,3.444,6.778
text_01774,text,這麼惡毒的人一點機會不給民進黨你叫民進黨怎麼能不恨他?,3.0,7.125
sentence_02096,sentence,紀念我軍英烈保家衛國英勇抗暴捐軀啊,6.5,6.5
text_02632,text,5月6日，騰訊官方公眾號發表了一篇文章，名為微信錢包-零錢沒有餘額怎麼辦，當滿懷期待的使用者點開準備get新技能時，正文赫然寫著九個字那就努力工作賺錢吧。,5.375,3.8
text_01396,text,有人嘲諷應拿經濟獎不是和平獎諾貝爾和平獎委員會大力推崇歐盟，在締造歐陸和平上的貢獻，但事實上，歐盟對於在其正式成立不久後所發生的波士尼亞戰爭，幾乎使不上力；遑論目前歐債危機橫掃大多數歐盟國。,3.286,5.0
sentence_00987,sentence,當時英國出來調停,5.0,2.75
sentence_01021,sentence,太平天國王親自座鎮支援孫臏和劉伯溫和神國中情局天使們用盡所有方法仍然無法開通,4.0,4.333
sentence_01092,sentence,可以查到網站所有權已屬於基金會,5.0,2.0
sentence_01200,sentence,原世界第八大奇跡,6.25,6.667
sentence_01743,sentence,大意我身居海外,5.0,6.333
text_02273,text,往往我在診間外面等了一或兩個小時，或排到70幾號，100多號，可是推門進去，卻看到醫生對我微笑，他明明是從一開始就坐在那個座位的人，卻還是維持耐心，沒有疲態。,7.429,5.25
text_00798,text,有生以來入住過的最恐怖的酒店之一，可以跟印尼雅加達郊外的酒店媲美（笑）！,3.25,5.5
sentence_01728,sentence,還遭到無數人的疑心,3.0,4.6
sentence_01351,sentence,五十度系列是給慾望大膽子小的外行大媽們看的,4.4,4.25
sentence_02268,sentence,寒塔興致沖沖的跑來找我,6.0,7.0
text_02601,text,假如各位覺得現成的LINE貼圖無法貼切滿足聊天情境，那麼隨你填貼圖有更多發揮個人創意的空間，同時購買一次就能無限次隨時修改貼圖文字，十分值得入手！,6.286,5.125
sentence_02417,sentence,富麗堂皇假炫富,3.75,6.0
text_00454,text,我鄰居買了一台U7，我問他使用經驗，他是說配備豐富，但是如果要買，建議我再等個兩三年，等這款車的問題修正後再買，不然.......。,4.4,4.286
text_02626,text,被指控外面有私生女，高雄市長韓國瑜忍無可忍，今日下午赴北檢正式提告媒體人吳子嘉，希望檢方盡速調查以還他清白。,3.429,4.667
text_01230,text,如果自己是未成年學生，覺得要面對這些事情有些麻煩，真的不想要面對與處理這些問題，請男方不要當「小孬孬」，好好戴上套。,3.556,6.333
text_00230,text,哈哈，就她那麼小還靈感，我偷偷地笑，呵呵~當然啦繼續給她買嘍。,6.625,5.286
text_01676,text,童稱有直接證據︰要告去告童稍晚透過簡訊迴應「要他們直接去告好了，我有直接證據、證人，監督市政不受威脅。,4.0,6.0
text_01033,text,相關新聞：史上最高金額「英雄聯盟」電玩賽「臺北暗殺星」奪冠！,6.714,6.375
text_00488,text,平常熱血的我看到跑車玩drift或powerslide偶爾也會覺得挖~好酷!!..我也要努力賺錢!!可是這次看完影片我個人只覺得........,4.333,4.889
text_00056,text,愛是得到一切再失去一切之後的一場記憶。,4.625,5.143
sentence_01029,sentence,坊間建議不可行,4.333,4.0
text_01437,text,坤達柯佳嬿互補升溫坤達去年雖與陳意涵分手，後因和柯佳嬿拍「我們發財了」假戲真做，兩人感情加溫，還傳出同居。,5.625,3.429
text_01594,text,迴應民意，上週一在一○二年度中央政府總預算協商時達成協議，油電糖水等四家國營事業一百年度經營績效獎金，不得超過一．二個月；一○一年度起，國營事業有盈餘者，始得發放績效獎金，但金額也不得超過一．二個月。,5.111,4.25
sentence_01648,sentence,可惜他的這張嘴,3.6,4.75
text_02271,text,在第一家瑞幸咖啡店開門營業不到18個月後，在2019年第一季度虧損掉5.3億人民幣後，瑞幸在美國正式上市了。,4.714,5.286
sentence_01574,sentence,利用烏克蘭東部恐嚇烏克蘭,3.333,5.667
sentence_01751,sentence,即使是深綠都很難挑剔他,6.0,5.333
sentence_00821,sentence,使人心支離破碎,3.0,5.25
text_00104,text,這是一本非常值得推薦的一本書，我讀後收益頗多，並且已推薦給我的朋友，希望也能對別人有所幫助。,7.625,5.857
sentence_02236,sentence,當白日總是太嚴酷,3.5,5.0
text_01164,text,3人不信稱論婚嫁專案人員通知受害女子到案時，好幾位說「已經和男友『論及婚嫁』」，其中至少3人對於網路郎君將來臺迎娶一事深信不疑，當面嗆員警「別破壞我的良緣」，直接稱對方是「老公」。,4.0,5.333
sentence_01016,sentence,總給我講她們學校的陰暗面,4.0,4.667
text_02712,text,他說，剛爬上包山時感到吃力、速度較慢，與對手爬上包山的時間很接近，又說起步和落包山過程緊張，估計自己到最後1、2秒才成功落地。,5.429,5.667
text_02764,text,班農不僅激進，而且在理性分析家的眼裡，他已經有點瘋瘋癲癲了，癡迷於一些咬牙切齒的對美國危在旦夕的臆想。,3.429,5.333
text_02398,text,從相關車Cam片段可見，昨日傍晚6時許，一輛綿羊仔電單車，沿呈祥道東行，並駛至九龍塘支路，並打算由外線切入慢線時，因收掣不及而撞向倒塌在路面樹椏。,3.714,4.429
text_01918,text,對於今後的計劃，他回答說：「大學畢業後，想參加義工和人道主義活動。,6.375,4.125
sentence_02250,sentence,五位警花聯手很費力才拿下男子,5.0,7.0
text_01353,text,臺北街頭昨天發生隨機砍人的恐怖事件，造成兩位女性遭砍傷，逞兇68歲周姓男子竟揮刀高喊「還有誰要被我砍！,2.75,6.5
sentence_02033,sentence,當頭暈目眩的時候,4.0,3.0
sentence_00809,sentence,以及家長本來就應該有的教養責任,5.25,5.4
text_01629,text,無庸贅言，不管蘇貞昌此行還會晤日本其他任何政要，只要蘇貞昌與石原慎太郎會面，就會讓外界產生「民進黨支持日本右翼軍國主義觀點，反對兩岸聯手保釣」的聯想。,3.889,3.857
text_00759,text,千萬小心使用。,5.125,5.833
sentence_01190,sentence,從前是我太任性太不爭氣,3.0,6.5
text_00729,text,最不好的是地方比較偏，酒店所處位置說得好聽的是新城區，直白的就是差不多就是郊區了，好在汕頭並不大，到市區繁華的地方也花不了多少時間。,4.333,5.429
text_00847,text,螢幕很靚，很好看，電池很耐用，可以維持六小時，基本滿足外出需求,6.125,4.75
text_01027,text,「臺北暗殺星」加油打氣，獲勝的瞬間，許多人興奮大喊「贊啦！,7.429,7.0
text_02522,text,任魯豫提醒大家，千萬要檢查好每一個細節，以免影響到考試哦~任魯豫高考的時候，戴上了父親的手錶，準備在考試中看時間，結果粗心的他卻忘了給手錶上發條。,3.667,4.4
sentence_01783,sentence,其實是個熱心腸的同學的,7.0,4.667
sentence_01975,sentence,民主黨主席胡志偉在會議室內淚流滿面,2.0,4.5
text_02788,text,高雄一名50歲的蘇先生說他長年感覺牙齦腫痛，原本以為只是火氣大，直到齒牙動搖只能吃軟飯，甚至連最愛的滷肉飯都只能用吞的。,3.556,3.556
sentence_01770,sentence,還沒逛完一圈腰跟膝蓋已經在哀號了,4.0,5.667
sentence_02480,sentence,無論既遂或未遂,4.333,4.333
text_02346,text,值友9164898929結實耐用，讓貓咪玩的更歡樂~天貓精選實付5.9元包郵，近期好價，感興趣的值友不要錯過哦~,6.0,5.0
sentence_01300,sentence,雙普通電話並非突發事件,4.333,4.333
sentence_00700,sentence,才華橫溢位新秀2019,7.333,6.333
text_02550,text,受害人無能力複述事發經過，疑犯或在保持緘默、推諉卸責下，逃脫謀殺或誤殺罪，又或控方要被迫控以較輕罪行。,3.714,5.5
sentence_02043,sentence,即可達到興旺避邪的目的,7.0,4.5
text_01577,text,另外，從美國駐利比亞使館遇襲案的調查結果看來，開打在北非國家的分支與其他武裝組織呈現出來的是另一個新面貌的恐怖主義，不見得受到巴基斯坦的開打組織高層控制，但卻極端反美。,4.625,5.75
text_02343,text,摩根士丹利、瑞士信貸等四大外資最新出爐報告，態度轉向悲觀，預期美中貿易談判恐朝加徵關稅演進，瑞信證券更模擬華為若暫停出貨，臺積電等15家臺廠獲利將大縮水。,3.333,5.0
text_00334,text,這些配備，或許將來可以救你一命，甚至救其他人的命！,6.125,5.143
sentence_00154,sentence,詳細內容將陸續公佈,5.4,3.75
sentence_01297,sentence,醒來嗓子緊繃吐痰是黃紅色的,4.667,4.0
text_02269,text,天貓粘品彙辦公專營店本款產品現售價8.4元，領取5元優惠券後實付3.4元包郵，價格實惠，粘性持久，耐磨抗拉。,6.429,4.875
sentence_01221,sentence,覺得還是要努力維持跟改善,6.667,5.333
text_02278,text,為什麼要去汙名化長大呢，每個階段都有它美好的地方，長大讓我們有能力承擔更多人的眼光，有能力突破這些，堅持做自己喜歡的事。,6.857,4.75
sentence_00306,sentence,不過我不便透漏地點,4.6,5.0
sentence_00763,sentence,中國花饃藝術節近日在陝西渭南舉辦,5.333,3.0
text_01755,text,以色列民防部長狄希特（AviDichter）本月稍早接受以色列之音電臺訪問，談到提名黑格一事時表示，「我們祝福他」；但以國官員私下都抱持悲觀看法。,4.333,4.0
text_02553,text,甚至，如果父母吵架的方式是對的，他們還會學習如何因應人際衝突解決問題，瞭解意見不同有時會帶來的好處，甚至鍛鍊同理心，增進情緒的安全感。,6.889,6.0
text_01340,text,頭獎擦身過排前頭男子鬱卒只是幾家歡樂幾家愁，一名江姓男子昨天無奈的說，這名中獎年輕人就排在他後面，他自挑了同迭的「紅包一把抓」刮刮樂兩張，當時剩沒幾張，卻沒挑中，與三百萬元擦身而過，害他鬱卒一整天。,3.875,5.875
sentence_00878,sentence,他們激動又欣慰,7.0,7.0
text_01209,text,札幌的四大百貨公司，今年也首度攜手合作，由各店女性公關根據「本命用」（致贈真命天子）、「義理用」（致贈純友情的男性友人）、「朋友巧克」（致贈女性友人）、「我的巧克」（犒賞自己）、「家族巧克」（致贈家人）、「搞笑巧克」（特殊巧克力）等六大主題，推薦商品並共同宣傳。,5.333,3.714
text_01807,text,美國有關「歡迎一個強大、繁榮、和平的中國」的立場以及要和中國探索構建新型大國關係的表態，值得肯定。,6.5,4.857
sentence_00041,sentence,得到寧靜的力量等等,5.667,2.667
sentence_00506,sentence,從勝利走向更偉大的勝利,6.667,6.667
text_01292,text,誰是世界上最強的召喚師？臺灣的臺北暗殺星（ＴＰＡ）隊，將於臺灣時間十四日早上十點與韓國隊Azubufrost在電玩英雄聯盟第二季世界錦標賽一決雌雄，誰拿下總冠軍，就有百萬美元（約三千萬元臺幣）入袋。,6.571,5.429
text_01825,text,聖人不死大盜不止他是被迫坐上聖人這個位置的忍耐林義雄的作為是國民黨的業障只可惜苦了台灣人民.,3.375,5.625
sentence_01238,sentence,如果我果斷獨自沉澱,4.333,3.667
text_01707,text,李桐豪說，親民黨不只是國營事業績效問題希望合理討論，包含釣魚臺到年金改革等議題，親民黨都希望找到空間，「社會對立之下還是要有尋求對策的方式」，他強調，績效獎金本身並沒有方案的問題，「但是問題必須解決，可以強烈表態要改革，但是真正的問題是共識之下，必須要有時間把相關細節內容細緻化」。,5.625,4.444
text_01267,text,有些寵物友善餐廳就跟可以帶小孩去玩去叫的「親子餐廳」一樣，放任自家寶貝在室內亂跑，然後惹毛別家的寶貝還要說「哇！,3.143,5.143
sentence_02179,sentence,才是我最欠缺的武器啊,5.0,7.0
text_01352,text,她的腿，疑似骨折動不了，躺在旁邊滿頭是血的，是她的兒子，雖然自己也受傷，但是看到擔架一來，她要救護員快先救兒子，這是現場情況，另一邊已經有兩大一小，先送到醫院，但都是到院前沒有生命蹟象，經過醫生搶救，好不容易救回一大一小，其中一人不幸死亡。,3.5,4.143
text_00607,text,很舒服，很寬敞，免費3小時國內長途，電腦免費上網，而且遊戲齊全，速度很快。,7.333,5.5
sentence_00778,sentence,整個口業爆炸性癖曝光,3.25,5.5
sentence_01116,sentence,於社會倫理有悖,4.0,4.5
sentence_00656,sentence,我恨我自己太晚跟隨到神聖大師,3.75,7.25
sentence_00993,sentence,先是當了大壞蛋舅舅,3.6,4.8
sentence_00015,sentence,而手的姿勢又可以表達很多不同的感覺,6.0,5.0
text_00647,text,請大家還是遠離的好！,3.625,4.429
text_00712,text,酒店、樓下餐廳、酒吧、日式料理都是科技大廈單獨承包出去的。,5.0,3.714
sentence_01490,sentence,也不像秋雨那樣的纏綿,5.0,2.75
text_02806,text,記得當時，手術進行到一半，突然我的右眼視線變窄了，剛開始我還以為是眼睛腫起來，於是我問醫師，我的右眼是不是腫了？,3.444,5.1
text_00027,text,而正處於那個生命階段的讀者也許會產生共鳴，發現原來他們在這個時候的想法並不是孤獨，沒有人明白的。,4.25,4.25
sentence_01645,sentence,別覺得孩子受罪了,4.4,5.5
text_00476,text,你可能會得到新人獎其實你說的沒錯不過這必須運用到你的智慧與眼光做出你的風格應該會有收入我有認識2種業務一樣100俱樂部一個能折就折連年終都折下去苦哈哈一個一台車都有辦法留2w笑哈哈2w那個長的很老實說話穩有內容不單只是賣車是假專業汽車顧問這是他的本錢不過事實它是個很會包裝的人~我發現上面有人說訊息月曆電話送禮蠻會談判還能留錢)不做徒勞無功事情ps不會買的客人)祝大家民國100邁向100,5.0,4.143
text_00766,text,酒店大堂秩序比較亂。,3.556,4.2
text_00761,text,比起其它省市的如家差得太遠了，很失望。,3.0,4.833
text_00225,text,雖是描述建國後的歷史傳記，但是讀起來卻沒有想像中的嚴峻和沉重。,4.778,3.75
text_01293,text,臺北暗殺星準決賽勝上季冠軍由美國Riot遊戲公司發行的「英雄聯盟（LEAGUEOFLEGENDS）」遊戲，目前正在美國洛杉磯進行第二季世界錦標賽，來自臺灣的臺北暗殺星昨天在準決賽以二比一逆轉擊敗世界排名第二的俄羅斯Moscow5隊，晉級總決賽，一旦獲得冠軍，獎金高達一百萬美元，亞軍亦有二十五萬美元。,5.875,5.167
text_02185,text,按照特斯拉的說法，AutoPilot功能已經在全球有了超過10億英里的行駛記錄，絕大多數情況下，都比人類司機更機敏和安全。,7.0,5.5
text_01721,text,我對於能與各位一起成長感到很榮幸。,6.5,6.222
sentence_00814,sentence,被趕到的巡邏車警員制服,6.0,4.0
text_02196,text,在專利描述中，提到虛擬助理會在使用者說出常規的喚醒詞前便預先開始錄音，這樣做的好處是可以讓人機之間的對話變得更為自然。,5.75,4.667
sentence_02159,sentence,妳不僅沒有壹絲憐惜,3.0,7.667
text_01580,text,梵蒂岡對中國最主要的不滿，是境內天主教徒的宗教自由受到壓制。,3.0,5.375
sentence_00508,sentence,還有一個理由大概是因為他倆遭遇很類似吧,4.0,5.0
text_01593,text,立法院昨天休會前通過朝野協商結論，國營事業績效獎金確定維持上周方案，一百年度國營事業績效獎金不得超過一.二個月，一○一年起則須有盈餘才能發放，最高額度也不得超過一.二個月。,5.0,3.375
text_00450,text,色溫：鎢絲燈泡最燙也最耗電....LED比較省電..色澤：黃色較清晰雨天或濃霧)、白色較透亮適合黑暗)、藍色或紫色就是氣氛和炫了..紅色是警示作用..黃色是注意號誌用..所以要清晰又要透亮就是黃金光+超白光吧...但是若是用HID就得小心對焦問題...燈不是爆亮爆閃自己爽就好..避免刺瞎對向車子..造成不必要車禍.,5.0,5.625
sentence_01085,sentence,4成蘇格蘭保守黨選民,5.0,1.333
text_02877,text,何俊賢說，雖然政府表示荃灣屠房仍然開放，但據行業瞭解，截至下午私人擁有的荃灣屠房仍未有決定屠宰活豬，連累本港安全的豬場。,4.0,5.25
sentence_01346,sentence,偶爾會有點小腹黑小壞心眼,4.0,5.667
text_00717,text,我就納悶了：我怎麼就這麼倒黴啊？每次預定北方都會有麻煩，我想這不是偶然吧，北方的前臺服務真的有待提高。,3.333,6.286
text_01912,text,替輸家出頭，只有造成社會動亂，大埔張老闆嗝屁了林家也拆了!贏家也被搞得不爽..更扯的是，他們還想將所有人帶到輸家那一方為什麼員警還不趕快將這兩人帶走，關到綠島去呀!跟有競爭力的贏家站在同一邊不是比較好嗎?,4.625,6.286
sentence_02513,sentence,郝安祥到徐寅筌家,5.0,2.8
sentence_01418,sentence,現在說臺灣年輕人薪水太低經濟無望,3.5,6.0
text_01666,text,陳致中強調，「從陳沖最近幾次的發言（包括不贊成不運動就是懶、四大基金虧損不改善他願負責等）讓我們看出他應該不是無感，他應該有理性的思維、獨立的判斷，也知道大多數民意的期待與想法，儘管內閣滿意度很低，但我在想如果他能夠獲得更多授權與施政空間，我相信他可以把工作做得好一點」。,4.375,4.556
text_00355,text,其中矛盾大家都懂....有錢大家都買雙B了，誰要國產?,4.125,6.125
text_01506,text,歌迷昵稱「京爺」的張芸京沉潛2年推出專輯《小女孩》，一貫中性的打扮，但將頭髮留長了些，雖還稱不上充滿女人味，但言談中感覺她變得比較柔和，甚至興起了結婚生子的念頭，「如果人生到了這個階段的話，結婚生子是一個備受祝福的事啊！,6.5,5.111
text_00600,text,酒店針對客人提出的問題，現已認真整改，希望每一位入住渤海明珠酒店的您都能高興入住，滿意而歸。,6.889,5.125
text_01463,text,值得注意的是，目前逾期未兌獎最高金額是2008年4月14日開出的威力彩，頭獎達2.5億元，其次則是2011年4月26日開出的大樂透，頭獎1.99億元，同樣也沒人出來領獎。,5.333,5.875
text_01312,text,除此之外，主辦單位也將在電玩展期間，一連五天舉辦「第一屆TGS電競大賽」，比賽項目有《A.V.A戰地之王Revo》、《英雄聯盟》、《星海爭霸2》和《暗黑破壞神3》等四款熱門遊戲，在這當中《A.V.A戰地之王Revo》，除了將於展期五天舉辦S組與A組的總冠軍賽，S＆A升降級比賽也首度移師現場舉行，預計在2月3日邀請香港最強戰隊來臺與臺灣代表隊一決高下。,5.286,4.714
sentence_02363,sentence,某些產品可以豁免,6.25,4.0
text_01767,text,老實說我個人是寧願整天打魔獸三國累了就玩LOL也不會想要當縣市首長跟立委之類的耶畢竟中路司馬玩得好的話一次星落可以打到對面五個英雄算是很好玩的遊戲當縣市首長跟立委感覺競選很累之後公務繁忙,5.0,3.167
sentence_00980,sentence,又遲到了!!!!!!!!!,3.5,8.0
text_00218,text,因為目前客戶不多，所以能遇到的真的很少，誠如我所說的，這就是為什麼會多了七個朋友！,5.0,4.857
text_01964,text,北韓新領導人金正恩，曾在去年的一次演講中表示，不忠誠黨和首領的人，不管其軍事才能多麼傑出，都是沒有用的人。,4.0,3.714
text_02371,text,35年前，研究人員提出一個理論認為一個街區出現塗鴉、廢棄的建築物、乞討以及其它失序的訊號會導致人們犯下更多的罪行。,3.5,4.857
sentence_00800,sentence,焦慮的時候都靠滑手機來逃離,4.0,5.0
sentence_01088,sentence,其次要擯除政治文明中的黨文化的謾罵攻擊,4.0,5.25
text_01596,text,然而因國營事業員工對績效獎金縮水反彈強烈，立法院上週也通過親民黨團要求政院將績效獎金發放覈演算法制化，未來只要政院提出覈算辦法，國營事業績效獎金就不需遵從立院決議的一.二個月上限，引來「績效獎金敗部復活」疑慮。,4.125,5.222
sentence_01492,sentence,你們國際社會不要逼的太緊給中共內部的改革派開明派多點空間云云,4.5,6.333
text_00256,text,我也是，一直希望自己的力量增大，希望戰鬥中下出手筋獲得優勢，乃至勝利。,6.75,5.429
sentence_00639,sentence,日本都吃原子彈了,3.4,6.0
sentence_02208,sentence,那些加害者和共犯集團的成員及其血緣或精神後裔,4.5,3.0
sentence_01272,sentence,母親為了孩子可以不顧一切,6.5,7.0
sentence_02181,sentence,怎麼會是執政黨的功績,4.5,6.0
sentence_02527,sentence,日久生情百年難遇,6.0,6.0
text_02491,text,律師呈上陳婉玉當年的筆記，記下她向女兒解釋的說話，包括做第三者是不對，但馮永業對她很好，對話間亦有提到換樓、行賄和航權的字眼。,4.0,3.778
text_02803,text,但有分析稱，中共誤認為握有包括稀土等三張王牌，其實是禍國殃民的三張臭牌，連習也被忽悠...在Google新聞上檢視完整報道,3.889,4.444
text_02777,text,雖然IEEE的限制沒有像美國企業斷絕往來的影響來得即時，然而這也會對華為在科研發展上的步伐帶來打擊，尤其是AI方面的發展。,3.667,3.8
sentence_00916,sentence,我不爽的是我感覺冷了,2.75,5.667
sentence_02040,sentence,近年連學者都受牽連,2.5,4.25
sentence_00791,sentence,然後就把手機遺失在公車上了,4.0,5.333
sentence_01335,sentence,那是政府富裕的標誌,6.0,6.0
sentence_01854,sentence,在擁擠的樣板中,4.5,5.0
text_02860,text,民意直直下落的蔡英文愈詭辯妄言，愈暴露內心虛弱，一句執政者必須忍受孤獨，道出了這個孤獨政客在權力黃昏之際的心聲。,4.0,2.875
text_00838,text,心中竊喜：；一個字“爽”下次還會住！,7.25,7.0
sentence_01274,sentence,其實就一神經病,3.0,7.0
text_02841,text,四月30日晚上十點左右，北屯區太原路發生一起交通事故，機車騎士即興轉彎，導致後方機車摔倒受傷，肇事騎士自稱行車中耳機聽音樂，所,3.333,4.0
sentence_00982,sentence,分割槽表型別呢,5.0,4.333
text_01023,text,重要產業發展，電競優異成績是否可以比照其他競賽有升學輔導，雖然家長不見得喜歡小孩打電動玩具，但從長期發展來看，目前全世界有30個國家將電玩遊戲當成重要產業，臺灣也必須深刻思考，教育部會在三個月內提出相關辦法。,4.857,3.444
text_02896,text,正是有了愛國主義這樣一面旗幟，才有瞭如此多無私的愛國者、大無畏的犧牲者，才有了五千年文明不曾中斷的泱泱大國和歷盡磨難卻屹立不倒、生生不息的偉大民族。,7.0,6.429
text_01113,text,翔太變得害怕上學，一想到到校就手腳發抖、腹部疼痛。,3.111,5.167
sentence_00443,sentence,但實際上它給你的是日復一日的倦怠,3.4,5.25
sentence_02138,sentence,看到結果則變得更低潮,4.0,4.5
text_01283,text,楊典忠議員表示，近日不斷發生讓人痛心的事情，今年8月27日在北屯區大坑發生7只小狗集體遭毒死案件，聽說還有10幾隻沒被發現，以及8月31日在清水區信義新村發生4只小狗、1只小貓遭毒死案件，去年大坑光西巷附近也有30只小狗慘遭毒死，今年9月21日在豐原區翁子派出所也接獲毒狗案件，9月15日在霧峰區中正路還有小狗遭捕獸夾夾傷案件。,2.778,5.333
text_02149,text,天貓香噹噹食品旗艦店香蕉味夾心蛋糕，現售價29.9元，1日0點買1箱送2箱，低至9.97元/箱，香甜美味，作為早餐或者下午茶都不錯，喜歡的值友可以入手。,5.857,3.714
sentence_00365,sentence,斷斷續續把消滅第四集看完了,5.5,2.5
sentence_02201,sentence,那次海灘上遊客稀少,5.0,3.75
text_02510,text,第一次發文，給大家介紹的一臺旁軸，奧林巴斯35dc先說說這臺相機吧，很經典的日本旁軸相機的風格，方方正正的，體積也不大，至於為什麼說它是傻瓜式的旁軸呢。,5.0,4.833
sentence_02133,sentence,輕蔑從不可能變,2.5,6.5
text_01041,text,佔地盤圍事販毒討債魏懷良涉嫌指揮手下佔地盤圍事、販毒、經營地下錢莊與職棒簽賭來賺錢，也曾代人出頭，向龜山鄉一處工廠索討3000萬元的債務，對方還不出錢，就派手下圍廠，限制員工進出。,3.25,3.857
text_01003,text,昨天京東總部自提的，額滴神啊，很滿意。,6.125,4.833
sentence_00695,sentence,是總在革新傳統,6.0,6.0
sentence_01814,sentence,裝作若無其事可以嗎,3.75,6.5
sentence_01718,sentence,何止很少充分活,3.5,5.333
text_01398,text,諾貝爾和平獎的給獎標準，通常是表彰致力推動和平者的終身成就，如二○○八年和平獎得主、曾成功調停科索沃、印尼亞齊等地紛爭的芬蘭前總統阿提沙利；或鼓勵仍進行中的和平努力，如一九九四年和平獎得主巴勒斯坦解放組織領袖阿拉法特、以色列總理拉賓與外長裴瑞茲，就意在鼓勵中東和平。,6.0,3.714
text_01273,text,高人氣與好口碑，入圍最佳智慧型手機，將與一季內銷售超過2000萬支的蘋果iPhone5、超過百萬支銷售量的諾基亞Lumia920，以及去年累積銷售量超過3000萬支三星GalaxyS3、超過500萬支的Note2，共同角逐此一大獎。,6.0,6.333
text_02582,text,看圖說故事對人類來說輕而易舉，但是對電腦而言看到一張影像能夠描繪其物件、場景與動作則需要靠電腦視覺、自然語言處理、深度學習等多種技術的匯集。,5.333,3.0
text_00537,text,所以陪她去看這兩年發現老福特tierra真的是比小孩喝汽水喝得快每週都在加油我不是計程車司機喔!所以決定要換車但跟女王的suv款拉鋸上月初她才同意我買Prius我太寵她太順她結果她意見挺多所以奉勸未婚的朋友要man一點先以免跟我一樣變成)偏偏碰上這尷尬的年份車款切換時期真無奈,4.0,4.0
text_01614,text,美國人也並非沒有意識到中國保衛領土完整的決心，事實上，此次美國航母進入釣魚臺附近海域除了震懾中國外,4.778,5.667
text_01446,text,陳其邁指出，陸委會雖兩度發函給中國海協會表示抗議，也委託海基會董事長林中森當面向海協會長陳雲林表態，但對方先是以「趕時髦」敷衍，還正式回函說「抗議不成立」，顯示中國對臺灣的傲慢心態從未改變，儘管馬英九誇稱兩岸關係大躍進，中國依然是「誰理你們」。,3.375,5.571
text_02798,text,OpenTelemetry成立的目的，是要為原生雲端應用程式，提供強健可移植的遙測功能，作為OpenCensus和OpenTracing兩專案的替代方案。,5.875,3.125
sentence_00073,sentence,不論是孤獨地走著還是結伴同行,5.0,2.333
text_02099,text,中國外交部發言人耿爽回應時，敦促美方尊重市場經濟原則，停止將國家安全泛化的錯誤做法、停止對中國企業的無理打壓。,4.667,4.0
sentence_01840,sentence,我要讓自己看起來燦爛無比,7.0,6.0
sentence_00341,sentence,她這樣劃掉也太沒禮貌了吧,3.0,6.4
text_02399,text,內部結構以方形為主，四方出入口則為圓拱造型，白色天花板搭配水泥色牆面及地板，簡單純淨的色調呼應戶外的自然風光，散發舒適祥和的氛圍。,5.5,2.167
text_02740,text,他們假裝釋出古怪的產品，或者承諾為現有產品提供荒謬的新功能，或者只是在他們的網站上新增一些愚蠢的設計元素來插科打諢。,4.0,3.667
text_01989,text,笑死人這些委員也是一票一票投出來的罷免可以拿出正當理由吧理由在哪?,3.0,5.833
sentence_01561,sentence,我並非不贊同普世價值觀,4.0,4.5
text_01981,text,但是不判死刑的前提是，原判死刑的兇手要終身監禁不得假釋。,3.778,5.2
sentence_01224,sentence,讓臺灣幾乎倒退回數十年前的加工出口特區,3.0,5.0
sentence_01103,sentence,嘴裡沒有一句話能讓人信服,3.0,6.5
text_00310,text,但想瞭解的是，車商倒底什麼樣牛肉呢？17吋圈：佛心來的：給到330mm交差了事：只給303mm兩者對制動力有何影響，請爬文，不在此贅述！,4.625,5.167
text_01280,text,其中一名男子隨後向吳宗憲示好，表示此事原則上要低調，不希望擴大，而李生原本表示暫不提傷害告訴，但下午又向中正一分局忠孝西路派出所提告。,3.778,5.333
text_01814,text,這次事情有因為死刑的存在而遏止了案件的發生嗎？反而恰恰相反。,3.667,6.125
text_00737,text,想，不要推薦這樣服務死板的酒店，本人今後決不入住該酒店。,2.3,5.167
sentence_01122,sentence,以迷信和烏托邦,4.0,4.0
text_00775,text,我相信我的同事她連睡衣放在什麼位置都不知道.,4.111,4.778
sentence_02509,sentence,最近開始找回神魔的熱忱,6.0,5.75
text_01100,text,張團長幫陳翁購買洗衣機、衣櫥、飲水機等物，並請曜愛協會幫忙送午餐，協助2孫課後輔導，讓他感受社會溫暖。,6.875,4.571
text_00062,text,剛拿到這本書時有一種莫名的激動。,6.0,6.556
text_01215,text,LINE臺灣官方11日緊急透過官方粉絲團澄清，建議使用者不要相信，指出「LINE官方從未跟任何一家公司或團體在該方面進行合作，並請留意勿洩露個人訊息。,4.75,5.222
sentence_01314,sentence,自己要送異性戀先淘氣的業餘女孩,5.667,4.0
sentence_01591,sentence,習近平心智不全,3.5,5.667
sentence_01358,sentence,真若出現像洪水決堤那樣大規模的民,4.0,4.667
sentence_01392,sentence,更難堪的就是像馬前症腐的2009,4.0,4.0
sentence_00717,sentence,是覺得自己辜負了那些幫我加油,3.0,4.8
text_00972,text,標配2G內存和120G硬盤，內置DVD刻錄機，搭載NV9400獨立顯卡，滿足日常需要沒有任何問題！,6.1,4.5
text_02507,text,卡哇伊嗲新奇駿天籟軒逸騏達逍客昂克賽拉CX5阿特茲天貓6.1特價16元，可參加滿2件9折，購買二件28.8元，合14.4元/件。,5.333,3.222
sentence_02472,sentence,宅宅的錢包也不堪負荷,3.75,6.0
text_00547,text,如果要我給該酒店評分，我給它0分，他們的服務給客戶的好感全被結帳時愚蠢的舉動所抹殺.,1.889,7.25
text_01086,text,調查指出，7成2偏鄉弱勢童家中教育資源不足，近6成偏鄉弱勢童家中沒有電腦或網路，6成6偏鄉弱勢學童家中書籍不到10本，5成5偏鄉教師表示常得幫學生籌學費。,3.5,4.125
sentence_00500,sentence,我們要避免這一天的到來,4.667,6.0
sentence_00938,sentence,看電影拿會製造噪音的零食,3.4,5.0
text_00385,text,我想明眼人都知道，就當廣告來看！,4.111,5.429
sentence_01100,sentence,那麼高尚的是王,6.75,5.0
sentence_00949,sentence,還有有名的人上電視替它們宣傳,6.0,6.0
text_02012,text,PHP7.4目前正在積極開發中，準備新增到該版本的新特性包括短閉包、自定義物件序列化、FFI與擴充套件運運算元等。,5.778,3.667
text_01547,text,歷年所罕見，說明軍方對周邊形勢有強烈的憂患意識，調整演訓重點，以備不時之需。,6.0,5.0
text_01022,text,行政院長陳沖昨天表示，軟體產業很適合東方人，可將東方的歷史文化融入軟體設計，可以比照優秀體育選手服替代役方式來研擬。,5.556,4.143
sentence_01309,sentence,為了防止偏聽偏信,5.667,3.667
sentence_00343,sentence,夢見自己向別人道歉,4.333,2.25
text_01929,text,外交部說，捐款正由駐美代表處及駐紐約辦事處與美方有關單位研商，擇適當時機透過公開儀式捐贈。,5.444,4.0
sentence_01688,sentence,小土坡裡埋葬著男子姐姐幼小的屍骸,3.0,4.0
text_00176,text,痛批莫言是親共的國家詩人廖亦武接受德國「明鏡週刊」訪問時，毫不忌諱地批評莫言是親近共產政權的「國家詩人」。,4.375,4.714
text_01732,text,他說，「新形勢下，我們面臨嚴峻挑戰，尤其貪汙腐敗，必須下大力氣解決，全黨須警醒起來，打鐵還須自身硬，要從嚴治黨。,6.25,6.0
sentence_02052,sentence,這讓西方觀察者眼花繚亂,4.0,4.333
sentence_00388,sentence,總有一種不祥的預感,3.5,5.6
text_01438,text,詹惟中說：「女方事業很棒，與愛人互相幫忙，感情會加深，男方則是事業有向上提升的好機會，愛情事業兩宜，有工作就要接，勇往直衝。,5.667,4.0
text_01834,text,據轉述，黨團幹部也說明，立院各黨團協商時，臺聯主張全刪，否則將杯葛總預算的審查與協商；朝野黨團達成績效獎金的刪減共識，過程中行政院長陳沖、主計長石素梅都有瞭解，也有事先溝通。,5.0,4.143
text_02724,text,"戒邪淫網-戒邪淫論壇-戒色戒淫戒邪淫年輕時放縱任性，現在飽受不孕苦果，婦科病纏身我在20幾歲以前,按照世法還算個循規蹈矩、純潔的女孩，沒有什麼大過失。",4.286,3.0
sentence_01304,sentence,人家是及時行樂他們是及時多講兩句閒話,3.0,6.0
text_02013,text,科技公司和線上平臺有其它方法去解決錯誤資訊的快速擴散，包括解決演算法的揚聲器問題，給予使用者去控制他們的資訊源。,6.0,4.714
sentence_02577,sentence,萬事只求半稱心,5.667,2.333
sentence_00761,sentence,郭文貴借股市用來炫耀自己,3.75,6.0
text_00790,text,晚上22:30左右入住，前臺接待很冷淡，無笑容,3.556,4.0
sentence_01653,sentence,即便明月亦無明亮,4.0,3.0
text_01442,text,詹惟中分析周傑倫蛇年戀愛運旺，但孕事將不如心願，可能要到馬年才能播種成功；昆淩則是愛情、事業運皆不錯，若抓住周媽的心，將遠離感情危機。,5.444,4.625
sentence_01868,sentence,雖然乃乃性格消極內向,4.333,3.667
sentence_02130,sentence,我的大腦發育是這麼遲緩嗎,4.0,6.0
text_00398,text,油耗比安全配備還要更吸引人更重要?,4.222,5.444
text_01031,text,臺灣帶來榮耀，會不會有一堆官員跳出來錦上添花討好處，批評政府只會在選手於國際賽事奪冠時來沾光，當選手默默耕耘時卻是不聞不問,5.0,5.25
sentence_01600,sentence,共匪有何報復美國的能力,4.25,4.5
sentence_00062,sentence,結束哭因為那種離別的感覺太真實了,3.667,7.333
text_02283,text,至於政府表示要堵塞漏洞，他認為無可能只有20日諮詢，當局應整合各界意見並重新諮詢，否則只會令人覺得政府是別有用心。,3.875,4.75
sentence_01225,sentence,一家旅店員工在客房發現三具屍體,3.0,4.0
text_02245,text,兩國表面上立場堅定，特朗普突然威脅加徵關稅，但訊息顯示此前雙方各有退讓，協議內容未必符合外界期望，不確定性猶存。,3.556,4.625
sentence_01518,sentence,我越發的像是一個無庸的雕刻家,3.75,5.75
text_02640,text,然而在上個月，哥斯大黎加的一個小鎮上空卻出現了一個潮溼宇宙粘土，它在空中裂開並落下一種罕見的隕石碎片。,5.0,5.556
text_02604,text,然而，在中美經貿談判中，美方卻誠意不足、居心叵測，動輒揮舞關稅大棒、一再進行極限施壓，妄圖靠施壓迫使中方接受漫天要價。,3.571,4.714
sentence_00316,sentence,儲存一些有用的資訊,6.0,3.5
sentence_02067,sentence,所以也不是真的安眠藥,5.0,5.0
text_02920,text,立委黃昭順位在高雄左營的服務處，昨天晚間遭多名男子闖入，揚言要找在服務處上班的志工談判債務糾紛，結果因為對方沒有出現，眾人就在門口叫囂，嚇得附近民眾連忙報警。,3.556,5.9
text_02631,text,英國脫歐限期推至10月31日，但文翠珊的脫歐方案，三次被國會否決，文翠珊認為，地方選舉結果為目前僵局給予新的迫切性。,4.5,4.667
text_02276,text,倫古在信中說，坦贊鐵路紀念園的建設是贊中建交55週年友誼史上的標誌，顯示了兩國堅定不移的友好關係，尚比亞人民將永遠感激並銘記中國的無私與慷慨。,7.0,4.667
text_00092,text,有些東西做出來“實用性”還挺強，像太陽帽，剛好能戴在兒子頭上，拖鞋，他也剛好能“穿”，兒子自己還說吶“大小正合適”，呵呵。,6.0,5.625
sentence_02303,sentence,彰縣府向媽媽們致意,6.0,5.0
sentence_00516,sentence,我們慶幸在網際網路時代翻牆,6.4,5.25
sentence_00209,sentence,不是和中國現實太脫節,3.667,4.667
text_02230,text,智慧機市場已經陷入了殘酷的攝像頭大戰，除了拼命提升主攝的規格，廠家們還在攝像頭的數量和位置排布上做足了文章。,5.0,3.5
text_01736,text,其次，不願罷免與馬總統的施政表現無直接相關，純粹只是不願意看到罷免案所引發的政治動盪，會讓臺灣的經濟發展更加每下愈況。,3.5,5.143
sentence_02122,sentence,一隻就非常草率的在撩草叢的樹葉,5.0,2.0
text_01857,text,立法院朝野協商前天大刪國營事業績效獎金，據瞭解，在做成決議前，陳沖曾致電立法院長王金平，指各國營事業情況差異很大，希望能有各自不同的處理。,4.75,4.2
text_01256,text,直到去年十一月，她的父親突然檢查出肺腺癌末期，無疑是對她家人投下震撼彈，人生出現了前所未有的衝擊，打亂了她人生的秩序。,2.857,4.833
sentence_02331,sentence,也不向愚昧低下頭顱,5.0,5.0
sentence_02234,sentence,住在旅館被警察半夜突襲,3.0,5.0
text_02888,text,平時怎麼吃都吃不胖，面色蒼白，手腳冰涼，即使在炎熱的夏天，手腳依然冰涼，常被身邊的人當成解暑的小冰人，還時常會便祕，腹痛。,4.0,3.4
text_02112,text,5月27日，由映客直播主辦的映客527星光夜年度盛典在北京鑽石球場隆重舉行，當晚不僅有數百位映客人氣主播盛裝亮相，還有當紅明星實力助陣。,6.333,4.75
text_01499,text,TPA的驚奇之旅將在此止步，但TPA又打破全世界的眼鏡，後來居上逆轉擊敗M5。,5.625,4.857
sentence_00356,sentence,一個自稱很久以前見過我的人來跟我說話,5.0,2.75
text_01159,text,原本EA野心勃勃的希望透過NBALive13扳回一成，不過在預告片和試玩版推出後卻被玩家嫌東嫌西，讓EA不得不宣佈延後推出，打算繼續加強遊戲的各個環節，然而最後EA終於意識到就算他們把現有的NBALive13內容做到完美，它的整體遊戲可玩度和吸引力仍然無法和2K13匹敵，因此最後決定忍痛收手。,3.857,6.0
text_01664,text,陳致中指出，「他在國民黨陣營中位居閣揆，是全臺灣僅次於正副總統的第三號人物，他能夠公正、理智地看待這個高度政治性議題，實屬不易，我欽佩陳院長雖千萬人吾往矣的道德勇氣」。,6.2,5.571
sentence_02160,sentence,我的一個在上海做減低二氧化碳排放的環保,6.0,4.667
text_00861,text,是眼睛太累了，朋友給我見證了一下是晃的厲害這樣太傷眼睛了，其實去年剛出的時候我買了一臺用起來很好,4.333,4.5
sentence_00587,sentence,自認為沒做到100分,4.0,4.4
sentence_00832,sentence,您的孩子也會有突出的一面的,6.5,5.333
sentence_00292,sentence,並被敲詐勒索三千元錢,3.0,6.25
sentence_01322,sentence,權的演技又磨練了不少收放自如,6.25,4.4
sentence_00939,sentence,能不能不要把自己智商低落的事情展露的一覽無遺啊,2.5,8.25
text_00308,text,ALTIS開過之後，覺得還蠻穩定的一輛車，跟他牌車的落差不會太大但一旦開過他牌車，再去開CAMRY....我覺得好像是在船上，晃啊晃啊，每每下車都會些許頭暈，方向盤輕,4.444,5.111
text_02133,text,數位身份証整合虛實並確實加密保護隱私，是否會有國旗引發討論，徐國勇表示目前討論中，他個人也贊成放上國旗，未來定案後會正式宣示。,5.714,3.857
sentence_00784,sentence,相互扶持的堅強,6.667,4.333
text_00157,text,最早接觸寂地畫是在《新蕾》上，後來滿心歡喜的買了她的第一本畫集《我的路1》很喜歡那種溫暖的畫風，也很喜歡配畫的文字，很細膩，有哲理，讓人感覺溫馨。,7.0,5.25
text_02284,text,從目前電影版的故事來看，像是典型的我來拯救地球的影片，而反派DoctorRobotnik還找來金凱瑞。,5.4,3.111
text_02015,text,幾米過去很少對外透露自己的私生活，而我們這次聊的話題，圍繞著家，我說你從作品出發，聊聊你的親子與家庭想法吧。,5.0,3.1
sentence_00529,sentence,其實我覺得這世界上就沒有種族歧視,5.0,6.333
text_00106,text,不足之處：沒有對部分比較難的單詞做出註釋（有些詞一般的字典是查不到的）。,4.1,4.111
sentence_01634,sentence,將護膚重心放在舒緩鎮靜上面,6.0,1.667
sentence_00620,sentence,中國外交部批評美方此舉是,4.0,3.6
sentence_00093,sentence,大小不一奇形怪狀,5.0,3.0
text_02067,text,值友4771737136嬰兒洗髮、沐浴二合一，安全方便，無皁質、無酒精、無淚配方，安心溫和，讓寶寶洗後更能清爽不油膩。,6.143,3.429
sentence_00436,sentence,從鎮壓法輪功開始我就意識到信仰之戰一直在進行中,4.5,5.5
text_01674,text,保護當事人，不能提供，但透露這位好友常出入考試院長關中去的按摩院，好友是聽按摩的小姐說的，錄音帶是好友來找他時所錄，這位好友和潘董也認識。,4.556,4.111
sentence_01821,sentence,也是應了我一貫的讓暴風雨來得更猛烈一些所願,4.5,5.0
sentence_00045,sentence,但卻突然就換顏色了,4.0,5.5
sentence_02313,sentence,反悔也只有反悔之人聲望下降的效果而已,3.5,4.333
text_01762,text,在北京方面，官方控制的新聞媒體也對黑格表示歡迎。,5.556,5.0
text_01906,text,前言：人民生活苦，政府官員不願減薪，也不願少領年終，每年還編列各種獎金名目Ａ人民錢、變相加薪。,2.556,6.0
sentence_01234,sentence,反而在空中小姐歡呼簇擁下登機,8.0,7.0
text_01924,text,美國於10月底遭珊迪（Sandy）颶風侵襲，重創紐澤西州、紐約州及紐約市等地，造成重大傷亡，財物損失總額超過500億美元（約新臺幣1兆4427億元）。,4.0,3.0
text_02673,text,世界第一高峰聖母峰再傳愛爾蘭和英國各一名登山客遇難，探險隊主辦單位今天表示，過去一週死亡人數目前增至10人。,2.571,4.0
text_01483,text,老虎隊8局上攻勢再起，DelmonYoung先開轟幫助球隊擴大比數，下一棒JhonnyPeralta也揮出二壘安打上壘後，AvisailGarcia打出2人出局後的適時安打，老虎隊此局再下2分，形成4:0的領先優勢。,6.333,5.667
text_01817,text,就事後處理的方式而言，死刑真的有用嗎？前幾個月槍斃了四五個，有遏止嗎？.,2.556,6.5
text_02233,text,華為也將在遵守適用的法律法規基礎上，一如既往地積極參與到相關標準與產業組織中，通過不懈貢獻，與客戶和夥伴一起，構建良性健康、公平開放、可持續發展的產業生態。,5.875,2.875
text_01071,text,長榮航空在二○一二年間，共獲得國內外各機構頒發十四個獎項，二○一三年初始，再獲得民航局頒發金翔獎及德國AEROInternational全球最安全十大航空公司的第六名，這些殊榮是廣大旅客對團隊努力成果的肯定。,7.375,6.125
text_02659,text,美國政府官方披露關於UFO的資訊一直很少，從而導致各種陰謀論滋生且經常被指責掩蓋事實，美國空軍基地第五十一區事件更是令民眾對UFO充滿好奇。,5.0,4.625
sentence_00179,sentence,美方再度高舉關稅大棒加劇中美經貿摩擦升級風險,4.5,4.4
sentence_02111,sentence,當政府開始大量搜捕猶太人的時候,4.5,4.0
text_01153,text,打敗韓國，拿下電玩比賽世界冠軍的這一刻，臺灣隊員高興狂歡，隆重的頒獎典禮，簡直媲美奧斯卡，臺灣代表隊「TPA臺北暗殺星」一夕成名，實力應該受到肯定，卻也遭受作弊質疑。,4.0,6.25
sentence_01150,sentence,被持槍搶劫130萬女官員,3.0,5.0
text_00982,text,小巧便攜是我選擇的最大因素，其次品牌機還是令人比較放心的，一邊拆包裝一邊就能感受到。,6.556,5.875
text_01776,text,有不同意見的媒體，沒有批判我的言論自由。,4.625,3.857
text_01601,text,要求政府把事情做對（Justdoitright），不算過分，應該也沒有那麼難！,4.625,6.1
text_02508,text,泰國國王加冕典禮之際大赦囚犯-中新網中國新聞網泰國政府憲報網站3日刊出公告，宣佈在瑪哈·哇集拉隆功國王加冕典禮來臨之際大赦囚犯。,6.286,5.143
sentence_01271,sentence,除非生活遭到重大的變故才會中斷,3.0,4.5
text_02578,text,英國名廚JamieOliver的餐飲集團兩年前就出現經營問題，但一直苦撐下來，最終還是因找不到買家宣佈破產收場。,3.125,4.714
sentence_01057,sentence,當你們當中的感言者被關押酷刑時,3.5,4.0
text_01021,text,臺灣電玩競賽隊伍臺北暗殺星TPA)在電玩大賽英雄聯盟世界錦標賽奪冠，電玩產業引起重視，教育部將在3個月之內提出優秀電競選手升學及獎學金相關辦法，激勵今16)日遊戲股全面大漲，擺脫近期低迷的悶氣，由華義3086-TW)領軍攻頂，其中昱泉6169-TW)、網龍3083-TW)隨後亮燈漲停，智冠5478-TW)、宇峻3546-TW)漲幅超過5%，辣椒4946-TW)、樂升3662-TW)、傳奇4994-TW)、歐買尬3687-TW)、鈊象3293-TW)及橘子6180-TW)也都有3%以上漲幅。,6.375,4.857
text_00039,text,奇怪的是它的評級卻高高在上，我甚至懷疑自己的閱讀水準，或者孩子喜歡？說實話，我家孩子只喜歡那個“小黑貓”的形象，知道了害怕“大怪獸”。,4.125,5.667
text_00465,text,今天下午去朋友車廠突然看到一台車跑來仔細一看這不是準備要國產化的CAMRY嘛!而且還是HYBIRD版趕快跑去對面拍幾張照片至於車裡面的人不知跑去哪了呵呵...看到有人說原來是舊款的CAMRY難怪覺得怪怪的無所謂囉!反正本來就沒再注意TOYOTA的車認不出來是正常的囉!所以大家就看看照片就好了,4.778,4.0
text_02611,text,當地時間週一，他在Twitter發文稱，瓊恩、丹妮莉絲連同瑟曦一同死掉，然後讓一個心胸寬闊的小個子男人坐上鐵王座。,3.833,5.167
sentence_00612,sentence,就算再心痛也看不透,2.75,6.0
sentence_02424,sentence,今天我和老公不約而同的默默看著女兒和另一個小孩相撞,4.0,4.0
sentence_01051,sentence,總是在處於一定不明確的擔憂,3.333,4.667
text_01135,text,臺灣電玩隊伍獲得世界電玩大賽首獎殊榮，官員錦上添花，開出各種優惠禮遇條件，數位內容，也說重點推動產業，但立委翻出經濟部工業局的數位內容競賽設置實施要點，看了直搖頭。,3.625,3.833
sentence_01157,sentence,顯然不可能化腐朽為神奇,4.0,4.6
text_02773,text,遭狙擊報告唱淡的平安好醫生，週二挫5.2%後，今早高開低走，一度高見38.65元，微升0.7%，現轉挫3.3%，造37.15元，成交金額1846萬元。,4.667,3.5
text_02528,text,雖然有關劇透的拉扯和衝突的確是在數字時代越發瘋狂，但事實上提前透露新作品情節從而引發眾怒這種事情，從維多利亞時代開始就已經在發生。,4.0,4.0
sentence_01108,sentence,感覺政策還是有些極端了,4.0,6.0
text_02028,text,雪上加霜的是，貿易紛爭還會進一步影響記憶體廠商，部分臺灣記憶體公司準備將產地轉移到本土生產，但是時間有限，重組產能的過程並不順利。,3.857,2.833
text_02820,text,秒殺007時尚涼快~當前售價99元，湊單6.9元膠棒一個，可在我站領取100減30值友專享優惠券，實際支付75.9元，近期好價。,6.111,4.0
text_02575,text,他們挖出了一批三年前埋在地下進行處理的生物可分解塑膠袋、普通手提塑膠袋，發現這些塑膠袋都沒有被完全分解，有一些甚至還堅韌得很，可以繼續裝載約2.3公斤的雜物。,2.75,5.875
sentence_00824,sentence,那些所謂的傷心痛苦和生活相比狗屁都不算,3.0,7.333
text_00186,text,這本書，對職場小說開始有所迷戀。,5.444,4.857
text_01036,text,這十八名清潔隊員都是聘僱人員，支領獎金因考覈、請假狀況而不同，其中有八人領滿兩年的全額獎金共十四萬四千元，只有一人低於八萬；經過十幾年的爭訟，至今已有六人離職。,4.5,4.143
text_01728,text,中國共產黨十八屆一中全會昨天閉幕，第五代領導人由習近平接棒，國民黨主席馬英九立即致發賀電，向習近平表達祝賀，期盼兩岸強化互信、真誠合作以因應新的挑戰，並創造更多和平紅利，造福兩岸人民。,6.444,5.25
text_02021,text,為了截圖更加清晰，我還去b站衝了大會員，然而1080+看上去也不怎麼樣，這不是坑爹麼，有電視的話還是在電視機上看爽！,3.778,5.625
text_01078,text,新北市消防局緊急救護科說，救護車出勤若遭遇攻擊，攻擊者涉嫌妨害公務，如果救護員受傷與車輛受損，還構成傷害、毀損罪嫌。,4.333,6.125
text_00035,text,這一年的春夏秋冬歡笑痛苦哀傷，五味陳雜生活就是這樣，慢慢流淌，遇到該遇到的人又各奔東西，留下無盡的懷念和記憶，美好而感動,5.667,4.667
text_00822,text,一如既往的支持，不錯的酒店，服務上再上去一點就好了。,6.556,3.889
text_02092,text,今年3月份，Google釋出了自己的雲遊戲平臺Stadia，而按照慣例，這類定製化產品對於硬體配置都不肯公佈詳細引數，只會說個大概。,5.0,3.857
text_00531,text,我個人是換KYB黑筒避震器覺得比原廠還好多了而且又不會太軟覺得可以接受，但我看網友都說Toms不錯也可以給版主參考我覺得每台車子都有優缺點改善缺點即可，至於版主提到何時更換我也有想過此問題，最後我認為越早越好，不要開了四年保固後才換避震器我個人覺得失去更換意義，給您參考~~,5.25,3.0
sentence_01842,sentence,為什麼這一切的一切都徒勞無功,2.0,7.5
text_01558,text,西拉伊特說，法官的職責是保護婦女兒童合法權益。,6.0,4.0
sentence_02421,sentence,李倩怡潛逃至臺灣首度發聲,5.333,3.333
sentence_02512,sentence,去剪頭髮被設計師說看動物星球頻道感覺很博學,6.667,4.333
text_01290,text,因此在得知4上市消息時，就決定要來搶購，尤其士官長及Cortana都將現身，更是要來見一面。,5.889,5.333
text_01257,text,父親又因有心臟病史，引發吞嚥困難，甚至休克，傅家在慌亂中決定進行氣切來急救，從此，父親再也無法脫離呼吸器，且要有人照料，而醫生建議送到呼吸照護服務中心給專人照顧。,2.667,3.625
sentence_02260,sentence,論當場心肌梗塞的可能233,3.667,1.333
sentence_02098,sentence,典型溫情醫療劇,6.667,3.0
text_02095,text,幾周前，MicrosoftEdgeforMac的第一個版本被洩露，今天，該應用程式收到了它的第一個更新。,4.857,3.0
text_01221,text,懷孕了，固然是好事，但在學生時期懷孕得面臨許多挑戰。,5.125,4.778
text_02408,text,回捐、低薪、高壓、人力缺口成為社工的日常，而社工的工作正是為了協助服務使用者能夠脫離惡性迴圈，但在臺灣，社工卻正集體成為案主之中。,4.143,4.333
sentence_02383,sentence,靈苗尚自無均等,4.667,3.667
text_01171,text,電玩產業值得投資經營，但也有3成網友表示臺灣還沒準備好。,4.625,5.0
text_00897,text,保持了商務機穩定，4999搶的，這個價錢值，改裝XP有點麻煩，開始老是出錯，後來看了前面一位兄弟說的要在BIOS裏把sata改成IDE，改了後，果然可以，重分區後安裝順利，目前運行穩定。,6.375,4.0
sentence_02289,sentence,他尋求初步禁令,5.0,2.75
text_02162,text,18歲的時候，在加拿大西蒙弗雷澤大學的第一年末，他突然感到膝蓋疼痛異常，一天早上他甚至疼得都不能站起來。,2.625,5.0
text_01063,text,但是，沒有飛航安全就沒有服務品質，旅客只有在安心的環境下，才能體驗我們不斷創新，物超所值的服務品質。,6.222,5.0
text_01608,text,在這種情況下，美國又採取軟硬兼施的兩手策略，一方面，美國宣稱美國在中日釣魚臺爭端中不選邊站，不充當釣魚臺爭端的調停人，希望中日以和平手段解決釣魚臺問題。,4.875,5.143
text_00001,text,愛情，如此完美卻又失落，皖雅的結局，苦澀卻又實際地描繪了宮廷女子悲婉的一生。,3.75,3.0
text_00037,text,我同時買了此書和《兔子湯姆》，這書實在是讀不下去，當然它的紙張和印刷是無可挑剔的。,4.875,4.625
sentence_02351,sentence,而不是退縮至牆角被人屠戮,3.8,6.5
sentence_01471,sentence,尤其善於從字面上,6.0,3.667
text_01896,text,或許阿扁會深感時不我與，若在過去國民黨獨裁統治時期，不要說是貪汙，整個國家就是總統一個人說了就算，企業進貢還不夠，國庫通黨庫，數十年來國民黨黨產快速累積上千億元，至今信託後仍有數百億元，這些錢裏頭究竟有多少是臺灣人的民脂民膏？因此若要說貪，國民黨似乎還不夠資格，而這也是藍營極不願意真實面對的事實。,3.25,6.333
sentence_01944,sentence,山色江聲共寂寥,4.5,3.5
text_01070,text,飛安帶來更多保障，也提供旅客更安心的服務品質。,7.0,4.222
sentence_00449,sentence,西醫治了多家醫院,6.75,5.25
sentence_02419,sentence,重慶市萬州區人民法院開庭審理了一起敲詐勒,4.667,4.333
text_00794,text,我住了5天，而且從沒提過中途退房，最後攜程告訴我酒店說我只住了2天就退房了，雖然最後是解決了，但很不爽唯一好得，酒店工作人員還比較熱情,3.875,5.625
sentence_01931,sentence,這樣的評論其實既尖銳又武斷,3.0,6.333
text_00673,text,您的入住滿意就是對我們接待服務工作最好的肯定與激勵！,6.778,5.667
sentence_02020,sentence,我係細菌傳心師,5.0,5.0
sentence_01376,sentence,上帝會懲罰殘暴的美國暴君,6.75,5.8
sentence_01194,sentence,狀況極差的我在床上昏沉的度過一整天,3.0,4.5
text_01420,text,選手出國比賽，體委會總是用「非正式運動項目」來拒絕授旗，但往往奪牌後，又能得到總統等官員的召見。,3.4,4.875
text_00991,text,國貨好幾年了，但是黑迷們始終認定人家是IBM的東西這一點倒是可以確定，技術上，無論硬體軟件,5.125,5.286
text_01094,text,朱男以量刑過重而提出上訴；檢方也提上訴指出，朱男的惡性已達窮兇惡極，還揚言要殺女友全家，濫殺人命，非處以極刑無法避免日後再殺害女友與家人。,2.5,7.111
sentence_00991,sentence,還不知道這是會讓人很不舒服的嗎,3.333,6.333
text_01946,text,他逝世前患有癌症、糖尿病及高血壓等疾病，在北京休養並接受治療。,3.667,4.571
text_01212,text,事實上，除「朋友巧克」外，日本各大百貨公司的情人節「爸爸巧克」，近年來需求急速攀升，尤其是在三一一東北大地震後，人們更珍惜與親朋好友之間的情感，於是情人節致贈巧克力給父親、家人或朋友的習慣，也逐漸普遍化。,5.556,5.125
text_01607,text,就在美國國防部長帕內達訪問中國時，美國高調宣佈加強在日本的軍事部署力度，就是試圖給中國施加壓力，遏制中國的強硬反應。,5.7,4.833
sentence_00485,sentence,就愈讓人們懷疑這些故事,4.0,5.0
text_00496,text,小弟今年農曆年前剛牽的RAV4最近兩周早上發車後開冷氣時會聞到很重的異味味道酸酸的非常難聞前兩天送回原廠檢查技師居然跟我牽拖東牽拖西的還說這是正常的這兩天我將內部整理乾淨後再測試發現到單純送風時的異味感還是很重不過開了A/C後有好轉請問大家有何建議新車就如何那以後還得了我希望能有好方法來讓原廠重視我的問題,4.0,5.0
sentence_02185,sentence,第8季第4集戰勝異鬼後的慶功宴上,6.0,4.333
text_02536,text,做了我們平時教大家如何應對這類事件該做的事——儘量想辦法逃離現場、找地方躲起來，如果無法逃離或躲避，那就和攻擊者對抗。,5.2,5.5
sentence_01253,sentence,就無所顧忌地開始胡鬧,3.0,5.333
text_00389,text,正面對撞結果現代車引擎蓋只凹一半，駕駛幾乎沒受傷vios好像連駕駛艙都完全潰縮駕駛就夾死在裡面你看看你看看假如低於標準的安全性，還可以販售有可能就是一個車廠是否尊重生命的表現,3.625,6.25
sentence_00181,sentence,中共已經害怕到了極致,3.0,6.5
sentence_01230,sentence,北韓頻試射武器全球70國敦促平壤棄核,4.667,6.333
sentence_01078,sentence,萬一中美談判破裂,3.5,5.5
sentence_01511,sentence,義眼的軍務尚書只是一副學究般的沉著態度指出事實,5.0,4.0
sentence_01560,sentence,但是深切又平淡的,6.5,4.0
sentence_01303,sentence,看來我得再自我審查一下措辭,4.333,3.0
sentence_01907,sentence,有的甚至被當場性侵至休克,2.667,6.667
sentence_00627,sentence,不停地找事物來迷戀,5.333,4.333
sentence_00296,sentence,更不要說講牢騷話,4.0,6.667
sentence_00229,sentence,略帶發力的緊張,4.333,3.75
text_01532,text,作品屢次獲得部落客百傑獎，被賦予「最溫柔動人的親子部落格」評價。,7.0,4.625
text_01478,text,電玩選手贏得國際競賽冠軍，對於電競選手有激勵作用，並期盼政府能協助電競發展，以及帶頭扭轉社會對遊戲產業的負面印象。,5.143,4.429
text_01270,text,太多飼主「把方便當隨便」，破壞店家的環境、影響到其他客人，讓不少業者因此怯步，只好在門口貼上寵物禁止入內的貼紙，不敢再對寵物說「歡迎光臨」。,3.375,4.571
text_02304,text,但當發生地震或其他自然災害期間或之後，交通燈熄滅了，其他司機驚慌失措，到處都是殘骸，人們歇斯底里地四處奔跑，此時自動駕駛汽車又該怎麼做呢？,4.0,5.5
text_01199,text,電玩遊戲《英雄聯盟》總冠軍賽昨天在美國洛杉磯開打，臺灣代表隊ＴＰＡ贏得世界大賽冠軍。,6.333,5.4
text_01999,text,看到有人說搶救台灣農業,5.0,3.4
sentence_00679,sentence,這些堅果超營養,8.0,6.4
text_01858,text,但這隻針對今年的績效獎金，至於明年的情況要再看。,5.0,3.125
sentence_02224,sentence,簡姓爸爸上網求助,5.0,1.333
sentence_01759,sentence,是在日本投降前兩三天!,4.0,7.0
sentence_02378,sentence,無你老豆咁咪無依家?你囉,5.0,5.0
text_00158,text,後來她出的每一期都買了回來，用四葉草的包書紙包好，這次這一套買了是給朋友的，。,5.667,3.25
sentence_00946,sentence,然後大家都慌張成智障,3.5,6.667
sentence_00204,sentence,儘管冒險者的足印在各地留下痕跡,5.0,5.333
text_01470,text,總統表示，新的1年，他心中有3個願望，希望經由他和全民共同努力，打拚出臺灣新氣象。,6.0,4.875
sentence_01308,sentence,由自己一手創立的世界貿易規則,6.0,5.667
text_02097,text,這是一款可以真正享受推理的遊戲，因為他不是那種要到處跑迷宮、找道具、試運氣，或只是簡單對話選擇題的推理遊戲。,6.375,4.778
sentence_01685,sentence,就會安於?體制,5.0,4.333
sentence_00155,sentence,慢慢聽他講下來聽哭了,3.75,4.25
sentence_00368,sentence,也有能讓青年的我有所共鳴的細膩處,6.6,5.4
text_00093,text,讓他練習手工的同時還有很多樂趣，超喜歡。,6.667,4.6
sentence_00721,sentence,土方真的太毀滅,3.6,6.6
text_00510,text,不扯太遠現在長輩還是認為國產車買TOYOTA手機門號用中華電信光這2樣就有夠糟糕不是T牌不好而是代理商的心態很糟糕反正:買T牌的不會開快車然後台灣的國慘車基本上配備都是不夠的電信公司更....網路還是不對稱的ADSL速度更...但是長輩們還是這麼認為不過等我們這些青少年變成所謂的老一輩的時候我不相信還能再賺到我們的錢,3.375,4.429
text_01539,text,7年前她剛開始寫作時，常常被退稿，最高紀錄連續被退了9次，第9次收到退稿通知時，忍不住哭了起來，她的孩子看到她在哭泣，反過來安慰和鼓勵她，她才鼓起勇氣投第10次。,5.857,5.875
text_00395,text,到時又被罵到臭頭說騙錢我知道VQ35的引擎蠻好的但是有錢買嗎?,3.111,5.857
text_00207,text,試試看的心情，買了一套，結果，女兒一看就喜歡上了，這套書的特色比較鮮明，每一本的主題對塑造孩子的優良個性都有,6.625,5.6
sentence_00559,sentence,真的是讓人很厭惡啊,3.0,5.333
sentence_02343,sentence,負有政治輔導責任的教師,6.5,2.0
text_00814,text,房間非常糟糕，零亂不堪，瀰漫一陣腐黴氣味，傢俱極其陳舊，地毯髒臭，冷熱水不能調，龍頭漏水，燈罩不翼而飛,2.1,5.75
sentence_01162,sentence,美稱馬杜羅要流亡古巴,4.0,3.25
text_02812,text,不甩貿易戰，中國製造2025迫在眉梢，百年德國企業西門子看到中國正進行一場工廠智慧化的速度與規模之戰，要用AI和雲端搶先在中國轉型大戰中卡位搶先機。,5.111,3.111
sentence_00794,sentence,實際上紐約慈航基金與慈善沒有半毛關係,4.667,3.75
sentence_00475,sentence,人得留心傾聽主的聲音,6.0,3.5
text_02762,text,Facebook的人工智慧工程師已經研發出一種稱為自我監督學習的技術，因此社交網路的技術可以更快地適應諸如發現仇恨言論等挑戰。,6.333,4.833
text_02120,text,繼日前報道十月更新需要安裝兩遍才能正確安裝之後，今天微軟再次承認面向所有Windows10系統釋出的5月累積更新中存在一些問題。,4.0,3.875
sentence_00390,sentence,雨兒便把他解開了,5.6,5.25
sentence_00796,sentence,來自中國第一大電信運營商的懺悔,3.5,2.5
text_00844,text,我在京東網買的華碩筆記本，第二天就發現嚴重的問題，無法使用。,2.875,6.333
sentence_02184,sentence,世界都認為伊朗戰敗了,4.4,3.2
text_02559,text,但是在其名字的具體過程中，兩邊是存在差異的，比如中國長期講究避諱，避皇親國戚，避家父祖先，避歷史名人。,5.0,2.556
sentence_00779,sentence,幼稚園時期的我,5.0,2.667
sentence_00948,sentence,啊呸呸呸呸呸呸,3.0,8.75
sentence_00666,sentence,無論你怎麼嘲諷,5.25,6.0
text_00461,text,請問ALTIS10.5冷車啟動轉速2000RPM是否有問題新車時還不會第一次保養完有換自排油)就這樣了問計師又說正常但公司裡5台ALTIS都沒我這樣高開我朋友的冷車發動也才一千多引擎安靜不吵雜不像我的非常的大聲雜音很多我在想是不是常常高轉速熱車有傷到一點PS機油使用5W50原廠油發車必熱車不開快車10.9兩千轉維持幾秒鐘而已後面會慢慢的掉回一千出頭我的疑問是為何朋友的車不會這樣而我的會是否有辦法調整,3.429,5.429
sentence_01885,sentence,問了劉牧師說不要緊的,5.6,4.75
text_01391,text,我能理解，我是一個無能的家長。,2.625,5.0
text_00911,text,另外送的包質量很好哈，雖然薄了點，背起來還算舒服，功能口袋也多。,6.444,6.333
text_02003,text,首先電池很重，然後飛機傾向於在固定轉速下長時間穩定飛行，很顯然這對於電動交通工具來說不是提高效率的好方法。,4.0,3.0
text_00571,text,對您此次入住的不愉快酒店深表歉意，若您對客房清理的時間有一定的要求，請撥打房間內座機上的一鍵通，前臺會通知管家部及時給您的房間進行打掃。,5.444,3.429
text_02771,text,該國總理拒絕提及嫌犯姓名，以免擴大犯罪宣傳效應；5家主要新聞媒體簽訂自律協議，謹慎處理審判報導，避免鼓動仇恨。,6.167,4.286
sentence_01924,sentence,而通縮預期將縮減和延遲投資,4.25,4.333
text_02369,text,前不久，知名爆料網站Slashleaks分享了一批小米手環4渲染圖，顯示其搭載了一款OLED彩色顯示屏，下方的小圓圈觸控按鍵不再凹陷，而是一體式。,5.5,4.667
text_01890,text,很難想像，「如果以政黨協商方式、有條件特赦陳水扁，是可讓社會對立氣氛和緩」這句話竟是行政院長陳沖所說出口的，但也真佩服陳沖的真心話大冒險。,4.25,5.444
text_01011,text,優秀的外觀，輕薄的分量，完美的性能。,6.375,5.375
text_02695,text,107年度綜合所得稅申報31日最後1天，據統計，利用電子申報的民眾已超過6成，到稅務單位元現場利用人工申報的民眾明顯減少，作業過程也順暢許多。,6.375,4.0
text_01363,text,蒞庭檢察官陳文禮在庭上說，1月初收到陳母的信件，信中指出，依她對陳昱安20多年的瞭解，若未判處死刑，陳昱安出獄後會危害家族的安全，造成「血流成河」，她要伸張正義、大義滅親，請求檢察官向法官表示，判陳昱安死刑。,3.444,6.333
sentence_02156,sentence,賢慧的星星像一片積雪,7.0,3.75
sentence_00954,sentence,當時我震驚了10秒,4.5,7.0
text_01700,text,剛開完一整天的會，好不容易抽空上來看了一下,5.143,4.625
text_02483,text,連月以來的中美貿易戰若出現任何升級的跡象，都幾乎肯定會擾亂金融市場，因為市場對中美貿易談判形勢發展非常敏感。,4.375,4.556
text_01963,text,「稀世的偉人」，絕對服從、效忠，其意圖不外乎是提高對金正恩的忠誠度。,5.222,4.667
sentence_02489,sentence,一夜清寒侵幽巷,5.0,3.0
sentence_01329,sentence,這個照片看了心酸酸,2.75,5.0
text_00090,text,相信日後身體所呈現出來健康與否，就是此書所作的貢獻，也是作者的貢獻，希望更多的朋友都幸福安康！,6.0,5.286
text_00806,text,優點不用說了，誰讓咱是窮人價格是很吸引人的因素。,5.333,5.286
sentence_01080,sentence,即使美國把中國產品的關稅全部提升到1,4.333,6.0
text_02950,text,有沒有遇過一種狀況，通常餐廳的Menu、廣告精美可口，但當餐點上桌時往往令人大失所望，因為相片和實物的相差實在太大。,3.5,4.0
text_00165,text,我已經能想像到小侄女拿到書的享受樣子了，呵呵，贈人好書，手有餘香啊，我也開心呢~~,7.625,6.286
sentence_01285,sentence,但是之後又會很內疚,3.667,5.667
text_02893,text,港真，我也經常懷念單身時候的各種奢靡生活，但是俗氣的說，還是婚姻和孩子讓我變成了更好的自己，主要是懂得了付出和不計回報的愛。,7.4,6.0
text_02908,text,就算從最現實短淺的角度來看，臺灣已經從貿易戰中獲得直接的好處了；更不用說，MIT將成為臺灣年輕人的絕佳機會！,6.75,4.5
sentence_01629,sentence,還要佔領別人的國家,3.0,6.0
sentence_00194,sentence,但美國通過軍事手段直接或間接地推翻了薩達姆,5.5,6.0
text_01111,text,渴求朋友的關懷，坊間業者甚至推出「朋友出租」服務，很多年輕人藉由租賃朋友的管道，學習如何交友。,5.667,2.778
text_01436,text,兩人愛情趨向穩定，情變機率小。,5.667,3.875
text_00110,text,我一直使用迪奧的化妝品20多年了，無論護膚品還是香水對我都非常喜歡。,7.0,5.143
sentence_01910,sentence,張先生的牲人論有點偏頗,4.0,4.0
text_00394,text,又怕意見欄打太多，以後回去保養，會被車廠貼上標籤，真為難阿..,3.625,4.125
text_00954,text,顯卡是65nm的，估計是9300GS的馬甲，nVidia的老把戲，估計再這樣玩下去要NV倒閉了。,3.75,5.5
sentence_00844,sentence,海軍節過度維穩曝光,5.5,4.0
text_02775,text,在正式進入處理器重頭戲之前，AMD於今日ComputexKeynote先行帶領玩家體驗下一世代，代號Navi的系列顯示卡的簡要資訊。,5.286,4.143
sentence_02357,sentence,我從來沒見過一個專心於自己成就的人每天被家人之間的矛盾弄得心神不寧,3.667,6.667
text_00589,text,房間有點舊了，但還算整潔，水有點黃，建議多帶點瓶裝水飲用，環境不錯。,6.0,3.0
sentence_00540,sentence,網路上隨便哪個相同興趣的很少會是同伴,4.0,6.333
sentence_00478,sentence,他們也感染了綠色宜人的英格蘭和英國其他地區,6.333,4.333
sentence_01837,sentence,將這兩樣深植於中國讓中國容光煥發,7.0,5.0
sentence_02386,sentence,子瑜本人像仙女一定是無庸置疑的,8.333,8.667
text_00639,text,房間寬敞舒服，硬體設施不錯。,6.444,4.111
sentence_01066,sentence,胡錦濤去到哪就追到哪誓為李旺陽討回真相,5.0,5.0
sentence_01753,sentence,他被逐出議事廳後,3.0,5.75
text_00072,text,正如Miki所說的“有些書，不必有那麼重大的意義”。,5.111,4.0
sentence_02406,sentence,你地唔使灰心喎,3.75,6.0
sentence_02373,sentence,小人醉心於個人名利,3.0,5.0
sentence_02470,sentence,少來挑撥離間這一套了,3.6,6.25
sentence_01104,sentence,而是純粹為了用自己的理論來諷刺,3.0,5.75
text_01722,text,「我知道選戰看似很蠢，很多評論員說這是特殊利益團體的較勁，如果各位能與參與造勢活動的人攀談，你會發現政治不只是表面這樣，你會發現年輕人透過參與，讓他們的後代能享受美好的果實。,6.111,5.429
sentence_01499,sentence,中國經濟增長一直平穩,5.667,4.333
text_02599,text,航拍機為我們帶來壯麗風景的畫面，但同時亦對飛行安全構成威脅，尤其是部份不守規矩的使用者，隨時會影響飛機和機場的運作。,3.667,3.625
text_01934,text,經濟部表示，尊重監委意見，並重新檢討。,5.4,4.25
text_02794,text,關於中共黨魁毛澤東通過發動各種運動殘害中國人、鎮壓信仰、破壞中國傳統文化等罪行，無疑是罄竹難書，而其主要幫凶周恩來的罪孽同樣深重。,3.125,6.125
sentence_01338,sentence,顏色卻還蠻協調的,6.667,4.5
text_02821,text,與人類或其他哺乳動物毛髮不同，北極熊的毛是中空的，這種結構可以阻隔熱量從北極熊的皮膚表面擴散到周圍的低溫環境中。,5.333,3.625
sentence_02045,sentence,但還是會隨機出沒,5.0,6.0
text_00752,text,最主要前臺小姐服務很不好，冷冰冰的，尤其是那個臉蛋胖胖的小姐，臉上象塗過糨糊一樣，一點沒有微笑。,3.0,6.625
sentence_02353,sentence,發總統褒揚令給臺共戰士黃圳島,6.333,3.333
text_01765,text,中共官方喉舌報「人民日報」也報導，黑格在擔任參議員時，一再反對制裁中國。,4.778,3.875
sentence_01972,sentence,才華洋溢會說八國語言,7.0,3.667
sentence_01906,sentence,有稱男童被猥褻致肛?,2.5,6.667
sentence_02316,sentence,與生俱來的警覺和生存本領,6.0,3.6
text_01737,text,此外，拼經濟向來是比較屬於國民黨的強項，貿然罷免可能面臨的不確定因素，恐使狀況不僅不會變得更好，更糟的機率反而更高。,3.8,5.286
text_01920,text,金韓鬆還提到他的室友是利比亞人，「在利比亞爆發革命期間回到家鄉，發現那裏完全變成了另一個利比亞。,3.9,4.778
text_02166,text,甘肅省紀委監委近期通報8起扶貧領域腐敗和作風問題，主要集中在危房鑑定弄虛作假、扶貧資金滯留、駐村不住村等方面。,3.333,5.0
sentence_00444,sentence,它讓你無暇顧及親情,3.667,3.333
sentence_02402,sentence,這趟旅程真的不怎麼令人盡興,3.0,4.667
text_01004,text,1、服務沒得說，MM長得也漂亮2、看來沒有拆過，封裝的很嚴實，好像也是第一次開機，彷彿看見清純MM向我招手3、在一樓自己檢測，音效還不錯4、測壞點，用了優化大師，慚愧，反覆好幾遍，我還是沒看出來有沒有，不會看啊，汗5、不漏光吧，螢幕效果很好，看半天眼睛也不累6、鍵盤溫度不是很熱，有人說的風扇響聲大，完全能忍受,7.0,6.375
text_01939,text,並稱施亞努太皇是中國人民的老朋友，同中國幾代領導人，都有深厚的友誼，對中柬關繫有重大貢獻。,5.778,5.0
text_02257,text,一年後，保時捷又為NSUMotorenwerke公司研發了一款採用水準對置發動機的原型車Type-32，可惜的是最後兩款原型車都沒能撐到量產。,3.375,3.444
text_01116,text,說錯話而傷害朋友的感情，讓他很傷心。,3.5,5.429
sentence_02490,sentence,說著言不由衷的謊言,3.0,3.75
text_01165,text,從韓國手上拿走冠軍證明臺灣實力隊長MiSTakE接受記者訪問時表示，奪得冠軍最大的意義不在於愛國情操，而是能從韓國政府投下大量資源培植電競運動的電競大國隊伍手上拿到冠軍，證明臺灣選手自己的實力。,6.625,5.0
sentence_01725,sentence,精疲力竭的絕境,3.0,5.667
text_02884,text,但是強勢的性格，也會帶來負面影響，別人可能會認為你是一個自負或傲慢的人，而你只是習慣了做自己，不想浪費時間取悅別人罷了，哪些跡象表明你性格強勢呢？,4.375,4.857
text_02583,text,Uber週四保守設定IPO的發行價在每股45美元，估值為824億美元，以因應近來美股大跌，和競爭對手Lyft上市後股價低迷的前車之鑑。,4.556,4.0
sentence_00494,sentence,我們試圖追蹤每天在全球範圍內的中國境外的每一筆交易,5.667,4.0
text_02454,text,北韓領導人金正恩嚴厲批評美國前副總統拜登，美國總統川普今天加碼支援金正恩，並駁斥外界指稱他和獨裁者金正恩沆瀣一氣欺負自己同胞的負面批評。,3.75,5.875
text_00164,text,能擁有全套了，看來笑貓還真有吸引力呢!不過我兒子不怎麼有興趣，可能楊紅櫻的書更適合女孩子吧。,5.333,5.143
text_01216,text,對此，熟知網路詐騙手法的網友也製作了關係圖提醒，表示網友透過臉書按贊、轉貼再留下詐騙業者最難取得的LINE個人帳號，將可讓不法業者輕易獲得使用者的信箱、居住地、職業、電話號碼等個人資料，透過這些資料還可以進一步轉售，導致受騙者未來收到的垃圾簡訊、垃圾信件機率大幅提升。,4.222,4.25
text_01207,text,好像自己就在當會計，對於準備進入這一行和在這行幹出納的朋友們來說，買一本看看真是好。,6.125,4.571
sentence_01067,sentence,這樣房價會下跌,5.0,5.0
text_00423,text,因為稅制的關係，我覺得新一代CAMRY在台灣最不討喜的反而是2.5L的引擎...,3.5,4.429
text_01977,text,行政院長陳沖隨後宣示，只有支領原月退休金兩萬元以下的退休人員，及因作戰或因公成殘、死亡的退伍軍職人員及其支領半俸遺族，才能領取年終慰問金。,5.0,2.667
text_00343,text,之所以有疑慮是因為這些保養的人都是熟面孔了，不過今年這些老師不見好多，沒想到之前私底下爾有聽到抱怨原來是真的還走這麼多人，所以我才有疑慮。,4.0,4.778
sentence_01222,sentence,譬如酒駕騎車摔水溝昏迷,4.0,4.0
sentence_01657,sentence,晚上也要黏著達米安睡覺,5.333,3.333
sentence_02429,sentence,為了突顯自己的清高,3.667,6.333
sentence_00409,sentence,去找個小幫手去買杯熱巧克力或桂圓茶來喝,5.5,3.5
text_00126,text,相信運氣是對生命的侮辱。,3.625,5.556
text_02203,text,遊艇上兩名男子懷疑吸入濃煙不適，由水警小艇救起送往西環招商局碼頭，再由救護車送院治理，消防正調查火警原因。,3.556,4.556
text_00716,text,電視搖控器不見了，後來在我強烈要求下，酒店人員可能動用百度搜索到搖控器，這才罷休！,3.5,5.0
text_01588,text,根據朝野協商的結論，油電糖水等四家國營事業一百年度經營績效獎金，發放不得超過一.二個月；自一○一年度開始，國營事業有盈餘者，始得發放績效獎金，但不得超過一.二個月。,5.125,4.125
sentence_00741,sentence,自認為稍有鬆懈就會被別人搶走飯碗,4.0,5.667
text_00159,text,朋友看到我有一套《我的路》也很想要，所以讓我幫她買。,5.4,3.444
sentence_01445,sentence,唯恐天下人人不知,3.667,4.667
sentence_02049,sentence,心中所有的煩惱和不悅立馬煙消雲散,6.75,6.0
text_02827,text,海軍宜陽軍艦日前實施備戰操演暨海上射擊訓練，該艦依程式、步驟、要領執行各項檢查及5吋砲射擊作業，期間全體官兵均全神貫注、互助合作，展現平時精實訓練成果。,6.375,3.875
text_00223,text,家庭的緣故一度有過徘徊，但愛的力量是偉大的，只要有愛，還有什麼是不能克服的呢！,7.0,5.889
text_00059,text,對於一本廣受好評的書“錦上添花”多少有點多餘，讓人有所收穫是每一個閱讀人的願望。,6.0,4.286
sentence_00505,sentence,哎呀說的人暢想無限,6.0,5.333
text_02001,text,在這些小老闆中，總會有人在為日益壯大的公司的管理而苦惱，可以說，在這個時候，教科書上的東西是不管用的，而大公司的管理制度也同樣不適合。,4.444,3.889
text_00637,text,聯繫攜程工作人員時他們還說酒店已派人來接只是搞錯了我的手機號碼，笑話哪家酒店接機是不用舉牌而是用手機聯繫的？而且之前幾次入住該酒店都是舉牌接機的，工作失誤不可怕只是攜程和酒店的人員一起來欺騙客戶把客戶當傻瓜實在是缺乏最基本的職業道德。,3.333,5.857
sentence_00361,sentence,我問你該如何達成目的,5.0,6.0
text_01589,text,臺聯立委許忠信會後受訪表示，績效獎金大砍一.四個月後，以國營事業員工平均薪資約七萬元計算，每位員工將少領約十萬元年終獎金，立法院已適度展現改革誠意。,4.667,4.875
sentence_00069,sentence,胸不平何以平天下,5.5,4.75
text_00168,text,看得人冷汗都要出來了，覺得女主角某種程度上缺乏決斷，性情比較軟弱，還未看得透徹就想託付未來以過安定的日子，可惜往往慢了一拍，事情就大不相同。,4.0,4.778
sentence_00586,sentence,除非被魔鬼奪取了心智,4.0,4.8
sentence_01740,sentence,光明磊落者不懼毀謗,6.333,6.667
text_02861,text,如果將牆上的紅色標語和路旁的標語牌，以及架在電線杆上的高音喇叭清除掉，倒像一個不知有漢遑論唐晉的世外桃源。,5.429,3.571
text_02322,text,適用於兩款熱門瀏覽器的WDAG提供了和MicrosoftEdge相同的硬體隔離技術，當使用者訪問不受信任的網站時候自動將使用者重定向至隔離的Edge會話中。,5.667,3.833
text_02931,text,也正因為如此，有人要下山摘桃子了，美國一些人就大言不慚地聲稱在過去25年裡我們重建了中國，這種論調不僅毫無常識，而且格外離譜。,3.0,6.25
text_00413,text,MATRIX真的是一部好車，2004年我還在美國念書時，這車剛推出，我就二話不說，把我的beetle3年租約到了，換成黑色的MATRIX....這車的好處是便宜又大碗，非常適合美國的路況，又省油，又能載東西，外型也好...真是居家旅遊必備好車呀....最記得有一次紐約下大風雪，回叔叔家時要經過一段高底起伏很大的公園路，只有大車，還有MATRIX4輪驅動，通行無阻一路平安到達，所以下在大的雪他都保護我.....到現在我回國後，還是想著我的MATRIX....,6.778,5.556
sentence_02516,sentence,意猶未盡的滿載而歸,7.0,6.25
text_02377,text,根據資料，俗稱牛皮癬的銀屑病，是一種由免疫系統失調而引發的慢性面板炎症，本港現時約有2至3萬名患者，平均每300人中便有1人患,4.143,3.333
text_01936,text,之前監院糾正國營事業績效獎金制度，但經濟部仍照發國營事業優厚獎金，藐視監察院職權，昨動用「質問權」要求施顏祥說明，先是詢問他由無看過監院的「調查報告」；施顏祥回答，他知道監察院有糾正，但沒注意到細節。,4.75,3.5
text_02232,text,要一起享受幸福美滿的生活，孩子是無價之寶，永遠記住，所有的東西都可能是別人的，都可能是假的，只有孩子才是真正自己的東西，多生孩子吧！,6.0,6.0
sentence_01345,sentence,中國早已不是外向出口型經濟了,5.333,4.333
sentence_00597,sentence,山川不改人情異,4.0,5.0
text_01675,text,後來記者要再找童仲彥到議場外再講一次，並詢問關於李永萍等人將提告等問題時，童已離開議會研究室，電話也沒接通，最後是其李姓助理所接，助理迴應「議員去跑攤，忘記帶電話，會設法連絡議員並轉告」。,3.9,5.125
text_01235,text,寒假檔佔樂園全年2成業績，今年假期長，觀光局預估造訪樂園人數可達135萬人，增加4成6，從北到南拚優惠，新竹業者春節期間，120公分以下免費入園，其他時間動物姓氏買票100元，等於打1折，碰到蛇年，苗栗樂園除夕前屬蛇免費，過年期間140公分以下也免費，屏東業者同樣推不到115公分的小孩不用錢，看準家長省錢心態。,5.625,3.143
text_01913,text,近來社會對捷運無差別殺人案同感震驚憤怒，卻對政府無視財政惡劣無差別發放年金津貼優惠利息莫可奈何.,2.556,6.143
text_00987,text,電腦工程師很專業和有效率，及時幫我排除了一些難題。,6.889,5.25
text_01850,text,那以後市長的重大決策做錯了是不是也說只是開玩笑就好了呢?,2.778,6.0
sentence_02356,sentence,至今依然吃人肉民風猖獗,3.333,5.0
text_02663,text,中國電信裝置商華為被美國總統川普視為國安威脅，讓華為的業務在海外處處碰壁，川普也呼籲盟國拒絕使用華為產品。,4.111,4.889
text_02008,text,當反同勢力不讓性平教育進入校園，學生已經自主吹起性別平等的風，舉辦板中男裙週、臺大男裙日，希望促成改變，共創性別友善的校園。,6.714,5.0
text_01828,text,在野黨沒有實權，只能打打嘴砲好吧，我體諒但恥笑在野黨的無能阿完全行政完全負責的最大黨,2.875,5.5
text_01940,text,莫尼列太后對習近平前來看望表示衷心感謝。,6.0,5.143
sentence_00786,sentence,因為你遺傳了媽媽的個性或是態度或是氣質,6.0,4.5
sentence_02396,sentence,她傳統文化的造詣,6.0,5.333
sentence_01892,sentence,她搖搖頭坦率的說,5.333,3.333
text_01314,text,賽事主播長毛表示，透過ＴＰＡ打入英雄聯盟總決賽，已經把臺灣在國際的能見度，提升到另一個新的境界。,6.571,4.286
text_00730,text,裝修上檔次，但價錢不貴，出品好，值得推薦。,6.667,3.75
text_01089,text,項圈原本都是主人賦予貓狗的信物；原本承諾要照顧牠一輩子，而今卻送到收容所，12天之後若無人領養只能安樂死，最後留下一條破舊不堪的項圈。,3.125,5.667
text_00830,text,銀帆賓館歡迎您！,6.556,4.5
sentence_01793,sentence,即使說了那麼多喪氣的話,3.75,5.75
text_00837,text,太短，打了服務電話不到兩分鐘一位帥哥拿了一條超長的。,5.222,5.143
text_02741,text,斯特拉赫承認做錯，行為愚蠢及不負責任，但並無違法，反駁自己是受害者，被政治暗殺，澄清自由黨並未收到這名女子的任何金錢支援。,4.0,3.556
sentence_01485,sentence,考前自暴自棄給予自己能量,6.0,6.0
text_01892,text,政壇的敏感神經，而結論不就是希望阿扁能夠保外就醫，最好是能夠獲得馬英九總統的特赦，恢復阿扁的自由之身。,3.875,5.625
sentence_02249,sentence,他是一個多才多藝的人,6.333,5.0
text_00130,text,不停的抱怨，這真是悲哀。,3.111,4.286
sentence_02295,sentence,真是傑出的一手,7.4,6.5
text_01462,text,有一天母親農忙後才發現，已經八個月的他還沒報戶口，由於鄉下人都是產婆接生，沒有生產證明，因此就隨便登記了一個生日，實際上他是五十三年十一月十三日出生。,4.222,3.25
text_02816,text,5.286,3.875,0.452
sentence_00936,sentence,十年前的噴詞比現在還儒雅隨和,5.333,4.333
sentence_02083,sentence,醫生是殺父仇人還是怎麼的,3.667,5.0
text_01551,text,2012年十大新聞，由你決定誰最大條！,5.111,5.143
sentence_01772,sentence,是如何把你培養得如此從容,6.5,4.6
text_01794,text,要抗爭不就是大聲說拎杯反對你這個無能立委快點出來面對結果找人割闌尾怕被抓還要宣稱自己是路過絕對沒集遊這回事到底哪國的抗爭這麼孬?,2.556,7.556
sentence_01649,sentence,臺男從此不知去向,4.0,5.5
sentence_01787,sentence,碰撞的力道開始加速,5.0,5.5
sentence_00644,sentence,若非遭到欺騙和背叛,3.6,5.2
text_00336,text,Toyota賣了這麼多車，是否要釋出多一點的利潤給旗下的員工?,4.286,5.75
sentence_00079,sentence,你就別錯過我們的個人彩妝課,4.0,4.333
sentence_01593,sentence,鬆綁不合時宜法規,6.0,5.0
sentence_00897,sentence,限制可出租日數,4.667,2.667
text_01234,text,今年寒假史上第二長，一放30天，全臺19家樂園和觀光局合作，提前促銷，除夕前，每天有大人陪同的前100名國小學童，100元就能入場，春節期間拍照上傳活動網站，再抽60吋大電視。,6.2,4.0
text_00612,text,以前有國外朋友來上海，一直比較推薦鑽石，他們也比較滿意。,6.333,5.625
sentence_01082,sentence,檯面上爭吵不斷的各國領導人,3.0,4.0
sentence_02393,sentence,如果大家都生活富足了,5.5,4.0
sentence_01128,sentence,可見慶豐太監們只敢背後黑屁和下體升級性騷擾以及迫真自殺,2.5,6.0
text_00002,text,看盡世間無限遺憾，只因愛情如此脆弱。,3.25,4.143
text_02786,text,疝氣開刀治療並不困難，但許多患者常常不以為意，醫師提醒疝氣容易造成腸子卡住回不到原位，嚴重時更會導致腹膜炎及敗血性休克，危及生命。,3.778,5.0
sentence_00748,sentence,可惜沒有奶只能靠召喚石輔助,3.5,4.0
text_01899,text,不過，賤民解放區有幾篇關於反經濟全球化論述，我認為不管是正反雙方都應該仔細思考的。,4.778,3.9
sentence_02403,sentence,延遲的工作進度啊啊啊,3.4,8.0
sentence_00979,sentence,感覺我是不是再次遲鈍了,3.6,5.25
text_00787,text,非常安靜，房間窗外就是山林，空氣很清新。,7.25,3.286
sentence_00004,sentence,我覺得我們共同對神獻上禮讚,7.333,6.333
text_00154,text,認真的讀每一個字。,5.375,4.429
text_00278,text,它喚醒了我心靈深處的記憶，讓再一次體會學習和成長的快樂。,7.0,5.143
text_00555,text,要說不足之處，一個是前面有網友提到的隔音效果不太好。,3.5,5.444
sentence_02300,sentence,早已過了爭風吃醋,4.6,4.0
text_02243,text,據路透社報道，三星電子本週二表示，他們當前尚無法確認可摺疊手機GalaxyFold的具體出貨日期，並且就出貨延期向已經預定了這部裝置的美國消費者進行了道歉。,3.667,3.333
sentence_00705,sentence,全心奉獻給所有家庭成員,7.5,6.25
sentence_01169,sentence,你的神精系統有故障嗎,4.0,6.25
text_02255,text,所以各種出清建議、出清政策、出清要求的檔案隨之而來，我最早見到的一份是2018年8月28日下發的某車型追加銷售獎勵公告。,5.0,4.667
text_00704,text,房間裝修時尚、溫馨，用品乾淨舒適，而且有鮮花和水果贈送，有家的感覺，服務熱情周到。,7.571,4.857
text_00439,text,也希望政府拿出魄力，6SRS+ESP也該成為台灣的標準配備。,5.222,6.286
text_02579,text,而之後又到了去年8月，與高通達成和解，除了和解前已經支付的27.3億元不記之外，之後高通就不用再繳納罰金。,5.875,2.75
sentence_00207,sentence,指望貿易戰改變中國經濟,5.75,5.75
text_01075,text,「幸好不是心臟病，否則…」新北市海山消防分隊昨出勤救護一名骨折老翁，剛抵達樓下就遭醉漢持旗杆攻擊，2名救護員無法下車，直到警方趕來制伏醉漢才得以上樓救人，耽誤14分鐘；救護員表示，救護車受損事小，若延誤黃金救援時間，「萬一枉失一條寶貴人命怎麼辦？」家屬氣…還好病患沒事湛姓老翁妻子昨天受訪說，丈夫在家中上廁所時，不慎跌倒左肩骨折，家人十分焦急，沒想到還遭到醉漢阻撓耽誤送醫時間。,3.0,5.714
sentence_00261,sentence,香港將成為中國的下一個自經區,3.333,4.667
sentence_00039,sentence,甚麼心靈量子宇宙能量場的你一分鐘就失去了六十秒真是不得了,5.0,7.0
text_01891,text,沒錯，前總統阿扁因涉貪入獄，論法是該被關，但站在不少臺灣人的角度，誰纔是真正的貪汙犯？是蔣介石，更是國民黨，以致臺灣長達40餘年的黨國不分，黨庫通國庫，這口怨氣，或許就是馬英九總統欠阿扁的一個公道：特赦阿扁吧！,3.714,6.778
text_01911,text,當然是下地獄啊所以囉，這個基督教徒之所以會這樣講，純粹就是怕因為自殺而下地獄所以牽拖掌權者，把自殺硬拗成他殺，他就心安理得，自以為可以進天堂了不過話又說回來，這人的所作所為挺貪腐/挺黑金/無腦反核/挺學匪)就算不是因為自殺而死，也絕對進不了天堂啊,4.0,5.25
text_00975,text,裝顯卡，裝完顯卡，電腦就沒聲音了，今天重裝系統四次，搞得鬱悶死了，，，第三次才發現顯卡驅動和聲卡驅動衝突，然後在官網下了前一個顯卡驅動，終於搞定了，沒有衝突,5.667,6.571
text_02074,text,5月9日訊息，據國外媒體報道，從7月18日起亞馬遜將不再運營中國國內市場業務，不過公司並未忘記中國賣家，它們推出了借貸服務。,5.333,3.833
text_00054,text,該小說的確沒有藝術可言，對於追求精緻閱讀的人，看網絡版足夠了。,4.778,4.0
text_02779,text,土耳其搜捕101名未遂政變涉案嫌疑人-新華網新華網土耳其搜捕101名未遂政變涉案嫌疑人---報道說，土耳其警方在全國至少18個省同步展開抓捕行動。,4.5,5.0
text_00797,text,下次還會入住這家酒店，有興趣的朋友不妨也去試試。,6.375,5.5
text_00360,text,馬2長3.9米，也才1039，上一代國產SWIFT頂級版也只有1045，還有其他我就懶得找了，認真說來yaris重量算中間範圍..另外..得了吧!還什麼對號入座,3.889,6.0
text_01659,text,馬英九執政把經濟搞到這般困境，所以媽媽們決定發動一人拉一人的行動，成立聯盟響應罷免馬英九行動。,3.778,6.286
sentence_01111,sentence,我們會加以重視的,6.6,5.75
text_00953,text,如果打遊戲估計還是會比較熱,5.125,3.875
text_00620,text,希望其他要入住該酒店的客人要對其價格從各種管道，各時間段認真覈對，才下訂單。,4.571,5.0
text_02363,text,任正非之女、華為前CFO孟晚舟被加拿大扣留，5G裝置在海外遭到美國及其盟國的地址，穀歌完整版安卓系統又禁止華為手機使用。,2.857,5.429
sentence_00210,sentence,可惜軍部的人已經瘋了,3.6,5.0
sentence_01410,sentence,來自白宮新聞發布會,5.333,2.0
sentence_01966,sentence,再鮮豔明媚的顏色也會隨時間褪去光澤,3.5,2.75
text_02546,text,同時舉辦的抽獎活動獎品只有一個，就是由東寶監修的模擬哥吉拉夾克，質感十分接近電影裡的怪獸，無論是面板紋路或是背上的背鰭，還能發出哥吉拉叫聲，是難得的景品。,6.5,4.667
text_01646,text,政策辯護的能力太差勁，也難怪一宣佈調漲油價、電費後民怨沸騰。,3.444,4.625
text_01562,text,北韓核試後，環球時報總編輯胡錫進發表微博稱：朝鮮走在錯誤的路上。,4.375,3.875
sentence_02216,sentence,越是艱險越向前,7.333,6.667
text_00900,text,運氣非常好，完美屏，沒有亮點暗點壞點.,6.889,6.125
sentence_00233,sentence,歌頌這美麗的5月,7.667,5.667
text_00107,text,有個別的拼寫錯誤雖然這本書美中有不足。,4.222,3.2
text_02572,text,隨後聯想集團董事長兼執行長楊元慶又在2019年聯想供應商大會上發表了演講，他在隨後接受鳳凰網科技採訪時談到了最近對於聯想的抹黑和無端造謠。,4.571,3.333
sentence_00058,sentence,快樂的待在現友同溫層,7.0,6.667
sentence_00975,sentence,不像信義區統一時代分店全部都有,4.333,5.0
text_01389,text,今年庇護工場年節特賣產品包括喜憨兒的甜蜜蜜禮盒、慈泰的喜福堅果禮盒、集賢的喜福花漾禮盒、久大的LED節能燈管、愛盲的歡喜皁禮盒等，內容包羅萬象。,6.571,4.167
text_01498,text,NJ將順利擊敗TPA，沒想到TPA硬是闖過這關，殺入4強賽。,6.222,5.25
sentence_00510,sentence,吃了高血壓可就拿不下來了,3.4,5.8
sentence_02088,sentence,是一年中最吉祥的日子,6.333,4.0
sentence_02028,sentence,他回應已一切就緒,6.5,4.5
text_02431,text,然而，在這提倡外向者比較吃香的社會，不管在學校或公司，內曏者無疑是容易被忽略的族群，如果你也有總被當隱形人煩惱，今天的文章將和你分享4種職場內曏者的生存法則。,5.375,3.444
sentence_02468,sentence,不能被負面能量衝昏頭迷失自我,6.0,5.667
sentence_00667,sentence,宇宙超級無敵大仙女嘻嘻,7.0,6.0
text_02204,text,分析稱，貿易戰既可以成為特朗普贏得大選的決勝籌碼，也可能演化成他的弱點，關鍵取決於貿易協議達成的時機和力度。,5.0,2.444
sentence_00678,sentence,還有勇氣遠去嗎,3.667,3.0
sentence_00509,sentence,連飯都不肯自己吃,3.5,5.5
text_01250,text,記者會過程，臺聯立委林世嘉等和臺大醫院創傷醫學部主任柯文哲也到了現場，柯文哲接受媒體訪問時批評說，法務部越描越黑。,3.5,4.857
sentence_01531,sentence,一旦廢除收費站,4.4,6.25
sentence_00127,sentence,大部分有良知的還是通過不發聲來做到實事求是或者至少不歪曲事實,6.5,5.5
text_02468,text,而更令玩家動心的是，G502Lightspeed支援LightsyncLED，能夠以酷炫的燈光來配合你的遊戲操作。,6.143,5.625
text_00781,text,正值奧運期間，登記手續比較繁鎖，我們正在研究工作細節，儘量簡化登記手續，期待您再次光臨，並對我們的工作提出寶貴建議！,5.25,4.286
text_02378,text,新竹湖口一名甲保廠履車廠服役的徐姓男子，為了想要休假偷懶，竟然向連上長官稱說，自己的爺爺、奶奶和外婆相繼過世，企圖騙取每次8天、共24天的喪假。,3.0,5.25
sentence_01761,sentence,終止後的第九天清晨,5.0,3.667
text_00484,text,當然..你可以正名但也請不要一竿子打翻一艘船會選TOYOTA的人並不是無知或是沒做功課只不過每個人需求不同罷了其他車廠有TOYOTA所沒有的優點有更好的超控，底盤，動力，安全但是TOYOTA也是有他所有而其他廠比不上的優點所以請不要說選TOYOTA的人就是沒做功課誰買國產車是像選衣服一樣隨便買的?,3.25,5.889
text_02372,text,又或想像一條人行道有些許紙屑，如果無人清理，不久後就會有更多垃圾，最終人們會視為理所當然地將垃圾順手丟棄在地上。,3.5,3.857
text_01951,text,阿富汗母親：「我們沒有足夠食物，有時候孩子什麼都沒得吃，如果我丈夫有工作，就可以有食物，如果沒有，大家都得捱餓。,2.875,5.0
sentence_00716,sentence,還可以促進課金,6.75,4.6
sentence_01422,sentence,金屬製品的狂歡,6.0,5.0
sentence_01391,sentence,全跌落伊朗境內被俘,3.0,3.75
sentence_00330,sentence,?魚湧門市都休息一天,4.0,3.5
text_00796,text,一樓大堂西側有一個酒吧，晚上和幾個朋友一起小坐了一會兒，裏面環境不錯，東西也不貴，同樣憑房卡還可以打8.8折。,6.5,4.556
sentence_00246,sentence,又或者跳出軀殼才能看到整體,4.5,3.5
sentence_01018,sentence,白宮是小喇叭下達命令的指揮中心,5.0,3.0
text_01984,text,太多台灣支持FACE的以己度人，因此很難理解為甚麼全世界有這麼多人反對FACE。,3.75,6.429
text_01599,text,最關切的議題，不外乎是景氣與就業，也就是對飯碗與生活的憂慮，與此密不可分的正是物價之波動。,5.5,3.714
text_01932,text,她說，臺灣的慷慨援助提醒大家，世界是大家庭，彼此應互相幫助、雪中送炭；美國感謝臺灣及各國朋友，在這段艱難時期伸出援手。,6.667,5.875
sentence_02115,sentence,可是如果違抗我的命令,3.6,6.25
sentence_02042,sentence,波蘭關係在政治議程之外甚至高於議程,4.5,5.0
sentence_01220,sentence,支配與施暴的生活便隨即展開,3.0,5.0
text_01480,text,臺灣電子競技聯盟TeSL)於2008年1月正式成立，由上櫃遊戲廠商華義國際、遊戲橘子等業者共同集資設立。,5.286,2.25
sentence_00971,sentence,那也犯不著給他們到處遊走找藉口,3.4,6.5
sentence_01414,sentence,看來這一切我都是自作多情了,3.5,5.8
sentence_00327,sentence,其他日本婆媽小聲議論,4.333,5.333
sentence_00133,sentence,歐洲機械裝置製造業也將受到美國關稅升級的衝擊,3.5,2.5
sentence_00747,sentence,一定要把這個邪惡的體制徹底消滅,6.5,6.5
sentence_01321,sentence,我能報答的禮物,6.0,3.0
sentence_02265,sentence,時間只能改變那些原本就不夠堅固的東西,4.667,5.333
text_00688,text,總的來說：失望！,2.889,6.444
text_00780,text,感謝您對國賓大酒店的認可。,5.889,3.75
text_00390,text,如果立法強制規定要有ESP跟氣囊各數要求那些賣不好的車廠會死得更慘.....換個角度想如果F牌國產也只有兩氣球無ESP....那會賣得更好還是更壞?,3.625,5.429
text_01605,text,香港中評社發表專論指出，在釣魚臺爭端初期，美國只是一再宣稱釣魚臺適用於《美日安保條約》，希望以此來威懾中國，逼迫中國在爭端中讓步。,4.5,4.778
text_00160,text,開始會擔心裏面的附贈品不知道會不會有，看來是有的，朋友收到了很開心也很喜歡,6.375,5.375
text_01083,text,錢、債務煩惱、煩惱單親父母因照顧家而累壞了，經濟壓力對單親子女造成不少的陰影。,2.571,4.0
sentence_00571,sentence,缺乏睡眠會扭曲你的基因,4.5,4.75
sentence_01641,sentence,其狼子野心可見一斑,3.333,6.333
text_01269,text,不論是寵物餐廳還是寵物友善餐廳，請大家都不要將店家給的方便當隨便，看好自己的寶貝，既然帶他上餐廳，就應該遵守基本的用餐禮儀，教他學習乖乖留在你身邊吧！,4.625,4.833
text_00903,text,6、裝XP後機器中的光盤都有驅動，好像不缺什麼驅動，裝XP時在客服的指導下很順利，就是IDE下裝的，不知道是否慢了。,5.222,1.75
sentence_02139,sentence,脫褲子放輕快屁,5.0,3.0
text_00605,text,早餐尚好，勉強過關，比三亞喜來登差了n倍，當然，價格差沒差那麼多。,3.429,5.0
text_02049,text,10日上午9點多，新北市汐止區大同路與茄安路口，一名男駕駛疑似會車時不耐煩，猛按貨車喇叭，結果司機不滿下車理論，雙方爆發衝突。,3.286,5.333
sentence_00738,sentence,並且可能是令人羞辱地,3.0,5.25
text_02080,text,但，小棲收到另外一個訊息，今年下半年會有另一場戰役發起，其中不排除會有大規模的品牌間聯合，只是攻守雙方換位了，貝殼進攻。,4.833,5.875
sentence_01022,sentence,離扣扣二審判決就過去一個月了,5.0,2.0
text_02682,text,感恩有一部分是來自於互惠，也就是受了別人的幫助之後會燃起的一種情感，這種情感又會促使人去回饋或幫助他人。,7.429,4.667
sentence_02372,sentence,只要我們宣傳得力,6.0,5.75
sentence_01477,sentence,讓我感到一片哀傷,3.4,4.75
text_00180,text,有時候，一本好書的標準不是情節多麼跌宕起伏，場面描寫多麼宏偉，蘊涵的社會意義有多深，這些，在很多時候都不是讀書的目的。,5.5,5.0
text_00561,text,感謝您對大連銀帆賓館的滿意和支持！,6.6,5.333
sentence_00714,sentence,以延畢一年的代價,4.0,5.25
text_00344,text,這位大大，我想你誤會我的意思了，我原文的意思是把護衛隊會拿來反駁樓主的理由都列出來，我裡面寫的每個理由都是我在這個版看到人家每每拿出安全性來質疑時他們提出的理由，你不妨多在這個優質的版多多閒晃，到目前為止我看到說某F牌妥善率很差、常常維修的大多是聽朋友說、家人說、長輩說的!希望可以換點新花樣，例如聽二奶說、聽細姨說，我想會比較新鮮!,3.75,6.0
text_02706,text,高雄鼓山區一家設計公司收到一個詭異包裹，不過馮姓負責人開啟竟發生爆炸，造成他全身60%的2度燒燙傷命，還在加護病房治療中。,2.889,6.25
text_00681,text,四星級，整體感覺是最有品質的，訂房臺給的是轉角的2715房，非常舒服,7.375,5.778
text_02645,text,雖然Linux社群在Windows系統的失誤中茁壯成長，也吸引越來越多的人嘗試使用基於Linux的發行版本，給人一種欣欣向榮的景象。,6.625,5.0
text_02617,text,他們的消費力也不容小覷，有資料顯示，2015年度與老年人相關的商品和服務佔GDP的8%，約4萬億元，但到2050年時很可能達到GDP的1/3。,6.0,3.778
text_01632,text,疾病管制局副局長施文儀日前在臉書上質疑美國免籤，並反對陸生納入健保政策，引起外界非議。,3.9,4.625
text_01228,text,如果同學們知道有同學懷孕了，也要一起好好學習保護少年媽媽，這將是很好的親職教育過程，一起將心比心，一起迎接新生命。,6.333,4.625
text_02446,text,即使我們承認胚胎是一個人，這也不表示女性就不能墮胎，因為女性對自已的身體有自主權，而這個自主權，並不會因為我們承認胚胎是一個人，就可以剝奪走的。,5.375,4.857
sentence_01189,sentence,都是出於施捨者,4.5,4.5
sentence_01420,sentence,讓他未來的歲月全部耗費在司法訴訟中,3.0,6.667
sentence_01093,sentence,1說是制度悲哀1說是人悲哀,4.0,4.667
text_00890,text,裝個XP，結果好像是沒有安裝合適的驅動，所以打魔獸爭霸都卡的要命，打華碩售後服務，原來在官方就沒有針對XP的驅動，大部分都是VISTA下的驅動,3.375,4.667
text_02108,text,即使僅僅按照瑞幸2018年2.4億美元的淨虧損速度，不考慮它維持增長需要增加的投入，也不過是支撐2到3年的時間。,3.111,4.556
text_00254,text,明明是個比何適好一百倍的男人，明明是個比何適更加適合她的男人，步懷宇，讓人覺得可以依靠的成熟男人。,6.625,4.0
text_02619,text,常把苦菜端上桌小滿節氣人體生理代謝旺盛，營養物質消耗會增多，應及時進補，且偏於清涼，切忌過於溫熱，損耗陰津，過於寒涼的食物也不要攝入過多。,5.167,3.625
sentence_00677,sentence,已隨季節更迭而培養起的身體敏銳知覺,6.4,5.0
sentence_00492,sentence,我媽現在催婚的手段越來越高明瞭,4.0,5.75
text_01535,text,黃淑文說，當她看到榜單出現的是符合父母期望、卻是自己不拿手的師大地理係時，心中確實有一股失落感，感覺被囚困在世俗的眼光和父母的期許裏。,3.25,4.833
text_02075,text,套件中包括了鍵盤、滑鼠、麥克風、耳機/支架、滑鼠墊、甚至PS4遊戲手柄，以充分滿足你對於外設外觀的一致性追求。,5.875,4.25
text_02623,text,雖然現在換臉影片已經不稀奇了，不過通常製作出令人信服的Deepfakes假影片剪輯需要大量的資料對模型進行反複訓練。,5.0,3.0
text_02418,text,這種首圖怎麼放都好像會得罪到粉絲的主題，只好犧牲一下如夢近期特別寵愛的平野??惹～反正這孩子的人氣也確實高到兩個排行榜都擠進前10囉。,5.857,3.286
text_02785,text,想要改善家中的空氣品質，除了挑選優質的機型，也必須建立正確的使用觀念，定期更換濾網才能達到過濾髒空氣的最佳效果，髒濾網不但讓造成二次汙染，也讓機器耗損更快！,5.375,4.1
sentence_00746,sentence,連別人行房都逃不過他們那睿智的眼光,3.667,4.667
sentence_00249,sentence,所以說果然不宜傷春悲秋嗎我靠,3.0,7.667
sentence_00618,sentence,?自在菩薩行深般若波羅蜜多時照見五,5.333,1.333
text_01897,text,挨一頓打，外加言語羞辱，說你不愛國啦，沒有國家你連受教資格都沒有之類的話，搞得老師，校方一個個嫌貧愛富,3.25,5.375
text_00764,text,自助早餐很豐富，但是價錢比較貴。,5.444,3.375
sentence_00964,sentence,美國政府只是像養狗一樣放縱他們撕咬自己曾經的祖國,2.5,6.5
sentence_01742,sentence,袁氏以紙之假言告師長處,4.75,4.6
text_00697,text,我們會努力改正您提出的意見，加強員工的教育，真誠希望您的再次光臨！,6.429,5.714
text_02711,text,十多年前，要從英冠升上英超，成功方程式大抵只有一個—體力化、衝撞、勇猛、有死球殺著，再加一至兩個頭槌王。,5.6,5.143
text_02969,text,對此，鄭剛今日在個人微博號@哈羅航行連續發微博指責周美毅，稱自己和她認識的短短幾個月就被她下圈套、設計和陷害。,3.167,5.333
sentence_00473,sentence,所以人的素質比較能提高,6.333,4.0
text_01180,text,畢業典禮那天，我故意扣住他的畢業證書，他媽媽來找我，懇談了很久，兩個人談到抱頭痛哭，卻對孩子的拒絕學習一籌莫展。,3.444,6.714
sentence_02461,sentence,有大夫說是心血管痙攣,4.0,6.0
sentence_01377,sentence,總有一些骯髒齷齪之人為了蠅頭小利甘願當狗腿子漢奸,2.667,7.0
text_01853,text,但基本上，「我們支持改革，行政院也支持」。,5.875,4.857
sentence_01994,sentence,馬來西亞國民陣線前政府的土地交換計劃出現嚴重疏漏,3.0,4.25
text_02964,text,駐紐約辦事處長徐儷文美東時間22日見證州眾議會通過友臺決議，州參議員史塔維斯基與州眾議員金兌錫、牛毓琳、布朗斯汀向徐儷文致贈褒揚狀。,6.375,3.571
sentence_01659,sentence,那為什麼現在我們國家步步走向繁榮,6.333,6.0
text_01842,text,施顏祥說，這是管理問題，借支獎金作法，應該檢討。,4.143,4.0
text_02110,text,但是在半導體工藝進入10nm之後，晶片製造難度越來越大，效能提升也越來越不明顯了，摩爾定律也多次被人質疑了，IC產業會不會就此終結在10nm以下節點了？,4.5,3.0
sentence_02085,sentence,同時竟同性戀氾濫,3.0,5.25
text_00707,text,該有的都有了，無可挑剔。,6.111,4.429
sentence_00384,sentence,身上透著一股野獸般狂暴的氣息,4.667,5.333
sentence_00491,sentence,只有窮人才整天在推上勾心鬥角罵罵咧咧,3.0,6.75
text_02852,text,資深藝人馬如龍上月才歡慶80歲大壽，豈料18日22歲的外孫黃博鈞就因為車禍意外身亡，不僅白髮人送黑髮人令人悲慟不已，也讓馬如龍原本的肺腺癌病情加重。,2.6,4.286
text_01358,text,三溫暖員工發現不對，將男友攔下，趕快跑出門口呼喊經過的員警，這時才叫了救護車，將吳姓少女送醫。,4.25,5.429
sentence_00324,sentence,福建南平一位外賣小哥在路口違規停車,3.4,4.0
text_01557,text,蘇丁16日告訴法新社記者，「這番粗俗言論不應出自一名法官和最高法院法官)候選人之口」。,3.778,5.75
sentence_02017,sentence,粉絲秀20年珍藏求籤名,6.0,2.667
sentence_00334,sentence,嘮嘮叨叨這類事情,4.0,5.0
sentence_01154,sentence,晚上一邊過敏發作狂噴嚏一邊洗嬰兒屁股以及唱歌講故事陪睡,4.0,5.333
text_02558,text,自從中國於2018年爆發非洲豬瘟疫情後，這個對豬隻而言無藥可醫、難以根除的病毒就迅速在亞洲國家之間擴散。,2.75,5.556
sentence_00752,sentence,我太瞭解自己了,6.667,5.0
sentence_01857,sentence,何必因為欠債而做出這種如今要悔恨終生的事,3.0,5.667
sentence_01165,sentence,奴隸的祖輩一開始被奴役時,3.667,4.0
sentence_02142,sentence,韓國被尊崇被發揚光大,7.0,5.2
text_02580,text,在一個案例中，官員根據一名看起來像哈里森的嫌疑人的證人描述，上傳了演員伍迪·哈里森的照片，嫌疑人後來因小偷竊而被捕。,3.667,4.333
text_01902,text,你也不想好好解釋清楚，學生衝行政院了，跟警方衝突，一堆人受了傷，結果你們也只丟下依法行政，不理不睬的態度著實讓人心寒，只能說，這次事件，傷害最大的還是你們九點二集團啊，想搞威權復辟，不尊重人民，搞到沒人替你們講話,2.875,6.444
sentence_01432,sentence,不在心平氣和時,4.0,5.667
sentence_00925,sentence,但他知道喜劇演員與丑角是不一樣的嗎,4.75,5.75
sentence_01543,sentence,即使沒有人為你鼓掌,5.5,3.5
sentence_02227,sentence,原本意氣風發的人愣了愣,4.0,5.0
text_02298,text,但這項研究無疑是一大突破，將會對愛滋病患者的生活產生巨大的影響，因為如果正確服用藥物他們不會影響伴侶了。,6.778,5.0
sentence_02132,sentence,但會持續在推特發一些生活瑣碎的事情,5.333,3.667
text_02079,text,歷史從來都由勝利者書寫，五四運動不過也是一個任人打扮的小姑娘，愛國、民主、科學的光環不過是強抹的脂粉，看起來令人賞心悅目罷了。,4.0,5.571
text_02351,text,受汽車銷售縮減和後續汽車研發成本攀升影響，本季度營業淨虧損為25.040億元人民幣，同比增長了68.2%。,4.5,4.625
sentence_01664,sentence,我不肯繳納罰金,3.0,5.667
sentence_00795,sentence,而且還精心準備了諸如體育用品,6.5,6.0
text_01695,text,當時「萬年國會」正當性不足，才藉由「國是會議」取得後來修憲的正當性基礎。,4.5,4.75
text_00252,text,第三者，逝去的四年的時光留下的也不會是愛情，只是對於年少的懷念。,4.556,4.571
sentence_01578,sentence,最奇特的就是都是簡體字呢,6.0,6.0
sentence_00827,sentence,當然是理世寶貝,7.0,5.667
text_01144,text,陳揆：沉迷電玩很傷眼陳揆表示，年輕時玩過打網球、足球的電玩，電玩當產業看，很適合東方人，把文化歷史融入軟體設計，對玩家可刺激末梢神經、瞬間狀況的反應，但呼籲不要太沉迷，「電玩對眼睛不是很友善的遊戲」。,5.889,4.556
text_00748,text,房間比較老舊，電梯果然如網友評價非常慢，所謂2003新裝修實際只是大掃除一下。,3.143,4.556
text_00567,text,美中不足之處是早餐一般，有時客人沒有吃完，早餐部的服務人員就自己坐下來吃了，需要改進。,2.857,4.857
text_01738,text,我有可靠消息，學匪鬧得太過火有的民眾已經無法忍受,3.111,5.167
sentence_01331,sentence,蔡英文已經不止一次違反中華民國憲法,3.0,6.667
text_02863,text,以前我也曾和他們一樣，深陷親子關係的泥沼中，用盡所有的本事和資源，仍沈溺在無助中，有時絕望到想乾脆死掉算了。,1.857,7.667
sentence_02548,sentence,恭敬頂禮本師大悲尊,7.0,7.0
text_00811,text,還好，酒店的應急方案不錯，並送了一份水果致歉，最好告訴我說是新來員工擺烏龍，這個理由有點勉強。,4.222,5.0
sentence_01326,sentence,張會感染全世界,4.75,5.75
sentence_02327,sentence,整個中國汽車市場就不景氣,3.5,5.25
sentence_00536,sentence,每次見面還是很新鮮呢,6.5,6.0
text_01806,text,美選邊站損中美關係提到中美關係，文章指出，中美同是太平洋國家，寬闊的太平洋也有足夠的空間容納中美兩個大國。,5.0,4.375
text_01843,text,推薦給每一個希望自己獨立和清醒的人。,5.667,4.125
sentence_00963,sentence,不如說是犯罪的天堂,3.25,5.5
sentence_01656,sentence,非常出乎意料的國家,5.0,5.8
sentence_01174,sentence,狠心棄養自己的骨肉,2.6,6.0
text_01883,text,對抗日本右傾政權，迫其承認釣島爭議，階段性軍力對峙本無可避免，只是今日中國的國際處境並未比過往局勢更糟，沒有道理非得走上戰爭一途才行。,4.444,4.143
sentence_02059,sentence,更多地渴求我吧,6.0,8.333
sentence_01633,sentence,一隻小蟲不偏不倚掉在眼球上,3.5,4.75
sentence_00561,sentence,平田博士說現在確實有問題,3.6,3.5
text_00938,text,1、本商品最值得一提的就是性價比，hp的品牌，P8600的CPU，這就已經足夠了。,6.333,4.5
text_02384,text,5月16日美股盤後，英偉達釋出截至年4月28日的2020財年一季度業績，優於市場預期，盤後股價一度漲6%。,7.25,5.571
text_01471,text,願臺灣產業升級，經濟振興，人人有工作，家家都歡喜；願社會和諧安定，大家相互關懷，互助合作；願全民充滿朝氣，相互激勵，迎向新挑戰，開創新世紀。,6.75,5.571
text_00458,text,幾年前剛遷新車不久，在南二高關廟路段，也因為壓到不明的東西，左後輪爆胎，還好當時沒有急剎，也有抓穩方向盤，慢慢滑行到路肩，有驚無險，不然時速110翻車可不是好玩的。,4.333,5.286
sentence_02079,sentence,應該是暴風撿到,4.333,5.667
sentence_02118,sentence,談判一定會討價還價,4.0,5.0
sentence_01564,sentence,不需要害怕弄痛我,6.667,5.0
sentence_02543,sentence,我點著頭很莊重地點著頭,6.5,5.75
text_00393,text,可是交車時，的確有的地方有待改善，我想打7分或8分。,4.5,4.375
sentence_01034,sentence,在加上臺灣一面倒向美國,4.0,3.667
text_00948,text,老爸叫我回報一下之前狀況也是冷氣剛開會有酸臭味我爸說只要開送風就會有，冷氣吹幾分鐘後＋開窗才會淡掉最近幾天告知老爸網路上也有一樣狀況他就打電話給當初的業務請他處理業務請我們去原廠裝負離子空氣濾清器（有點不確定名字）800元神奇的是弄了一小時之後，真的沒有味道了！,6.143,5.333
text_00426,text,在台灣，選Toyota不會後悔。,6.0,4.125
text_02924,text,中國家用電器協會副理事長徐東生表示，目前市場正處於低潮期，整體行業都在承受消費需求銳減的陣痛，企業也在積極尋找新的需求點。,4.286,3.714
text_00962,text,第一次在京東買筆記本，有點擔心，不過看來是多慮了，完美屏全新機,6.667,5.25
text_02262,text,根據明斯特大學的行星學家的研究，44億年地球與忒伊亞的碰撞不僅形成了月球，還帶來了使地球變得宜居的水。,5.333,4.286
text_01327,text,曾經是「不被看好的孩子」，明道大學材料科學與工程學系吳信達助理教授以一顆永不放棄的心，突破困境，拿下準世界發明家獎「化學發明獎章」；他相信只要努力就會有收穫，那怕只是一顆小小的螺絲釘，也能開創一番大成就。,7.556,6.375
sentence_01711,sentence,路上很乖不哭鬧,6.8,3.2
text_00928,text,在下載應用程式時，應仔細閱覽並完全瞭解你所作出的許可聲明。,5.125,2.857
sentence_00152,sentence,現在關燈躺下閉眼又大聲嚎哭出來,2.667,8.333
sentence_01039,sentence,讓中共迅速壯大,4.0,4.0
text_00459,text,車是新的，胎也是新的，真是嚇死了，還好後來買車的業務免費幫我換了一條。,5.5,6.125
sentence_02094,sentence,是全世界人類的恥辱,1.5,7.75
sentence_01065,sentence,更不見有任何才智足堪替,3.6,4.25
text_00363,text,當你沉浸在你無敵好正確的商業邏輯的時候有沒有轉過來認真思考一下工程邏輯是什麼？你有沒有認真正視過工程專業的堅持豐田戰本田，網路大戰至少戰了20年為什麼戰個不停沒有結論交集豐田管理出幾本書本田管理出幾本書豐田成功或者本田成功或者說誰信仰豐田的成功，誰信仰本田的成功學而不思則罔,4.444,4.143
text_01068,text,飛航安全是一項只有起點沒有終點，且必須徹底執行的工作。,5.778,3.0
sentence_00260,sentence,我們被通知由於中國的一個國家購買了大樓,5.0,1.667
sentence_00383,sentence,那麼大大多數人還是錯誤的,3.333,4.0
sentence_00718,sentence,中華人民共和國內政腐敗侵害人權,1.5,5.5
sentence_01797,sentence,哥哥們的立場真的為難,3.5,5.0
sentence_01437,sentence,刺痛他或者讓他飄起來,5.0,5.333
text_02113,text,據官方統計，此次的年度盛典成績不俗，線上觀看近2000萬，全網過億曝光，微博話題映客527星光夜累計閱讀量破億，600萬份互動禮品被迅速搶空。,6.4,5.857
sentence_00439,sentence,但借它攻擊整個中國的人權是無聊的,3.5,6.0
sentence_00935,sentence,清明生日也是4,5.0,2.667
sentence_00518,sentence,我在美國四次被人進行身體上的侵犯,2.333,6.0
text_02217,text,據索尼向美國專利商標局申請的檔案中提到，他們描述到一款有著震動反饋的VR手套，甚至會有移植到其他服飾上，像是帽子、褲、上衣等的可能，而且會有冷、暖感。,6.0,5.571
sentence_01359,sentence,知道了什麼是資產負債表,5.0,4.5
text_00281,text,哈哈這跟這主題有關嗎?,4.25,5.333
sentence_01879,sentence,就會變得乏味枯燥單調,3.5,4.667
text_00873,text,精緻，做工雖然比不上Z系列但是也算得上是筆記本中的上乘，而且在sony的本本裡性價比算比較出色的。,6.6,5.125
text_00908,text,附帶軟件比較充足，有送一年免費的殺毒軟件，驅動和VISTA光盤都有。,6.111,4.5
sentence_00563,sentence,難得悠閒的旅程,7.25,3.8
text_01385,text,高雄鳳山這場大火困住一家10口，3人自行逃出，還有7個人受困火場，就在11歲的小妹妹被救出時，一度出現找不到救護車的窘境，救護人員搶時間跑了200米，還好最後是巡邏車接力應急，這也引發救護車不夠的質疑，消防局表示，他們在第一時間出動了3輛救護車，比臺北市標準流程1輛還多，只是沒想到受困人數太多，一發現就緊急增派，順利將傷者送醫，並沒有延誤。,3.714,4.333
sentence_02221,sentence,涉及社會全方位的弊病,3.5,3.75
sentence_00739,sentence,我們在原則問題上決不讓步,6.0,6.667
sentence_00701,sentence,要求美國行政部門積極支援擴大臺灣的國際參與,6.667,6.0
sentence_00498,sentence,又笨的不醒的佔多數,3.0,4.25
text_00857,text,另外購買了聯想的X61T（朋友在美國帶回來的，*^__^*)嘻嘻……），所以想賣了臺1000HE，黑色的，原盒原京東包裝都在，如果是東莞的來看機最好，機子全新，貼了酷奇納米銀的鍵盤膜，絕對全新，發票單據齊全，京東給我的一樣不少，有意思的聯繫QQ282369262我手機13431221132,5.0,4.0
sentence_02440,sentence,火勢終於在今天清晨4點多撲滅,5.0,4.333
text_02413,text,匈牙利的多瑙河29日發生兩艘遊輪相撞事故，造成7名南韓旅客喪生，另有21人失蹤，過去幾週降下大雨讓多瑙河水位高漲，水流較平日湍急，要找到倖存者的希望渺茫。,2.6,3.857
text_01524,text,對此，小兒科黃瑽寧醫師表示，這種現象應該只會出現在男孩子身上，女孩子比較少。,5.111,4.125
sentence_01084,sentence,吵架也是一種溝通,6.0,5.0
text_01319,text,「終於還是走到這一天，要奔向各自的世界，沒人能取代記憶中的你，和那段青春歲月」，在「放心去飛」歌聲中，慘遭割喉的方小弟就讀的國小，三日舉行集體創傷輔導及哀悼儀式，同學們哭紅了雙眼摺紙鶴，還寫下卡片以黃絲帶係在校園樹上，傳達最哀痛的思念。,3.556,4.5
sentence_00171,sentence,美中兩國貿易摩擦加劇,3.5,5.5
text_01465,text,嚴重燒傷忍痛一晚燒傷自己引發大火林嫌供稱，他月薪2萬多元，請父母每月幫他定存5000至1萬元，日前他檢視存摺，卻未見幫他存款，生氣問父母，並和父親發生激烈口角，前天下班，他一度不想回家，後來聽魏姓老闆的勸才回家，途中跑到新埔河濱公園，抽取自己機車的汽油，用1公升裝的汽水寶特瓶盛裝。,3.5,4.5
text_02449,text,氣象局今早也針對中南部9縣市發布大雨特報，預估這波雨勢要下4天，下週二鋒面逐漸減弱，然仍有午後雷陣雨。,4.778,3.111
sentence_02251,sentence,這種隨心的暢快,7.0,5.25
sentence_02473,sentence,流失血液裡的執著,4.5,4.5
text_02757,text,今次法案委員會會議，有一個前所未見?奇怪現象，就係無論個會開成點，會議場內幾亂，都唔見有保安執行主持命令，驅趕議員離場。,3.667,5.625
text_00986,text,光驅：讀盤能力強，用來放D版碟都沒問題.,6.375,5.5
sentence_01682,sentence,走失在彰化埤頭,3.5,4.5
sentence_02175,sentence,手機可望在2019年下半年回溫,7.0,6.0
text_00583,text,當然好的地方也是有的，自助餐還不錯，內容比較豐富，味道也不錯，特別是那個什麼蝦。,6.444,5.0
text_00148,text,強烈建議大家讀讀這本書！,6.571,6.167
text_02439,text,日本和韓國長久而來因著戰爭和殖民歷史而有矛盾，雖然近年日本官方極力阻止軍國主義勢力抬頭，但民間仍然會出現這些聲音。,4.375,4.111
text_01635,text,法國則一方面容許公務員追求和位居選舉性公職而不失去原有公務員地位；另一方面透過「保留義務」，對於公務員施以兼具法律和道德的壓力，使其在表達意見時，必須慎重、節制、均衡，不致流於過度。,5.222,4.0
sentence_00602,sentence,當你的生命力在我眼前一點一滴消逝,3.0,4.4
text_02145,text,最近一次弄了一個真實度99%的大叔鬍渣下巴，一付有血有肉的紅潤面板色澤，嘴巴掰開來有牙齒牙齦，丟幾枚硬幣進去…天呀原來是零錢包是要嚇死誰…。,5.0,5.667
text_02824,text,桃園一名鍾姓男子穿著刑警背心，還配戴BB槍跟無線電，長期在釣蝦場裡滋事擾民，結果來了個真員警當場被識破，他邊發抖一邊辯稱只是在玩角色扮演！,3.857,4.667
sentence_01442,sentence,推特投訴郵箱為,5.0,4.333
sentence_01352,sentence,17世紀就被外科醫生用來治療外傷口的癒合,6.0,2.5
text_01350,text,大年初一就發生酒駕肇事重大車禍。,3.75,4.833
text_02524,text,BusinessInsider點名七種職場最忌諱行為，只要擁有其中一項就可能成為職場升遷道路上的最大阻礙。,4.5,5.833
sentence_00831,sentence,當男性誇誇其談鄙視身邊女性的觀影片單,3.0,6.667
text_02603,text,不過，陳沒注意到女子的男友在旁，也沒注意到有熱心路人早已發現他在偷拍，被害女子的男友與路人隨即上前攔阻。,4.4,5.429
text_01606,text,但是中國並沒有被美國的幾句聲明所嚇倒，反而果斷的採取取了強硬反制措施，這使得美國開始逐步考慮透過加強軍事部署的手段來震懾中國。,4.125,4.375
text_02223,text,近一年來，Intel處理器缺貨問題嚴重影響了整個PC行業的發展，尤其是筆記本，市場需求旺盛卻得不到滿足，那是相當的憋屈，同時也給了AMD趁虛而入的良機。,4.556,4.556
text_02837,text,電影題材緊貼現代社會人際關係，扺死到肉，觀眾冷眼荒誕世情，忍俊不禁之餘，也猛然驚覺，對照一下自己，原來也是不遑多讓，五十步笑百步而已。,4.25,4.714
text_00999,text,其次，從配置上來看，比較均衡，並且據評測，顯卡的能力要比105GM強；LED的螢幕比TFT感覺舒服，200萬的攝像頭也實用。,6.444,5.222
text_01679,text,當今的縣市長施政，綠營的比較有能、有感，藍營則無能、無感。,5.0,4.333
text_01972,text,隔天馬於國民黨中山會報表態支持縮減，還強調這是改革的一部分，應回到「有盈餘纔有獎金」的原則。,5.0,5.125
text_02115,text,一件爆款商品突然有了一個差評，在網上賣原創服飾的趙磊忐忑地聯絡了給出差評的買家，萬幸這不是一名職業差評師。,5.0,3.5
sentence_01862,sentence,超音波是一種非侵入性,5.0,4.0
text_01182,text,他對學習毫無動機和興趣，上課都在睡覺或鬧同學，我寫過很多次聯絡簿，也打了無數通電話給家長、去家訪，家長說她都知道，小孩打也打了，罵也罵了，送去安親班還被退貨，人家不收。,4.0,5.667
sentence_01161,sentence,然而這些帖子非愚即惡卻是不爭的事實,3.0,6.0
sentence_00802,sentence,傻一點不要批判,4.5,3.5
text_00032,text,每次閱讀都會有新的感受，也決定了，不管什麼時候，看到學術講座的書都要買下來好好閱讀好好學習。,6.444,3.143
sentence_02358,sentence,表面上情投意合,4.0,4.667
text_01544,text,臺灣防暴聯盟執行秘書張琳說，去年三月臺中曾發生一起駭人聽聞的兒童兇殺案，起因是一名十五歲的國三女學生與廿九歲朱姓網友交往，兩人疏遠後，朱嫌不斷騷擾女方，女學生事前雖曾向警方求助，卻無法獲適當保護，導致女學生弟弟遭朱嫌殺害。,2.444,6.0
text_01743,text,民進黨面對中國政策應該放下仇恨，多以人權、平等的觀點來看待，讓中國沒有動武的藉口。,6.0,4.714
text_01931,text,災區正辛苦重建，臺灣朋友的支持及援助超過物質上的意義。,6.875,6.0
text_02229,text,一個有缺陷的Windows更新或許會令人煩惱，但還不足以引起人們的恐慌，但是如果是數百名被警方監控的嫌犯或者有前科的罪犯突然失控呢？,3.889,5.375
text_01434,text,王心淩去年傳出介入姚元浩與隋棠的戀情後，灑淚否認自己是第三者，今年王心淩與姚元浩重燃愛火，坦承戀愛中。,4.429,4.857
sentence_02259,sentence,醫院經理讚演出壯麗輝煌,7.0,6.0
sentence_02336,sentence,鑑賞等諸多才藝於一身,6.6,4.5
text_02818,text,5月17日，有網友分享一個奇葩故事，一對深圳情侶吵架，一氣之下把兩個人存的買房款捐給騰訊公益祭奠愛情，但是過了兩天卻又反悔想退款，令人大跌眼鏡。,4.75,4.333
text_00852,text,led冷光屏感覺更舒服，顯卡很好，加2G內存以後，最高質量情況下實況2009完美運行，流暢無比。,7.25,5.833
text_01797,text,就直接可以抵達，不用再像過去一定得到忠孝新生或者是古亭轉車，同樣節省不少時間。,5.429,5.286
text_00773,text,優點很多就不說了.,6.0,5.167
text_00755,text,酒店的服務人員服務態度也不怎麼好，給的房卡也搞錯開不了門，還要我親自把卡送到樓上大廳去換。,2.889,5.714
text_02202,text,事實上，釋出完公司最新一季度財報後，高通專利授權業務主管亞歷克斯·羅傑斯就表示，跟蘋果完成專利和解協議後，將讓他們有更多的精力去處理與華為相關的專利和解。,5.444,3.222
text_00649,text,住豪華標間，寬敞，重裝修較新,5.556,4.444
text_01288,text,玩家不僅能直接在現場體驗「最後一戰4」，而購買遊戲及限量主機者，可獲贈Halo4背包、多功能瑞士刀與數位下載卡等首購品。,6.125,4.625
text_00172,text,才知道原來他們都愛彼此愛的那麼深。,5.875,5.333
sentence_00174,sentence,你有種就堅持下去,4.25,8.0
text_01602,text,就在釣魚臺爭端正處於僵持之際，美國派遣航母進入釣魚臺附近海域。,4.667,3.625
sentence_00868,sentence,來試試創業?挑戰同埋刺激,6.0,6.25
text_01518,text,鼓勵莘莘學子，羅許基金會針對高中（職）以上的單親、清寒家庭學生提供獎助學金，於1日在羅東博愛醫院舉辦101年度頒獎典禮，讓勤奮好學的孩子們能順利完成學業。,6.625,3.889
text_02855,text,57歲的潘兆初現時是高等法院上訴法庭法官，林鄭月娥讚揚潘兆初具備高度才能，為官持正不阿，在司法機構及法律界深得敬重，處理民事和刑事上訴的經驗均甚為豐富。,6.111,3.222
sentence_02044,sentence,只能靠忙碌來麻醉自己,3.667,4.333
text_02725,text,2019年的InnoVEX有超過400家新創共襄盛舉，除了令人目眩神迷的高科技新創之外，有些新創則以聰明的方式解決日常生活中的棘手問題。,7.0,5.286
text_02391,text,天貓淘氣島旗艦店現有兒童棉綢睡衣套裝，原價22.8元，使用5元優惠券後，17.8元到手，近期好價，涼爽舒適，輕薄柔軟，親膚透氣，不掉色不起球，外穿防蚊。,5.5,3.2
text_02968,text,美國政府開出90天的臨時授權，使華為手機暫時免於中止更新的窘況，但在這死亡倒數中，華為有辦法透過自研作業系統突破困境嗎？,3.714,4.75
text_01143,text,立法院質詢話題，行政院長陳沖昨答詢說，經濟部有數位發展計畫，涵蓋遊戲軟體的推廣、外銷等部分；教育部長蔣偉寧則允諾三個月內提出電玩人才甄選升學輔導方案。,5.286,4.143
text_02734,text,警方指出，3位民眾疑似因拍照問題小孩打架引發大人爭吵，雖未影響小哥演出，但周遭觀眾被喧鬧聲驚擾影響，經工作人員處理下決定請員警處理。,3.4,5.556
sentence_01769,sentence,疲倦時靠一靠,5.6,2.75
sentence_00121,sentence,最後又社會經驗萬歲,3.667,7.333
sentence_00145,sentence,第一反應就是反抗,4.0,5.333
text_01183,text,孩子就是不愛讀書，她也沒辦法。,4.0,4.143
sentence_01687,sentence,而且一直很陰沉,3.0,6.0
sentence_00808,sentence,你是不是嚴重低估了小孩的小聰明和智商,3.6,6.75
text_02925,text,慢性胃炎是胃黏膜的慢性炎性病變，常見的臨床表現包括胃脹、胃痛、胃氣多、反胃、嘔吐、食慾減退等，部分病人還有可能出現體重減輕、貧血、舌炎、周圍神經痛等。,4.125,3.5
text_01112,text,「熱情減退」或「積極度降低」等消極性理由，拒絕到校或選擇休學。,3.25,3.571
sentence_01087,sentence,不是給大家當休閒娛樂的,3.25,5.5
sentence_01663,sentence,大家都是顧慮這些還有覺得還能在他身上多少學到一些觀點所以才不放膽嗆他吧,3.667,5.333
text_01856,text,陳揆強調，各部會所屬國營事業績效情形差異甚大，負擔的政策任務輕重也不同，應相對給予不同考量，包括考績與考成獎金是否重迭、同一機構內績效獎金差異及政策性因素的合理性等。,5.111,4.625
text_02073,text,4月30日公佈的網商銀行年報顯示，2018年，該銀行的淨利潤為6.7億元，在目前所有已公佈年報或財報的銀行中，利潤幾乎墊底。,3.5,3.0
sentence_01110,sentence,近視眼感覺受到了冒犯,3.333,5.667
sentence_01246,sentence,這種女生的心思本來就無足輕重,4.333,5.333
sentence_01733,sentence,目的是用來麻痺中國人,3.0,5.75
sentence_01647,sentence,祝郭文貴安然入睡,6.5,5.0
sentence_01151,sentence,陰謀駕機外逃集團,3.0,6.0
text_01196,text,義大副領隊張哲欽表示，這次會面由創辦人林義守親自出馬，期待充分瞭解林益全想法，兩人闢室密談後很快達成共識，最後敲定這筆大型複數年合約，他說：「創辦人肯定益全的拚勁，還鼓勵他就從這次入選經典賽拚起，拿出最佳表現秀給國人看。,6.6,4.4
text_00624,text,海景不錯，屬於在威海最好的吧。,6.889,6.0
sentence_02451,sentence,一定要他超凡入聖才肯向他下跪,4.5,5.667
sentence_00630,sentence,能否讓阿姨畫一下自己的知識框架體系,6.0,5.5
text_00557,text,您好，再次看到您的點評很開心，感謝您再次選擇國賓大酒店入住.,6.5,5.625
text_01554,text,高法院法官資格審查聽證，議員詢問高等法院法官安迪（AndiAzhar），是否應對強姦犯處以死刑。,5.125,5.429
sentence_02127,sentence,一口咬下啖啖肉軟滑香甜,7.0,5.5
sentence_02354,sentence,郵政傳情歡慶母親節,6.667,3.0
sentence_02155,sentence,原來是有被罷官的憂患意識啊,4.0,6.333
text_02324,text,一項新的研究揭示了兩種相對簡單的方法可用於欺騙大腦成像測謊儀，它使用功能性MRI機器而不是傳統的測謊儀系統。,4.667,3.833
sentence_00959,sentence,還輪得到他們一天到晚在網上放屁,3.0,7.5
sentence_02073,sentence,虛心接受他人看法,7.0,3.667
sentence_00972,sentence,不再拿來轟個幾次才是笨蛋,4.0,7.0
sentence_02276,sentence,臺男真的很難取悅,3.0,6.5
sentence_01438,sentence,而不是八面玲瓏的虛偽政客,5.2,6.5
sentence_02195,sentence,太郎那麼賞識康一應該是把他當男人,5.5,4.5
sentence_02454,sentence,否則這輩子的後果堪慮啊,3.0,7.0
text_02280,text,雖然自己仍在中共政權強力維穩的恐懼中，但已做好『站出來』的準備，『中共大限已至』，相關言論引發各界關注。,4.444,4.625
sentence_00591,sentence,必須做出殘酷抉擇,3.0,6.5
text_01637,text,FB上看到下面這段話，實在是令人毛骨悚然。,3.222,4.714
text_00179,text,德國書商和出版商協會主席霍內費爾德讚揚廖亦武，「恢復因鎮壓和壓迫而受苦人民的聲音」。,5.667,5.429
text_00132,text,和日本語的版本相比，翻譯後的文筆平淡如水，情節發展如同夏日中的找吃的狗----無精打采。,3.778,4.0
text_02843,text,前立法院王金平今天在廈門與中國國臺辦主任劉結一會面，王金平表示，中華兒女一家親，本是同根生，血脈文化無法切割，所以，臺獨是假議題，根本行不通。,4.375,3.444
text_00326,text,那為啥國外會用新的引擎，而不用舊的？難道外國人比較喜歡嚐鮮？還是說比較喜歡解決問題？舊車殼也沒啥不好，為啥要換？又不是每個人都是大畫家，對於美感都非常重視...XP也沒啥不好，為啥要出Vista？說穿了，這就是人性...大家都對新的事物會比較好奇...而且會推出新的產品，一定有比舊的產品在某些部份有更進步的地方，不然就不用花費大量研發成本，去推出新產品了，就一直用舊的就好啦，廠商也樂的輕鬆...,4.667,6.0
sentence_01076,sentence,將鑰匙託付給在新疆關押上百萬穆斯林維吾爾人卻毫無悔意的政權,2.6,5.75
text_02859,text,這是一支奇特的隊伍，他們整齊劃一乘車而來，顯得紀律嚴明、訓練有素，但他們乘坐的車輛卻是五花八門，有卡車、麵包車、拖斗車，甚至還有當地的警車。,5.375,4.333
sentence_01202,sentence,質樸踏實的鄰家型,6.6,5.0
text_00317,text,樓主，TOYOTA版的護衛隊惡劣出了名對TOYOTA車子上網抱怨瑕疵的，就是群起圍剿口誅筆伐、譏諷耶瑜建議你的文章，最好再補些照片、工單等證據，貼上來mobile01來大家就有公評不要理會toyota護衛隊的惡毒言語一些拿工讀金還沒不起車的人而已)可以的話進線0800記得錄音存證)如果它們相應不理，接著下來再找媒體、消保官協助toyota的自衛隊，品行真是太差了可憐買它們家車子，安全配備差價格貴，還得忍受自衛隊的戲弄。惡劣,3.0,7.556
text_01000,text,最後，這是一款商務本，穩定性強於家用本是不容質疑的；難能可貴的是，散熱性極佳，我非常滿意！,7.333,4.667
text_00117,text,小朋友可以在裁剪的過程中，鍛鍊到腦的操控能力，在粘貼的過程，訓練自己的堅持性，當恐龍立體展現時，除了知道了有關它們的知識和名字外，最主要是收穫了一份自信和成就感！,6.556,5.857
sentence_01811,sentence,這樣是否合乎情理呢,4.5,5.667
text_00470,text,我也從沒買過toyota的車不是toyota不好純粹是預算剛好不在那個階層;除了老婆曾在加拿大買了一台yaris;但我從不認為別人買toyota就是不懂車或啥的青菜蘿波各有所好如果你的車被說成是垃圾/會撞死人的車.,3.667,6.375
sentence_01861,sentence,本次集資將用於不運回,5.0,4.0
sentence_00393,sentence,既然無法證明那是真理,4.0,5.25
sentence_00083,sentence,男子的鮮紅雙眼流露出不滿,3.0,6.667
text_02474,text,而這，就是天津海昌極地海洋公園短視訊營銷的日常動作，比起那些苦心經營官方號企業團隊，天津海昌公園用自家網紅員工的賬號傳播，顯得非常輕鬆有效。,6.0,4.0
text_00048,text,最愛她《百年相思》裏的《傳奇》捲，原本看似幽暗充滿憤懣的傳說，卻被她溫柔款款地道來，感受那些歷史長流中紅顏女子的喜怒哀樂。,6.0,5.375
text_02141,text,此商品目前在中國特產·莊河館特價至28.8元，可領取7元券，到手21.8元包郵，摺合4.36元/斤，感興趣的值友不容錯過。,6.0,4.875
text_02901,text,玩家將回到法國的黑暗時期，處處都可以發現帶著黑死病病源體的老鼠亂走，鼠群在染病後變得凶惡，四處襲擊人類並將身上病毒擴散開來。,2.333,6.286
sentence_01533,sentence,變得跟狗一樣順從,3.667,3.667
sentence_00031,sentence,12個自然人股東均為集團的創始人,5.333,3.333
text_02427,text,菲軍方司令帕巴若週五表示，當天軍方在南部蘇祿省叢林與阿布沙耶夫武裝分子交火，被阿布沙耶夫扣為人質的荷蘭鳥類觀察員霍恩本欲趁亂逃走，結果被該武裝分子開槍打死。,2.667,5.75
text_00723,text,我入住的時間是4.4~4.6，沒空調真的有點熱!補充點評2008年4月7日：還有酒店的免費接送機服務也是我選擇入住的原因之一!省時省心!好!,6.333,5.875
text_00293,text,相信這才是車廠需要思考的方向。,5.75,4.714
text_00940,text,回去開了CS，開滿32個電腦不卡，顯卡還不錯，還有上面的那個聲音的觸摸很靈敏，摸一下就有反映了。,6.75,5.0
text_00795,text,“美林閣”餐廳在上海挺有名氣，特地去品嚐了一下，的確不錯，憑房卡還可以打8.8折。,7.0,5.778
text_02660,text,有網民稱，一個多次失信的企業，帶著一項尚不成熟的技術，卻得到當地的大力背書，折射出一些地方政府的招商飢渴症。,3.0,4.0
text_02622,text,工業傷亡權益會總幹事陳錦康先生，因病醫治無效，於2019年5月5日晚上在瑪嘉烈醫院病逝，享年六十歲，主懷安息。,3.222,2.25
text_00840,text,外觀是重點，的確挺好看，有點imac的風格，不過拿到手的機器上面不知道蹭了點什麼黑，還好能擦掉，而且最讓我鬱悶的是y330這款在vista下對顯卡的評分竟然比我的y430還高！,3.778,5.875
text_00819,text,我司尊貴客戶預訂，週末入住行政樓層，28樓行政樓層落地窗戶，朝南房間視野很好，可以俯瞰延安西路高架，由於是頂層，高架的隔音也很好！,6.778,5.625
text_00666,text,您反映的問題客服部已記錄，我們會在以後的工作中改善，謝謝！,5.143,3.25
sentence_02116,sentence,違約反定焉知醜,2.333,6.667
text_00428,text,我在奧地利坐朋友出廠四年的賓士柴油車。距離五十公尺。還沒看到車就聽到柴油引擎聲。不知是不是歐洲賓士都比較爛。賓士車或許比較安全。但不見得好開舒適故障率低。,4.0,4.0
text_02148,text,把藝術帶入生活，是陶瓷藝術家李存仁的創作精神，李存仁說，薄胎瓷能展現出各種細節之美，產生瓷、光、影三者的對話，影的層次有千變萬化，也創造獨一無二的美。,6.6,5.0
text_01382,text,正義妹事後到醫院縫合3針，受傷的她不忘回頭安慰被害人，饒婦感謝她的義助，送上紅包及水果，一度被婉拒，直到表明要給她壓驚、去厄運，對方纔收下。,6.0,4.5
sentence_00025,sentence,詢問後才知道他是被用某個特定稱呼喊到厭煩,3.6,4.0
text_00421,text,但是人家國外安全氣囊都9到10顆了，和泰如果真的最多只有4顆，那我真的會很鄙視決定把氣囊拿掉的和泰高層。,3.125,6.375
sentence_02518,sentence,就應該直截了當表達,5.5,4.4
text_00071,text,有些生活，仍是在想像中纔會完美吧，而我喜歡這樣的小生活、小趣味，和淡淡的喜悅和無奈。,6.0,4.333
sentence_00314,sentence,螢幕在手掌包圍下的部分基本上都是可操控的,5.0,3.5
text_01905,text,搞得支持服貿得聲音好像完全被抹殺掉。,3.222,6.0
text_00236,text,不過，整本書看下來，能讓我開懷大笑的也就2、3處，不過足以~~~~在現在的生活環境中能有幾時開懷大笑呀~~~最後，本人想說，此書適合比較有童心的人閱讀~~~,5.667,5.5
text_01297,text,「臺北暗殺星」先於月初的八強賽中擊敗「NajinSword」晉級，繼而在昨天準決賽中遇上冠軍大熱門Moscow5；陳匯中說，Moscow5可能是壓力大又太過輕敵，所以「臺北暗殺星」在不被大家看好情況下，放手一搏，終於打了一場勝仗。,6.875,5.667
text_01336,text,此外，他還獲得2012年世界發明家-化學發明獎章、2012年第一屆世界華人發明諾貝爾獎、2011年中華百業功勳人物大典-能源類學者專家、2011年中華民國國家創新科技獎等。,6.444,3.8
text_02177,text,基隆市1位邵姓男子昨晚與妻子、友人聚餐之後，表示想獨自一人散步，便讓妻子先行返家，但邵男隨後卻被路人發現倒臥停車場內。,3.556,3.5
text_01820,text,民主反對就要用民主來反對怎麼會用暴力來反對這樣跟你反對的人有什麼差別?,3.0,7.0
sentence_00937,sentence,中國人反過來要抵制鴻海你怎敢,3.0,6.667
text_00468,text,以數落豐田的不足來突顯你開福斯的優越只會搞臭福斯車主的名聲擁有如此極端偏頗的觀念沒有資格駕駛福斯批評豐田車主格局小自己卻是自我感覺良好的井底之蛙不尊重豐田車主你也該自愛保障一下福斯車主的尊嚴吧補充說明:你朋友照品牌車主僱人的方式絕對做不久因為比豐田車主更沒格局,2.75,6.286
text_02932,text,2018年10月21日下午四時五十分，臺鐵6432次普悠瑪自強號列車在新馬車站旁發生火車脫軌事故，全車366人，18人死亡，215人輕重傷，震驚社會大眾。,1.143,7.5
sentence_02267,sentence,第二次世界大戰後的瓜分,4.0,5.0
text_02710,text,海關人員昨日在屯門內河船碼頭驗貨場檢查一個從內地抵港、報稱載有廚房用具的40呎貨櫃時，在208個藏有懷疑私煙的紙箱，並與180箱廚房用具混雜於貨櫃內。,3.8,5.0
sentence_02254,sentence,脖子上繫著加重的錨,3.5,4.25
sentence_00994,sentence,我跟弟弟很生氣,3.0,7.5
sentence_00428,sentence,1章咕噠知道真相後的消沉,3.0,2.667
sentence_01962,sentence,原來清潔假新聞也只是口號,3.0,5.25
sentence_01364,sentence,黑暗中的一點螢火,6.667,2.0
text_02389,text,zl01263純棉涼爽POLO衫~天貓精選將於1日0點售價至74元包郵，近期好價，喜歡的值友們不要錯過~,6.0,4.429
sentence_01752,sentence,辯證法的始祖是伊甸園那隻蛇,4.5,2.5
text_02900,text,糖尿病剛開始可以透過藥物、飲食控制及減重等方式治療，若不好好控制，體內負責分泌胰島素的胰島細胞失靈，就得長期倚賴注射胰島素了。,3.556,5.667
text_01572,text,法國在過去兩週來對馬利北部的AQIM發動懲罰性空襲，AQIM是否有時間來策劃新一輪恐怖攻擊仍是未知數。,4.0,3.625
sentence_00239,sentence,現在差的是政府,3.5,5.75
text_01973,text,應考量國營事業的實際狀況及政策因素，反對齊頭式平等。,4.5,4.143
text_01160,text,我們的電玩迷做出的正確決定，希望明年你們看到我們的最新產品時能夠同意這個說法。,5.778,3.0
text_00129,text,這本小說是傷感的，是讓人心碎的，查理這麼一個正直，勇敢的男子漢被無情的戰爭絞殺是任何人都不能接受的，但小託卻要承受這個痛苦，他的家庭是那麼的不幸，以至於他的成長充滿陰影，但他能夠感受生活給他帶來的快樂。,3.0,6.167
text_00949,text,螢幕是完美屏，但色彩稍差。,4.625,4.0
text_00543,text,夜間行走和小孩子玩耍更危險！,3.556,6.571
sentence_02529,sentence,我覺得只是被放在旁邊的泰泰很安適了真的,5.667,4.333
text_02653,text,不是貿易爭端，而是科技誰領導的爭端，但是也沒有用戰爭解決未來誰是領袖的可能，因為兩個國家軍事力量不允許。,4.333,4.444
text_02254,text,提出這項法案的議員AaronPeskin稱舊金山有責任去監管技術的過度使用，因為開發這些技術的公司總部就在這裡。,4.714,2.571
sentence_01565,sentence,印表機被我弄壞了,3.0,5.667
text_02627,text,這些火箭企業已發射了6枚火箭，其中藍箭航太去年10月發射的三級固體運載火箭朱雀一號及今年3月零壹空間發射的四級固體運載火箭遭遇失利。,3.444,4.111
text_02869,text,相較於上次會見明仁忘了扣上西裝釦子被批評失禮，川普這次明顯沒那麼緊張，進入皇宮室內馬上察覺西裝敞開，悄悄伸手扣上釦子。,5.5,2.667
sentence_02110,sentence,可優先躲避在開間小,5.5,4.0
sentence_02242,sentence,但餅乾類不得他歡心,4.0,4.5
sentence_01586,sentence,是我的佔有慾在作祟,3.4,6.0
text_02606,text,今早上約七時半，觀塘油塘道9號小巴站對開位置，有人報案指一輛停泊路邊的小巴，擋風玻璃碎裂，司機在取車時發現小巴內的錢箱被竊。,3.286,5.429
text_01870,text,蔡英文不忘批馬英九的心思在競選國民黨主席連任，「自己國家自己來救」！,4.25,5.5
text_02098,text,據外媒報道，一項新研究警告稱，如果允許氣候變化以目前的速度繼續下去，到2100年海平面可能會上升6.5英尺。,3.0,4.5
sentence_00932,sentence,曰自力更生更可靠,6.25,6.0
sentence_00192,sentence,完全破壞產品的食用期限,3.333,4.667
sentence_00173,sentence,在我的第二屆任期內進行談判的話,5.0,1.5
sentence_01319,sentence,當然天資會影響成效,4.5,5.25
text_00693,text,感謝您的點評，酒店會重視您的建議，不斷完善產品，期待您再次光臨，入住體驗，並給予我們更多建議。,6.222,3.5
sentence_00513,sentence,我甚至開始享受吃藥這件事情,6.0,6.0
text_02168,text,效力於勒沃庫森的左後衛溫德爾曾經在一次採訪中透露過自己防守羅本的策略，他說如果所有體面的防守辦法都無效，他就會被迫使一些小伎倆。,4.667,3.857
sentence_00961,sentence,中國農業有多落後你說來聽聽起,3.5,6.667
text_00843,text,到手後換了320G硬盤裝XP很順利,6.222,4.429
sentence_01378,sentence,請拉著我的手一起逃跑,6.0,5.6
text_00384,text,你不會看嗎我是積極想看啊你看不懂嗎樓主比我忙很多要上班要客戶要妻小我也沒挑釁啊挑釁是說我油耗比他強才叫挑釁好嗎我是想改買T牌才想看啊你沒看我貼出一堆好康的喔我百分之一萬要測試的啊你那麼挺樓主那你請他出來或你有加入贏了你也有的分如何我找臺階下咧你要不要也來參一腳一起看看休旅車最強境界啊,3.429,7.0
text_02117,text,Windows系統在升級時出現問題，為使用者造成困擾屢見不鮮，不過都比不上最近荷蘭警方在系統更新時遇到的問題嚴重。,3.556,5.444
text_02329,text,按照Yonhap的說法，確保產品可靠性需要的時間比三星原先預想的更久，而且行動網路使用方面的許可也要重新花精力去弄。,4.125,3.444
text_02350,text,在認識到美國能入侵幾乎任何系統之後，北京計劃採用含糊的安全性的方法，執行定製作業系統讓美國難以監視中國。,4.429,5.167
sentence_02573,sentence,我應該多產點糧,5.5,3.2
text_01120,text,不少人覺得壹電視製作水準高、畫質好，如今因虧損被賣掉，簡直是「劣幣驅逐良幣」。,3.0,6.714
text_01630,text,數典忘祖，背棄民族大義的動作，而對臺灣保釣也沒有任何意義。,3.667,6.0
sentence_02065,sentence,但彎曲不是後退,6.5,6.0
text_02072,text,友好日期是一個新的Windows功能，微軟原本考慮在檔案資源管理器中用會話格式描述日期，使用更為簡單直觀的格式，例如一小時前，而不是建立或修改檔案的實際日期。,6.0,2.571
text_01942,text,相信在雙方共同努力下，柬中友好合作關係必將繼續向前發展。,5.667,5.167
text_02556,text,一時之間，讓全球股市震撼動盪，瞬間豬羊變色，市場看空者又冒出一大堆，追殺氣勢加上龐大賣壓，或許又讓許多投資者陷入迷惑，這時候要怎麼看待後勢呢？,3.625,5.0
sentence_02442,sentence,少年聚眾喝酒起口角,3.0,4.25
sentence_02452,sentence,這就是我們心儀的美國總統,6.667,5.667
sentence_00676,sentence,最近才因為我隨意地使用弄破兩個馬克杯,3.5,3.0
text_02434,text,如果我們要解決整個塑膠廢物問題，那麼部分解決方案可能在於破碎時能修復自身的物質，這樣可以不必將其丟棄。,5.875,4.286
sentence_02432,sentence,態度不是像川普直嗆文雅些,6.0,6.0
sentence_00276,sentence,而是心中的鬱悶,3.667,5.333
text_02630,text,那種孤獨和空虛，是你不能接受的，就算是要離開，你也寧願是自己在他的世界消失，而不是某天睡醒後，便發現他離開了你，在你的世界裡化成一道光影,3.222,3.333
text_01491,text,金錢與擊殺數都難分軒輊，直到一次會戰中，「臺北暗殺星」漂亮地連續擊殺對手，又重新掌握比賽節奏，最終以三比一贏得勝利。,6.857,5.286
sentence_00859,sentence,粵港澳大灣區城市挑戰賽香港站得獎隊伍出爐,6.0,4.0
text_01263,text,他們的部落格因此越來越受歡迎，許多狗友也會參考卡內的足蹟，再帶自家寶貝去玩。,6.0,5.143
text_02397,text,辦公小小值可書寫可繪畫，花體字必備~筆尖輕微變換角度即可書寫/繪畫出線跡不同的線條，可用於書寫藝術字，繪畫等等。,5.375,3.0
sentence_02048,sentence,真令人心曠神怡,6.75,5.75
sentence_02273,sentence,我一點都不隱密,5.333,3.667
sentence_01412,sentence,之後開始走下坡,3.6,4.25
text_00069,text,但看了這本書後，才曉得水對人身來說是最好的藥，最好的資源。,6.125,4.143
text_02235,text,對於旁觀者而言，建築的崩塌代表著這座宗教與文化紀念碑的毀滅性損失；而對於巴黎消防隊來說，這意味著現場400多名消防員的性命正受到威脅。,3.125,6.125
text_01198,text,中職第四高，另外，合約還有高達600萬激勵獎金，若全數達成激勵高標，3年最高可拿到2400萬，等於平均月薪來到66.67萬，也僅次於陳金鋒，是中職史上次高。,5.333,4.625
sentence_02170,sentence,寓意二人將一起以新身份展開新?人生,5.5,3.0
text_00820,text,另外，還有一點就是隔音不是很好，我們入住的客戶有嚴重失眠，常被門外的腳步聲和喧譁聲驚醒！,3.0,5.667
sentence_02061,sentence,這並無益於大量批次編輯,4.0,4.0
text_01643,text,馬英九表示，把酒測標準提高，要更嚴，讓大家知道開車上路就是很危險的事，所以絕對不能喝酒，「你一喝酒就有可能被移送，至少有將近廿四小時你會失去自由」。,5.286,4.714
text_01550,text,力培養能指揮打仗、保障打仗的優秀人才。,5.889,4.0
text_00109,text,本人以後在閱讀這本書的過程中會就其的優點和不足及時與大家交流！,5.286,4.0
sentence_01724,sentence,腫瘤細胞轉移到淋巴結,3.0,3.6
text_00043,text,珍兒與之心，從最初的愛上，到經歷了坎坷，抵制了誘惑，始終如一，只深愛對方。,6.222,6.0
text_00636,text,近期大連銀帆賓館主樓裝修改造工作已經完成，您所指的應該是康體俱樂部大樓的短期工程，現將儘快整修，感謝您在銀帆裝修期間一如既往的支持。,5.778,3.714
text_01739,text,我建議警方要注意點就算學匪在怎麼無理攻擊學匪的老娘也是無辜的.,4.0,5.0
text_00559,text,希望下次入住時您能感受到我們的改進!我們期待您的再次光臨!祝心情舒暢,6.444,3.5
sentence_01090,sentence,究竟是否真的算是影史票房冠軍,5.0,5.667
sentence_02025,sentence,刊登捏造的訊息,3.4,5.0
text_01054,text,員警擔心情緒激動的曾某會傷害蔡女，站在中間將兩人隔開，但曾某一直逼近蔡女，警方不斷擋住曾某，要他冷靜點，雙方發生推擠；此時，員警身上的手電筒掉在地上，沒想到曾某竟撿起手電筒，不但敲打員警頭部，還抓狂大吼「讓開」，情緒火爆。,2.75,6.857
sentence_01135,sentence,比小學生的智力都不如,2.5,7.333
text_01651,text,謝長廷受訪指出，當年他與馬英九競選總統時，美國正經歷次級房貸問題，因此他提出「幸福經濟」。,5.375,4.429
sentence_01731,sentence,沒有寶二蘇特很可惜但我該知足,6.0,6.0
text_01752,text,這會使美國及其中東主要盟邦以色列之間的緊張關係更甚。,4.5,4.5
sentence_01705,sentence,至少是煩躁而不是易怒狀態,6.0,4.5
text_02655,text,昨天，大災變的內容前瞻在Twitch進行了直播展示，玩家反響十分平淡，看來這次活動想要挽回頹勢的希望不容樂觀。,3.556,5.0
sentence_01002,sentence,但是在欺詐作弊上可是老手,3.333,6.0
text_00198,text,看了這本書，對自己的確很有幫助，許多書裏提到的事例，其實很多都發生在我們和孩子的身上，不同的處理方式對孩子帶來的結果有很大的差異。,6.111,5.0
text_00244,text,六歲時，唐優優開始口吃，這令他自卑又孤單。,3.0,5.857
text_00870,text,1、完美屏，無壞點；2、音響效果很棒；3、外觀漂亮，很有面子；4、散熱很好，再加上九州風神N15的散熱架，不錯；5、裝了XP，跑起來飛快；6、介面豐富，超乎想像，連少見的紅外介面都有；7、沒什麼可說的了，希望聯想能夠替國人爭氣，不要辜負大家的期望和支持,7.0,6.0
text_01959,text,同意戶要求上樓求見郝龍斌，在市長室所在的11樓電梯出口被警方阻擋，雙方發生輕微推擠，都更處人員表示，希望同意戶先進入會議室等待副處長簡裕榮，不過遭到同意戶拒絕。,4.0,4.0
text_01342,text,男友不滿女友要分手，趁談判的時候，拿刀挾持女友，並把跟女子一起去的朋友趕到門外，朋友報警，還聽到女子在屋內不斷喊叫，警方趕到現場敲門，男友在租屋處縱火，現場還發出巨大爆炸聲響，男女活活被燒死在屋內，雙方家人都不敢相信男子這麼殘忍，警方初步瞭解，死者雙方在女子工作的髮廊認識，男友常常暴力毆打女友，最終沒談成分手，引發悲劇。,3.143,5.375
sentence_02038,sentence,委內瑞拉政局的動盪仍在持續,3.667,5.0
text_02840,text,漫畫/陳彬在擁擠的地鐵上，突然有人高喊臥倒，周圍乘客頓時陷入慌亂，多名乘客跑動逃生，有不少人跑出了地鐵……這一幕，發生於5月17日的深圳地鐵7號線上。,3.375,5.375
sentence_00274,sentence,原生家庭的桎梏怎麼可能那麼容易擺脫掉,3.4,6.5
text_01516,text,校方強調，簡姓學童學期末當天，被父母親失手虐打致死，因現在是放寒假期間，同學目前都還不知情，開學後會進行班級關懷輔導，減輕班上同學對此事件所造成的心理衝擊與陰影。,3.286,5.143
sentence_01601,sentence,因應蘋果要求供應鏈全數以潔淨能源生產,6.0,5.0
sentence_00742,sentence,甜心自己挖了個坑,4.25,4.0
sentence_01708,sentence,漫不經心地點燃,4.5,4.5
sentence_01430,sentence,優雅的公司名字可以使到他國放下成見和戒心嗎,4.4,6.25
text_00931,text,小心軟體的定位功能，這種程式可以追蹤用戶所在位置，便於應用在行銷企業，但也可能被用作惡意跟蹤甚至行竊目的。,4.667,3.75
sentence_00232,sentence,共產黨盜國賊壞,2.2,7.0
sentence_00768,sentence,夾在雄偉的岩石之間,5.5,3.5
sentence_00001,sentence,每一樣都美好得不可思議,7.75,7.4
sentence_00312,sentence,媽咪廚房重要通知,5.0,4.75
sentence_02172,sentence,全部囚犯做宣傳員得了,4.333,6.0
sentence_00378,sentence,利益這東西說不準的啊,4.0,6.667
sentence_01143,sentence,但其實我期望以前的自己再更努力,5.5,5.8
sentence_01354,sentence,原本有條不紊的編劇表演變成語無倫次的胡扯閒談,3.0,5.75
text_00163,text,小侄女8歲了，很喜歡看書，就像我小時候一樣，所以我怎麼可能不滿足她的這個小小的又是這麼美好的願望呢！,6.333,6.143
sentence_02456,sentence,怎麼了有什麼地雷嗎,4.0,5.0
sentence_02366,sentence,還在這洋洋自得,3.667,6.333
sentence_01576,sentence,卻去信什麼神童的刑法37條,3.667,4.667
text_00618,text,對於攜程優先推介此酒店非常不滿，絕對是給的返點比較多。,3.875,4.875
sentence_01558,sentence,立法院三人的臺聯黨癱瘓了國民黨六十多席次,3.4,5.0
text_02093,text,值得注意的是這裡的平臺並不是指汽車底座的金屬結構，而是涵蓋了汽車的電子基礎，完全專注於為汽車提供現代連線的佈線和元件。,5.0,2.0
text_01785,text,當時他承諾與中國達成開創性協議，結束臺灣經濟日益邊緣化。,5.556,4.5
text_02569,text,立法會祕書長陳維安昨主動解畫，重申祕書處一直以來恪守不偏不倚的原則，惟部分人的批判言論近乎欺淩及滋擾，對祕書處極不公道，望有關人士停止攻擊。,3.375,5.75
sentence_00820,sentence,為何區區一個政治庇護都需要申請,3.333,6.333
text_00381,text,一年要多花20萬養車我也願意因為我的命超過了這個價位,5.667,6.0
sentence_02561,sentence,黑社會上門鬧事,3.0,5.75
text_00105,text,生活在紛繁複雜的世界中，要做到不抱怨是何等的不容易，但是《不抱怨的世界》它運用簡單的方法可以幫助你控制自己的語言，以至於將思想調整到正向，進而你將在無意識中改變自己的生命。,5.444,4.429
text_00826,text,說錯了，是虎丘，哈哈~~,5.5,5.286
sentence_01209,sentence,附十合一專業寵物清理配件組,6.0,4.0
text_00490,text,保養買車容易養車難...騎機車很方便油錢保養都便宜停車也不用收錢只是辛苦了點下雨天麻煩天氣太冷或天氣太熱都不方便那又怎樣反正只是上下班而已忍耐一下嚕!幹嘛為了那一點爽度而去浪費辛苦賺來的錢呢!!!體諒老婆是好男人的行為!!!但是請量力而為吧!,4.875,5.143
sentence_01717,sentence,也只能侷促益州力竭五丈原,4.667,4.333
sentence_00515,sentence,各種糟糕和熱鬧誒,4.5,5.0
sentence_01956,sentence,我要去跑個步發洩一下,4.75,4.2
text_00471,text,你會很開心嗎?,5.25,5.75
text_02241,text,但在今早的第五個符文現身後，煙霧開始加劇、不時地噴湧出更大的橙色羽狀物、甚至偶爾還會吐出熔岩和導致地面晃動。,3.667,5.857
text_00335,text,看了太多的爭論了但ToyotaAltis的銷量真的很可觀，我對它沒有偏見，可惜的是太多人開了，幾乎滿街都是...如果可以稀有點，也是台不錯的靚車...題外話，買賣就是願打願挨，所以安全性、油耗有的沒有的考量都在個人，我想是沒什麼好爭的，真的要爭取的是薪水吧?,4.111,5.375
text_02307,text,與用於規避正常謊言檢測方法的技術不同，研究人員發現，接受腦成像謊言檢測測試的人可以通過兩種思維技術大幅降低結果的準確性。,4.625,4.5
text_01801,text,據美參議院網站消息，參議院全體會議日前通過《國防授權法案》附加條款，指明美國對日本防衛義務的《美日安保條約》第五條適用於釣魚臺；該條款通過，意味中日一旦在釣魚臺海域發生衝突，美軍可直接武力介入。,5.143,4.25
sentence_00785,sentence,廢墟上的重新站立,6.5,5.25
sentence_00947,sentence,都拿來咀嚼感慨,3.667,5.5
text_01024,text,這次電玩遊戲英雄聯盟世界錦標賽，代表臺灣出賽的臺北暗殺星TPA)勇奪冠軍，也終於吸引到政府對電競的一些關愛眼神，像是替代役方案、獎助學金、升學等，至少對於電競或者電玩遊戲，也多了一些正面的聲音。,6.5,4.875
sentence_01736,sentence,這樣俄版混合戰在國土掠奪上的應用就弄完了,5.5,2.0
sentence_01937,sentence,依我說斷絕與中國,4.0,6.0
sentence_00567,sentence,管理層太商業化到無底線,3.6,5.0
text_02948,text,關於中共黨魁毛澤東通過發動各種運動殘害中國人、鎮壓信仰、破壞中國傳統文化等罪行，無疑是罄竹難書，而其主要幫凶周恩來的罪孽同樣深重。,3.125,6.125
sentence_00282,sentence,不難看出像我同樣命運的人很多,4.5,2.5
text_00549,text,酒店位置挺好，服務生態度很好，早餐很好。缺點:房間居然不能上網，酒店工程師說是swtich壞掉了，從下午到晚上11點都沒有修好，失望。,3.4,5.625
text_01051,text,22歲曾姓男子不滿女友提出分手要求，深夜跑到女友家要求複合遭拒，激烈爭吵驚動鄰居，向警方報案；不料曾某不但和警方發生推擠，甚至用手電筒敲打員警的頭，吃上妨害公務官司。,3.111,5.286
text_00208,text,很大的幫助，女兒從弗洛格身上學會了愛心，學會了自信，學會了勇敢。,6.625,6.286
text_01510,text,如果到了那個年紀，真的想要生小孩，也確定找到一個不錯的對象，那就生啊！,5.556,4.857
sentence_01115,sentence,這本質上可能是厭世厭生,4.0,5.0
text_01884,text,可共感的區域方案，積極排除美國重返亞洲所帶來的紛擾，提出屬於中日甚至東亞人民自己的解決方式，纔有可能從美國以重返亞洲之名的圍堵格局裏找到出路。,5.111,4.25
text_01225,text,孩子終究在少年媽媽的肚子裏，女方得與家人討論，做出重要的決定。,5.0,4.0
text_00008,text,推薦給我的兒子、朋友們。,6.75,5.0
text_01213,text,小田急百貨公司相關負責人便表示：「現在很熟悉『朋友巧克』概唸的年輕小女孩，甚至根本就不知道『義理巧克力』的概念呢。,4.5,3.625
sentence_01952,sentence,產業分工佈局本來就是常態,5.0,2.667
text_02958,text,好吧，雖然有點失望，但也是沒辦法的事，畢竟，不是送禮給對方他就有義務要喜歡，我也收過不喜歡的禮物但還是客氣地說謝謝這禮物好棒喔，小孩只是沒那麼世故而已。,4.571,4.0
text_00475,text,我猜應該60-95km/h以下我開小v快二年了當初是因為想省點油錢...小v在100km/h大概2800-2900轉左右110km/h大概3000轉起步大約3000轉就會換檔拉回了市區一般行駛時大概都在2000轉上下建議不要跑太快耗油加上不安全....尤其下雨天高速公路有積水的話超刺激100km/h過小水波區會瞬間空轉降速到快90km/h說另外個人平均油耗冬天不開冷氣)13.5-14左右夏天開冷氣12.5-13左右結論是台外型還不錯的省油小車優點)隔音差到爆是我覺得最討厭的缺點),3.444,4.857
sentence_01667,sentence,特太陽是如何升起的,5.0,3.333
text_02494,text,川普迄今都堅決表示，他是公平正直地贏得2016年總統大選，淡化美國情報機構所稱、俄國介入大選以對他提供助力。,5.111,2.889
sentence_02532,sentence,而以為中國資金可以帶動遲滯的歐陸經濟,4.0,5.0
text_00951,text,鍵盤的鍵程還可以，但方向鍵是縮小的，打fifa類的遊戲會很不爽。,3.25,5.875
text_02447,text,Faleemi最近就在香港推出M1這款體積細小但功能齊全的Wi-Fi保安IP鏡頭，相信應該十分適合在家居環境狹小的香港用家使用。,6.286,4.0
text_01014,text,散熱我相當滿意，也很安靜。,6.75,6.143
sentence_00395,sentence,惟有功名忘不了,4.6,5.25
text_02533,text,愛你不是兩三年幽幽玫瑰香，手留餘香，清新怡人~天貓加帝耶旗艦店目前售價49元，使用30元優惠券，實付19元包郵到手，單買好價，感興趣的值友們可關注下~,5.625,5.0
sentence_01773,sentence,恍惚覺得在哪聽過,5.0,4.667
text_02319,text,曾以房仲為業的薛姓男子，今年3月起陸續在臺南破壞多輛電動機車Gogoro後被逮送辦，不改惡習，不僅持續作案，還跟蹤妙齡女子返家，遭斥責後亮刀恐嚇，昨晚被拘提。,2.333,5.5
text_02729,text,個護鐘錶小小值輕薄到不敢相信是純物理防曬，膚感吊打歐美一眾防曬的韓系小花~說到夏天護膚第一要緊的事，那必須是防曬囉！,6.167,6.5
sentence_01205,sentence,我又要讚美泰國電影,6.75,5.0
sentence_00920,sentence,債務還有27,4.0,3.0
sentence_01585,sentence,恰巧老巫婆看過這篇小說,5.0,2.5
text_02146,text,天上掉餡餅的傳說從來不適合房產這樣的大宗交易，不過，也不必悲觀，在北京還是有那麼一批二手房，價格對剛需十分友好。,6.0,3.286
text_00294,text,確實越改越難看目前這一代還比較帥氣好看多了東抄西抄快變四不像了但反正toyota本來就不太會造車都是看對手出什麼車賣得好的話再出同款的車來把外觀跟設備改良賣得好的話還一堆擁護車主覺得他們買的車是比別家還棒的車還真不知道有啥車是他們自己完全設計製造而不是拿人家的車做範本去做改良設計在拿出來賣的,3.25,5.875
text_01656,text,黃昆輝：唯有罷免馬英九才能救子孫！,3.556,6.286
sentence_02484,sentence,施以獅虎式的教育,4.333,5.0
text_01343,text,死者朋友：「男生一直不讓女生走，就是以暴力威脅跟騷擾對方家人，她女子)有叫我幫她，如果有怎樣趕快去救她，所以我就有先報警。,3.0,5.625
sentence_00189,sentence,記得以前就有看到過談對捐卵傷害認識不足的文章,5.0,5.0
sentence_00953,sentence,出於善意真噁心,2.6,6.0
text_01188,text,怕孩子被貼標籤，甚至還會怪老師。,3.889,4.571
text_00443,text,首先謝謝大家的回覆，讓我多了一項的知識起初我也想回toyota廠更換，不過報價真的太貴了。,5.125,5.75
text_00778,text,不過貴陽整個就是一個髒亂差的典型，東東還貴得嚇死人，去貴陽的話就不要抱什麼美好的願望了！,3.143,6.5
text_00760,text,廁所的味道，噁心。,2.222,6.833
text_02305,text,第一個問題我會從英語學科出發來解答，作為某知名培訓機構的集團培訓師，我會儘可能提供可操作的誠懇的建議，而不是打雞血的、傳奇的、勵志的故事。,5.875,4.714
text_01247,text,另外，美國日前呼籲歐洲盟友加入美國亞太區「再平衡」戰略，並多次強調不針對特定國家，更不會威脅中國。,5.25,5.571
sentence_01957,sentence,爬上頂樓的城堡可以一覽無疑整個城市的風景,7.0,5.5
sentence_00719,sentence,各種委屈的碩珍,4.0,3.0
sentence_00890,sentence,除了在全港不同地方設立輻射監測站,5.333,2.667
text_02607,text,儘管民進黨的繼續執政有一定的助益，但是若沒有提出最優的解決策略，就無法觸動並根本解決滋擾臺灣政治23年的種種難題。,4.0,3.875
sentence_01602,sentence,而且貌似新院頭一回以負心人的形象出現,4.0,2.0
text_02648,text,本週，蘋果從AppStore下架了一批與家長控制、螢幕使用時間監測有關的應用，旋即被部分開發者指責是濫用專權。,4.25,3.778
text_01527,text,最後，當孩子重複犯錯時，要運用「情緒凝結」技巧：也就是轉身不理他，讓他感受到你是真的生氣了。,5.0,5.0
text_00705,text,唯一不足的是門口修路，不過聽說五一就可以修好。,5.25,4.25
text_02878,text,全球行動通訊系統協會警告稱，設計拙劣的5G頻譜拍賣可能會嚴重影響5G時代的潛力，甚至在它真正開始之前。,3.556,4.0
text_00325,text,如果我是你我仍然會選擇現在你這樣的生活不關有多少艱難的時刻但都以溫馨的語言描述過去生活就好像澳洲的海洋和陽光美好而燦爛有安東尼蚊子的陪伴漫長的時光也不再難熬我有2本1本自己的一本送給遠在日本的男朋友希望他在是失望難過傷心的時候看看安東尼的字在這個世界上有很多像他們一樣的孩子有安東尼有我陪?,6.25,3.833
sentence_01494,sentence,幸虧美國之音把你開除了,5.0,4.0
sentence_02387,sentence,無論是你心虛的激昂陳詞,3.6,6.0
sentence_00740,sentence,但是看到他們頻繁申請我還是很暴躁,3.667,6.0
sentence_01397,sentence,我爸媽今天史上白目到極點,3.0,8.0
sentence_00163,sentence,就是一個嚴重分裂症患者,4.0,5.333
text_02854,text,雖然微信的功能開放比較克制，不過微信支付的協力廠商服務卻動不動搞個小動作，目前協力廠商服務已經多達12個，比騰訊自家的9個服務還要多。。,5.571,3.286
sentence_02430,sentence,之後樑某搶奪拉拽方向盤,3.75,6.25
sentence_01646,sentence,需要向政府有關部門批准,5.0,3.5
sentence_01491,sentence,它獨有它那粗獷,5.667,3.667
text_01536,text,有好長一段時間，她恨父親不讓她走想走的路、做想做的事。,2.625,6.0
text_01122,text,滿足廣大刮刮樂彩迷需求，臺灣彩券積極推出新產品，16日不僅再度推出四款刮刮樂「新年快樂」、「金銀財寶」、「開運年菜」與「好彩頭」，其中，更有中獎率百分百的年節限定刮刮樂「新年快樂」，頭獎高達300萬元，有刮保證有獎！,6.167,6.286
text_00544,text,樓海景不夠好，應該往上層更佳.,4.333,3.857
