id,granularity,text,valence,arousal
reflection_02296,reflection,一位父親，同時也是一位丈夫，被插著endo靜靜的躺在床上，臉上看起來如此安詳。,5.25,3.9
sentence_01234,sentence,反而在空中小姐歡呼簇擁下登機,8.0,7.0
text_00501,text,就算質疑中裡的技術，神之腳在下坡也徹底輸給了啟介，神之腳的技術沒人質疑吧?,4.714,5.0
text_02607,text,儘管民進黨的繼續執政有一定的助益，但是若沒有提出最優的解決策略，就無法觸動並根本解決滋擾臺灣政治23年的種種難題。,4.0,3.875
sentence_01231,sentence,慶富案錄音檔流出,4.5,5.5
reflection_00812,reflection,在這個部分我們只能不斷地與家屬溝通，要確認他們瞭解病情之餘，也必須要讓他們知道病情的嚴重度。,4.375,2.625
sentence_02047,sentence,若不是眼見情郎臂骨折斷,4.0,6.333
text_00916,text,跑遊戲還是差了一點點。,3.667,4.167
sentence_02182,sentence,生酮飲食和均衡飲食,6.667,3.333
reflection_01568,reflection,當下病人家屬感到非常恐慌，與醫護人員的對答也變得比較具有針對性與攻擊性，並會質疑醫療團隊所作的處置。,4.0,5.625
text_01949,text,阿富汗母親：「我5個孩子都非常虛弱，體重不足，我們的生活狀況很差，日子過得非常苦。,2.556,4.714
text_02700,text,老人們蹣跚、遺忘，逐漸被衰老剝奪生命的活力，但更多的時候，人們看到的是一張張滿是皺紋的笑臉，他們跟著音樂拍手，也常常伴著歌聲睡著。,6.571,4.143
text_00193,text,人類要實現生命的永恆就有超越死亡。,5.125,4.125
reflection_01077,reflection,但後續不幸出現院內感染肺炎且症狀在非侵入性治療下無明顯改善必須考慮再插管但這次阿嬤堅定拒絕，相反地家屬則希望積極處理。,4.2,3.2
sentence_01796,sentence,讓減稅降費紅利切實惠及企業,6.667,4.0
sentence_00644,sentence,若非遭到欺騙和背叛,3.6,5.2
sentence_01363,sentence,經營自己的傳統,6.4,3.2
text_01586,text,迴應社會改革聲浪，立法院長王金平昨天邀集朝野黨團協商後，達成共識，要求中油、臺電、臺糖和自來水公司等四家國營事業，今年度發放經營績效獎金，最高不得超過一.二個月，將較現行二.六個月，大砍一半以上，初估平均每位員工將少領約十萬元獎金。,4.857,4.429
reflection_01953,reflection,描述事件：有一位ESRD在洗腎的六十幾歲男性，這次在打完AZ疫苗三天後發燒，隔天發生呼吸困難因此來到急診，急診檢查起來有雙側的pneumonia跟troponin上升跟EKG ST depression懷疑合併一個NSTEMI。,4.0,4.0
text_02703,text,臺灣兒科醫學會提醒家長，在睡眠上給寶寶的幫助越少越好，讓孩子學習自行入睡，並能大幅降低嬰兒猝死症候群的風險。,6.0,4.571
edu2021_00856,edu2021,今天教的我覺得有點複雜,3.916666666666667,3.0
sentence_01523,sentence,加徵關稅只會讓全人類落入無銷煙的世界大戰,3.0,4.6
sentence_01918,sentence,吃到最後一臉茫然,4.0,4.25
text_00156,text,但是，始終都能感受到她們的愛是如此真實。,5.429,5.0
text_00540,text,優點是地理位置不錯，朝南的房間可以看富春江，可惜給我的所謂高級房是朝北的，怪不得人家說攜程的客人比較受歧視。,3.333,4.625
reflection_01373,reflection,"我的primary care是一位OHCA, ACS related的病人，在緊急地進行心導管還有相關藥物後，其實他心臟方面的問題在這兩週下來都控制得還不錯，從心電圖和lab data都可以看到改善的情形，但比較可惜的是，病患從onset到ROSC整體過程比較長、甚至超過半個小時，而使其腦部長時間處於缺氧的狀態，而造成不可逆的影響，在後續的住院期間可以觀察到大大小小seizure的情形，即便將相關鎮靜和肌肉鬆弛的藥物上調也不見改善，更不用說下調sedation讓病患試著脫離呼吸器了，對於病患後續的處置大概是兩種建議，分別是讓病患脫離呼吸器、進入安寧共照，以及進行氣切、轉至呼吸照護中心。",4.2,3.875
reflection_01508,reflection,"後來在家庭會議中我慢慢地理解到家屬有可能很放不下的原因,其一是這位女士是今年八月初才診斷出末期的多發性骨髓瘤,病情惡化進展得非常快速,短短兩個月的期間她直接住進加護病房,插管後甚至連交代後事或是講到一些話的機會都沒有,所以家屬一時之間很難接受,也有一些遺傳另外也了解到娘家那邊的長輩也還沒有看到她,也不太知道如何告知長輩這樣的消息。",3.75,4.5
reflection_01938,reflection,描述事件41 歲男性，有糖尿病與精神病史，有在注射胰島素，平時工作是務農，11 天前突然倒下，送醫急救後插管，醫師判斷為低血糖，然而因其腦部缺氧過久，病人脫離呼吸器的可能性微乎其微，因此要與家屬進行家庭會議，決定拔管還是走長照。,4.0,3.625
sentence_02233,sentence,看到第四季總算有點禷i了,4.333,4.5
reflection_01896,reflection,現在回想起來，覺得很對不起奶奶，對不起讓她動了手術、用呼吸器把她拖住，錯過了讓她離開的時間，現在每次看她躺在那邊，真的很令我難過，我只能祈禱，不要讓她再受苦了。,3.5,5.25
sentence_01222,sentence,譬如酒駕騎車摔水溝昏迷,4.0,4.0
sentence_01563,sentence,必須是全面的系統的改革和改進,6.667,4.333
reflection_00917,reflection,描述事件－具體發生了什麼事一位93歲女性個案，此次主要是因為COVID-19引起心衰竭以及慢性腎臟病的急性惡化，住院途中又發生NSTEMI，感染敗血性休克併發呼吸衰竭使用呼吸器，隨著病程進展，腎臟功能逐漸惡化也有在洗腎，而意識狀態從收入MICU以來一直都不好。,3.7,3.1
sentence_00805,sentence,也社交障礙不敢主動詢問,3.0,4.6
reflection_00971,reflection,可以怎麼做給家屬時間沉澱情緒並消化資訊聽到媽媽有機會可以脫離呼吸器並拔管，女兒當下的情緒想必是非常激動的。,4.875,7.5
reflection_02150,reflection,描述事件病患於06/08於本院接受內視鏡膽囊切除術，並於06/10出院，06/11因為發燒肚子痛，返回本院急診就診，並且再入院。,4.1,1.875
reflection_02095,reflection,因此，對她來說若手術能縮短、用先進科技、補充營養，就是她想確保的事情。,4.625,3.375
edu2021_01046,edu2021,在今天的課程中學到的東西，在日後有莫大的幫助，可以提升自己在職場上的競爭力,7.857142857142857,6.583333333333333
edu2021_01285,edu2021,今天老師講解後才終於了解了，感覺今天很充實,6.75,5.25
edu2021_00199,edu2021,我覺得今天學到很多東西,6.285714285714286,4.583333333333333
reflection_00800,reflection,透過這樣的解釋病人家屬有稍微比較理解一些，不過我們還沒有辦法與他們提及關於拔管、氣切等議題，原因是因為他們也還沒有準備好去接受未來可能要走長期照護這個氣切的這個部分，所以我們給予他們時間讓他們回家去討論、去決定一個他們認為對爸爸比較好的臨終方式,2.8,2.625
reflection_01194,reflection,她擔心兄長無依無靠，即便做了氣切，身旁也沒有親人有能力長期進行照護。,3.25,4.75
edu2021_00627,edu2021,對今天老師講的有點半信半疑的感覺,2.833333333333333,5.0
sentence_01631,sentence,讚揚臺灣是民主典範,7.0,6.0
sentence_01984,sentence,而高處有人唱起歌來,5.8,5.75
edu2021_01378,edu2021,這課聽起來真的是想當有趣呢,6.928571428571429,5.642857142857143
text_01866,text,陳沖說，希望透過推動自由經濟示範區，放寬國內市場投資限制、調適相關法規，營造良好投資環境，藉以創造我國參與區域經濟整合（例如洽籤雙邊經濟合作協定、加入TPP及RCEP）之條件，並有效提高國家競爭力。,5.875,5.333
text_01852,text,身兼國民黨主席的馬英九在主持中山會報時表示，國營事業有的處在獨佔或寡佔市場，有的則須面對自由競爭，情況不盡相同。,4.889,4.625
text_01640,text,國內酒駕肇事頻傳，馬英九總統昨與道路安全、反酒駕團體座談時撂重話，要求警方只要攔檢酒駕者超過酒測標準，就要立刻移送，讓酒駕者最多失去廿四小時自由，「現在就可以做」。,4.333,5.143
text_01041,text,佔地盤圍事販毒討債魏懷良涉嫌指揮手下佔地盤圍事、販毒、經營地下錢莊與職棒簽賭來賺錢，也曾代人出頭，向龜山鄉一處工廠索討3000萬元的債務，對方還不出錢，就派手下圍廠，限制員工進出。,3.25,3.857
reflection_00678,reflection,你的感受為何看到病人身上一條條管路，以及無力仍試圖移動的手，當下其實有些難過，也感到十分同情。,2.0,6.0
reflection_02061,reflection,難道只因成功延續生命的機率渺茫，無價的生命時光就頓時不值得一搏了嗎？,4.5,3.125
sentence_01120,sentence,已經快頂住高壓線塔了麼,4.5,4.0
edu2021_00311,edu2021,上課精神頗好，收穫很多，學了很多知識,8.666666666666666,5.416666666666667
text_00833,text,使用房間電腦會收使用費，不過上網是免費的，速度也很快。,6.556,4.429
edu2021_01339,edu2021,聽著老師一步一步介紹，著實感到有趣,6.714285714285714,4.75
edu2021_00878,edu2021,今天上的部分大多是應用方面，了解起來比較容易,6.166666666666667,3.642857142857143
sentence_01854,sentence,在擁擠的樣板中,4.5,5.0
reflection_01615,reflection,你可以怎麼做？了解堅持的原因因為他會如此的堅持要用靜和的藥一定有背後的原因，詳細追問之下發現病患已由哥哥照護25年有餘，期間也有試過高醫開的藥，但一吃馬上病況就不受控制，反而是靜和的藥效果很好，因此才會覺得靜和的藥物對他弟弟來說是非常重要的，並不能夠隨意停藥。,4.25,3.6
text_01951,text,阿富汗母親：「我們沒有足夠食物，有時候孩子什麼都沒得吃，如果我丈夫有工作，就可以有食物，如果沒有，大家都得捱餓。,2.875,5.0
reflection_01782,reflection,你的感受如何對於這個情形，是令人感到難過的，不僅僅在於病人的年紀相對年輕，也在於病情的惡化來的太突然， 即便病人對自己的狀況有一定的了解，但是如果沒有明白地講出來或許還能堅持住，對於家屬的不捨與擔憂，是能夠體會與理解的。,2.75,4.5
text_02653,text,不是貿易爭端，而是科技誰領導的爭端，但是也沒有用戰爭解決未來誰是領袖的可能，因為兩個國家軍事力量不允許。,4.333,4.444
text_00409,text,安全配備很重要但駕駛方式，行為也同樣重要影片中那位車主完全沒注意前方路況幾乎快撞到了才踩煞車切到右線還好當時右線沒有車不然被他撞到還真衰安全配備是輔助不要以為防彈車多安全它只能讓你躲過前波攻擊你還得想辦法駛離現場否則一樣掛點懂嗎?,4.857,5.714
text_00073,text,瀏覽了Air夫婦的網站，看到“壞脾氣/愛吃不吃***”時覺得好可愛。,6.111,4.5
edu2021_00772,edu2021,今天上了未來科技可能會發生的事，讓人感到十分興奮,8.333333333333334,8.083333333333334
text_02587,text,賭王四太樑安琪向來與仔女感情深厚，公務繁忙的她早前與仔女影親子寫真賀母親節，其中大女何超盈更專程由美國回港慶祝，還趁機宣佈佗B女，認真雙喜臨門！,6.429,5.571
text_00853,text,另外散熱也很好，沒有傳說中的那麼差，看來需要親自體驗才知道。,5.889,4.571
text_01415,text,正修科大電子工程所副教授施鬆村研發的「人體穴道診療保健裝置」，以探針或貼片尋找人體穴位，並根據信號判斷人體器官是否健康，也可利用變動音頻脈衝，進行類似鍼灸的電療保健效果。,5.25,4.0
edu2021_00785,edu2021,還是需要很多時間去熟悉,3.916666666666667,2.75
edu2021_01050,edu2021,希望老師能多加解釋，不讓同學們失去學習的熱忱,4.142857142857143,4.5
sentence_00237,sentence,狗老闆日復一日讓我們小輩無節制加班,2.5,7.0
reflection_01655,reflection,在這個過程中，我覺得我是初次正式理解到了在短暫時間中病況快速變化時，提供確實的資訊並安撫家屬的情緒是多重要多需要練習的一件事情，兼具理性的選項提供與感性的情感支持，除了醫師外整個團隊都必須合作完成這件事。,6.0,3.25
edu2021_00181,edu2021,若能做出這個專題，會有多炫阿,7.142857142857143,7.166666666666667
edu2021_00403,edu2021,老師的知識很豐富，上課語調抑揚頓挫，同學精神飽滿,8.75,4.166666666666667
text_01632,text,疾病管制局副局長施文儀日前在臉書上質疑美國免籤，並反對陸生納入健保政策，引起外界非議。,3.9,4.625
reflection_01509,reflection,"當下我想要很明確的告訴他們媽媽的生命真的是來到一個盡頭了,即使沒有人願意看到如此的景況,但事實就是他的五大生命系統都在逐漸地衰退中,即使很捨不得也必須要做一些準備道別,因為繼續治療下去,沒有見到成效而且說實在話對醫療資源也是一種浪費。",3.375,5.4
text_00589,text,房間有點舊了，但還算整潔，水有點黃，建議多帶點瓶裝水飲用，環境不錯。,6.0,3.0
sentence_01513,sentence,有些聊天真的是需要耐心,4.0,4.667
reflection_00749,reflection,另外還嘗試讓病人SBT(Spontaneous breathing trial) 就會非常agitation和tachypnea，最終依賴bipap 使用。,5.0,3.9
edu2021_00268,edu2021,老師講得很有脈絡，感到收穫滿滿,7.083333333333333,6.0
text_01688,text,哈哈哈很好笑因為你可能要先檢舉facebook只能點讚不能點幹!我覺得大家知所以會覺得政黑很溫暖其實重點不在於能不能噓文重點還是政黑在推文不會無腦嗆當然除了吱吱先嗆的情形之外吱吱如果覺得數字版伏冒板很棒很自由請你們去查一查什麼叫作沉默螺旋理論什麼叫作言語霸淩不要你們覺得你們很理性很正義在我看來反而覺得愚蠢,3.25,6.0
sentence_00051,sentence,的群嘲仇恨給拉走,3.4,4.8
sentence_01490,sentence,也不像秋雨那樣的纏綿,5.0,2.75
text_00086,text,我決定把這本書借她看看，讓她覺悟，讓她陰暗的心裏面重見陽光。,6.444,5.875
reflection_00194,reflection,"另外,在平常和病人以及家屬的溝通非常重要,在病人住院後情況相對還較穩定時就先跟病人和家屬針對DNR進行討論,甚至可以在更早以前,病人仍清醒時就先請病人和屬討論好緊急狀況下是否進行急救,若能先達成共識並做好心理準備,對三方來說都能減少壓力和痛苦。",5.3,5.375
reflection_00495,reflection,在知道家屬當下的回覆後，我感到不太理解。,4.25,2.5
edu2021_01141,edu2021,有點吃不消呢，希望看書能看懂,2.666666666666667,3.166666666666667
sentence_02119,sentence,種種人格上的控訴,3.0,4.0
text_02346,text,值友9164898929結實耐用，讓貓咪玩的更歡樂~天貓精選實付5.9元包郵，近期好價，感興趣的值友不要錯過哦~,6.0,5.0
text_00391,text,而我純粹以一個看不慣的路人的角色在發言，我不認識樓主，但願意幫他說句公道話。,5.143,5.143
edu2021_00084,edu2021,和生活做許多結合，讓我感到興奮不已,8.333333333333334,8.166666666666666
sentence_00073,sentence,不論是孤獨地走著還是結伴同行,5.0,2.333
reflection_02203,reflection,2. 你的感受為何（使用情緒詞彙）當下感到不耐煩與不能理解不耐煩及不能理解，原因是因為每天查房時，老師都有強調，已經有根據影像學判斷、跟神經科醫師討論過，病人要恢復意識的機會很低。,4.125,4.5
edu2021_01592,edu2021,老師幽默風趣引發學習的心,6.333333333333333,4.083333333333333
reflection_01898,reflection,我會有這樣的推斷，是因為我的奶奶也是類似情況，奶奶的身體除了高血壓以外，其他一切健康，某天卻突然腦出血昏迷，經過開刀後至今仍然沒有清醒，事情發生的當時，我完全無法接受奶奶就這樣突然倒下、無法想像她再也沒辦法與我們對話，當時只希望她可以趕快好起來，於是決定要開刀，等待她醒過來。,3.0,6.75
sentence_00989,sentence,和偽造的反猶太主義傳教士和武器人,3.667,4.333
text_01653,text,謝長廷表示，馬英九與其透過駐英代表澄清文章，更應該要用行動做更好的政績，讓全民擁戴，便是最好的。,6.111,5.667
edu2021_01265,edu2021,今天講的我特別有感覺，因為我高中就有做這個的相關研究,6.666666666666667,3.857142857142857
reflection_00771,reflection,"狀況很差,預期即使氣切仍需長期臥床等病人,即使氣切也無法提升生活品質,醫師是不會建議氣切。",3.8,3.6
edu2021_01335,edu2021,雖然之前有上過類似的課程， 但還是很不在行,3.583333333333333,4.666666666666667
edu2021_01474,edu2021,希望能學習的較好,6.0,1.583333333333333
edu2021_00179,edu2021,今天講到我最有興趣的部分，尤其是最後一段最讓我興奮,7.666666666666667,7.666666666666667
reflection_02063,reflection,又況且，在加護病房與安寧病房總是不乏逆科學的奇聞軼識；如果一味地說服妻子放棄手術，會不會讓留在人世更久的人更加痛苦——帶著遺憾一輩子苦惱，若當初開刀，會不會有奇蹟？,3.75,5.625
edu2021_00240,edu2021,今天老師教得很生動，使我獲益良多,7.166666666666667,5.5
edu2021_01504,edu2021,都還沒搞清楚，只能回家自己慢慢看了,3.75,5.666666666666667
reflection_01494,reflection,之前聽過一位前輩說:「在面對生命終點的病人或家屬，即使真的無能為力，我都還是會問一句:還有什麼我可以幫忙的地方嗎?,5.2,2.875
edu2021_00471,edu2021,最近無心上課，所以發現有許多不會也不懂的地方,2.416666666666667,2.571428571428572
sentence_00681,sentence,這樣的詮釋有點太過神奇,5.667,5.5
reflection_01191,reflection,皆二連三家人重病，不怪她幾近崩潰。,3.0,5.8
reflection_01002,reflection,剩餘病人和家屬之間的狀況等明瞭時再想辦法協調，在這之前先把當下能做的處置做好。,5.625,2.75
text_00013,text,不過，很滿足，平淡才最真實~~,5.625,4.857
edu2021_00927,edu2021,講解入微 使我能夠深刻了解運作方式,6.0,3.25
text_02572,text,隨後聯想集團董事長兼執行長楊元慶又在2019年聯想供應商大會上發表了演講，他在隨後接受鳳凰網科技採訪時談到了最近對於聯想的抹黑和無端造謠。,4.571,3.333
reflection_02389,reflection,同時隨著時間過去，心裡也開始有些緊張了起來，除了病人還沒有回復之外，也沒有看到電擊和插管的動作。,4.25,6.25
edu2021_00904,edu2021,有許多地方不太懂，進度十分快速,3.583333333333333,4.583333333333333
sentence_02523,sentence,活得這麼直線真是羨煞人也,6.6,5.25
reflection_01986,reflection,那是隔壁床的病人，是更早來到加護病房的訪客──一般來說，這意味著更渺茫的機會。,4.0,3.9
text_02823,text,天貓此款目前售價2209.01元，待6月1日0-2點下單立減551元，到手價1653元包郵，直降好價，預定有禮品，需要的值友可關注~,6.286,4.5
text_01061,text,長榮航空總經理鄭傳義表示：「我們很高興民航局再次肯定了長榮航空過去一年的表現。,6.778,5.0
text_01057,text,常在臉書上發佈美照的網友小魚說，希望大家不只能注意到自己的照片，也能注意到文章。,4.889,4.444
reflection_01657,reflection,我的不安或許來自於對病人狀況的無能為力、以及對有時無法立即跟家屬溝通的不踏實感，也許也有點害怕糾紛的產生。,3.875,5.2
sentence_00653,sentence,根本意圖使人破戒,3.0,6.5
reflection_02388,reflection,學長姐們很平穩的給予藥和氧氣，同時也在詢問這兩個小時間是否有發生甚麼事情和DNR的部分，最後病人很平靜的離開。,4.625,3.1
sentence_00003,sentence,語言不能描述她,5.5,4.6
text_01222,text,首先，得勇敢地讓家人知道，也讓信任的老師知道，讓大人及朋友來陪伴自己面臨挑戰，會更容易面對跟處理眼前的困難。,5.375,4.8
sentence_00899,sentence,澳洲無處不成風景,6.333,5.333
edu2021_00317,edu2021,今天上課一樣吸收到很多,6.083333333333333,3.333333333333333
edu2021_00936,edu2021,今天是大開眼界，見了許多從未見過的,6.416666666666667,4.0
text_01704,text,不過親民黨團在14日再度提出另一項提案，要求行政部門在3個月內提出績效獎金的核發辦法，並且在立院完成審查後，國公營事業101年度起的績效獎金，就依照此辦法發放。,5.0,4.111
sentence_00339,sentence,摔筆或是很用力劃掉原稿,3.0,7.0
text_00067,text,畫得好噁心!孩子看的時侯就嚇哭了!到了晚上更是不敢睡覺!買了書還帶來了新的煩惱!比起＜青蛙弗洛格＞＞＜＜蹦蹦跳跳＞＞＜＜小熊毛毛＞＞這個卡梅拉要遜色好多!這本書不太適合六歲前的孩子看.,3.0,6.8
text_01288,text,玩家不僅能直接在現場體驗「最後一戰4」，而購買遊戲及限量主機者，可獲贈Halo4背包、多功能瑞士刀與數位下載卡等首購品。,6.125,4.625
text_00338,text,謝謝熱心朋友你們的關心與建議。,6.0,3.833
reflection_01078,reflection,描述事件: 阿嬤 GI bleeding 剛入MICU時已因失去意識on過endo控制得當後順利拔管。,5.625,4.875
text_00827,text,房間很舒服，我個人非常滿意，辦公檯適合我個人的使用習慣且網速好。,6.625,4.111
text_00395,text,到時又被罵到臭頭說騙錢我知道VQ35的引擎蠻好的但是有錢買嗎?,3.111,5.857
sentence_00498,sentence,又笨的不醒的佔多數,3.0,4.25
edu2021_01423,edu2021,希望背的題目能有些提示,4.714285714285714,3.333333333333333
reflection_02440,reflection,這讓我不禁納悶預簽DNR的用意，以及經過搶救後病人救回來了，也穩定了，病人卻感覺絲毫沒有感謝的意思，反而像是怪我們把他插管，把他留在醫院，一覺得好轉就想要逃離醫院，然後下次又因為一樣的事情反覆進出。,3.1,5.5
sentence_01319,sentence,當然天資會影響成效,4.5,5.25
text_02073,text,4月30日公佈的網商銀行年報顯示，2018年，該銀行的淨利潤為6.7億元，在目前所有已公佈年報或財報的銀行中，利潤幾乎墊底。,3.5,3.0
sentence_00570,sentence,缺乏睡眠使你笨拙健忘,3.333,5.333
sentence_02052,sentence,這讓西方觀察者眼花繚亂,4.0,4.333
sentence_01016,sentence,總給我講她們學校的陰暗面,4.0,4.667
text_01989,text,笑死人這些委員也是一票一票投出來的罷免可以拿出正當理由吧理由在哪?,3.0,5.833
reflection_01297,reflection,例如病人本身腎臟已經不好，而又不斷地吃NSAID導致這次的腎衰竭更嚴重，並且要以洗腎來處理。,3.75,3.8
text_01361,text,最高法院今天召開男子陳昱安殺父案言詞辯論庭，檢察官轉述陳母意見表示，若不判陳男死刑，他出獄後會造成家族血流成河。,2.111,6.25
text_00397,text,不懂為什麼這種安全配備的車這麼多人想買單,3.25,5.778
sentence_02122,sentence,一隻就非常草率的在撩草叢的樹葉,5.0,2.0
edu2021_00896,edu2021,覺得今天的內容講的很清楚，速度也剛剛好,6.857142857142857,6.083333333333333
text_00537,text,所以陪她去看這兩年發現老福特tierra真的是比小孩喝汽水喝得快每週都在加油我不是計程車司機喔!所以決定要換車但跟女王的suv款拉鋸上月初她才同意我買Prius我太寵她太順她結果她意見挺多所以奉勸未婚的朋友要man一點先以免跟我一樣變成)偏偏碰上這尷尬的年份車款切換時期真無奈,4.0,4.0
text_01236,text,寒假開始，桃園業者這兩天遇上好天氣，一天就湧入5000人，成長4成，春節更要衝1倍業績，雲林業者寒假搬出新設施，門票打66折，預估業績也能成長3成，樂園寒假搶客戰，正式開打。,5.778,4.75
edu2021_01126,edu2021,大家都花了很多心思，卻沒有一組令老師滿意的，做到都喪失自信心了,2.0,6.75
reflection_02300,reflection,但過了一個周末回來，發現她已經意識不清，氧氣濃度也調到100%，我不禁訝異於病情進展得如此快速，而她的孫女也開始幾乎都在旁邊陪伴，大概是感到時間不多了。,3.5,4.625
sentence_00824,sentence,那些所謂的傷心痛苦和生活相比狗屁都不算,3.0,7.333
text_01864,text,行政院指出，自由經濟示範區是依據總統「黃金十年國家願景」活力經濟施政主軸方向進行規劃，陳沖表示，在全世界沒有先例的情況下，經建會花了十個月時間，在內部召開了31次工作會議，並與相關部會進行9次研商會議，提出的心血結晶，可謂內容豐富。,6.0,5.375
text_02841,text,四月30日晚上十點左右，北屯區太原路發生一起交通事故，機車騎士即興轉彎，導致後方機車摔倒受傷，肇事騎士自稱行車中耳機聽音樂，所,3.333,4.0
text_00681,text,四星級，整體感覺是最有品質的，訂房臺給的是轉角的2715房，非常舒服,7.375,5.778
reflection_01634,reflection,想法的改變與可行的做法：離站後這兩天仔細思考後，我覺得與其拼命解釋自己做了哪些去說服家屬或病人改變想法，不如從改變自己做起比較容易，更深入去傾聽病人與家屬的想法和需求並做出完整的解釋。,5.25,4.6
reflection_00150,reflection,"如果真的是這樣,我們是不是可以更加專注做自己想做的事情了。",5.625,1.875
text_01406,text,兩人用特殊手語溝通哥哥德克說，這兩個弟弟成年後的人生都在一起，住在同一間公寓，他們使用特殊的手語，只有彼此和最親近的家人懂，無法與外界溝通，「他們最害怕無法再看見彼此，這對我弟弟來說是無法承受的事情。,4.714,4.5
reflection_02408,reflection,臨床反思寫作：這兩個禮拜在CCU我有遇到一個我比較印象深刻的病人，雖然不是我自己的primary care，但是跟老師查房時有點印象。,5.0,4.5
sentence_01414,sentence,看來這一切我都是自作多情了,3.5,5.8
edu2021_00107,edu2021,今天老師講了很多，收獲也很多,6.166666666666667,4.7
text_02929,text,去年在亞運成功衛冕的石偉雄賽後表示，這一面獎牌等了十年，今次第一次運用新動作，感到好大壓力，雖然順利完成，但仍然有很多瑕疵，他會努力改善。,6.857,5.429
sentence_00615,sentence,被戰火歲所吞沒,3.0,5.333
sentence_00231,sentence,我會為你的心產生敬意,6.75,4.25
sentence_01456,sentence,果然鯊魚還是要近距離看才會覺得震撼,5.25,6.25
text_02484,text,簡單來說，是把網際網路應用到產業裡，而非將產業加入網際網路中，即產業為主導，網際網路要遵從產業的規律和玩法，同時產業也需要融合網際網路的思維。,5.333,2.333
sentence_02189,sentence,蔡英文的穩健臺獨才是智中之智,6.25,5.6
edu2021_01289,edu2021,老師講解得很有趣，同時也有在貼心的注意學生的狀況,7.5,5.428571428571429
edu2021_00489,edu2021,下禮拜就要考試了，我想我要抓緊時間，在考試前把我還沒弄懂的地方好好搞清楚才行,5.75,5.285714285714286
edu2021_01129,edu2021,講了不少有趣的東西,6.083333333333333,2.166666666666667
edu2021_01086,edu2021,上太快了，希望講解時能說慢點，這樣大家才比較好理解,3.583333333333333,4.416666666666667
reflection_00107,reflection,"醫療有太多的不確定性,醫生是人不是神,只能盡最大的努力,剩下的還得看病患自身能不能挺得過來了。",4.375,2.8
text_01817,text,就事後處理的方式而言，死刑真的有用嗎？前幾個月槍斃了四五個，有遏止嗎？.,2.556,6.5
edu2021_01389,edu2021,原來沒有我們想的那麼簡單,4.0,5.142857142857143
sentence_00764,sentence,無論他編造的郭條條有多完美,4.0,5.75
reflection_00035,reflection,3.務必確定每位家屬都能清楚了解解釋內容:,5.0,3.1
text_01363,text,蒞庭檢察官陳文禮在庭上說，1月初收到陳母的信件，信中指出，依她對陳昱安20多年的瞭解，若未判處死刑，陳昱安出獄後會危害家族的安全，造成「血流成河」，她要伸張正義、大義滅親，請求檢察官向法官表示，判陳昱安死刑。,3.444,6.333
reflection_01415,reflection,而我們要做的，除了面對已是醫療不信任者，需要格外小心之外，還更要避免這類族群的產生，所謂上醫醫未病之病。,4.625,3.0
text_02554,text,如果你問前幾年的我，我是一定會拒絕冥想這種活動的，畢竟坐在那兒一動不能動怎麼看都是一件無趣又無用的事。,5.0,3.3
text_02184,text,近日，有媒體報道稱，讓人們煩不勝煩的騷擾電話之所以有增無減，其原因在於撥打騷擾電話的所謂電信增值業務基本上只要給錢就能辦。,3.667,5.0
reflection_00044,reflection,"到院後,初步生命徵象穩定,腦部斷層掃描顯示右側MCA梗塞,並送入內科重症病房接受進一步治療。",4.75,2.9
text_01343,text,死者朋友：「男生一直不讓女生走，就是以暴力威脅跟騷擾對方家人，她女子)有叫我幫她，如果有怎樣趕快去救她，所以我就有先報警。,3.0,5.625
sentence_01128,sentence,可見慶豐太監們只敢背後黑屁和下體升級性騷擾以及迫真自殺,2.5,6.0
edu2021_01297,edu2021,覺得上課速度快了點,4.25,3.857142857142857
text_02399,text,內部結構以方形為主，四方出入口則為圓拱造型，白色天花板搭配水泥色牆面及地板，簡單純淨的色調呼應戶外的自然風光，散發舒適祥和的氛圍。,5.5,2.167
edu2021_00002,edu2021,覺得今天上課的內容很豐富,6.75,3.0
text_00945,text,26號下的單，由於等Rapoo的鼠標，拖到30號才送到，不過意外的是當天有降價，價保還便宜了44元，算是額外的收穫.,5.667,5.625
reflection_01188,reflection,在加護病房之中，常常要請病人本人或是家屬做出許多重大決定，藉由這次的經驗，我體會到了同理與反覆溝通理解的重要性。,6.0,4.625
sentence_00315,sentence,日本秋田犬面臨滅絕,2.6,5.25
reflection_00565,reflection,3. 我的反應：其實當下的我們沒有做出什麼反應，儘管內心很是難過跟矛盾，但仍是靜靜的在一旁聽完老師們的解釋。,2.75,5.0
sentence_02578,sentence,伊斯蘭看看這牌坊立的多麼貞潔,6.0,5.0
sentence_00392,sentence,是不是偷換概念,4.4,4.2
text_00288,text,別跟政治人物一樣，為反對而反對，為何不說自己經驗而討論，只會發表自己喜好而討論，就像很多大大說的，不喜歡不屑，就別買就好了呀,3.5,6.222
sentence_00727,sentence,式翻盤太精彩了,7.0,6.0
sentence_02149,sentence,而如果飛黃騰達後變得奢靡頹廢,4.0,3.5
reflection_00079,reflection,"我在這個case中學習到在這樣的病房中,家屬的心理壓力其實很大,醫療團隊如果就容易爆發,只是一直否認家屬的質疑,沒有給予醫病之間連結和支持,找不到出口讓醫病關係更緊張。",3.4,4.8
edu2021_00367,edu2021,感覺得回去自己看書才能完整了解,4.916666666666667,2.8
sentence_00751,sentence,女政治家搞政治未必都是為了女權,5.5,6.0
text_00722,text,"酒店環境很不錯，服務也很好。前臺的接待很親切，連每一個遇到的清潔工都會主動和你說""你好""",7.0,4.444
text_02071,text,Google早些時候宣佈旗下的VR平臺Jump將會在6月末時正式關閉，並已向使用者發去了提醒儲存相關資料的通知。,4.75,2.375
reflection_01145,reflection,近幾年醫界及政府開始提倡病人自主，在這個病患身上，醫療團隊也積極的尋問病患自身對於醫療計畫的態度與意願，然而在病患插管不能說話，且較重聽的情況下，溝通其實十分困難。,4.25,4.375
sentence_02002,sentence,從而不敢上前動手,4.0,4.5
text_00204,text,開始對穿越文，古代文有了濃厚的興趣。,6.333,4.429
sentence_01341,sentence,但中國並不畏懼,6.0,6.333
reflection_01234,reflection,或許，這樣的病患在加護病房的案例中，應該不算罕見，但會讓我情緒撐不住的主因是因為他的兒子及媳婦都是醫師。,3.25,5.8
text_02866,text,人類乳突病毒傳染性強，婦產科醫師陳保仁今天表示，HPV感染非女性專屬，男性也可能被感染，導致癌症及面板病，且傳染途徑也不只性行為。,3.375,3.778
sentence_01213,sentence,婚姻家庭制度本身就在瓦解中,3.6,5.0
text_02673,text,世界第一高峰聖母峰再傳愛爾蘭和英國各一名登山客遇難，探險隊主辦單位今天表示，過去一週死亡人數目前增至10人。,2.571,4.0
text_00950,text,音響的聲音一般，但音量是足夠的。,5.556,4.714
reflection_00670,reflection,但是我幫病人去評估Glasgow Coma Scale的時候，我問他今天覺得如何，或者問題會不會不舒服，他會很強烈的在搖頭，但他目前的狀況無法跟我表達，到底因為是什麼東西或者為什麼會覺得不舒服。,3.25,4.8
sentence_00987,sentence,當時英國出來調停,5.0,2.75
edu2021_00578,edu2021,接觸到較陌生的內容，不過在實例講解後有進一步的認識,6.083333333333333,2.5
text_01843,text,推薦給每一個希望自己獨立和清醒的人。,5.667,4.125
text_00548,text,補充點評2008年4月15日：建議大家到日照時選擇其他酒店，祝大家在日照開心.,6.0,3.833
sentence_00766,sentence,但情人海灘仍然美得驚人,8.0,7.4
sentence_00809,sentence,以及家長本來就應該有的教養責任,5.25,5.4
text_00187,text,好可愛的書啊，圖片生動幽默，連我們單位的男同志都喜歡看，呵呵。,6.75,5.889
sentence_01470,sentence,在尚未碰觸到肌膚之前就已離我們而去,4.333,4.667
text_00047,text,張曼娟的文字和張小嫻一樣，都屬於療傷係，雖然我沒有受傷，但這並不影響我對她的喜愛。,6.222,4.0
text_01315,text,臺北暗殺星在賽前並未被寄以厚望，但是卻連續擊敗世界排名第三的南韓NaJinSword、排名第二的俄羅斯Moscow5，以及排名第一的AzubuFrost，獲得冠軍絕無僥倖。,6.125,5.714
sentence_00723,sentence,可悲可嘆可恨可憐啊,2.5,8.0
sentence_00671,sentence,這點宗和日日樹最明顯,5.0,3.667
reflection_02229,reflection,果真，老師問她要不要再插管的時候，她是拒絕的，但女兒後來還是讓她插管、氣切了。,4.0,4.125
text_00351,text,是日本要我們怎麼裝裝多少的不是和泰決定的豐田占了國瑞跟和泰百分六十的股份決定全都由日本人決定~~想要好的內裝好的配備好的東西請不要跟和泰講也不要跟國瑞講在01上講也沒有用~~請跟日本人講謝謝!!,5.375,4.375
sentence_00692,sentence,含有較多的脂肪,4.6,3.0
sentence_01051,sentence,總是在處於一定不明確的擔憂,3.333,4.667
edu2021_00945,edu2021,考試考到都沒自信了,1.75,5.5
edu2021_00802,edu2021,雖然還不是那麼熟悉，但我會更精進自我,7.0,6.083333333333333
sentence_00622,sentence,當年學生時代應該要加入辯論社團,4.4,4.4
sentence_02463,sentence,玷汙國家形象不知恥,2.333,7.0
edu2021_00841,edu2021,整堂課都很專心聽，但要說出今天學到什麼卻說不出個所以然,2.916666666666667,4.571428571428571
text_00040,text,倒是“兔子”深得我跟孩子們的喜歡。,6.5,4.143
sentence_01385,sentence,就是產業鏈還沒成熟,3.5,4.667
text_01800,text,黨報強力回擊，透露出總書記習近平主導強勢外交的味道。,5.286,4.429
sentence_00937,sentence,中國人反過來要抵制鴻海你怎敢,3.0,6.667
reflection_00415,reflection,反應為何當下想要盡可能地和家屬和伯伯本人解釋目前的情況以及插管所帶來的益處，伯伯態度堅決，因此醫療團隊在權衡之下先給伯伯戴上high flow初步維持血氧，待伯伯與家屬達成共識。,5.125,1.875
reflection_02259,reflection,說不定我很有求生慾望，結果我孩子以為我不想受苦就幫我簽了DNR，反過來也是，說不定我已經受夠這一切，結果我孩子捨不得我離開一直積極搶救，求生不得求死也不能。,3.625,6.125
reflection_00550,reflection,身為醫學生的理智拉住了這些想法， 但我也無法輕易同意該放手了，就算老師們的語氣很明顯的葉克膜對病患是弊大於利，而我也認同這件事。,4.125,6.25
text_02493,text,就算別人說太瘋狂了，你也要勇於說出並面對狂野的夢想與抱負，這一點非常重要——很少有人在臨終時後悔努力追求夢想，但確實有很多人會後悔連試都沒試。,6.0,6.0
sentence_01200,sentence,原世界第八大奇跡,6.25,6.667
text_00242,text,若干年後，時過境遷，韓琳依然是薑士安心底的最愛，韓琳也能愛了，但薑士安不能了，社會、道德、良心，兩個人經過了苦苦掙紮……,4.333,5.4
text_00892,text,準備裝成XP估計就會好很多。,6.0,3.625
edu2021_00046,edu2021,老師積極的講課以及專業的知識，讓我大開眼界,7.75,8.0
edu2021_00415,edu2021,今天課程內容值得學習，學好對未來幫助很大,8.166666666666666,5.25
sentence_00156,sentence,發照給她時她一直問我是不是所有人的親屬都到了,4.667,3.667
edu2021_00710,edu2021,這門課比想像中來的更有趣,6.5,5.916666666666667
edu2021_01167,edu2021,教得很扎實，但是中英混雜還是有點吃不消,3.583333333333333,4.571428571428571
edu2021_01248,edu2021,今天我仍然聽不懂老師所講的東西，需要多讀幾遍課本才能理解,4.083333333333333,3.416666666666667
reflection_00974,reflection,反應為何在第一次病情解釋的當下，我可能會急著跟家屬重新澄清拔管成功的機率，並強調相關的風險，甚至告知最糟的情況。,3.625,5.4
sentence_00624,sentence,分別判刑1年3個月及4年半,4.5,3.25
reflection_02467,reflection,可能發生什麼事即使不是會客時間，也可能會有一般病房病人轉ICU，有家屬陪同，若家屬看到有病人是被這樣不尊重隱私對待，可能對醫療團隊專業度失去信心,4.0,3.5
text_02002,text,剛離職的時候，自己就是從直挺挺、每天扛著槍上戰場的上班族，短時間內萎靡成作息大亂、東西亂吃、懶得運動、不知道要幹嘛的鬆散閒人。,3.5,2.857
text_00776,text,請要入住該酒店的朋友們入住時一定要清點你房間的消費物品.,4.667,3.857
sentence_00804,sentence,我們班很多男的給我們倆起過譏諷的外號,3.0,5.5
text_00479,text,其實就樓主描述及照片看起來，也不能全怪是神車不好!彎道中時速70已經不慢!再加上是爆後輪，肯定會有甩尾的現象!再加上路面品質不好的時候，翻車應是不意外，每個人對車子的敏感度不一，反應度也不一!照當時情況能救回來的!應該是經驗老到，有不錯反應能力的人!.....總之人安全就好，車再買就有!去收個驚，改改運好了!,4.889,5.875
text_02825,text,隨著企業操作科技自動化的程度越來越高，原先封閉的環境可能為此與IT環境和網際網路連線，再加上駭客攻擊的門檻逐年降低，已非高不可攀。,5.286,5.25
edu2021_00952,edu2021,上課中間沒休息，一下子接收太多東西，這實在是有點會消化不過來,2.5,3.333333333333333
edu2021_00036,edu2021,往後在這個領域所花費的時間漸漸縮短，且比較清晰不會過於混亂,6.571428571428571,3.571428571428572
reflection_00202,reflection,"二.我的感受不論是實際的病人心搏停止的急救流程、觀摩onECMO、和臨終病人的家屬溝通討論以及院宣,對我來說都是第一次經歷。",4.375,3.0
reflection_01537,reflection,一開始跟著老師及學長查房時他還是有意識的，但一兩天過後他的意識狀況因為肝腦病變變得越來越差，甚至到後來是失去意識的。,3.875,2.625
text_00244,text,六歲時，唐優優開始口吃，這令他自卑又孤單。,3.0,5.857
sentence_02027,sentence,有優惠才敢叫尊榮,5.667,6.333
text_02748,text,五月的風箏豬肉含量90%，肉感十足~天貓小豬呵呵旗艦店目前售價89元，15日0點開始活動價83.9元，摺合9.32元/罐。,5.5,3.25
text_02761,text,呂興巨集患有老年癡呆的68歲鄖陽區老人呂興巨集，於5月22日上午從鄖陽區南化塘鎮走失後，一直沒有音信，家人苦尋兩天無果，盼熱心市民提供線索。,2.889,5.0
sentence_02336,sentence,鑑賞等諸多才藝於一身,6.6,4.5
edu2021_01489,edu2021,老師教得很用心，也很激動，是個好老師,7.5,5.642857142857143
sentence_01979,sentence,此則名曰香光莊嚴,5.5,1.667
text_01306,text,中華民國國旗高喊「TPA、TPA、TPA」，TPA奪下了世界大賽冠軍，並抱走3千萬臺幣的獎金。,6.875,6.125
reflection_01834,reflection,當初聽到這個理由不太理解，但在接下來的幾天我漸漸明白。,4.7,4.2
edu2021_01254,edu2021,老師講得很好，讚讚,8.142857142857142,7.142857142857143
edu2021_00886,edu2021,這堂課收穫滿滿，很開心,8.083333333333334,6.285714285714286
reflection_00658,reflection,憤怒的點在於該名患者並沒有尊重護理人員，遇到問題沒有好好溝通，而是選擇用這種宣洩情緒的方式造成該名護理人員及當時在ICU工作的人員心理上的負擔，這樣對於他的醫療問題無法得到顯著的改善，是相當不理性的行為。,1.75,7.2
reflection_00480,reflection,又如果有一絲機會能夠活下去，但必須很痛苦、很痛苦的活下去：包含生理、心理，自己、親人與愛人，包含活下去與否都不知道的恐懼。,3.125,5.666666666666668
reflection_01990,reflection,是對許多來此的人們，希望的倒數計時。,4.5,4.625
edu2021_00332,edu2021,對我未來的就業很有幫助，也希望我可以學習如何使用這些工具在我的生活上,6.0,4.833333333333333
text_00302,text,臭酸的話題....東想西想，勉強掰出一些東西來阻礙。,3.286,4.167
sentence_02572,sentence,用在生活激盪不同的美感,7.0,3.667
reflection_01404,reflection,然而沒想到驅蟲後，最小的孩子卻因此過世了。,3.5,6.0
reflection_02407,reflection,會對這個阿嬤有印象也是因為她體內有裝IABP，學長提醒過我去聽聽看心音的異常我才知道原來IABP聽起來是這個聲音。,5.0,4.2
sentence_00441,sentence,叫不醒一個喪失了立場,3.0,4.0
reflection_02477,reflection,然而，在走入臨床後，我們將病人精心拆解成各器官功能的數據、收納進各個不同疾病組合的資料夾中，當我們的目光聚焦於各項數值的折線和x光的陰影大小時，「末期、不可治癒」忽然變得難以定義。,4.2,2.5
sentence_02500,sentence,今天有隻拉布拉多很機靈,6.6,4.0
sentence_01010,sentence,稱威廉出軌雜誌,4.333,5.0
sentence_01439,sentence,是一種崇高的美德,7.25,5.667
edu2021_01497,edu2021,今天上課是目前為止最有精神的一次,7.083333333333333,6.166666666666667
text_00566,text,本人住的是主樓28204房，客房服務人員和前臺小姐、門童的態度都十分好。,6.667,4.857
text_02697,text,在肌肉正常反覆收縮、放鬆的過程中，有時會出現某些部位的肌肉再也不能放鬆、持續處於緊繃狀態，因此產生痙攣的情況。,4.625,4.8
edu2021_01019,edu2021,對於今天的課，我聽不太懂老師所講的東西,3.785714285714286,3.25
edu2021_00558,edu2021,今天的課程內容，很不懂，尤其是那張圖，不知道它在說什麼,2.333333333333333,5.714285714285714
reflection_01480,reflection,但其實事後回想，想起如果是我，在這樣的情境下，我的思考還能如此客觀嗎？,4.5,3.0
reflection_02213,reflection,那時，我觀察著病人死亡的生命徵象變化，學著學長如何院宣，並幫忙學姊拔了病人的氣管內管，小心地怕自己做錯任何事，一直到要背起書包要回家的路上，在意識到“啊，病人是真的走了。”,3.75,3.5
edu2021_00991,edu2021,今天上課講的東西有點抽象聽不太懂,3.714285714285714,4.25
edu2021_00767,edu2021,今天的課讓我很感觸很深,6.857142857142857,6.75
sentence_02559,sentence,它的裂痕始終存在,3.0,6.25
reflection_01929,reflection,而且我發現一個蠻有趣的現象，二兒子雖然應該不是社會上所謂的精英分子，但是他總是畢恭畢敬地向老師和學長道謝；也常常在10點多左右就守在MICU大門，這可能就是兒子對臥病在床的父親的關心與愛吧。,6.5,3.75
sentence_02293,sentence,生活不是等待暴風雨過去,5.333,5.0
text_02713,text,我是1980年上小學的廣西孩子，童年時看的都是愛國主義軍事題材片，所以，我心底有根陳年的刺，有畏懼和警惕。,4.0,3.0
reflection_00938,reflection,反應為何我們只能把病患現有的選擇都告訴他（安寧照護或氣切後的照顧），告訴他各個選擇的利與弊，讓病患的家屬去討論覺得怎麼樣能讓他們找到一個平衡，雖然我們希望病患可以走安寧照護，但我們還是要尊重家屬最後做的選擇，並給予他們協助與支持。,5.0,3.3
edu2021_00055,edu2021,今天講到關於不要退選的事情，讓每個同學瞬間充滿了希望,6.916666666666667,7.5
sentence_00121,sentence,最後又社會經驗萬歲,3.667,7.333
text_01154,text,通風報信，打遍天下無敵手，就連賽前曾和國際隊伍有過練習，接連打敗韓國和俄羅斯超強隊伍，奇蹟一再發生，也被拿來質疑。,3.889,5.0
reflection_00973,reflection,但同時，我也很不忍心打破家屬對於病患預後美好的想像，畢竟自己的親人住在加護病房對於家屬而言都是身心的煎熬，醫療端釋出的任何一點希望，對於家屬都將是很大的慰藉。,3.0,4.75
sentence_01534,sentence,盼扺消可能的赤字,5.667,6.0
text_02531,text,自此，臺灣被割讓給日本，開始了日本50年的殖民統治，臺灣人民進行了犧牲巨大的武裝抗爭，最後以失敗告終，但臺灣人民英勇對抗日本侵略的歷史應該被牢牢記住。,5.0,7.125
sentence_01013,sentence,在一片譁眾取寵中繼續編造虛假檔案,2.0,5.333
text_00354,text,而是要買有NCAP5顆星的認證車種....你說的話好像國產T撞到會死人的如果多花10~20萬的其他車種就不會死了我這樣解讀你的話~對嗎?,3.25,4.5
edu2021_00097,edu2021,今天學了一堆，感覺還要回去熟悉一下,4.5,4.583333333333333
reflection_01536,reflection,最後，因為病況不可逆且生命徵象不穩而後心跳停止，所以我們在09/13凌晨宣告吳先生死亡。,2.9,6.125
sentence_00393,sentence,既然無法證明那是真理,4.0,5.25
text_02632,text,5月6日，騰訊官方公眾號發表了一篇文章，名為微信錢包-零錢沒有餘額怎麼辦，當滿懷期待的使用者點開準備get新技能時，正文赫然寫著九個字那就努力工作賺錢吧。,5.375,3.8
sentence_01624,sentence,賄賂120萬美元入名校,3.0,1.667
reflection_02515,reflection,病人的太太是一位護理師，一開始在與家屬接觸之前，只聽說太太很希望病患可以恢復到繼續接受腫瘤治療的程度，對於DNR全拒。,4.0,3.875
edu2021_00109,edu2021,以前只是聽過，但不清楚是幹嗎的，經過老師的解說，讓我有了更進一步的理解,6.916666666666667,4.071428571428571
reflection_00799,reflection,用這個觀點看待病家的舉動，並非表示醫護就該隱忍，我們不用認同別人的負向情緒，只需要知道這些對我們可能有傷害的舉動，其實來源於病家的悲痛。,3.875,4.8
text_02348,text,生活於香港，急速的並不只有步伐，有時連說話時都會帶著一股不耐煩的心急語調，特別是面對親密的人，一刻的耐性也不願保留。,3.444,4.667
edu2021_01262,edu2021,對於幾十年前可以提出一概念卻能造福往後幾十年，實在令人佩服,7.142857142857143,7.25
edu2021_00377,edu2021,今天教的對我們來說是不可或缺的，我們經常需要使用它,5.666666666666667,3.5
sentence_02439,sentence,焚燒橡膠產生大量濃煙影響全市空氣品質,3.0,4.4
sentence_00066,sentence,臺灣無法容忍這種和禿頭韓一樣的廢物,2.75,7.25
edu2021_01228,edu2021,今天上課的內容我大都聽不懂，有點難過,2.0,5.714285714285714
text_01076,text,老翁家人說，還好後來送醫治療後已無礙，「幸好只是骨折，不是心臟疾病，否則後果不堪設想」。,5.889,3.857
reflection_01679,reflection,而就醫師的角度，若有機會改善，大部分還是會推薦積極治療。,5.75,4.125
sentence_00586,sentence,除非被魔鬼奪取了心智,4.0,4.8
text_02209,text,香港器官移植行動小組召集人周嘉歡表示，紀念公園是一個讓捐贈者安息的好地方，可讓受惠者拜祭捐贈者，亦讓捐贈者家人感受到至親遺愛人間得到社會的認可和重視。,7.0,4.875
sentence_00880,sentence,練習過量勞損了,2.0,6.0
sentence_01754,sentence,天天信奉你那個騙神,3.333,7.0
text_02091,text,此外，這款平板電腦可與512GBmicroSD卡配合使用，是上一代機型可支援容量兩倍，但是其它引數保持不變，它甚至保持合理的49.99美元售價。,6.286,4.5
sentence_01499,sentence,中國經濟增長一直平穩,5.667,4.333
text_00167,text,希望更多的老師看看王老師的書，仔細的想一下應該如何教孩子學習而不是灌鴨式的教授知識，讓孩子真正的愛上學習！,6.571,5.857
text_02885,text,臨床上，腎氣不固、下焦虛寒導致的遺尿最為多見，症狀表現為小便清長、神疲乏力、面色少華、形寒肢冷、腰膝痠軟等。,3.714,3.143
sentence_00639,sentence,日本都吃原子彈了,3.4,6.0
edu2021_00547,edu2021,我個人認為今天學的東西有比較複雜一點,4.571428571428571,3.571428571428572
text_01028,text,更有不少人表示「贏韓國就是爽」，指韓國人不作弊就輸了（編按：AZF日前有選手在比賽中觀看大螢幕，藉以知道對手位置）。,5.889,4.75
reflection_02018,reflection,病人妻子聽到後表情並沒有太大的改變，只是詢問不能繼續留著氣管內管嗎？,4.75,3.833
text_01720,text,之後，歐巴馬感謝了他的競選團隊，「你們是史上最棒的，有些人從4年前參與競選，你們在這一刻創造歷史。,6.875,6.0
edu2021_01176,edu2021,讚，老師今天教的讚,6.916666666666667,7.25
sentence_02259,sentence,醫院經理讚演出壯麗輝煌,7.0,6.0
text_02523,text,大多數疾病在發病之前，身體都會發出求救訊號，由於人們缺乏醫學知識，再加上一些小症狀太過平常，往往就會被忽視，錯過最佳治療時間。,3.143,5.0
text_00670,text,歡迎您再次入住，衷心祝您身體健康，工作順利!,6.714,4.167
reflection_01429,reflection,此次因發燒、血氧血壓不穩而住院，我們的主要診斷是肺炎引起的敗血性休克。,4.75,2.25
text_01242,text,手銬不斷敲打，試圖用強大的撞擊力讓手銬鬆脫，就這樣東敲西打一通，手銬總算順利解開，侯姓男子開心的直向警方道謝，直說以後再也不敢亂玩手銬了。,5.0,5.167
sentence_00696,sentence,我是看節目才知道男人很愚蠢,3.0,5.75
reflection_00674,reflection,如果病人還是很執著，其實也可以用其他的方式讓她的腳接觸物品，像是在床尾放棉被或枕頭來增加腳底的踩踏感等，盡可能關懷病人的心理同時也確保病患住院治療過程安全無虞。,5.25,4.25
reflection_00754,reflection,"反應為何除了反覆與家屬解釋目前醫療團隊的決策及處置外,嘗試說服家屬相信醫療團隊的專業,並讓家屬認為我們已經相當積極解考慮到疾病的各個面相和處置,然而事實擺在眼前,必須認真考慮後續對病人的處置。",4.25,2.875
sentence_00028,sentence,河村隆一演出充滿溫暖,7.667,5.667
reflection_02100,reflection,但最後太太的提問卻偏離主題，讓我覺得這場對話是不是有點浪費時間，若真的手術發生事情了，家屬會不會反而怪醫師團隊當初沒講清楚，但其實是家屬當初只選擇想聽的東西呢？,4.0,4.625
reflection_01671,reflection,我才剛離開感染內科，對於 IVDU 的病患的理解會覺得他們往往自己放棄自己了，才會讓毒品有機可趁，讓毒品劑量在身體累積到一定程度後，才來尋求醫療的協助。,3.9,3.9
sentence_02246,sentence,看到一條條關於我虛假的流言蜚語,2.75,3.75
text_00106,text,不足之處：沒有對部分比較難的單詞做出註釋（有些詞一般的字典是查不到的）。,4.1,4.111
reflection_00933,reflection,雖然家屬這樣的態度不一定會影響醫療決策，但醫療端需要花更多時間和他溝通，也因為家屬沒有完全信任醬療團隊所以可能不會輕易接受我們建議。,4.75,3.8
sentence_00645,sentence,和戀人分手的可能性微乎其微,5.667,3.667
text_00799,text,房間裏黴味，煙味撲鼻，沒有窗戶通風，骯髒的地毯上的斑斑點點的汙蹟，令人觸目驚心。,1.889,6.875
edu2021_01175,edu2021,考試作業接踵而來，令人喘不過氣,2.333333333333333,5.785714285714286
text_00586,text,我們正對電梯，所以電梯停靠和人聲比較嘈雜。,4.0,3.667
reflection_02252,reflection,我就覺得她一定回家也經歷很多自我折磨，我覺得要做這個決定要很勇敢，這就像是為別人的生命負責，你決定不讓他受苦的時候，你也是背下別人眼裡你不救他的指責。,4.8,5.375
sentence_01718,sentence,何止很少充分活,3.5,5.333
edu2021_00327,edu2021,有複習昨天教的內容，加深印象,5.916666666666667,3.0
reflection_02403,reflection,之後的確依照家屬的意願拔管，病人也神奇的撐了下來，喘的情形也尚不明顯。,5.625,3.125
edu2021_00803,edu2021,看到有考試和很多的作業就有點害怕了，只好趕緊做吧,4.071428571428571,5.375
sentence_00593,sentence,你沒辦法照顧到我,3.0,5.0
text_02219,text,這是一款讓人沉浸的解謎遊戲，因為他沒有會卡住進度繞半天的謎題，沒有不合常理的天馬行空線索，他的解謎與故事完美融合，一氣呵成。,6.375,4.5
text_00912,text,娛樂上網本，能夠滿足基本需求。,5.667,3.571
sentence_00882,sentence,我認識的軍公教是都滿節儉的,6.0,3.667
text_00593,text,以本人愚見，這個飯店實在是沒什麼值得稱道的地方，甚至想找一處放置手提電腦的地方都很困難！,2.889,5.778
text_02574,text,5月14日訊息，今天聯想推出了一款小新螢幕魔力擦，一噴一擦，螢幕宛若新機，而且安全殺菌，售價59元，目前已在聯想商城開售。,5.778,3.111
reflection_02450,reflection,這次是因為在超商前胸悶昏倒而入院。,4.25,3.1
text_00099,text,勞動與愛情，挫折與追求，痛苦與歡樂，日常生活與巨大的社會衝突，紛繁地交織在一起，深刻地展示了普通人在大時代歷史進程中所走過的艱難曲折的道路。,4.222,5.625
text_01442,text,詹惟中分析周傑倫蛇年戀愛運旺，但孕事將不如心願，可能要到馬年才能播種成功；昆淩則是愛情、事業運皆不錯，若抓住周媽的心，將遠離感情危機。,5.444,4.625
text_02367,text,我們中的大多數人都認為時間自然存在，然而，對於科學技術中一些應用來說，精確到毫秒可以創造一個與眾不同的世界。,5.444,3.0
text_01903,text,還有政治立場鮮明的同學理直氣壯的說以前跟他很好的國小老師因為一直發深藍的文讓他看的很不爽所以刪了他好友。,3.444,6.375
text_02890,text,波洛西表示，一名男子孤身在街上阻攔一列坦克的圖片，獲得全世界所敬仰，但中國大多數年輕人卻不知道，她對此感到很傷心。,3.375,5.0
text_01207,text,好像自己就在當會計，對於準備進入這一行和在這行幹出納的朋友們來說，買一本看看真是好。,6.125,4.571
text_00519,text,深感不以為然才發文的，另一方面某種程度上我也給了樓主一些建議，那就是TOYOTA的車要操壞沒那麼容易沒想到幾天沒上來看結果這整棟樓歪掉了，對此對樓主致上歉意，小弟真的沒想到會如此樓主有問題上網尋求幫助和經驗分享，請各位高手先進們回復到樓主的議題，並祝新年快樂，謝謝,6.25,3.4
text_00898,text,前面有位兄弟說的網卡驅動丟失的情況，我也遇到，後來換了一個版本的XPSP3後就沒事了（開始裝的是XPSP2的）。,4.75,4.25
reflection_02093,reflection,身為醫師在面對這種狀況，只能盡力的和家屬說明，也找了兒子女兒一起會議，若都已經解釋清楚且完備，就只能請家人好好討論，也許兒子女兒的想法不一樣，能夠和媽媽討論和決定。,5.125,2.875
reflection_01090,reflection,你的感受為何:當下其實蠻尷尬也蠻緊張的，因為一時間不知道如何安撫其情緒，又想要試著去理解病人想表達什麼你的反應為: 試著從頭到腳確認病人具體是想要表達哪裡不舒服，但病人都逐一否認，無果後只能安撫病人會客時間快到了，等等可以再請家屬轉達，病人也因此平靜下來。,3.875,5.625
reflection_01514,reflection,"她的血液數值因為原發疾病的關係,怎麼輸血都仿彿無效治療,後來又因為腎功能不断地惡化,已經到了應該要洗的地步。",3.875,5.375
reflection_02020,reflection,這也是我兩周在內科ICU，除了重症醫學知識以外，得到最大的收穫了。,6.25,5.5
edu2021_00530,edu2021,覺得課程結合有關日常的事，真的很好玩，也讓人更好奇,8.166666666666666,7.5
text_00958,text,外觀帥氣，精緻，顯示燈豐富，配置合理，VISTA下評分達到5.1，顯卡強勁達到5.9；各種模塊齊全，攝像頭藍牙都比較實用，音響效果的確不錯；之前大家關注的散熱問題，我也覺得滿意，北京那麼熱，我連續用半天，跟同學多臺電腦相比熱量沒他們的明顯，個人覺得大家不一定聽取某些人的片面抱怨，聯想還是值得信賴的大品牌；裝系統還算方便，隨機有VISTA驅動光盤，XP的可以再官網下。,6.625,4.8
reflection_01597,reflection,就在我待在CCU的最後一天，他們終於下了決定，“我們想再拼一拼”這句話從她女兒嘴裡說出，即便我與他們沒有任何的干係，但我當時的心情也為之一顫，一掃當時聽聞他們不想再洗腎的氣餒（病人醒了之後，他們猶豫是否要洗腎）。,5.7,5.4
text_02036,text,孩子難以改變的另一個重大原因，是社會環境的影響，成人的世界、父母和老師每天也都在滑來滑去，要孩子不滑，真的很難有說服力。,3.625,5.875
edu2021_00378,edu2021,今天好累喔,2.642857142857143,4.5
edu2021_01317,edu2021,今天上的有點快，但大致還是聽得懂，讓我受益良多,6.333333333333333,4.142857142857143
text_01479,text,奧運等級的國際競賽，希望政府相關單位能協助發展，幫助臺灣電競產業與國際接軌。,5.778,5.0
sentence_01866,sentence,網頁的話就是不要第一秒進去沒搶到就氣餒吧,4.333,4.667
text_02467,text,5月23日臺灣總統蔡英文打破她在公開場合不見中國民運人士的顧忌，高調、高規格接見來自中國的多位民運人士。,5.75,4.714
sentence_01890,sentence,一直以來那唯一的的支柱瞬間倒塌了,3.0,6.25
edu2021_01267,edu2021,今天也講了許多相關知識，只是太累了內容記不太起來,4.083333333333333,3.285714285714286
reflection_01954,reflection,生命總是在來去，也許這次回來了，但怎知道哪次，真的會一去不返？,3.25,5.125
edu2021_01081,edu2021,明白了自己以後可能接觸到的是甚麼樣的場景，好像更加清楚了這個職業,5.75,5.333333333333333
sentence_01330,sentence,那簡直一文不值,2.333,7.333
text_02281,text,畢竟是自己選擇的路，走得不順、走得顛簸，也就是自己的責任，再也無法任性地說──做這些事情又不是我樂意的。,4.5,5.571
text_01776,text,有不同意見的媒體，沒有批判我的言論自由。,4.625,3.857
edu2021_00134,edu2021,剛好我這學期也有修相關的課，所以聽得還蠻熟悉的,6.4,3.916666666666667
reflection_02516,reflection,我的primary care有pancreatic cancer並且meta到肝臟和淋巴結，這次出現血壓不穩定以及急性腎衰竭入院，因為病況不穩定來到MICU洗腎觀察，住院的過程中，一直無法拉高血壓，洗腎的過程也不順利。,3.625,2.875
edu2021_01566,edu2021,今天收穫良多，實在很有趣耶，我超有興趣的,8.142857142857142,8.333333333333334
sentence_00026,sentence,一切諸佛所護念?,5.0,3.25
reflection_01696,reflection,我感到無力且沮喪，無法理解什麼他要一直重複同樣的問題同樣的事情。,3.2,4.8
edu2021_01371,edu2021,雖然我還不是很熟悉，但是想好好學，之後會複習讓自己更熟練,5.083333333333333,5.166666666666667
reflection_01177,reflection,因此家屬用視訊讓遠方的親友也能參與這個過程，情理上相當可以理解。,5.125,2.125
sentence_02262,sentence,這種被竄改內容或被迫改變的案例不只臺灣出版物,3.5,5.75
text_02451,text,"撒哈拉沙漠是世界上最大的沙漠，在高溫乾燥氣候下逾9,400,000平方公里面積幾乎都是荒漠，雖然可能不適合人們與動物居住，但它相當適合發展太陽能。",6.25,4.571
reflection_01818,reflection,父親覺得就近的醫院自己比較了解也比較熟悉，因此他們可以更相信當地醫院所給予的治療。,5.625,2.875
reflection_02141,reflection,如果換成是我，在同樣的情況下也可能多少會對於醫院抱持著懷疑的態度，於言談之間也就無法理性地溝通。,4.25,3.0
text_00134,text,總的來說，這是一個頹廢版的穀崎潤一郎式的作品，人的劣性、不滿足、愛情的虛幻，表現的挺好的。,5.333,3.667
text_00523,text,唉~又是一篇無聊的酸文！,3.222,5.5
text_00262,text,收到書的那天，正好是和兒子一起去郵局去的，一到家，他就迫不急待的打開書，一口氣全部看完，特別是對書中動物、人物的神態表情，一遍一遍地翻過來對比，突然，他在房間裏大聲喊到：媽媽，這是我六一兒童節收到的最好的禮物！,7.0,6.714
reflection_02400,reflection,這裡我不想猜測過多家屬的動機，我只覺得連平常自己頭痛都會吃顆止痛藥了，阿嬤的病況如此複雜，如果真的什麼藥物都不給，做子女的忍心看阿嬤忍受這樣的痛苦麼？,3.375,5.625
sentence_00195,sentence,米洛舍維奇等獨裁政權,4.0,3.2
text_00493,text,恰巧剛入手CT不久...首先，我覺得油電車不好開，但好玩！,6.0,5.667
text_01829,text,只會一呼籲、二呼籲、再呼籲，除了呼籲外還會啥？權力在你手上，卻不知道怎麼解決是吧？只想互丟皮球，說不定就莫名其妙解決了是吧？還是說等大家累了，自然就會回家了是吧？或者想等好捧友CHINA介入是吧？可笑，可笑，太可笑,2.571,7.0
edu2021_00960,edu2021,這次在課堂上聽到了不少最近的時事配合著課程一起介紹，讓人從有點想睡的狀態下脫離，挺起精神來聽,6.75,5.5
reflection_00243,reflection,可以怎麼做事後，我得知他的家庭狀況後，嘗試了解並同理病人的行為：－家人承受很大的精神與經濟壓力－媽媽、妹妹、弟弟都有精神疾病在就診－爸爸已經不在了，只剩媽媽一個－媽媽是病人的主要照顧者，會比較心急－病人突如其來的狀況讓媽媽沒料想到而措手不及當嘗試了解病人家庭的狀況，可以理解他的情緒與行為。,3.875,5.7
text_00035,text,這一年的春夏秋冬歡笑痛苦哀傷，五味陳雜生活就是這樣，慢慢流淌，遇到該遇到的人又各奔東西，留下無盡的懷念和記憶，美好而感動,5.667,4.667
text_01792,text,面對台灣終究是中國的領土的問題這才是國民黨真正勝選的關鍵,5.25,5.0
reflection_00720,reflection,老師直言他很後悔讓父親藉由呼吸器延續生命，不應該再讓他痛苦的活下去，該走的時候就應該讓他走，既然已經無法將疾病治癒，那維持生命又有什麼意義呢？,1.875,5.2
sentence_01261,sentence,不過偶爾也是要讓自己放鬆的噢,6.0,6.0
sentence_00992,sentence,幼兒又開始發燒,4.0,5.5
reflection_01822,reflection,且對於病患的狀況我想母親比父親更為熟悉。,5.0,3.0
reflection_01216,reflection,在這裡的病程之中，感染一度控制下來而拔管脫離呼吸器，誰知沒隔幾天，再次出現發燒、喘、血氧飽和度下降的狀況，只好重新進行插管上呼吸器。,4.25,3.25
sentence_02044,sentence,只能靠忙碌來麻醉自己,3.667,4.333
text_00342,text,是有一些不爽為什麼不撞我的舊車卻偏偏撞我的新車。,3.125,6.375
edu2021_01068,edu2021,今天上了很多東西，但是我聽得懂的還是不多,3.285714285714286,2.5
text_00271,text,現在也覺得收穫挺大。,6.667,4.857
sentence_02087,sentence,以前我就是混黑道的,4.0,6.0
edu2021_00050,edu2021,語氣稍嫌平淡，會使人感到有些昏沉,2.666666666666667,2.25
reflection_00998,reflection,也讓我反思如果我是情境中的病人或家屬會怎麼選擇，試著去同理他們為什麼會有這些反應，站在病人角度，可以理解他不想再經歷痛苦的感覺，這讓我想起之前在病房的末期病人們，看到他們虛弱的躺在病床上，身上插滿管子跟監測儀器，要與疼痛奮戰，神智不清，無法表達，有些甚至要其他人幫忙大小便，病人失去尊嚴還要承受劇烈疼痛，各種煎熬畫面浮現，讓我覺得善終真的很重要。,6.25,4.9
reflection_01962,reflection,王婆婆要轉出加護病房的那天，大概是我這兩周來心情最充滿生氣的一天。,6.75,6.375
reflection_01515,reflection,"描述事件:一位64歲女性因為末期診断的多發性骨髓痛住進病房,原先是因為肚子痛、食慾不好多日來到急診,在血液腫瘤科的一般病房住院期間病情惡化插管後轉到加護病房,從九月底一直住到十月中,中間查房的時候意識都沒有恢復。",3.25,5.75
reflection_00066,reflection,"描述事件具體發生了什麼事病人嚴重敗血性休克,升壓劑全上但血壓仍然不穩定,醫療團隊召集家屬來到bedside,告知壞消息。",4.0,1.875
reflection_00727,reflection,我的感受聽到事件剛發生的當下有一點不知所措，想說發生的太突然，再來就是有點愣住，因為早上的時候我明明有聽到突然變大聲地奇怪的肺音，但卻沒有多問一句住院醫師學長，雖然當時發現可能這個病人也不會改善到哪裡，但總覺得我好像有哪裡對不起他的感覺，心裡不太過意的去，但同時間又覺得終於找到這個病人最近血壓掉的原因，有種解惑的豁然開朗感,4.5,6.0
edu2021_01406,edu2021,雖然以前聽過，但覺得還是不太清楚，希望老師可以在課堂上補充實例,4.714285714285714,4.0
reflection_00867,reflection,我的感受含情緒用詞為何會有這種感覺(信仰、態度、價值觀)先入為主如何影響感受我感覺有些難過但又對家屬們的豁達感到驚訝。,4.25,6.375
edu2021_00770,edu2021,這個專案還蠻有意思的，有受到一些啟發,6.583333333333333,4.285714285714286
edu2021_00035,edu2021,希望老師上課的時候可以多分享一些實作上的例子，讓大家稍微提振一下精神,5.25,3.857142857142857
reflection_00914,reflection,預後非常不樂觀，有很大的機率成為植物人。,2.5,4.125
sentence_02081,sentence,堅心信靠恆久靠主,6.667,5.667
edu2021_01060,edu2021,上課速度及音量適中，尚能跟上步調,5.5,2.285714285714286
text_02105,text,有媒體報道稱，5月11日，廣西柳州一中學在家長會上推出華為學生定製手機，該款手機可過濾不良資訊，並對使用時間進行管理。,6.167,3.286
reflection_01790,reflection,經歷兩三次這樣的對話來回後，主治醫生向病人表示，你這樣的擔心也沒有用，基本上做這樣的檢查意義不大，家屬感覺有點被冒犯。,4.0,4.25
sentence_01487,sentence,在青草地上跳舞又是一番歡欣,7.0,5.667
edu2021_01151,edu2021,今天教的有點不懂，希望老師之後可以再複習一次，增加印象,4.583333333333333,3.285714285714286
text_02479,text,可能洩露大量資料的自2014年一來就有的嚴重漏洞被暴露，未更改預設密碼的Linksys路由器甚至可以幫助駭客在現實世界中物理定位裝置和使用者。,3.375,6.0
text_01582,text,本篤十六世曾在五年多前對中國天主教徒發出牧函，要求統一中國控制的教會和地下教會，結果情況變得更糟,3.75,4.444
text_02048,text,育嬰假與性別和東西文化差異無關，實務上最關鍵的仍是工作分擔問題，而要解決其實不是難事，只要同仁能誠心一起討論、思考、尋找人選，很快能有解方。,6.375,3.5
sentence_00895,sentence,不用再看那些刺眼睛的文字,6.4,4.25
edu2021_01558,edu2021,我對於這堂課的內容蠻有興趣,7.0,5.333333333333333
edu2021_00340,edu2021,講師帶給我們這麼多有趣的應用，讓我們躍躍欲試，也激發了我們今後自主學習的興趣,8.833333333333334,6.928571428571429
edu2021_00614,edu2021,老師講的許多內容讓我非常感興趣，非常喜歡老師講的東西,8.214285714285714,6.916666666666667
reflection_01923,reflection,Case3最後一個case是我的primary care，那她是位85歲的啊?，她因為特殊的血管炎而有著不好的預後，但是每天都能看到她3位兒子分工合作來探望啊?，在床邊和啊?聊天。,5.25,2.75
text_00160,text,開始會擔心裏面的附贈品不知道會不會有，看來是有的，朋友收到了很開心也很喜歡,6.375,5.375
text_00205,text,我從很小的時候就非常喜歡讀書獨獨不喜歡歷史方面的書籍感覺她們太沉重，中國的歷史太讓我們這些赤子而憂心重重了,3.667,3.0
text_02506,text,許多人將這視為理所當然，但如果試著想像旁人難以理解我們的說話或表達方式時，這肯定令我們極度不便和沮喪。,3.778,4.3
sentence_00579,sentence,所以我很羨慕我弟,5.0,5.0
edu2021_00409,edu2021,今天把考試範圍都教完，下周就要考試，真心覺得嚇死人，看來這周不用睡了,3.833333333333333,8.166666666666666
sentence_00632,sentence,如果高超的技巧運用得不得要領,3.5,3.75
text_01670,text,正出訪中國的李永萍更在昨晚委託律師到臺北地檢署按鈴控告童仲彥誹謗罪，並強調週日返臺後會提出高額民事求償。,4.111,5.333
reflection_02107,reflection,但有以下幾點問題：術前：術前的麻醉評估（有可能麻醉時休克）術中：大出血死亡術後：傷口照護、有可能持續出血、甚至氣胸、感染2. 不開刀，進行呼吸訓練順利可以拔除呼吸管，繼續引流轉往普通病房，或是帶著bottle 回家繼續照顧。,4.875,2.5
edu2021_00411,edu2021,這堂課對日後有莫大的幫助,6.857142857142857,5.0
sentence_02034,sentence,住得膽戰心驚啊,3.333,6.667
sentence_01815,sentence,只係變得更加老練,6.0,4.333
text_00027,text,而正處於那個生命階段的讀者也許會產生共鳴，發現原來他們在這個時候的想法並不是孤獨，沒有人明白的。,4.25,4.25
edu2021_00800,edu2021,科技進步好快喔，將來一定會讓我們大開眼界,7.25,6.785714285714286
text_01899,text,不過，賤民解放區有幾篇關於反經濟全球化論述，我認為不管是正反雙方都應該仔細思考的。,4.778,3.9
text_02501,text,百度的工程師在冬天看到一隻躲在自己車底下避寒的流浪貓後，決定與志願者組織合作，建立了一個具有AI加持的流浪貓庇護所。,7.0,5.429
sentence_00935,sentence,清明生日也是4,5.0,2.667
sentence_00250,sentence,而中方的法律則是如毛澤東說過的,5.0,4.0
text_00334,text,這些配備，或許將來可以救你一命，甚至救其他人的命！,6.125,5.143
sentence_02431,sentence,男子以身體人肉擋車門令列車受阻,4.0,4.6
text_02259,text,新的研究發現，如果古代金星曾經是浩瀚海洋的家園，那麼潮汐的拖拽可能減緩了這顆行星的自轉速度並使其變成大家現在所知的死氣沉沉的世界。,4.6,3.2
reflection_01810,reflection,Case259歲男性，末梢血管疾病，截肢，病人病識感不佳，因左下肢已發黑且無法做導管處置，照會整形外科醫師後，建議截肢。,4.0,3.7
sentence_01750,sentence,博古王若飛葉挺罹難,2.6,3.25
text_01721,text,我對於能與各位一起成長感到很榮幸。,6.5,6.222
edu2021_00737,edu2021,我一直抱持很高的興趣，希望能介紹多一點相關知識,7.142857142857143,5.916666666666667
edu2021_00503,edu2021,有些內容其實我還是搞不太懂,2.833333333333333,3.25
sentence_01253,sentence,就無所顧忌地開始胡鬧,3.0,5.333
text_02645,text,雖然Linux社群在Windows系統的失誤中茁壯成長，也吸引越來越多的人嘗試使用基於Linux的發行版本，給人一種欣欣向榮的景象。,6.625,5.0
text_00072,text,正如Miki所說的“有些書，不必有那麼重大的意義”。,5.111,4.0
sentence_02049,sentence,心中所有的煩惱和不悅立馬煙消雲散,6.75,6.0
text_00434,text,打一下那種的感覺，會覺得全身都麻了的，如果大多的話，可能會震死吧！,4.0,5.5
reflection_01096,reflection,我才發現我先入為主的觀念差點讓我誤會了病人。,4.25,3.5
reflection_01579,reflection,如果生命只剩下是一個用機器延續的空殼，除了徒增痛苦又有什麼意義。,3.625,3.875
reflection_02214,reflection,其實，我總是在看自己可以從中學到什麼，而忘了用心去體會那些情緒，包括病人的、家屬的、抑或是我自己的。,4.5,4.3
edu2021_00266,edu2021,希望老師可以多作一些解釋，不然像我這種比較不熟的人會反應不過來愣在那邊,3.857142857142857,4.9
reflection_00643,reflection,在團隊更換要交接的時候或許可以再多了解病人家屬在意的點，在解釋上盡量一致，不要太過反覆，或許可以讓家屬不會那麼無所適從。,5.375,2.125
sentence_02485,sentence,美國和英國共謀語文建議,5.4,3.2
reflection_02263,reflection,我也是看到很茫然，大腸鏡這種只是健康檢查級別的東西也要拒絕嗎？,3.75,5.625
edu2021_00962,edu2021,今天講的有點難，一恍神就聽不太懂了，好險我的同學懂，希望下次不要再恍神了,4.666666666666667,5.071428571428571
edu2021_00299,edu2021,我覺得今天的課讓我更充實了,6.285714285714286,3.571428571428572
text_01722,text,「我知道選戰看似很蠢，很多評論員說這是特殊利益團體的較勁，如果各位能與參與造勢活動的人攀談，你會發現政治不只是表面這樣，你會發現年輕人透過參與，讓他們的後代能享受美好的果實。,6.111,5.429
reflection_02530,reflection,我漸漸可以同理他們的心情，並且開始反思自己是不是開始慢慢失去同理他人心情的能力。,4.0,4.5
reflection_00149,reflection,"以醫生的角度而言,我們替病患著想,怕病人打太多針會痛,安排太多檢查會有很多副作用,因此適當的刪減療程,此想法是為善。",6.375,4.625
text_01329,text,很難相信，吳信達助理教授說，他過去曾經是「不被看好的孩子」；就如同時下一般年輕人，他從小到大就愛玩，無所事事，生活茫然；成績當然不好，從來就不是學校重點栽培學生。,4.7,5.2
sentence_00401,sentence,我家廚房真的不大,4.0,7.0
sentence_01654,sentence,從中可以照見惡和善,5.4,2.8
reflection_00945,reflection,另外，我在新光MICU時常常忍不住和家屬的情緒一起波動，和他們一起流淚。,2.3,5.75
text_02756,text,但表面看似歡樂的電玩，私底下卻也流傳了不少都市傳說，以下盤點六個著名的驚悚事件，每個都讓人不自覺起雞皮疙瘩！,4.375,6.111
text_01546,text,中共總參謀部日前頒發《二○一三年全軍軍事訓練指示》，要求全軍與武警部隊加強實戰化訓練，做好打仗準備，提高打仗能力。,5.5,5.375
edu2021_00423,edu2021,我覺得很有趣，而且感覺比前幾次都還能提起學習的興趣。,7.142857142857143,5.428571428571429
edu2021_00131,edu2021,今天收穫蠻多的，第一次聽得懂那麼多老師說的,7.166666666666667,6.25
sentence_02272,sentence,選舉時期的輕忽,4.0,3.25
reflection_00373,reflection,病人已於2022/8/27下午4點最終因Multiple organs dysfunction宣告死亡。,2.7,4.8
reflection_02128,reflection,另外醫病溝通也是這兩周學習上很重要的一塊。,5.3,3.1
reflection_00093,reflection,"我的感受含情緒用詞為何會有這種感覺(信仰、態度、價值觀)先入為主如何影響感受我覺得個案及家屬太著急著想回家,病患和家屬可能沒有了解醫療上的考量,應該要讓病患病況穩定(SpO2穩定等)後,再考慮回家,否則以個案現在的情況回家,可能隨時都會有生命的危險,且再次住院的機會也是很高。",3.5,5.3
reflection_01963,reflection,具備醫療背景的病人女兒似乎也看出來了，平常她總會在探視時為母親水腫的雙手塗抹自己準備的精油，但漸漸的，她的雙手變成用來握緊手帕，以遮掩已然潰堤的雙眼，來探訪的家屬亦是一天天多了起來。,3.625,5.5
text_01514,text,師長昨天獲悉噩耗都感到訝異與不捨，但副市長蔡炳坤則質疑學校不夠積極，以至於悲劇發生。,2.857,5.571
edu2021_00680,edu2021,教室裡的味道很可怕,1.5,7.0
edu2021_01366,edu2021,期中考前還有作業真是極致，而且考前竟然還要上進度，第一次遇到這種老師,1.75,8.0
reflection_01111,reflection,當下我想讓家屬及病人知曉目前的確切情況，同時也不想讓家屬誤以為我們不願意救治，而是事情的嚴重程度真的已經不容樂觀。,3.625,5.2
edu2021_00831,edu2021,老師的嗓音低沉，讓人非常想睡覺,2.75,3.5
text_01635,text,法國則一方面容許公務員追求和位居選舉性公職而不失去原有公務員地位；另一方面透過「保留義務」，對於公務員施以兼具法律和道德的壓力，使其在表達意見時，必須慎重、節制、均衡，不致流於過度。,5.222,4.0
edu2021_00608,edu2021,希望功課能少一點，這樣我學別的沒學過的東西的時間能更多,3.5,3.071428571428572
edu2021_00000,edu2021,最近上課遇到很多問題，情緒低落,1.75,5.642857142857143
reflection_00731,reflection,透過這樣的案例我了解到人到了生老病死的時候，和親人的感情才會見真章，是無微不至的關心還是冷漠的不聞不問，因此平時和親人的互動還是要注意，不能只有有名無實的關係。,4.375,3.125
sentence_01485,sentence,考前自暴自棄給予自己能量,6.0,6.0
sentence_00732,sentence,以命相搏是無奈之舉,3.6,5.25
edu2021_00025,edu2021,今天講的東西有些難懂，但經過講解後稍微解開了我一些困惑,5.166666666666667,4.583333333333333
edu2021_00245,edu2021,教得蠻完整的，回去不用複習太久,6.142857142857143,2.916666666666667
reflection_01244,reflection,給予時間冷靜情緒，再次嘗試溝通,6.0,2.375
edu2021_00205,edu2021,今天上課進度很多，步調十分快速，我也聽不太懂，希望自己能繼快跟上步調,4.214285714285714,3.357142857142857
sentence_00508,sentence,還有一個理由大概是因為他倆遭遇很類似吧,4.0,5.0
sentence_00161,sentence,10日接受美國媒體訪談時淡化朝鮮恢復試射行動的意義,4.4,3.75
text_02968,text,美國政府開出90天的臨時授權，使華為手機暫時免於中止更新的窘況，但在這死亡倒數中，華為有辦法透過自研作業系統突破困境嗎？,3.714,4.75
reflection_00131,reflection,"二.我的感受看著病人靠著呼吸器一口一口奮力地吸取空氣,隨時都有接不上下一口氣的感覺;彷彿隨時處於溺水的境地,好不容易呼出一口,下一口又被窒息感淹沒;每一次的張嘴都像是要將稀有的空氣一點一滴都貪婪的汲取入肺葉中,平時理所當然的事,突然需要耗盡心力,我想這並不能算是活著,反而是一種凌遲,不管是換做任何人,應該都無法承受夜以繼日的窒息感;生命應有其尊嚴,將應當離去的生命桎梏於病榻上絕非是孝順或是給予病人機會;生命就如同彈簧,慢慢的伸、慢慢的展,延長到了極限;當然彈簧到了彈力上限然可以繼續伸長,就如同我們用盡各種維生設備延長病人生命一般,但如同型變的彈簧,型變的生命還是生命嗎?",2.875,5.375
edu2021_00073,edu2021,上到後來就沒有想上的感覺了,2.357142857142857,2.857142857142857
text_01428,text,Gmail免費信箱也一舉擠下Yahoo!Mail及微軟Hotmail，逼得Yahoo!及微軟跟進，提升信箱容量、改進垃圾郵件過濾，但似乎已經難以挽回消費者的心。,3.444,5.0
reflection_02032,reflection,於高醫ICU治療期間，肺炎情形一度惡化合併急性呼吸窘迫症候群，主治醫師建議施行氣切，家屬一開始有點排斥氣切，希望能靠氣管內管就好，並連續幾天於會客時間與醫師討論是否進行氣切的選擇，顯得十分焦慮。,3.0,6.5
sentence_02040,sentence,近年連學者都受牽連,2.5,4.25
sentence_01422,sentence,金屬製品的狂歡,6.0,5.0
text_02269,text,天貓粘品彙辦公專營店本款產品現售價8.4元，領取5元優惠券後實付3.4元包郵，價格實惠，粘性持久，耐磨抗拉。,6.429,4.875
text_02280,text,雖然自己仍在中共政權強力維穩的恐懼中，但已做好『站出來』的準備，『中共大限已至』，相關言論引發各界關注。,4.444,4.625
edu2021_01003,edu2021,感覺很快就上完了，有點搞不清楚,3.285714285714286,4.571428571428571
text_02781,text,匯流新聞網記者李盛雯/臺北報報Uber快不行了，不只乘客哇哇叫，Uber司機也慘兮兮；大都會此時伸出友誼之手，提出?勵方案，祭出7萬2千元補貼Uber司機。,5.75,5.0
sentence_01867,sentence,餵親都要搏鬥半個鐘,4.0,5.333
sentence_02482,sentence,事出反常必有妖,4.0,5.75
text_02544,text,一個人即使擁有再多知識，思考還是會被習以為常的知識給套牢，如果無法發揮創新的力量，就不配稱為知性的人。,3.75,5.571
sentence_02163,sentence,臺灣外交方面有敵視臺灣的國家存在,3.0,4.333
text_01276,text,吳宗憲表示，對方提告，自己也會提告，他自認傷勢很嚴重，昨傍晚依舊搭機赴芝加哥表演，強調這不是落跑，並坦承當晚喝酒，但酒品和ＥＱ都很好，起衝突是他誤認對方是「狗仔」，「我會透過管道約他們出來聊聊，當面跟他們道歉」。,4.222,4.857
reflection_01740,reflection,老師解釋時著重一直有關注、仔細評估腎臟功能，不然也不敢做心導管，而非只強調心臟風險這一塊，我想這一方法值得學習、謹記，因為能夠讓病人更願意聽，而不會覺得醫師一直堅持要做心導管而反感。,5.625,3.25
sentence_01402,sentence,淘汰圈僅熟過關,4.5,5.0
edu2021_01091,edu2021,我聽不太懂內容,3.142857142857143,2.5
text_02301,text,珍珠奶茶和其他珍珠飲料近年在日本掀起熱潮，然而與臺灣不同的是日本人現在依然無法帶著平常心看待珍珠茶飲，甚至覺得大人喝起來很羞恥？,4.375,4.889
text_00998,text,首先，從外形上看，這款筆記本採用鋼琴烤漆，顯得格外時尚漂亮；創新的鍵盤設計頗感人性化，手感也尚佳。,6.333,6.0
text_01116,text,說錯話而傷害朋友的感情，讓他很傷心。,3.5,5.429
edu2021_00391,edu2021,感覺時間過很快，老師也講得清楚些了,5.916666666666667,4.583333333333333
edu2021_00628,edu2021,覺得課程越來越難懂了,3.142857142857143,4.916666666666667
sentence_01791,sentence,清除一大批害群之馬,6.5,4.5
text_00677,text,很令人無奈的一間酒店，無論哪個方面，尤其是員工的個人素質，特別是應變能力.,3.111,5.778
sentence_00734,sentence,每個群有助教維持秩序和整理問題,6.0,3.0
sentence_02036,sentence,因為憧憬的世界是現實,5.667,5.333
text_02375,text,我對面坐著一對情侶，他倆最讓我羨慕的不是坐下來給對方涮杯子，也不是時不時摸一下對方的頭或者臉，而是一個人說出另外一個人的毛病，然後兩個人哈哈大笑。,6.667,5.167
text_01030,text,TPA的好表現，也讓更多人知道了「電競」，網友柯政廷就指，看世界級的電競，就跟看奧運的心情是一樣的,5.889,5.375
reflection_01622,reflection,我們在習醫路上，老師們重複強調所謂設身處地著想，有意識地溝通，捕捉對方的需求（情感上的需求），假想自己如果身為子女時會有什麼樣的想法，如何讓正飽受病痛折磨的家人可以溫柔地離開？,4.875,3.0
sentence_02288,sentence,長輩們喜出望外,7.0,4.8
text_01945,text,他是一位偉大的國君，我們都尊敬並愛戴他。,6.571,5.556
sentence_01185,sentence,其中仁慈會下降的月份,4.0,2.0
reflection_01152,reflection,病患的key person是他的妹妹，中午會客時段與其討論是否要讓患者做氣切時，情緒較為激動，常常講一講情緒崩潰哭倒在角落，且一直無法下決定。,3.25,5.8
text_01798,text,我一直很想找機會和反馬的網友好好的聊聊馬英九完成很多前任與前前任都辦不到的事，單是一個台日漁業協定，李登輝、陳水扁都搞不定，他們整天認為台日友好，但是日本就是不跟他們友好。,5.125,4.571
text_02148,text,把藝術帶入生活，是陶瓷藝術家李存仁的創作精神，李存仁說，薄胎瓷能展現出各種細節之美，產生瓷、光、影三者的對話，影的層次有千變萬化，也創造獨一無二的美。,6.6,5.0
reflection_02281,reflection,但換個角度想，如果今天這是我家人，我捨得放手嗎？,3.75,5.5
text_00279,text,讀《好媽媽勝過好老師》後，最大的感受是我知道自己錯了。,4.875,3.714
reflection_01206,reflection,再者病人重聽非常嚴重，傳說是，用大聲公講話他可能可以聽得到，但幾次嘗試下來我不認為病人聽得清楚（不管我說什麼他都點頭），主護學姊對此也有點懷疑。,4.3,3.625
text_02127,text,在本月的補丁星期二活動中，微軟面向Windows10十月更新發布了累積更新KB4494441，為該功能更新帶來了安全性和非安全性改進。,6.167,3.667
reflection_02283,reflection,站在醫療端，他長了比一般抗藥性還抗藥的菌已經用到最後線的抗生素，升壓劑調不下來，呼吸也不能自呼。,4.125,4.0
text_00064,text,前前後後花了大約一個月的時間完成，感覺這個戰亂中的校園唯美得讓人羨慕，它比我在這和平時代經歷的大學生活更豐富。,6.667,5.143
sentence_00288,sentence,而不是說久押不決合法,3.667,5.333
text_01893,text,何以一個涉貪的卸任總統，在臺灣政壇上還不時激起一連串的漣漪？說穿了還不就是對國民黨長期獨裁政權的一種恨與不甘。,2.889,6.333
text_01814,text,這次事情有因為死刑的存在而遏止了案件的發生嗎？反而恰恰相反。,3.667,6.125
edu2021_01587,edu2021,很多專有名詞時還是無法快速反應，希望能稍微講解一下,3.666666666666667,4.142857142857143
sentence_01415,sentence,不知何處來的嫻雅端莊的大家閨秀,5.75,6.25
edu2021_00730,edu2021,才隔一天竟忘得差不多了，講的是內容是很難又很重要的東西,3.5,7.333333333333333
text_02306,text,網際網路正在發生分裂，各國家和公司很快將被迫對自己的網路未來做出一個嚴酷的選擇，即選擇西方模式還是由中國共產黨所建立的模式。,4.0,3.571
sentence_01548,sentence,老害議員選?睡眠妨害,4.0,4.5
edu2021_00781,edu2021,今天教的內容令我感到神奇,7.166666666666667,6.333333333333333
sentence_02407,sentence,偶爾在陰雨綿綿的夜晚,4.4,3.25
text_02514,text,嚴查增加辦理條件表明了監管層面強硬的態度，那就是這一次的攜號轉網不會再有任何套路，這對普通使用者來說無疑是一個非常好的訊息。,6.571,6.0
text_00229,text,呵呵~所以能她說媽媽給我買吧，我看了就很有靈感哦。,6.5,5.75
reflection_00591,reflection,解釋洗腎對於病人的重要性。,5.0,1.875
sentence_01461,sentence,原先的追訴權時效為30年,5.0,3.6
edu2021_00213,edu2021,對於課程內容有了相當大的認識,6.583333333333333,4.214285714285714
reflection_00832,reflection,若在當下又馬上強迫輸入新的、相衝突的資訊，家屬當下應該是很難正確接收並理解醫療端嘗試傳達的訊息。,3.875,3.0
sentence_00272,sentence,妻子姚敏華被非法拘禁,2.25,3.25
text_02099,text,中國外交部發言人耿爽回應時，敦促美方尊重市場經濟原則，停止將國家安全泛化的錯誤做法、停止對中國企業的無理打壓。,4.667,4.0
sentence_00366,sentence,昨天晚上夢見海賊王了,7.0,5.0
sentence_00416,sentence,不過我的主張是女人不應該參與政治而是去歲靜,3.5,5.0
reflection_00646,reflection,病人是一位紅斑性狼瘡的患者，這次出現敗血性休克來到我們加護病房進行照顧，幾天下來狀況都不見改善，插管的嘴巴周圍也慢慢出現潰瘍的情形，需要考慮做氣切，整體看來預後不會太好。,3.4,3.8
edu2021_00820,edu2021,我覺得老師有一點教得太快了，希望能放慢腳步，讓同學聽懂比較重要,3.916666666666667,5.166666666666667
reflection_01212,reflection,然而病人目前能夠成功拔管脫離呼吸器的機率有限，若換成氣切，長期下來反而比較有機會能成功脫離呼吸器。,5.0,3.125
sentence_01342,sentence,行壞事的房仲喬福,3.0,5.5
edu2021_00384,edu2021,嚴厲的教學風格雖然讓我們感到不悅，但是我相信未來一定有幫助,4.666666666666667,4.071428571428571
sentence_00349,sentence,我拼命跟你道歉尋求解決方法,3.5,6.75
sentence_01757,sentence,你說全球糧食過剩,4.5,4.0
text_02371,text,35年前，研究人員提出一個理論認為一個街區出現塗鴉、廢棄的建築物、乞討以及其它失序的訊號會導致人們犯下更多的罪行。,3.5,4.857
sentence_01145,sentence,純全可喜悅的旨意,7.0,6.333
edu2021_00719,edu2021,常常會搞不清出老師教到哪裡，浪費許多時間在尋找內容上,2.785714285714286,6.333333333333333
sentence_01121,sentence,一個被冤枉下獄的人,3.0,5.0
sentence_00881,sentence,路過看到順手點讚喔,5.667,3.667
sentence_02368,sentence,可支那的地盤49年以來一直在縮小,3.333,5.333
text_02297,text,目前，全球主要國家均在搶佔5G商用部署，爭奪新一輪產業鏈的高地，國家間的激烈競爭，可不會只為了一個噱頭。,5.167,6.333
reflection_01750,reflection,我的反思也許如今的我們還未真正站在第一線，現在嘴巴上說著視病如親、站在病人角度上思考，不知道當我們真正遇到問題或是已經被這些問題磨平了稜角撞得頭破血流時是否還能維持當初的初衷，不管如何還是希望自己能謹記當下的感受。,4.125,4.75
text_00303,text,唱衰會讓人覺得很好笑耶...,3.889,4.444
text_01675,text,後來記者要再找童仲彥到議場外再講一次，並詢問關於李永萍等人將提告等問題時，童已離開議會研究室，電話也沒接通，最後是其李姓助理所接，助理迴應「議員去跑攤，忘記帶電話，會設法連絡議員並轉告」。,3.9,5.125
sentence_01170,sentence,每個人都須要被寬恕,7.0,4.667
reflection_02270,reflection,不是對於家屬的譴責，也不是指責什麼，我只是都覺得如果是我一定會想再拚拚看。,5.875,5.3
reflection_00559,reflection,2. 我的情緒與感受：我在旁邊旁聽整個過程，可以理解到家屬希望治療病人的決心，在他們的認知中，或許認為可以順利度過眼下醫療端認為的困難情境，再積極化療試圖解決已屆stage IV的癌症，儘管我能了解家屬希望家人被治療好的想法，但一方面也認為他們不了解醫療上真正遇到的難題跟矛盾，也不明白老師跟他們敘述的語中含意，是病人已經不堪承受後續的治療了，或許接受安寧療護才是家屬真正對病人好的方式，因此我對於家屬的選擇在當下其實是較不諒解甚至覺得很不切實際的。,3.375,4.3
text_01316,text,臺北暗殺星是臺灣第一支英雄聯盟職業電玩隊伍，有七名隊員，平均年齡二十一歲，這次出賽的五名主力是隊長MiSTakE、Toyz（劉偉健，香港人）、Stanley（王榮燦）、Lilballz（宋寬柏）與Bebe；後備隊員是Colalin（林穎璿，唯一女性）、NeXAbc（邱柏傑）。,5.222,4.0
text_02662,text,兒童精神分析師Klein說過，面對難以排解的負面情緒，小孩會卯足全力地表達怨恨，這反映出幼年精神病之典型攻擊特徵。,4.167,4.667
text_02208,text,四月下旬，在這條原本平坦的道路上發生了一次事故，當時對龍號載人飛船的一次測試導致了爆炸，並且讓龍號載人飛船完全損毀。,3.0,5.3
sentence_00635,sentence,有自信會活得比較開心一點,7.5,6.0
sentence_00431,sentence,癌症治療一個月需要4,5.0,3.0
reflection_02044,reflection,雖然家屬的反應的確過大，但是考量她也是前日在急診著急了一整晚，可能過於擔心疲累就容易有些脾氣也情有可原。,4.625,3.0
sentence_00202,sentence,除了去發掘各地整鹹魚特色外,6.0,5.333
sentence_01907,sentence,有的甚至被當場性侵至休克,2.667,6.667
sentence_00271,sentence,高峰論壇在京舉行期間,5.0,2.75
edu2021_00031,edu2021,今天精神不太好，有點想睡覺,3.583333333333333,2.285714285714286
edu2021_00954,edu2021,上課一開始還算可以， 後面就變得有點吃力了,3.857142857142857,4.0
reflection_01028,reflection,講著講著又是潸然淚下。,3.125,5.9
text_02063,text,哥吉拉、摩斯拉、拉頓與王者基多拉等超級物種，如今重新出現在地球，牠們都想爭奪至高地位，也人類陷入生死存亡的危機之中。,3.833,4.5
sentence_01141,sentence,我爺爺過世時我爸已經35歲了,5.0,1.667
edu2021_00091,edu2021,覺得有點難,3.666666666666667,4.75
reflection_00640,reflection,老師剛才提到血液培養長出腹腔菌和不久之前洗腎有沒有關係，因為病人在洗腎之後狀況越來越差？,4.5,3.125
text_02126,text,近日，荷蘭科技部落格LetsGoDigital曝光了三星新獲得的一項外觀設計專利，其中展示了一款支援變形為矩形萬花筒的特殊裝置。,5.833,4.286
text_02477,text,喬治華盛頓大學憲法學專家JonathanTurley稱，否定面部識別在確保機場和邊境設施安全方面的價值是荒誕的，很難否認這項技術在公共安全上的價值。,5.75,5.125
reflection_00927,reflection,在我未來當PGY後，相信一定會有很多機會跟著老師去和病人談及DNR，甚至可能會親自擔當通知病人DNR選項的第一線人員。,5.5,4.25
text_01805,text,評論強調，中國維護領土主權的堅定意志和決心不可動搖，在事關國家核心利益的重大問題上，中國政府和人民絕不會退讓半步。,5.75,6.556
sentence_01294,sentence,結果丈母孃跑來干涉,3.6,5.5
edu2021_01586,edu2021,不簡單，但是挺有意思的,6.5,4.6
edu2021_00868,edu2021,今天上課講的故事都蠻有趣的,6.583333333333333,4.714285714285714
sentence_00711,sentence,可是再如此悲傷也有過去的一天,6.5,6.0
edu2021_00602,edu2021,今天最大的心得就是學到要打好基礎,5.833333333333333,3.75
sentence_01992,sentence,醫生夫婦從她生產前後就存在疏忽,3.0,5.25
reflection_00976,reflection,不過在星期六時因狀況惡化，在與家屬聯絡確認DNR後，便辦理違反醫囑建議自動離院手續。,3.5,4.875
text_02195,text,不幸的是，這些好處對於環境來說也是一個可怕的訊息，因為儘管有大量回收工作和公眾活動在進行，塑膠垃圾仍在繼續堆積。,3.25,4.5
sentence_01050,sentence,抑鬱症也是精神病,5.0,4.0
edu2021_01040,edu2021,今天得到了啟發，就是我們也必需跟上時代的變化,6.0,3.833333333333333
edu2021_00188,edu2021,課本配老師的講解比較能掌握重點,5.142857142857143,1.857142857142857
reflection_00753,reflection,"大多數人對於氣切及安寧的了解相當片面,因此應詳細地向家屬解釋氣切的目的及風險,除了解除家屬對氣切的部分擔憂外,能讓家屬了解病人在接受氣切(或積極治療後)是否能恢復正常生活或功能。",4.875,2.625
edu2021_00518,edu2021,今天舉的一些例子還蠻好懂得,6.5,4.0
text_01194,text,從首度談薪得知林益全期待加薪百分百想法，義大犀牛隊就開始討論這價碼的可行性，雖然正反意見不一，最後還是從平均30萬加到50萬元，最大的關鍵在於林益全4年穩定表現，已證明是最值得投資的潛力績優股。,6.556,5.714
sentence_02408,sentence,孫立勇就是獨裁專制的不法之途,3.0,6.0
reflection_00438,reflection,了解原因之後的做法如學長所示範，聆聽家屬的想法是必須的。,5.5,1.75
text_00737,text,想，不要推薦這樣服務死板的酒店，本人今後決不入住該酒店。,2.3,5.167
sentence_00077,sentence,將自然風景區作為人驕傲的一部分同理,6.5,5.5
text_01917,text,關於南北韓關係，他表示：「我不會僅僅支持某一方，將會正視雙方的長處和短處。,5.333,4.75
sentence_00206,sentence,它不會為中國帶來什麼根本性的變動,3.5,4.0
sentence_00404,sentence,東西也吃不下吃不多但是又覺得餓煩惱啊,3.6,6.5
sentence_02112,sentence,在生效最後關頭,4.667,6.0
reflection_02513,reflection,當下覺得家屬態度過於積極對病人以及醫療團隊來說或許不是很好的事情，過去許多醫療爭議都是因為家屬期望的預後與實際差別太大導致醫療糾紛，我在想，如果我是主治醫師，在與家屬的病情解釋上或許必須特別強調不好的方向，甚至建議家屬往安寧的方向做治療，以減少病患痛苦。,4.125,4.4
reflection_00599,reflection,這次主要是在診所洗腎過程中，開始喘、呼吸困難而進高醫急診。,4.125,3.7
edu2021_00845,edu2021,今天上課內容非常的多，老師講的也有點快，有點跟不上，但大致都可以聽懂,5.071428571428571,3.666666666666667
text_01723,text,軍人們很高興能有人保護他們的國家與經濟。,6.25,4.625
sentence_00647,sentence,是故意用來讓我自爆的武器,3.6,5.25
edu2021_00815,edu2021,這次課堂的內容聽懂部份多，感覺不錯,6.5,2.833333333333333
sentence_01292,sentence,論述周代的官樣文章和文網嚴密,5.0,3.0
edu2021_00041,edu2021,今天學到很多充實的小知識,6.083333333333333,3.0
sentence_00439,sentence,但借它攻擊整個中國的人權是無聊的,3.5,6.0
text_00305,text,擺明仗著牛頭牌光環，仗著銷售量高這樣對的起你的支持著?,2.556,6.889
text_00705,text,唯一不足的是門口修路，不過聽說五一就可以修好。,5.25,4.25
text_00129,text,這本小說是傷感的，是讓人心碎的，查理這麼一個正直，勇敢的男子漢被無情的戰爭絞殺是任何人都不能接受的，但小託卻要承受這個痛苦，他的家庭是那麼的不幸，以至於他的成長充滿陰影，但他能夠感受生活給他帶來的快樂。,3.0,6.167
sentence_00350,sentence,竟然連偶的龜孫都敢洗板,3.333,7.0
sentence_02168,sentence,之前路過時都人山人海,5.0,4.5
text_01696,text,其實臺灣缺的不是民粹政治，缺的是負責任的反對政治。,4.25,5.75
text_00028,text,張競生先生的愛情觀開國人之先河，在情海愛河中自由的遨遊真是不亦快哉！,6.375,6.0
reflection_00321,reflection,要經過喉嚨時，病人有配合吞嚥我也同時推入，但還是沒辦法順利地進去食道，病人覺得太不舒服決定不放了，我去找護理師學姊求援，而且剛好有VS來查房，於是加我有5個人在勸病人放NG，病人當然是一直拒絕，於是負責該位病人的護理師說：「你如果再不聽話就要把你綁起來直接放！」,3.2,7.75
text_02944,text,多家科技巨擘承諾採取新行動，以剷除網路極端主義內容，不過，美國白宮今天表示不參與這項國際行動，但強調華府支援倡議目標。,4.8,4.167
text_00367,text,雞肋沒錯啊但有時有好過沒有有時遇到就是要用就知道他好用，至少RAV4遇到那種狀況你連第三排好不好坐都不用討論了而且樓主已經說他們一家四口了不曉得第三排好不好坐有啥討論的必要,4.0,5.667
sentence_01898,sentence,的我來給大家揭露一個,5.0,3.5
sentence_01358,sentence,真若出現像洪水決堤那樣大規模的民,4.0,4.667
edu2021_01020,edu2021,這部分還滿簡單的,6.083333333333333,3.916666666666667
reflection_02162,reflection,每次的會客時間媽媽總會帶一大袋的食物或水果，對於醫療人員而言收到禮物會有壓力，而在這些禮物的背後藏著還是想為孩子做點什麼的心情，縱使知道無法帶來實質的改變，但對於媽媽這些實際的行動或許多少能減低心中的遺憾。,4.7,4.3
text_01444,text,另發簽證，印度在中國入境簽證上加蓋印度地圖，菲律賓也拒絕承認中國新版護照。,4.222,5.0
edu2021_00305,edu2021,課程接近尾聲，已經沒什麼好期待了,1.666666666666667,2.166666666666667
sentence_00502,sentence,最近欣喜若狂地吃了辣味豆乾,6.667,6.5
edu2021_00618,edu2021,之前有看過這方面的書，在課堂上再看到一遍印象更深刻，這方面應該是難不倒我,6.833333333333333,5.0
sentence_01861,sentence,本次集資將用於不運回,5.0,4.0
reflection_01656,reflection,試著去想像了一下家屬的心情，如果是發生在自己身上會有什麼感受、會想知道那些資訊與選擇，也許最後能提供的就是所有的選項和可能的結果，但不做任何保證，讓家屬可以在知曉可能選項的狀態下做出決定，並理解這些決定有多不容易。,3.75,4.625
text_01254,text,這是你我都可能遇到的問題。,4.556,3.875
text_01056,text,按讚的男網友多醉翁之意不在酒，只是想尋找一夜情。,4.1,5.0
edu2021_00583,edu2021,上課進度跳太快，跟得有點吃力,3.142857142857143,3.7
text_01193,text,我問過很多孩子，他們都願意去學一門手藝，在學校打瞌睡的日子很難熬，老師和學生都很痛苦，在教室當「客人」的感覺很差，怎麼可能培養得出競爭力？12年國教說要「成就每一個孩子」，我很想知道，教育部要如何「成就」這樣的孩子？,2.5,5.875
reflection_00525,reflection,同時也適時的讓社工或醫病共享決策介入醫師與家屬之間，讓家屬知道醫療的難處與每個決策的原因，也才有機會讓家屬更相信醫療團隊，更能坦然接受。,5.5,2.375
sentence_01947,sentence,如果作者懂得在故事中排首位的,5.0,5.25
reflection_01670,reflection,白天跟在老師後面交班也沒有聽到甚麼特殊事項，那樣子家屬流淚，是因為阿姨天生就比較感性?與病患的感情非常好?還是病患很年輕就入住加護病房?,4.25,4.25
reflection_01207,reflection,首先病人插著管，無法說話。,4.0,3.4
sentence_00722,sentence,你經常受到生活中不如意的事所影響,4.0,5.667
reflection_02025,reflection,當試圖了解家人的經歷，可以同理他們的情緒。,5.625,3.0
sentence_01219,sentence,年民進黨空前大挫敗,3.0,6.5
edu2021_01296,edu2021,經過了這堂課老師粗淺的介紹後，讓我更加了解到它們的原理以及相關資訊,5.833333333333333,2.714285714285714
sentence_02083,sentence,醫生是殺父仇人還是怎麼的,3.667,5.0
reflection_01952,reflection,由於家屬選擇不插管，因此病人是使用BiPAP輔助呼吸，入ICU後前幾天氧合濃度跟血壓都不是很穩定，狀況持續惡化。,3.5,4.1
sentence_01324,sentence,手掬一束白色波斯菊貼於平坦的胸前,5.0,2.0
reflection_02438,reflection,我認為或許在他轉出普通病房後，可以找社工師跟他聊聊他的想法，以及他是否真的理解簽下DNR的意義。,4.5,2.125
sentence_00261,sentence,香港將成為中國的下一個自經區,3.333,4.667
text_02286,text,吉利汽車行政總裁桂生悅出席股東大會後表示，中美貿易摩擦的確令消費者信心下降，但相信中央已高度關注，並會推出政策剌激消費。,6.0,5.143
text_02464,text,澳門司警表示，在廣東省公安廳以及珠海公安的協調和協助下，4名年齡介乎25至39歲的兇手在珠海落網，相信案件涉及兩幫涉嫌操縱賣淫人士發生糾紛引起。,3.25,4.0
text_01353,text,臺北街頭昨天發生隨機砍人的恐怖事件，造成兩位女性遭砍傷，逞兇68歲周姓男子竟揮刀高喊「還有誰要被我砍！,2.75,6.5
reflection_02137,reflection,像是 插管侵入性呼吸器的使用會造成病患的不舒服，病患可能順從性很低、甚至有氣管內管滑脫的風險 。,4.5,4.375
sentence_02422,sentence,請給捷克廣告委員會發一封異議郵件!,4.0,5.75
reflection_00751,reflection,"然而,開始治療後一週,病患便開始出現嚴重的黑便,也出現疑似局部癲癇的症狀,意識狀態開始急遽下降,血氧及血壓亦然,在上述休克症狀出現時,醫療團隊便加上升壓劑,放入氣管內管以及中央靜脈導管,開始輸液及輸血,並收入內科加護病房治療,亦告知家屬病情預後不樂觀的可能。",1.875,6.75
text_02560,text,來自新加坡的共用單車oBike，以無樁共用方式在臺北市經營，不過今年年初經營團隊就傳出倒閉的訊息，而現在臺北市大小街道都還可以看到oBike的遺棄車輛。,3.5,4.333
sentence_00672,sentence,這個世界一是給魔鬼領導,3.0,7.667
reflection_02386,reflection,我們可以預期病人就算是插管電擊後，可能可以恢復的程度大概就是病人目前躺床的樣子，其實這些可能會增加病人離開前的痛苦。,4.25,3.0
text_01341,text,臺中市一中街商圈，昨晚發生恐怖情人縱火殺人事件！,2.111,6.889
text_02058,text,作為騰訊最重要的增值服務之一，QQ會員誕生已經18年，從VIP到SVIP，從耀眼紅到尊貴黃，都讓眾多小夥伴自願掏荷包，為騰訊帝國添磚加瓦。,5.667,3.667
reflection_00327,reflection,1. 描述事件(具體發生了什麼事)病人是一位44歲STEMI的病人，很幸運的被及時發現送至高醫診治，做完primary PCI至CCU後，一如往常的醫師向病人詢問後續若發生緊急狀況後是否需要急救，包括壓胸、電擊、升壓劑，病人一時之間覺得突然，認為自己好端端的為麼要這麼問，反覆地說我不懂這些，我現在很好，焦慮地說這樣我要怎麼回答……。,3.0,7.5
sentence_00743,sentence,的姿勢可以降低你從障礙物後露出的輪廓,5.0,4.0
sentence_00365,sentence,斷斷續續把消滅第四集看完了,5.5,2.5
sentence_01167,sentence,真是顛覆了我的三觀,4.0,6.75
sentence_00205,sentence,技能和經驗獲得極大值,7.5,6.5
sentence_02145,sentence,最後被歐蒂娜啟發最後靠自己的意志走出學校,6.5,4.25
text_02124,text,蘋果負責軟體的高階副總裁CraigFederighi對此反駁說，蘋果希望能將產品儘可能的銷售給每一個人，蘋果的產品肯定不僅是奢侈品。,5.889,3.571
edu2021_00094,edu2021,好像已經趕不上進度了，速度有點太快，希望進度可以慢一點吧,3.5,5.25
reflection_00470,reflection,這次一個明顯的肺炎擺在眼前，真的沒有別的事可以做了嗎？,2.2,5.0
text_01467,text,驚悉真相後，在殯儀館守靈的林嫌之母數度崩潰，林嫌之弟震驚，愣了半晌，後來才說哥哥最近才搬回家，個性沉默孤僻，很少和家人互動，做事衝動。,3.125,4.857
reflection_00936,reflection,她表示她早就知道病人不會再醒過來了，但是她跟病人說就當她自私一點，希望他撐到過年後，或許到時她就想通、願意簽字讓他走了。,3.375,5.125
sentence_01567,sentence,但封賞那無賴和要齊王的封號幾件事確有幾分調皮,4.333,5.667
reflection_00356,reflection,2. 觀察老師們的處理，對家屬講重複的話似乎很重要!!,5.25,5.3
edu2021_01182,edu2021,讓我明白了兩者之間的差異，收穫不少,6.5,4.214285714285714
sentence_02074,sentence,滅絕師太為什麼犯眾憎,4.667,4.0
text_02793,text,作為流行文化的文物，電影紀念品總是很有趣，但科幻小說和科幻電影中的專案有一些特別之處，因為除了讓我們深入瞭解著名的故事外，它們還揭示了創作中的藝術和獨創性。,6.75,4.625
sentence_01533,sentence,變得跟狗一樣順從,3.667,3.667
text_02940,text,疝氣開刀治療並不困難，但許多患者常常不以為意，醫師提醒疝氣容易造成腸子卡住回不到原位，嚴重時更會導致腹膜炎及敗血性休克，危及生命。,3.778,5.0
text_00531,text,我個人是換KYB黑筒避震器覺得比原廠還好多了而且又不會太軟覺得可以接受，但我看網友都說Toms不錯也可以給版主參考我覺得每台車子都有優缺點改善缺點即可，至於版主提到何時更換我也有想過此問題，最後我認為越早越好，不要開了四年保固後才換避震器我個人覺得失去更換意義，給您參考~~,5.25,3.0
edu2021_00065,edu2021,今天不知道為什麼要趕課，一直跳投影片，都不知道重點在哪,1.75,7.083333333333333
sentence_01659,sentence,那為什麼現在我們國家步步走向繁榮,6.333,6.0
reflection_02228,reflection,女兒來看她，很常問她的問題就是「妳胸部還會不會痛」、「心臟還會痛嗎」，奶奶雖然會搖頭、點頭，但我覺得奶奶的表情其實是很無奈的。,3.5,4.1
sentence_02473,sentence,流失血液裡的執著,4.5,4.5
text_02240,text,柯伊伯帶天體由於遠離太陽，它們可以在寒冷的宇宙中徘徊數十億年不受幹擾，因此自太陽系形成以來幾乎沒有變化。,5.0,1.714
sentence_02529,sentence,我覺得只是被放在旁邊的泰泰很安適了真的,5.667,4.333
reflection_01753,reflection,我的感受一開始由於醫護端在私下溝通起那個病床的病人時會帶有不耐煩的情緒或是覺得麻煩的情緒，令我很錯愕。,3.875,6.375
text_02643,text,今日俄羅斯5日報道，俄羅斯航空一架蘇霍伊100超級噴氣機在莫斯科謝列梅捷沃國際機場迫降時著火，機上有78名人員，包括6名機組人員和7名乘客。,3.0,5.0
sentence_01762,sentence,又令卡特連任失利,3.6,3.25
text_01180,text,畢業典禮那天，我故意扣住他的畢業證書，他媽媽來找我，懇談了很久，兩個人談到抱頭痛哭，卻對孩子的拒絕學習一籌莫展。,3.444,6.714
edu2021_01438,edu2021,今天聽得懂大概  但是有些東西有疑惑,4.785714285714286,4.75
edu2021_01359,edu2021,希望老師不要一直出報告，最近作業真的蠻多的,2.714285714285714,5.0
sentence_01920,sentence,他本人很開朗也很貼心,7.0,4.5
text_02729,text,個護鐘錶小小值輕薄到不敢相信是純物理防曬，膚感吊打歐美一眾防曬的韓系小花~說到夏天護膚第一要緊的事，那必須是防曬囉！,6.167,6.5
text_01656,text,黃昆輝：唯有罷免馬英九才能救子孫！,3.556,6.286
sentence_01333,sentence,壓迫與偏見的國際社會中,3.4,5.25
reflection_00911,reflection,我認為當下能做的就是試著去理解父母的決心,5.625,3.875
reflection_01974,reflection,兩周來，我聽到許多次這個數字，十四，老師會讓家屬們了解在這之間，甚至更久些，他們可以決定病榻上的家人會走向何方。,4.3,4.5
reflection_00765,reflection,"儘管我再過一周就會離開內科加護病房,屆時該名病患的問題可能尚未解決,不過我會繼續追蹤這件事最後的發展,希望能從中學到實務上應該怎樣處理這種問題。",4.8,5.1
text_01486,text,新銳世界冠軍「臺北暗殺星」再次站上世界舞臺發光發熱！,6.714,6.25
reflection_00506,reflection,而且正值壯年是屬於無預期性的突然死亡，家屬肯定更無法承受。,3.375,3.25
text_01639,text,也正是這樣的人，最容易成為使國家通往極端主義政權的推手。,4.375,3.5
edu2021_00788,edu2021,我覺得這部分的知識相對比較無趣,3.666666666666667,2.666666666666667
reflection_00967,reflection,這麼一轉念之後，就不太覺得床頭看管路內的血是一種無意義的傷害，而是嘗試拯救生命到最後一刻的證明。,5.125,4.5
text_00659,text,這個賓館的服務員都說自己的餐廳做的當地小吃好吃，實在不敢苟同，份量少，味道也不地道，價格卻不低，建議重視當地美食的朋友不要在賓館的餐廳就餐，會對山西的小吃產生錯誤印象的。,3.0,6.0
text_00909,text,觸摸板手感非常好，與託手區過渡很好！,6.556,5.667
text_01969,text,公民監督國會聯盟常務理事顧忠華也表示，執政黨在年終慰問金和國營事業績效獎金上「預留空間」，讓人懷疑未來恐以「選票考量」來推翻本屆會期立法院所做出的決議，這是以拖待變，有欺騙的嫌疑。,4.0,5.375
edu2021_00783,edu2021,今天提早下課，很棒,6.416666666666667,5.214285714285714
text_02355,text,很多人會喜歡大吃一頓來紓解壓力，而且越吃高熱量的食物才會覺得越紓壓，然後因為這樣讓身體吃進過多的熱量，不知不覺之間就讓體重就往上增加。,3.571,4.5
sentence_01063,sentence,容許法庭嚴懲釋出假新聞或資訊的個人及網路平臺,5.5,5.333
text_01539,text,7年前她剛開始寫作時，常常被退稿，最高紀錄連續被退了9次，第9次收到退稿通知時，忍不住哭了起來，她的孩子看到她在哭泣，反過來安慰和鼓勵她，她才鼓起勇氣投第10次。,5.857,5.875
sentence_01344,sentence,免得你因此陷入網羅,3.75,4.6
sentence_01199,sentence,一切的一切都在適應中,5.333,3.5
edu2021_00683,edu2021,舉了很多實例，能夠把這麼艱深的東西變成清楚明瞭，真的很厲害,7.785714285714286,6.214285714285714
text_02329,text,按照Yonhap的說法，確保產品可靠性需要的時間比三星原先預想的更久，而且行動網路使用方面的許可也要重新花精力去弄。,4.125,3.444
reflection_02341,reflection,我想，這大概就是他們急於表現的原因吧。,5.3,2.0
text_00075,text,對自身健康的大概瞭解還是不錯的，總之，身體的健康還是要靠自己日常的保養保護，另外樂觀向上，保持健康的心態也是對身體健康最重要的。,5.714,3.625
sentence_00821,sentence,使人心支離破碎,3.0,5.25
reflection_02042,reflection,另外，急診醫師的病情解釋與加護病房醫師的有些微出入，的確會造成病人家屬的困擾。,4.0,3.125
sentence_00945,sentence,影片為鄉下的熱情雞雞,6.667,6.0
edu2021_00309,edu2021,看似簡單，裡面竟然蘊含這麼多技術，真是太神奇又令人敬佩了,8.071428571428571,8.833333333333334
sentence_00113,sentence,江湖中的人心人性才得以愈發清晰,4.667,7.0
reflection_00488,reflection,一開始，我是比較困惑，因為病人持續黑/血便，代表說出血也是持續的。,3.875,3.5
edu2021_00174,edu2021,課程上的內容不容易了解，希望能有更多的說明講解內容,3.785714285714286,2.666666666666667
reflection_00937,reflection,你的感受為何：當下自己對於病患的說詞，覺得無足輕重，認為病人如果沒有嚴重併發症，或是明顯不舒服，或許並不需要特別注意，因此對於該病患的說詞並沒有做出相對應的應對和反應，甚至覺得病患只是在無病呻吟，而感到有些不悅。,3.2,4.5
text_01223,text,很多時候，男方在發生性關係前，或發生時會信誓旦旦說：「我會負責的」，「妳放心，我會照顧妳」。,3.625,6.0
text_00065,text,臨近畢業，好友一個個離開，雖然沒有過多的描寫，但不免看了讓人心酸，就在一年前我也經歷了一場場大學好友的分離痛苦。,3.0,5.375
edu2021_00682,edu2021,此處應該要多加鑽研,5.857142857142857,1.916666666666667
edu2021_00946,edu2021,被老師這樣講我還蠻不高興的,2.416666666666667,5.75
sentence_01656,sentence,非常出乎意料的國家,5.0,5.8
reflection_01724,reflection,在醫院實習中會漸漸得知，上課學到的很多東西只是個理想，在現實臨床會有很多限制及約束。,4.625,3.7
sentence_02454,sentence,否則這輩子的後果堪慮啊,3.0,7.0
edu2021_01505,edu2021,上完這堂課總算理解了,6.25,4.214285714285714
text_02906,text,在全國識字率只有40%、嚴格控管市面流通書籍的阿富汗，印刷產業並不如一般人想像得艱困，反而正在急速成長。,6.0,4.333
text_00867,text,配置算高端了同時運行flash和photoshop和word沒有感到運行緩慢。,6.1,3.857
sentence_00900,sentence,許多破敗的漁村與鄉鎮充滿了海洛因成癮者,2.6,5.5
sentence_02524,sentence,其實嘟嘟站起來是不胖的,6.0,2.333
edu2021_00487,edu2021,今天上課講了期末考的題目，也太難了吧，完全沒信心,1.916666666666667,6.25
sentence_01788,sentence,在酒精瀰漫的微醺下沉醉一番,6.75,4.25
reflection_02287,reflection,就像我看到有一天早上20床要轉出了，家屬幫他換好衣服要帶他出去，我那時候心裡其實蠻鼻酸的，其實我也很害怕面對這種生離死別，然後下午經過20床，就又有新的人在裡面了，整個病房的步調一直運轉著，不會因為誰的離去就改變什麼。,3.375,4.125
text_00734,text,攜程推薦此賓館是不注重會員的基本利益。,4.625,3.875
edu2021_01306,edu2021,學完這章之後希望能將所有理論、過程都融會貫通,6.142857142857143,3.071428571428572
reflection_02512,reflection,這位病患在之前接受化療，原本非常順利，影像學上的病灶也有明顯縮小，在與原本醫師的討論之下，試考慮可以接受手術治療的，這次原本是因為腹痛來急診，但是一照CT就發現大量的ascites，還有癌症的轉移，之後血壓驟降，到MICU的過程不過兩個多禮拜，在這短短的14天，病情從對手術充滿希望到進ICU洗腎上升壓劑，對於病人和家屬來說都太猝不及防；並且，病人才不過48歲，非常的年輕，兩個孩子也不過才高中，現在對他們一家人來說，要接受父親丈夫或許將輸給病魔或許還太早太殘酷。,2.875,6.5
edu2021_00040,edu2021,稍微對課本所描寫的東西有多一層的認知,6.083333333333333,4.25
sentence_00560,sentence,當初自己為什麼離開,5.0,5.0
text_02166,text,甘肅省紀委監委近期通報8起扶貧領域腐敗和作風問題，主要集中在危房鑑定弄虛作假、扶貧資金滯留、駐村不住村等方面。,3.333,5.0
reflection_02167,reflection,從言語中感覺到微微透出對於醫生是否沒有及早診斷的懷疑，當下面對這一絲的質疑感到有些不平，因為醫療確實有其極限，以一位經過完整訓練的醫師而言這些所排的檢查非常完整，若因此斷言甚至責怪醫生的疏失確實有失公允。,3.5,4.8
text_00274,text,我看這本書覺得情節不錯，很好的寫出了祈然對冰依的愛，尤其是冰依死去的那一刻，我覺得有點感傷。,4.125,6.111
reflection_00409,reflection,原本因為阿伯整體狀況看起來還算穩定，計畫要照會使用夜間BiPAP 來輔助呼吸的情形，但在星期三下午他突然意識改變、血壓和心跳都往下掉，CO2 retention、嚴重呼吸酸血症，因此緊急重新插管上到三線升壓劑，狀況穩定後又重新評估weaning呼吸器，並再次與家人討論是否同意氣切。,2.875,5.4
sentence_02186,sentence,在國際上到處肆虐的,3.75,6.0
sentence_00331,sentence,最喜歡號錫不耐煩的時候,6.667,5.0
edu2021_00275,edu2021,跟不上，有種想要放棄的感覺,2.1875,4.642857142857143
text_00459,text,車是新的，胎也是新的，真是嚇死了，還好後來買車的業務免費幫我換了一條。,5.5,6.125
reflection_02071,reflection,若病人不開刀，雖然無法改善目前廔管的問題，但仍可以靠呼吸器與其他支持性治療讓病人安然維持生命一段時間。,4.25,3.0
sentence_01024,sentence,但是我沒有?電梯抽煙道德阿,3.333,6.5
edu2021_00899,edu2021,對於新手來說，所有的專業名詞都是未知的問題都不懂,3.083333333333333,4.0
reflection_01322,reflection,但最後一天是觸發我最多思考的一天，一早來ICU想說可以review一下要報的病人的狀況，加上有點好奇早晨的ICU是長什麼樣子，因為之前夜間學習時發現晚上的MICU跟白天的MICU的確感覺有不同，所以有點想看看一早的ICU是怎麼樣的狀況與情形，結果一來就發現老師跟學長都在，似乎沒睡覺，然後15床躺著一個病人，看一下病歷，聽一下老師跟學長的討論，才發現他是醫美院長，somehow OHCA進來了，然後再聽到老師跟勝斌學長說，趕快回去休息，身體也很重要，不禁開始思考，在老師跟勝彬學長照護病人的過程中我真的受益良多，因為老師跟勝斌學長，話都不多，但都很有重點，思考很縝密，然後沈穩平靜卻都有自己的威嚴跟底線，富有智慧卻不讓人覺得張揚或壓迫，因此讓我很尊敬，也期續自己未來也能成為這樣的醫師，然後老師和學長都是屬於認真討論之餘，也會開玩笑，讓人不禁笑出來的人，這樣溫柔的守護者，守護著病人，然後其餘的時間都用自己的智慧去幫大家解決問題（看診幫病人解決問題，開會用病歷系統，去巨蛋指揮疫苗施打等等等），那守護者由誰來守護呢？,7.25,5.75
sentence_02254,sentence,脖子上繫著加重的錨,3.5,4.25
text_00700,text,強烈建議不要入住！,2.0,7.625
sentence_01708,sentence,漫不經心地點燃,4.5,4.5
edu2021_00426,edu2021,今天學到不少東西，希望之後都可以將這些東西運用在生活或工作上,6.166666666666667,3.916666666666667
text_01975,text,績效獎金要如何發放，未來仍有得吵。,3.667,3.5
sentence_02296,sentence,微機械是基於晶片製造技術的精密機械,5.0,2.5
reflection_00419,reflection,描述事件這是一位66歲的伯伯，這次是因為6/22確診COVID-19，後續因為病況惡化因而於7/4至急診而被收治住院治療。,4.25,4.3
text_00970,text,閨蜜買了一個，我看到覺得外觀啥的還不錯，價格又那麼便宜，正好考慮換電腦，就定了~速度還可以，本來還買了一個1G內存，想擴到2G。,6.5,4.75
reflection_02333,reflection,最後，希望未來能在高壓且疲憊的工作過程當中持續保有幫助病人初心，當個專業且不失溫度的醫師。,6.25,3.7
text_00018,text,日常養生的參考還是不錯，有很多從前不知道的保養知識。,6.875,5.5
reflection_00122,reflection,"當下家屬可能不知道有這項規定,順勢就會拿起手機,他們可能也不是故意的,先以和善的口氣提醒家屬,若當下就直接發脾氣,可能導致家屬心生不滿,反而趁醫師不注意偷偷錄,這樣對彼此之後的溝通造成不好的影響。",5.125,4.25
text_02754,text,文姿雲曾於2018年雅加達亞運，擊敗卡克薩拿下金牌，兩人之後又在伊斯坦堡公開賽過招，仍是文姿雲獲勝，但本次賽事，風水輪流轉，最終換卡克薩報仇成功。,6.0,4.4
edu2021_00569,edu2021,內容不難，都是稀鬆平常的用法,6.083333333333333,3.357142857142857
text_00097,text,但是，誰也不能將心分成兩半呢，這樣的結局也未必不是最好的選擇吧。,4.25,3.75
sentence_00269,sentence,北京盛傳一個幽默評語,6.0,5.0
sentence_01536,sentence,然後又是一波倒閉潮了,2.0,6.5
text_01069,text,自開航以來，從內部員工安全教育、導入新科技作業系統，到落實航機維修、地勤作業及飛行操作，以確保飛安品質。,5.778,4.0
reflection_00146,reflection,"四.可以怎麼做但我最後仍然認為,醫師是一個善的職業,需要秉持著善,才不會走錯,而這時候我們可能可以多多陪伴家屬,引導他們把想說的,想講的通通說出來。",6.375,5.75
reflection_01126,reflection,之後，可以尋求相關的解決方法，首先是提出醫療端所需要的事物，包含：轉出ICU後可能需要有人照護，因此需要看護的幫助，相關文件流程的簽署，是否有取代或是延後的方法，盡可能提供病患家屬幫助，使得病患可以順利的移轉也可以有效率的運用醫療資源。,4.875,2.375
text_01432,text,Apple已經逐漸喪失了創新的養份，產品規格的更新味道大於創新應用。,3.625,4.857
sentence_00926,sentence,維護自己的尊嚴,6.0,3.75
reflection_00262,reflection,描述事件一位43歲女性因子宮内膜癌轉移至腹腔及肝臟造成敗血性休克合併DIC，臨床出現嚴重黃疸及腹腔多處出血，先前影像科做過多次血管攝影並止血，但仍有許多小出血點無法經由血管攝影看到，病人家屬知道之後積極詢問經由手術方式止血。,4.75,4.875
text_02139,text,近日，PatentlyMobile挖出了三星的新款摺疊屏智慧機專利，預示該公司有望克服GalaxyFold的既有缺陷。,5.667,3.667
edu2021_01108,edu2021,這個想法很特殊，有很多學問值得研究,6.0,3.583333333333333
text_00803,text,吃得我們撐死~哈哈地理位置也比較好，就在繁華的文昌路上,5.556,6.0
sentence_01025,sentence,可是臺灣人說這種話真的完全沒法不贊成,4.5,6.5
edu2021_01185,edu2021,老師說得很清楚，我覺得挺有趣的,6.571428571428571,5.333333333333333
text_02133,text,數位身份証整合虛實並確實加密保護隱私，是否會有國旗引發討論，徐國勇表示目前討論中，他個人也贊成放上國旗，未來定案後會正式宣示。,5.714,3.857
sentence_01334,sentence,政府財富不是那樣計算的,4.0,4.667
edu2021_01351,edu2021,講的有點快，需要一些時間讀懂,4.666666666666667,4.583333333333333
edu2021_00380,edu2021,老師在講課時還蠻詳盡的,6.666666666666667,2.428571428571428
edu2021_00454,edu2021,讓我更瞭解到這方面的知識，覺得蠻充實！,7.357142857142857,6.416666666666667
sentence_00976,sentence,我說過我不會流淚,5.25,7.5
text_00669,text,最近本酒店新上任的新加坡籍行政主廚，正在根據客人的反饋對菜餚進行改進，同時近期也有不少新的餐飲促銷推廣活動，相信下一次的體驗肯定不會讓您失望。,6.429,4.833
reflection_01287,reflection,入院12天後，由於情況沒有改善，將antibiotics換成Tienam。,4.0,2.0
sentence_02413,sentence,4軍事政變推翻反人類,4.0,6.0
sentence_02231,sentence,看起來倒像是寄生蟲卵,4.4,4.6
sentence_01384,sentence,昨天的行情瞬間上下劇震確實讓所有人目瞪口呆,5.0,7.0
text_02093,text,值得注意的是這裡的平臺並不是指汽車底座的金屬結構，而是涵蓋了汽車的電子基礎，完全專注於為汽車提供現代連線的佈線和元件。,5.0,2.0
reflection_00784,reflection,也正因如此，每一位團隊內的成員都想把自己的工作做好，充分發揮團隊合作的精神來幫助病人度過難關，但醫療有其極限.,4.125,2.5
text_00992,text,有攝像頭和麥克風，可以直接進行視頻聊天，讀卡器，能相容市面上常見的卡，整體性能非常好,6.5,4.143
reflection_00726,reflection,反應為何+可以怎麼做我聽到這件事之後當下第一個念頭是原來PE真的非常重要…有時候覺得怪怪的真的寧願多問一句也不要說服自己這很正常，就算是真的聽錯也是一個學習的機會。,5.3,3.0
reflection_00856,reflection,"可以怎麼做嘗試去同理病人兒子的情緒,並詢問兒子當下事情的來龍去脈,以便於近一步釐清INCA的病因。",5.0,2.25
sentence_00659,sentence,靠北這根本郭臺銘示範如何一次得罪所有年輕選民啊,3.0,7.0
reflection_00505,reflection,簽署DNR時的心情一定很不捨。,3.2,3.3
reflection_00963,reflection,病患家屬也出現了，一次來了四五個家屬，當我開始詢問病史時，其中一位看起來很擔心的病患兒子著著急急的跑到我身邊說有問題都可以問他，在病史詢問的過程中，病患兒子聽起來是主要照顧者且也很了解阿婆的狀況，原來阿婆已經長期接受居家照護，一兩個月前也被家醫科的醫生說有肺音聽起來怪怪，直到這一兩週開始出現明顯喘、咳嗽、精神不振、食慾下降等症狀，結果在入院前一天的晚上，本來人還好好的可以吃晚餐只是有點昏昏的，結果到晚上十點突然人就沒有意識了。,3.5,5.5
sentence_00221,sentence,老師平時比較嚴格,5.0,4.0
reflection_00991,reflection,描述事件病患是一位將近80歲的阿嬤，患有左側輸尿管上皮癌已經做過3次化療，這次因喘的問題被送來急診，經過病史了解及各項檢驗檢查，懷疑可能為心衰竭急性惡化及泌尿道感染而入院治療，而後在住院期間發生休克，又轉入加護病房照顧。,3.6,2.5
reflection_02453,reflection,後來我每天都花一小時陪她聊天，聊她的工作聊她的感情聊她的疾病，感覺她每一天都過得更開心，或許治療攸關生命，但從來不是她生命之重的寄託。,6.7,5.875
text_02372,text,又或想像一條人行道有些許紙屑，如果無人清理，不久後就會有更多垃圾，最終人們會視為理所當然地將垃圾順手丟棄在地上。,3.5,3.857
sentence_02535,sentence,美國有軍人被共產黨俘虜,4.0,6.0
reflection_00638,reflection,每一句提問不外乎是對過去以及現在的醫療團隊的質疑，解釋不一致，治療是不是不夠盡力等等。,3.875,5.125
edu2021_00926,edu2021,對於課程的內容，有點不太明白,3.642857142857143,3.916666666666667
sentence_01429,sentence,鄰居憂擾人安寧,3.0,5.75
sentence_00930,sentence,你暗中勾結郭妖遲早會曝光的,2.5,5.8
text_00448,text,油耗的問題有點老生常談，管好黃金右腳，胎壓要足我是36PSI)，機油不要太濃或過量。,5.0,4.25
reflection_01457,reflection,在遇見這個案例之前，我覺得有疫苗就該去打、不去打的都在讓台灣陪你坐牢，因為統計說血栓機率很小、肺炎死亡率和後遺症又那麼可怕。,4.125,4.875
edu2021_00115,edu2021,不太了解，希望可以再舉一些例子，有助於理解和記憶,4.583333333333333,4.5
text_02959,text,此外，HEPA濾網可有效過濾空氣中包含病毒與細菌並捕捉小至PM0.1的懸浮微粒，過濾空氣中99.5%髒汙，提供乾淨、舒適又安心的家居環境。,6.375,3.111
sentence_02533,sentence,五四謠傳北洋政府要簽協議,5.0,3.5
sentence_00953,sentence,出於善意真噁心,2.6,6.0
sentence_02131,sentence,也是日常爭執之所在,4.0,5.0
text_01389,text,今年庇護工場年節特賣產品包括喜憨兒的甜蜜蜜禮盒、慈泰的喜福堅果禮盒、集賢的喜福花漾禮盒、久大的LED節能燈管、愛盲的歡喜皁禮盒等，內容包羅萬象。,6.571,4.167
sentence_00920,sentence,債務還有27,4.0,3.0
text_01122,text,滿足廣大刮刮樂彩迷需求，臺灣彩券積極推出新產品，16日不僅再度推出四款刮刮樂「新年快樂」、「金銀財寶」、「開運年菜」與「好彩頭」，其中，更有中獎率百分百的年節限定刮刮樂「新年快樂」，頭獎高達300萬元，有刮保證有獎！,6.167,6.286
sentence_00210,sentence,可惜軍部的人已經瘋了,3.6,5.0
text_02837,text,電影題材緊貼現代社會人際關係，扺死到肉，觀眾冷眼荒誕世情，忍俊不禁之餘，也猛然驚覺，對照一下自己，原來也是不遑多讓，五十步笑百步而已。,4.25,4.714
sentence_02150,sentence,機艙內散落著行李箱,4.5,1.0
sentence_01609,sentence,在支那人觀念中只有壓倒別人,3.0,6.333
edu2021_00985,edu2021,概念是有了，只是細節還是要再看看,5.25,3.25
reflection_01109,reflection,2.敘述目前的輸血情況，每天要輸幾包，並告知輸血時會產生的併發症。,5.0,2.125
reflection_00307,reflection,醫師所能盡力的是，緩慢腫瘤的出血，降低腫瘤出血及擴散對呼吸道的影響，並且讓病患在呼吸器的協助之下同時減低鎮靜劑使用量，期待病患在稍微清醒的狀態下，穩定的待在一般病房，可以多一點時間與家人相處。,4.5,3.125
sentence_01720,sentence,一個長期直播的人活那麼寒酸,3.0,6.0
text_02386,text,但即使和我類似的，許多無辜的生命，經過了異性戀沒有的困頓，當下我沒有選擇一股腦地倒給母親，或許和當時，急於累積連署書數量的許多人不一樣。,4.125,4.625
reflection_01251,reflection,縱使主治醫師屢次反覆說明情況後，雙⽅的溝通依然沒有絲毫進展，彼此間關係反而更加緊張。,3.875,4.0
sentence_02579,sentence,燕施恩走出醫院的那段話太揪心了,3.0,7.0
text_01511,text,而現在的她樂在工作中，會耐心等待理想的另一半出現。,6.667,3.667
text_02282,text,這種狀態稱為反芻思維，即將注意力集中在不幸的事件上，持續關注自身的消極情緒，反復思考可能的原因和後果。,4.375,3.111
sentence_00455,sentence,乾脆徹底禁止宣傳鄧小平關於黨和國家領導體制的改革內容,3.5,6.5
reflection_01176,reflection,但是錄影的部分則讓我比較費解，社會一般對於死者的錄影、攝像是保持距離的態度。,4.375,3.5
text_01762,text,在北京方面，官方控制的新聞媒體也對黑格表示歡迎。,5.556,5.0
text_00695,text,暖氣小到我感冒到現在還沒有好.,3.25,6.143
text_00648,text,地點在市中心，出行方便，服務態度好。,6.375,4.625
reflection_01341,reflection,在老師說明結束後，即使沒有回答關於健檢的問題，家屬也明顯能接受並表⽰理解治療⽅針，可⾒家屬雖然提出的問題直接講到健檢，但她也明瞭在外院歷年的健康檢查於本院的醫師來說也無法提供更多的判讀或解釋，更多的是⼀種對於病患現況的擔憂與迷惘，清楚淺顯的讓家屬了解並表達現有的情況 是有解決⽅法的，就能夠穩定家屬的情緒。,5.667000000000001,3.6
text_00605,text,早餐尚好，勉強過關，比三亞喜來登差了n倍，當然，價格差沒差那麼多。,3.429,5.0
reflection_01227,reflection,讓我情緒潰堤的地方是，有天婆婆的兒子沒有辦法到醫院，便麻煩其他家屬將自己的錄音帶到婆婆床邊，播放給婆婆聽，我想是婆婆那幾天的狀況也是非常不穩定，很怕自己沒到的那天，婆婆的狀況要是突然惡化，沒有讓婆婆聽到自己的聲音就離開，內心應該會非常過意不去。,3.25,5.6
edu2021_01002,edu2021,今天教得很棒,7.142857142857143,4.214285714285714
text_02894,text,一名家住新北市的74歲洪姓老翁，流落高雄街頭，三天未進食，直到體力不支雙眼發直，兩頰凹陷神情悲涼，坐在新興警分局中山路派出所前，被員警發現,2.889,4.0
sentence_00089,sentence,你就該有多少堅強,6.0,6.0
sentence_01285,sentence,但是之後又會很內疚,3.667,5.667
text_02057,text,在螢光幕前綻放光芒、在女權運動裡暢所欲言，但在現實生活中，這位Dior香水的靈感繆思其實出身自一個不完美家庭。,4.714,3.667
sentence_00102,sentence,但還是會受皮肉傷,4.0,3.25
text_00485,text,說白了只是各取最適合自己的車罷了我這樣也算正名嗎?,4.111,4.889
reflection_01074,reflection,我的反應: 我心裡支持阿嬤自己的決定，跟她說兒子女兒們也需要溝通、傳遞消息的時間請她先放心等待，相信他們絕對不會不顧她的想法，女兒下午來時再好好相談 。,5.875,3.125
sentence_01247,sentence,這種陰影就可以用,5.4,3.6
reflection_02458,reflection,她不是我的Primary care，但聽到學長姊交班時的敘述，我當下第一個反應是:「怎麼會有人這麼傻?」,4.125,5.5
sentence_00801,sentence,這樣猶豫徘徊浪費了生命,3.667,5.0
text_00789,text,"我是第三次入住了，但是給這家賓館留言還是第一次，這次入住我的一位朋友喝醉了，走到大廳我朋友就""現場直播""了~~~~~呵呵",5.222,4.75
text_01816,text,太多台灣支持死刑的人以己度人，因此很難理解為甚麼全世界有這麼多人反對死刑。,4.111,4.5
sentence_02181,sentence,怎麼會是執政黨的功績,4.5,6.0
text_02080,text,但，小棲收到另外一個訊息，今年下半年會有另一場戰役發起，其中不排除會有大規模的品牌間聯合，只是攻守雙方換位了，貝殼進攻。,4.833,5.875
text_00508,text,殊不知路邊伸手乞討的，有可能是開大賓士呢...至於反駁您的論點，也是您提出的論點實在過於荒繆路上常見到的車，只不過是符合大多數人購車的需求省油，妥善率高，並非啥安全性非常好的車款尤其是偷過安全配備的車款，而小弟的目前的所開的爛車，等級也只比國產的Camry再高一點而已不是多好的車子所以就不拿出來說嘴了,3.375,6.0
reflection_00529,reflection,其實仔細回想，這位病患家屬的反應與刻板印象中大吵大鬧的家屬不同，他還算是很理性且很尊重醫療團隊的。,5.875,4.8
sentence_01632,sentence,馬上就找我們開槍,4.0,6.5
sentence_02341,sentence,香蕉人天天舔人家屁眼,2.0,8.0
sentence_02202,sentence,感人的歌聲優美動聽,7.5,6.0
text_01677,text,他並另在臉書上說「攤很多，電話更多，無法一一迴應，特此說明：阿童問政有所本，不受威脅！,5.444,5.75
sentence_01055,sentence,使她們在任何時候都能免於恐懼,6.333,5.333
sentence_01766,sentence,卓越非凡之事不可勝數,7.75,5.75
edu2021_00421,edu2021,今天講了許多的例子，給了我很多解決問題的方向,6.25,4.214285714285714
text_01203,text,臺灣ＴＰＡ打敗韓國ＡＺＦ，再度引發國人愛國情操，ＰＴＴ網友barucher開心地說，「今天纔是真正的國慶日，韓國人回星海挖礦吧！,7.222,6.833
reflection_01997,reflection,所以我也看到了醫師的應對：提前告知病情進展的可能性，儘早給家人心理準備，並且仔細解釋氣切的原理和優缺點，在提出另一種可能性的時候也不急著批判家屬的抗拒，表達對於家屬決定的支持。,5.2,4.2
reflection_00263,reflection,希望這兩週甚至之後能夠多參與壞消息告知的部分，觀察大家對於這一塊是如何做溝通的，畢竟這也是我們以後必定會面臨到的情況。,4.5,2.375
reflection_00662,reflection,盼望未來有更好的儀器可以提供更好的quality of life給重症病人。,5.125,3.625
text_00923,text,主流數值計算軟件matlab可以順利安裝並運行，運算速度比主流cpu要慢一半（超頻時）6主流視頻播放非常流暢7改xp系統很容易。,5.444,4.0
text_02541,text,喬治敦大學隱私和技術中心的一份新報告揭露了紐約員警局面部識別系統的廣泛濫用，包括影像改變和使用非可疑影像。,4.143,2.889
reflection_02466,reflection,5. 另外我發現什麼，或是觀點部不同了凡事對要顧及病人隱私，相同情形可以離開病房時用被子蓋住上半身，或是把病房不連拉起來作遮蔽6.,4.875,3.1
reflection_00343,reflection,第二個疑問是，為什麼要讓阿嬤繼續接受沒有幫助的維生醫療？,3.125,3.8
reflection_00127,reflection,"四.可以怎麼做只有在實際參與病人家庭會議時才能了解病人、家屬的想法,思想是透過溝通交流來達成共識,而非一味的否定他人,強加自己的思想到他人身上,縱使意見不同,也需尊重家屬決定;雖然尚未進入臨床前,我就認為DNR是對病患較好的選擇,但進入臨床後,有了幾次cpr的經驗,感受著肋骨在手上斷裂,病人的胸口逐漸變軟失去彈力,每一下都很矛盾,想要用力壓幫助心臟擠出血液,但壓下去的瞬間又覺得在傷害病人,更讓我深刻體悟讓家屬選擇放手對病人的重要;透過實際的臨床經驗與家屬分享,讓家屬更能帶入情境設身地的試想如果是自己是否願意長期躺在病床,失去自主能力,並且沒日沒夜的接受機器的摧殘,可以避免家屬陷在自己的世界進行著無效溝通。",3.25,5.625
sentence_00612,sentence,就算再心痛也看不透,2.75,6.0
edu2021_00631,edu2021,這次上課收穫很大,6.5,2.583333333333333
text_02160,text,韋伯望遠鏡的主要任務是調查宇宙微波背景輻射，為了探測遙遠黯淡天體發出的紅外光，它需要工作在極低溫度下。,5.0,3.222
edu2021_01192,edu2021,今天教的部分吸收特別快,6.5,4.785714285714286
edu2021_00924,edu2021,聽說能夠學到很多東西，讓人躍躍欲試,6.833333333333333,7.25
text_02434,text,如果我們要解決整個塑膠廢物問題，那麼部分解決方案可能在於破碎時能修復自身的物質，這樣可以不必將其丟棄。,5.875,4.286
reflection_02339,reflection,這兩周在MICU的primary care都是因為懷疑CAP造成的呼吸衰竭來到加護病房接受治療，而相較第一位病患病況穩定，脫離呼吸器後轉至一般病房照護。,4.75,3.7
text_00724,text,太讓人失望了！,2.667,6.125
text_01420,text,選手出國比賽，體委會總是用「非正式運動項目」來拒絕授旗，但往往奪牌後，又能得到總統等官員的召見。,3.4,4.875
text_00209,text,女作家和男作家的區別，在於擅長在邏輯嚴密和氣氛緊張的犯罪推理之外，對人性的軟弱、複雜和彼此之間可堪或不堪的關繫,5.444,4.625
reflection_01680,reflection,而在這種情況下，除非有預立醫囑，否則大部分狀況下還是由家屬決定是否要接受侵入性醫療。,5.0,1.75
reflection_01393,reflection,由於我是第一次遇到這樣子的情況，開刀醫師或許有他的考量，但還是會覺得若這個病人沒有及時去開刀的話是不是就阻擋了病人比較有可能存活下來的一條路呢？,4.25,4.1
edu2021_00062,edu2021,今天上的部分我最有興趣的領域，聽老師提到幾個例子，覺得十分新穎,7.75,6.583333333333333
text_01926,text,外交部說，臺美關係友好，人民情誼深厚，美國遭逢重大災變，災區受創很深，部分災民流離失所，臺灣人民感同身受。,4.5,5.429
text_02833,text,英國脫歐歹戲拖棚近3年，脫歐時程遙遙無期，首相梅伊昨天不敵龐大逼退壓力，淚眼汪汪宣佈將在6月7日辭去執政黨保守黨黨魁。,3.556,5.375
sentence_01710,sentence,鳥啼而欣然有會,7.0,7.0
reflection_02136,reflection,而 ICU的病患身上通常也有許多的管路、很擔心他們自拔、 更甚者病患過度躁動 有可能影響到醫護人員的安全，這時候病患是否該被拘束便是一個重要的議題。,5.0,3.3
text_00927,text,手機系統內部若有加密功能，勢必要加以設定，可保護個人資料不至遺失或遭竊。,5.125,3.0
reflection_02325,reflection,不過當下不管誰說話，無論說什麼話，都沒有用。,4.25,5.125
sentence_02077,sentence,而是畸形的經濟結構,3.0,4.6
reflection_00653,reflection,首先要了解沒被交班到的那件事情在ICU是否是重要的，比如說會影響病人的生命安全或治療過程，或是單純是一些與醫療無直接相關，但會使病人出現不恰當情緒及行為的事件，比如說治療過程中把病人的電視or收音機關掉之類的。,5.375,4.1
edu2021_00551,edu2021,發現自己了解的頗少，所以之後要注意聽老師的上課內容,5.857142857142857,4.083333333333333
sentence_02552,sentence,雖然這版本的多羅羅一樣剛毅的個性像爸爸,4.75,4.4
reflection_02094,reflection,對於提到的其他方案，不知道是刻意的不想接受病情還是不手術就等於放棄先生，這是無從得知的。,4.0,4.6
reflection_00441,reflection,一時之間不知道如何面對，只好先逃避。,3.375,2.625
sentence_00798,sentence,憑什麼這樣的事情要保密,3.25,6.75
text_02934,text,這部劇最終塵埃落定成了什麼樣子，咱們不要過於動怒，就當整個第八季都是前七季的同人影視作品，我們掛念的還是劇中的角色。,5.0,4.125
text_01601,text,要求政府把事情做對（Justdoitright），不算過分，應該也沒有那麼難！,4.625,6.1
edu2021_00067,edu2021,這次的課程講解特別生動活潑，讓我整堂課都精神飽滿。,7.928571428571429,7.5
edu2021_00745,edu2021,我覺得今天學得很精實,6.416666666666667,5.928571428571429
text_01513,text,成績進步的獎狀，還來不及和家人分享榮耀，就被父母虐打致死。,1.375,5.571
text_02035,text,在全球一片#metoo的反性侵性騷擾運動外，近來有另一種爭取尊重女性、重視女性貢獻的聲音也在悄悄沸騰。,6.222,4.667
reflection_02239,reflection,而在解釋氣切時，常說氣切後病人的世界，其實也就是病床上的天花板，配上反覆的抽痰嗆咳，這樣的情境要中止，都要交給疾病，你不能決定，而這日子要維持多久，也沒有人知道。,3.875,4.0
sentence_01822,sentence,罪惡活動的無底線勢利眼小人們在暗地裡又開始了更加激烈的像惡狗瘋狗一樣的吠叫,2.0,7.667
text_01732,text,他說，「新形勢下，我們面臨嚴峻挑戰，尤其貪汙腐敗，必須下大力氣解決，全黨須警醒起來，打鐵還須自身硬，要從嚴治黨。,6.25,6.0
sentence_00493,sentence,豈不知等到再繼續肆虐耍流氓,3.0,5.333
sentence_01224,sentence,讓臺灣幾乎倒退回數十年前的加工出口特區,3.0,5.0
reflection_00320,reflection,病人一聽也是整個激動起來說道：「妳是在威脅我嗎？」,2.9,6.75
reflection_00695,reflection,但因為一個人的不配合，多少人的心血付諸流水，且日後患者可能產生更多難以治癒的併發症加重醫療人員負擔及健保的支出。,2.5,4.666666666666667
text_02017,text,她多謝媽媽眠乾睡濕照料，出院後調理身子要吃什麼就聽從媽媽吩咐，又感謝醫院醫護人員照顧、各方好友及聖心師妹們的關懷問候。,6.889,4.125
reflection_00988,reflection,我的反應：對於胸痛、STEMI的臨床表徵出現時，我們著重的焦點會放在是否還有後續心血管方面的問題產生，皮膚癢的部分一來真的相對ACS這種類別而言處置上沒那麼急，二來我們也無法實際體會對方受到的影響有多大。,4.625,4.125
text_00926,text,IC3上週發表此一情報，指出Android設備面臨種類繁雜、諸多形式的惡意信件攻擊問題。,3.667,4.714
text_02136,text,對在曾被送上太空的齧齒動物的組織進行分析後，研究人員發現其出現關節負荷減小後導致的軟骨破裂和類似退化性關節炎的跡象。,5.0,4.429
sentence_01507,sentence,看似保險公司幫你作假,3.0,4.75
edu2021_00907,edu2021,已經快上完了，我還是不太了解，講的也有點難懂,3.25,4.357142857142857
edu2021_00544,edu2021,老師講的很棒，讚讚,7.857142857142857,4.416666666666667
text_02640,text,然而在上個月，哥斯大黎加的一個小鎮上空卻出現了一個潮溼宇宙粘土，它在空中裂開並落下一種罕見的隕石碎片。,5.0,5.556
sentence_00795,sentence,而且還精心準備了諸如體育用品,6.5,6.0
text_01369,text,前職棒球員許文雄數年前因打假球遭開除，今天又被高雄市警方逮獲涉嫌盜伐珍貴牛樟木送辦，檢警及友人感到相當惋惜。,3.4,5.143
text_00169,text,莫名的悲哀，想像中愛玲應該是金枝玉葉，雖飽受風塵之苦，卻也是冰清玉潔，不想竟也碰到胡蘭成這樣，惡俗的混世魔王。,3.556,5.857
sentence_01756,sentence,願你速速顯明你的公義和你的信實,7.0,5.333
edu2021_01304,edu2021,下禮拜要考試了，真是緊張,4.416666666666667,5.833333333333333
edu2021_00485,edu2021,老師講得很清楚，只不過要一開始就實作我認為是有點困難的，不過還是謝謝老師,5.2,4.0
reflection_00636,reflection,但是病人的經歷對家屬而言確實很難接受，畢竟洗腎是在一兩個月之前開始的，家屬也認為是洗短期的，洗完病人的狀況會好很多，但是結果卻是出現敗血性休克住進加護病房，而且狀況不樂觀要做氣切，之後或許還會有照顧人力的問題。,4.625,4.75
edu2021_00263,edu2021,今天精神不濟，下堂課會更專心一點,4.357142857142857,5.0
text_02865,text,後來企業軟體需要的技術越來越複雜，功能越來越複雜，企業就養不起那麼多、那麼專業的開發人員了，就開始購買外部的商業軟體公司的軟體產品和實施支援服務了。,4.333,4.0
text_02079,text,歷史從來都由勝利者書寫，五四運動不過也是一個任人打扮的小姑娘，愛國、民主、科學的光環不過是強抹的脂粉，看起來令人賞心悅目罷了。,4.0,5.571
text_01449,text,客委會黃主委表示，能與來自全臺的客家鄉親們一起紀念義民爺，他感到歡喜又榮幸。,6.25,5.875
text_01781,text,政黨就是理念的結合，華人世界既然只剩下這兩個政黨還相信理智及科學，與我理念相符，那麼我只好支持他們了。,6.125,4.333
reflection_01419,reflection,遇到這種家屬，就要警覺這可能是潛在醫糾的來源，在解釋病情時需格外小心，並且不要在病歷上記載不必要的資訊。,4.875,3.5
edu2021_00208,edu2021,今天上課的東西還記憶猶新，讓我聽得很有興趣,6.714285714285714,3.5
sentence_02433,sentence,欲根除基督教信仰,4.0,4.667
sentence_00810,sentence,撕開郭九條的偽裝,3.75,7.0
text_01595,text,上週協商時，朝野黨團雖達成刪減績效獎金共識，但具體立場仍南轅北轍。,4.222,4.0
sentence_00043,sentence,之前裙子的我也有突然換色的經驗耶,5.5,5.75
reflection_00760,reflection,"站在未來的角度回去看事情,病患身上每一個發生的事件都可以解釋成各種故事版本,但事實上為何,儘管對方說的有道理,事實也不見得是他說的那樣。",4.875,1.625
sentence_00620,sentence,中國外交部批評美方此舉是,4.0,3.6
text_00633,text,門外好象正在裝修，有點雜亂.,3.778,4.143
sentence_00218,sentence,梳理和處理社會上出現的各種犯罪,5.667,4.0
text_01455,text,讓她印象最深刻的是古早時代的武俠電影「七俠五義」，「劇中有一條很大的蛇，讓我印象深刻，以後只要電視、電影中有關蛇的事，我都喜歡看，尤其有大蛇的。,5.375,5.0
reflection_01848,reflection,站在他們的角度多想幾秒，其實不難理解他們反應那麼大的理由（從床頭可以看到十字架，信仰上可能也有所依歸，不願多做掙扎）。,5.25,3.25
edu2021_00030,edu2021,好極速，我是說上課時間,4.083333333333333,4.714285714285714
sentence_00316,sentence,儲存一些有用的資訊,6.0,3.5
sentence_01564,sentence,不需要害怕弄痛我,6.667,5.0
text_00543,text,夜間行走和小孩子玩耍更危險！,3.556,6.571
text_01099,text,高市青山行善團張團長透過裡長訪視，發現個案急需援助，網路號召網友幫忙，邀集紫霄帝闕玄天上帝廟合力捐款，發放白米、罐頭等物資。,6.25,4.625
text_00373,text,請注意是定期運轉而非每日運轉，其實只要下雨天就必須開冷氣來除玻璃起霧就可以了，或是每週開一次冷氣，冷天開冷氣一樣會增加油耗，而且是脫褲子放屁多此一舉，先把空氣經過冷氣風箱把空氣變冷，再經過暖氣風箱把冷空氣加熱，吹出來是暖氣，所以除了因下雨需第一段把空氣變冷加除濕外，其他時候無須用壓縮機去做空氣變冷的動作。,4.125,5.286
text_02800,text,委內瑞拉緊繃局勢持續升高，委內瑞拉邊境爆發槍響，連結委國和哥倫比亞的西蒙玻利瓦爾國際大橋的附近道路槍聲大作，當時企圖跨越邊境的委國民眾全嚇得到處躲避。,3.0,6.714
text_01451,text,非客家籍的郝市長以客語致詞，博得臺下鄉親們的掌聲鼓勵。,6.556,5.444
sentence_02468,sentence,不能被負面能量衝昏頭迷失自我,6.0,5.667
sentence_01602,sentence,而且貌似新院頭一回以負心人的形象出現,4.0,2.0
reflection_00824,reflection,我想醫療專業人員有責任用病人聽得懂的語言，讓病人或家屬了解病情、即將採行的治療或處置內容、其他替代選擇方案、以及不治療的風險。,4.875,2.0
reflection_01051,reflection,因此在來院急診時因為懷疑是體液失衡與代謝性酸中毒被收入院。,4.5,2.25
sentence_00326,sentence,但今天就有女生穿粗跟涼鞋參加,5.0,3.333
text_01785,text,當時他承諾與中國達成開創性協議，結束臺灣經濟日益邊緣化。,5.556,4.5
reflection_02159,reflection,心理學上有所謂的悲傷五階段，分別是否定、憤怒、討價還價、沮喪、接受。,4.75,3.0
text_00613,text,但這次7月上旬的入住新推出的特價雙人房，朋友反映房間比以前小多了，總體比以前的的套房差多了。,3.625,5.286
sentence_02440,sentence,火勢終於在今天清晨4點多撲滅,5.0,4.333
edu2021_00630,edu2021,覺得很貼近生活，比較能夠理解,6.25,4.071428571428571
text_00609,text,第一天住的房間隔壁人說話好象就在房間中，換房後在走廊上的說話聽的非常清楚.,3.556,4.0
reflection_01327,reflection,這兩週在MICU東看看西看看的感想，大概就是開始思考甚麼對自己是最重要的。,4.9,3.75
sentence_00626,sentence,這個人他拿到照片的途徑是非常可恥的,2.333,5.667
text_01832,text,王金平籲國企員工共體時艱對於中油、臺電等國營事業工會到立院抗議，立法院長王金平受訪時表示，國營事業績效獎金被刪，一定會有人覺得不公平，但立法院做這決定，也是經過長久討論，好不容易產生共識，盼員工們共體時艱。,5.5,4.0
sentence_01502,sentence,睡眠質量下降等症狀並非疾病,5.667,4.0
edu2021_00286,edu2021,聽到下禮拜要考試時，就覺得超緊張的，超怕會寫不出來,3.916666666666667,6.714285714285714
sentence_01942,sentence,重複著一樣的離奇曲折,4.667,3.667
text_00398,text,油耗比安全配備還要更吸引人更重要?,4.222,5.444
text_00002,text,看盡世間無限遺憾，只因愛情如此脆弱。,3.25,4.143
reflection_01208,reflection,我們在詢問病人意願的過程中則遇到比較多的困難。,4.25,3.25
text_01048,text,麥可漢內克（MichaelHaneke）執導的「愛慕」是最大贏家，贏得最佳影片、最佳女主角與最佳編劇，並且入選了10大影片。,7.0,4.5
reflection_02501,reflection,所以同時處理大量資訊跟快速的想到5H5T可以做什麼檢查，用什麼檢查可以快速排除differential diagnosis這樣的思考流程是我還不會的，也是我應該要更多加學習的部分。,5.5,4.6
sentence_00506,sentence,從勝利走向更偉大的勝利,6.667,6.667
sentence_01060,sentence,完全呈現當代關係的各種微妙觀察,5.6,5.5
text_01897,text,挨一頓打，外加言語羞辱，說你不愛國啦，沒有國家你連受教資格都沒有之類的話，搞得老師，校方一個個嫌貧愛富,3.25,5.375
text_02559,text,但是在其名字的具體過程中，兩邊是存在差異的，比如中國長期講究避諱，避皇親國戚，避家父祖先，避歷史名人。,5.0,2.556
text_01103,text,他感謝大家幫忙，不吝伸出援手，幫他加油打氣，讓他有活下去的力量，勸人毒品千萬碰不得，纔不會害人害己，他就是活生生的例子。,6.111,4.333
text_02040,text,法官斥被告針對單身女性工作者搶劫的行為卑劣懦弱，又出賣朋友並讓朋友蒙受經濟損失，更在受懲教署監管時目無法紀地接連犯案，最終判其監禁共6年零8個月。,3.6,3.667
sentence_00068,sentence,感性凌駕於理性之上時,4.6,5.25
text_01344,text,在偶像劇《我可能不會愛你》爆紅的法鬥犬「包子」，最近在網路上又受到網友熱烈討論，但內容卻是對飼主的批評謾罵。,3.375,4.667
edu2021_00610,edu2021,今天上課獲得的東西很充實，收穫良多,6.75,5.416666666666667
sentence_00017,sentence,高雄市民你們怎麼不會感到憤怒啊,3.0,6.6
sentence_00825,sentence,在世的短暫的一生中,4.5,3.5
text_00574,text,空調溫控不好，暴熱，呵呵。,2.778,5.111
sentence_02520,sentence,不為浩瀚天宇的熠熠星輝而迷亂,6.5,3.5
edu2021_01562,edu2021,題目寫起來的感覺有點不順，可能是我沒有讀得很久的關係,3.833333333333333,3.166666666666667
sentence_00118,sentence,不安分的小舌頭,5.0,5.667
reflection_02280,reflection,不管是基於感情或是現實考量，他的家人都期盼奇蹟的發生，彷彿住在ICU多一天，隔天就能期待醫生告訴他們他有進步然後可以轉去普通病房。,4.9,4.1
text_00818,text,入住時酒店的服務很好，大堂和房間一般，入住後發現房間的硬體較差，比如空調，馬桶，尤其是電視遙控器非常差，幾乎不能用。,3.0,4.571
reflection_02112,reflection,至於營養品的部分，我們該做的一定會幫病人做，這個部分請不用擔心。,6.625,2.625
text_02029,text,信義居家服務部提供3大收納步驟，先將衣物分類，並善用空間收納，再來要注意取用便利性，依照使用頻率或按照顏色來放置，就能讓冬衣整理事半功倍。,6.286,4.333
edu2021_00212,edu2021,看似很複雜，但是老師一步一步的講解過後，最後才將全部拚湊起來 讓我更容易理解,5.916666666666667,3.5
reflection_02205,reflection,考量到氣管內管放置過久，告知家屬需要考慮氣切以方便照顧。,5.25,4.375
reflection_01303,reflection,我認為在此次的場景裡，醫療人員維持專業與理性溝通、不被情緒帶著走適時中斷爭執、等冷靜些再來談論 實在難能對於是否灌藥，我們也許能再多給彼此一些空間理解、尊重與協調，多一些溝通與關懷讓結局更完善。,5.5,3.625
reflection_00013,reflection,"這次遇到的case也是在不斷的溝通中,家屬從捨不得的心情經過一次次的討論溝痛到後來漸漸放下主動選擇拔管讓病人不再辛苦的靠機器維持生命,我想這就是不管對病人還是家屬甚至是醫師來說都是最圓滿的結局。",5.5,2.625
text_01749,text,小弟深深覺得激情或衝突並無法訴說要求或解決問題.,4.0,5.625
sentence_00753,sentence,韓指環評增加業者負擔,4.0,4.2
sentence_00380,sentence,音准不准我不知道,4.667,3.667
edu2021_01484,edu2021,今天學的感覺很酷,7.333333333333333,5.083333333333333
text_01090,text,「項圈系列」由3百多條遭到遺棄貓狗的項圈組成，在被安樂死後，這些項圈成了牠們存在這世上的唯一證明。,3.25,3.0
reflection_01237,reflection,但我想這可能就是人的本質，沒有辦法完全的抽離感情，一陷進去後，就是無奈及悲傷的感覺迎面襲來。,3.375,5.6
text_02283,text,至於政府表示要堵塞漏洞，他認為無可能只有20日諮詢，當局應整合各界意見並重新諮詢，否則只會令人覺得政府是別有用心。,3.875,4.75
sentence_01056,sentence,如果你真的英明神武,4.333,6.0
reflection_00326,reflection,2. 我的感受(為何會有這種感覺（信仰、態度、價值觀）)病人來自比較社經地位比較差的區域，對於自己的病況較不能理解，病情可能的變化也從未想過，我認為在病人過去的生活環境上，不常接觸臨床問題，也不常有人有衛教他，自然很多事情都會視作很簡單，也不以為意，因此在醫院聽到與自己想像中不同的觀點時，會油然產生錯愕及焦慮的情緒，明顯感覺到他的緊張。,4.5,2.125
edu2021_01471,edu2021,今天教了很多東西，收穫滿滿,7.0,6.0
text_01196,text,義大副領隊張哲欽表示，這次會面由創辦人林義守親自出馬，期待充分瞭解林益全想法，兩人闢室密談後很快達成共識，最後敲定這筆大型複數年合約，他說：「創辦人肯定益全的拚勁，還鼓勵他就從這次入選經典賽拚起，拿出最佳表現秀給國人看。,6.6,4.4
reflection_00167,reflection,"而若面對到這種病人,我們有沒有手語的能力,之後可以記得先備好紙筆,更甚者先把一些要講到的東西寫下來,不然手寫跟不上思緒,或許會漏東漏西、心態也會比較急迫。",5.375,3.6
text_02384,text,5月16日美股盤後，英偉達釋出截至年4月28日的2020財年一季度業績，優於市場預期，盤後股價一度漲6%。,7.25,5.571
text_01588,text,根據朝野協商的結論，油電糖水等四家國營事業一百年度經營績效獎金，發放不得超過一.二個月；自一○一年度開始，國營事業有盈餘者，始得發放績效獎金，但不得超過一.二個月。,5.125,4.125
text_01750,text,放鬆一下心情吧，或許意見不同或許看法相異，我仍然珍惜所認識的每一個人.,6.222,3.429
edu2021_01116,edu2021,老師深入淺出的解說，又給了我們一些例子，讚讚,7.583333333333333,4.928571428571429
edu2021_00433,edu2021,今天上的課程比較難，有點難以理解，希望講解可以詳細些,3.857142857142857,4.142857142857143
text_01118,text,網站紛紛發文，表示心中有股淡淡的哀傷。,3.333,5.429
text_02666,text,護理師張淑蘭看見蘭嶼達悟族人在傳統文化下的醫療照護需求，開創雅布書卡嫩居家護理所，提供安寧緩和醫療和慢性病照護工作。,6.889,3.75
reflection_00212,reflection,"四.可以怎麼做在面臨這樣的情境時,我認為首先應該與患者和家屬進行充分的溝通,讓患者了解治療方案的風險和效益,並根據患者的價值觀和生命意義選擇最合適的治療方式。",5.0,2.875
reflection_01625,reflection,還記得那次會客，是老師在與二位家屬討論多次仍未有明確結果後，決定要多給予一些推力表達自己的想法，老師說明其實自己看了這麼多母子母女間的放手、離別，林曾阿姨是最痛苦的一位，而之所以她會這麼痛苦，是在於弟弟遲遲捨不得放手，這份猶疑與不捨只會造成媽媽受到更多的苦痛而已。,3.0,5.625
text_01906,text,前言：人民生活苦，政府官員不願減薪，也不願少領年終，每年還編列各種獎金名目Ａ人民錢、變相加薪。,2.556,6.0
edu2021_01014,edu2021,今天找教授問問題，我終於弄懂了，覺得獲益良多，我很開心,7.916666666666667,5.8
sentence_01393,sentence,展現自己健美肉體以敬神,7.0,6.25
reflection_00276,reflection,其實在會診外科前，老師就已經很委婉且客觀的告知家屬能開刀的機率不高，我覺得老師們從承受病人過高的期許，到讓家屬理解病情的現實與醫療的限制，過程中沒有明顯的衝突，但我覺得之所以能轉折得如此圓滑，可能來自好多的經驗，也包含溝通之間醫護給家屬的信任。,5.875,5.5
sentence_02466,sentence,但是進展太遲緩,3.0,5.5
reflection_01580,reflection,若是我，我想我也會想要離開，讓一切歸零。,4.125,3.125
edu2021_00314,edu2021,進度有點快  或許是這章比較少的關係,4.083333333333333,4.214285714285714
reflection_00497,reflection,我主要照顧的病人是一位73歲的阿公，原本只是為了找出胸腺瘤的來源而住院檢查，沒想到短短一天的時間因為desaturation住進加護病房。,3.625,4.5
sentence_02516,sentence,意猶未盡的滿載而歸,7.0,6.25
edu2021_01052,edu2021,今天老師很有興趣的講解，我覺得這樣很好，可以學到很詳細的內容,7.416666666666667,5.0
sentence_01115,sentence,這本質上可能是厭世厭生,4.0,5.0
sentence_01280,sentence,擺出忠孝仁義和,4.5,6.0
edu2021_01432,edu2021,雖然還不太熟悉，但相信之後會漸入佳境,5.916666666666667,4.714285714285714
sentence_02165,sentence,變成至高無上的榮耀,7.333,4.667
sentence_00507,sentence,我已經是瑟瑟發抖了,3.0,6.0
text_00514,text,個人認為會買toyota的客戶大都不會做買車前的安全比較，有可能是老一輩口耳相傳或厝邊朋友的意見。,4.778,3.875
sentence_00983,sentence,至於我那些仇敵,4.0,5.2
reflection_00848,reflection,"我的感受病患女兒或許看來激動、堅持己見、不斷希望醫療團隊盡一切可能去扭轉病情,也在每日會談後積極收集資料,溝通初始,我能理解她那份焦急又無助的心情,不過隨著一次一次的對話,面對著質疑,我也感到自身的防衛心慢慢上升,言辭之間,開始想要捍衛醫師們做出醫療決定的想法,也對她收集到資訊的證據力感到搖頭。",3.75,4.9
reflection_00686,reflection,在傳染病的面前，我想醫師能做的便是善盡自己的社會責任，以自身所學向民眾進行衛教，讓其能認知並意識到為了他人的福祉進行治療的必要性，以及治療能帶來的益處。,6.3,4.5
text_01769,text,花果山的猴子們有個特點，就是有被害妄想症為什麼呢幻想著核四會爆炸幻想著會有火山爆發，幻想著阿共會打，幻想著國民黨蓋台，幻想著會走山.,3.625,5.75
sentence_02041,sentence,其出身背景根本就與憤青所主張的相互牴觸阿,3.0,7.0
text_01708,text,「立委不是拿刀大砍就丟給行政部門，立法院不是拿刀互砍的地方，還有很多技術性的複雜問題，只是很多立委在處理時殺紅了眼，變成張飛打嶽飛、關羽砍項羽，全部亂了套」。,3.125,5.571
reflection_00504,reflection,當下太太聽到先生即將死亡可能會有難過、震驚、不捨甚至憤怒，我也了解到此時有醫師更細心的解釋與溝通可以減緩家屬所受到的衝擊甚或不滿。,4.375,2.625
sentence_01969,sentence,多少個徬徨的夜晚,3.6,5.25
reflection_01614,reflection,找出類似的藥物並溝通劑量在了解背後原因之後可以請教精神科的醫師看看是否有成份差不多的藥物或是就直接繼續沿用靜和的藥使家屬較為放心，但是在劑量方面要先配合停藥觀察，之後若要加回要再評估劑量。,5.0,1.875
text_02140,text,上網就能找到各式各樣選擇，甚至業者還會根據你的搜尋軌跡不斷推播廣告給你，個人的喜好偏愛隨著科技發展，將無所遁形。,4.667,5.333
edu2021_00881,edu2021,今天上課內容很有趣，但是仍然不是很懂,4.666666666666667,3.75
text_00128,text,社會上處處可見“和諧”，人在“和諧”的環境中生活，哪麼每一個人不都過上了幸福的生活嗎？想自己過幸福生活的人，就去看《小知道答案》吧！,5.875,5.125
reflection_01785,reflection,三、你的反應為何我盡量不要露出任何緊張的表情反應，而是微微傾身向前，想藉此展示我有專注在聆聽家屬的話語，希望家屬能多少察覺，進而降低衝突產生的機率。,5.8,3.875
reflection_00080,reflection,"而我在這當下,觀察到老師給予家屬心理上的支持就是肯定他們當初這個插管的決定,肯定這些日子以來家屬的努力和陪伴,也說明醫療還是有他的極限存在,如果大家都盡力了,在最後可以尊重病人的意願找安寧做撤管。",4.25,3.875
edu2021_00870,edu2021,老師有時候會從實例中推理，教我們一些人生哲學,6.357142857142857,4.142857142857143
reflection_01840,reflection,面對這類積極的家屬，我很佩服老師的耐心及同理心，在我們學生看來，家屬的堅持是各種費盡口舌都沒有用了，但老師總是在每一次的會客時間，一而再再而三地在病情解釋中，透露阿伯所承受的痛苦，哪怕是只有一絲為病人轉圜的機會都該去試試，不僅僅是為了病人好，更是為寶貴的資源留給更需要的人，值得我學習。,6.8,5.625
edu2021_00027,edu2021,上得有點快，但是還蠻有趣的,6.0,6.0
text_01492,text,臺北暗殺星隊長陳匯中（MiSTakE）表示：「比賽中雖然一度陷入拉鋸，但經過調整，重新找回自己步調，最後能夠取得勝利很開心。,7.0,6.571
sentence_00551,sentence,進一步侵蝕高度自治,3.0,6.667
sentence_02501,sentence,我看我自己做菜有礙到人,4.0,5.75
reflection_00858,reflection,"我們的醫療團隊在做出任何決定之前,都有參考過院內經驗、國內外案例報告及研究結果,尋找與病人最符合的條件、最相似的狀況,以判斷該決定對病人當下的狀況是最好的。",5.3,4.1
reflection_02352,reflection,我的先入為主如何影響感受:我可能會認為自己是站在醫學知識的優勢方，而都以醫學方面的併發症和風險評估來評論病人的病情，而忽略了病人的主觀感受和內在想法。,4.2,4.0
reflection_01936,reflection,你的感受為何當下覺得有些緊張，雖然家屬的反應是可以預知也可以理解，但是看到她們有些氣盛的態度、並且頻頻打斷老師的話語，仍因此覺得有些不安與緊繃。,3.75,5.0
sentence_01268,sentence,而不是伸手要福利,3.5,5.5
text_01610,text,因此，在中國不斷派遣海監船進入釣魚臺毗鄰區和周邊12海裏海域，而日本卻無法應對之後，美國決定通過派遣航母進入釣魚臺附近海域以及加強與菲律賓在南海的軍事合作等軍事部署強化措施來警告中國勿採取強硬反制措施。,4.6,4.286
sentence_00417,sentence,美國已在該地區發動心理戰,5.0,3.0
text_00930,text,選用可靠的防毒軟體，找尋專門防病毒信件或檔整合的應用程式，強化對抗惡意應用程式和信件的能力。,5.75,4.625
sentence_00152,sentence,現在關燈躺下閉眼又大聲嚎哭出來,2.667,8.333
edu2021_00555,edu2021,有配合故事介紹，聽起來不會枯燥乏味,6.916666666666667,3.333333333333333
reflection_01762,reflection,可以理解在特別希望能救活自己親人的時刻，親屬會變得比較不理性，面對醫療團隊的建議，也比較容易繼續堅持己見。,4.375,3.125
reflection_01644,reflection,感謝老師除了教導我許多臨床知識，也跟我討論很多關於病人的問題，更讓我們自由地照著興趣在MICU到處觀摩學習(甚至跑到A區看海洋弧菌等病患)，也不會有太多的壓力，讓我這兩周既充實又成長許多，也覺得很幸運能夠跟您學習，謝謝老師。,6.75,4.0
text_00982,text,小巧便攜是我選擇的最大因素，其次品牌機還是令人比較放心的，一邊拆包裝一邊就能感受到。,6.556,5.875
sentence_02014,sentence,以及牠的逗趣身影,6.6,4.8
edu2021_01493,edu2021,我整節課精神都很好,7.5,3.357142857142857
sentence_01742,sentence,袁氏以紙之假言告師長處,4.75,4.6
reflection_00067,reflection,"此外仔細思考家屬要求更正稱謂原因除了病患65歲年紀還沒有很大之外,更是想要病人能好轉期盼,認為如果被稱為「阿嬤」聽起來年紀較長,病情能好轉機率也就更低。",4.75,1.625
reflection_02531,reflection,但當我真的參與進去一個病人快速惡化的病程中，我好像開始明白在面對親人的生死，尤其是超出預期的快速變化，為什麼很多家屬都會拒絕相信自己的親人真的沒有辦法再好轉了。,3.5,4.9
text_02851,text,半夜肚子餓時總忍不住拿起手機叫外送，當中最想點的餐莫過於麥當勞，試想一下能在半夜吃到熱騰騰、香噴噴的薯條是多麼過癮的一件事！,6.889,5.556
sentence_02046,sentence,只是拚命向洞裡鑽去,5.0,6.5
sentence_00890,sentence,除了在全港不同地方設立輻射監測站,5.333,2.667
edu2021_00651,edu2021,覺得上課內容聽的蠻吃力的，很多內容需要去了解,4.083333333333333,5.0
text_01241,text,沒想到弄巧成拙，卻愈銬愈緊，只好與一起共同喝酒的朋友上派出所求助，最後在警消大費周章的動員，手銬總算順利解開，解除男子的心頭大患。,5.0,5.333
sentence_00887,sentence,不用再假裝自己在乎我,3.0,7.5
text_01377,text,江嫌於地檢署復訊時，表情木訥，直說壓力很大，江妻在旁強調先生因照護母親和家庭壓力過大纔會鑄下大錯，事發後「家裏更需要他」，會陪他走出陰霾。,3.375,3.625
edu2021_01307,edu2021,今天教得方法還蠻實用的，可以讓自己更清楚過程，更明確知道自己下一步該怎麼做,7.0,4.9
sentence_00072,sentence,走向遠方是為了讓生命更輝煌,7.6,5.6
text_02102,text,根據一些現任和前任蘋果員工的說法，蘋果零售店越來越注重品牌推廣而不是滿足購物者需求，導致消費者對一些商店提出更多投訴。,3.5,5.111
text_00063,text,迫不及待地打開來欣賞，果然是期望中的繁體版，更加興奮。,6.625,6.667
edu2021_00088,edu2021,今天上課後我已充分了解了，老師今天的教導讓我獲益良多,7.214285714285714,5.142857142857143
edu2021_00136,edu2021,今天聽完覺得越來越進入軌道了呢,6.916666666666667,5.916666666666667
reflection_01641,reflection,從當初碰到的CO2 retention讓他需要插管之外，後續也碰到拔管之後又要重新插管兩次，還有HAP的問題。,4.375,4.75
sentence_00859,sentence,粵港澳大灣區城市挑戰賽香港站得獎隊伍出爐,6.0,4.0
sentence_00731,sentence,常常看到許多人把自己和伴侶的性生活,4.667,5.333
edu2021_01035,edu2021,我覺得我還有很多沒搞懂，希望能趕快跟上,4.666666666666667,4.416666666666667
edu2021_00146,edu2021,直到今天我才真正了解更詳細的用法,5.8,3.083333333333333
sentence_01763,sentence,聖水都是自己哀求才有,4.0,5.5
sentence_00709,sentence,虧損資金沒有形成規模,5.667,3.0
sentence_00191,sentence,擅自改變產品的存放方式,4.25,3.8
reflection_01827,reflection,沒有人知道意外和明天哪個先到，自己也在了解相關概念後，找了機會和家人討論，老一輩的人大多忌諱談論「死亡」的議題，但死亡是每個人必須面對的課題，做好準備，與家人達成共識，達成善終與自主，也能促進醫病和諧！,6.5,4.5
edu2021_00629,edu2021,今天太累了， 吸收不太到東西,2.25,4.642857142857143
sentence_01062,sentence,婚姻平權的戰鬥,5.0,5.0
text_02435,text,要求政府採取更為嚴格的審查機制、呼籲企業秉持良心與社會責任拒絕販售，同時集結消費者力量拒買、拒吃，合力防堵基改入侵我們的生活。,6.571,6.125
sentence_01003,sentence,不排除天朝和他同謀,4.0,4.0
text_02616,text,在蘋果強推USB-C並砍掉3.5mm耳機插孔的情況下，協力廠商配件開發商貼心地為蘋果使用者提供了一系列的迂迴式解決方案。,5.875,2.25
text_02376,text,過去Google的旅遊相關服務散落在不同的地方，例如在Google行事曆或是Google地圖上，出現你訂位資訊。,5.9,3.2
edu2021_01209,edu2021,感到十分驚奇，終於知道在教的內容了,6.916666666666667,6.714285714285714
text_00445,text,總之.....再次謝謝大家,5.778,3.625
edu2021_00505,edu2021,今天的課程老師很認真上課，越來越喜歡老師的課,8.214285714285714,6.916666666666667
sentence_00830,sentence,衣服設計的很醜,3.333,6.333
text_02494,text,川普迄今都堅決表示，他是公平正直地贏得2016年總統大選，淡化美國情報機構所稱、俄國介入大選以對他提供助力。,5.111,2.889
sentence_02536,sentence,讓大量低頻率人類退場,4.333,4.0
text_02815,text,對此，鄭剛今日在個人微博號@哈羅航行連續發微博指責周美毅，稱自己和她認識的短短幾個月就被她下圈套、設計和陷害。,3.167,5.333
text_00224,text,值得首提的是，《哥哥不是吹牛皮》這書名起得尤其好。,6.5,4.875
reflection_02356,reflection,我的情緒為何？為何有這種感覺？（信仰、態度、價值觀）:,5.0,4.875
sentence_02374,sentence,那麼這個王國就會永遠繁盛下去,7.0,5.25
text_00699,text,客人來過都表示氣味難聞，很尷尬。,3.0,5.0
sentence_02222,sentence,這麼激烈肉質一定很鮮美,7.0,6.0
sentence_01122,sentence,以迷信和烏托邦,4.0,4.0
reflection_01162,reflection,我的感受當下我的感受認為家屬的反應令我反感與憤怒，根據我們所學習到的，腦部缺氧的時間超過 10分鐘，他 CPR的時間長達接近一個半小時， 加上電腦斷層的報告也提及有嚴重的缺氧，老師在跟患者家屬說明時也盡量沒有以專有名詞去解釋，老師也是希望他們可以預先考慮 DNR的決定，因為患者可能後來都需要依賴呼吸器維生，會診神經內科後醫師也認為難以甦醒，但是家屬仍堅持管貫中藥，認為我們對於患者的情況判定難以甦醒，那他們會以他們的方式，但是卻造成醫護人員難以評估 GI bleeding的情形，當下我認為既然不相信醫師的判定，那何須留在加護病房治療，他們可以考慮給中醫師做直接的照護，後來甚至要求針灸，我想 雖說中醫的治療對於一般疾病有緩解，但是對於長時間缺氧腦損傷的 大腦幫助應該相當有限，我認為家屬們經過醫師的專業判定與講解後，不願接受並使用偏方治療，加上口氣不好，令我覺得生氣和不解。,2.75,7.125
sentence_01076,sentence,將鑰匙託付給在新疆關押上百萬穆斯林維吾爾人卻毫無悔意的政權,2.6,5.75
sentence_01553,sentence,古人禮樂歌舞完備,6.333,3.667
sentence_02373,sentence,小人醉心於個人名利,3.0,5.0
text_00599,text,兩個人住標準間，只給一張房卡，還很挑釁的看我。,3.375,5.375
sentence_01771,sentence,品行方面半斤八兩,4.0,5.0
reflection_02310,reflection,另外，其實傳統的觀念上還是常常有人提到要以完整的身軀進棺材或是，只有家屬最理解父親是否想要進行截肢的手術,4.25,4.2
reflection_01346,reflection,我的反應為何 護理師不可能這麼沒有同理心會想趕死者家屬回家，單聽家屬說詞並不可信，這其中一定有誤會必須解開。,4.375,4.3
sentence_02045,sentence,但還是會隨機出沒,5.0,6.0
text_00353,text,很多車主抱怨冷氣空調有很重的酸臭味---新車時卻時有很嚴重.,3.0,4.875
text_01161,text,取得人頭帳戶，專門鎖定身材豐腴女網友，以假照片與甜言蜜語「誘婚」，再以「廠商要賄賂我，不能用自己帳戶收回扣」，成功把女網友帳戶騙走，共有20名女網友受害，其中一名國立大學女博士生獲知到案時，被愛衝昏頭的她堅稱︰「你不要騙我，他一定會來娶我的！,3.0,5.25
reflection_01980,reflection,她們的母親平常沒有行動上的不便，起碼可以去自己想去的地方、料理自己的生活起居，就連先前在僅在普通病房照顧王婆婆一天的學長也曾跟我感嘆道，婆婆聊起天來有多麼幽默風趣──不過轉眼，便撲通倒下。,3.4,4.875
sentence_02274,sentence,艾而歐語補習班無預警停業,3.0,5.667
sentence_01844,sentence,刺探和竊聽政府官員,3.75,3.75
text_02350,text,在認識到美國能入侵幾乎任何系統之後，北京計劃採用含糊的安全性的方法，執行定製作業系統讓美國難以監視中國。,4.429,5.167
reflection_01300,reflection,病人的太太在重症加護病房裡嚷嚷著要轉到長庚醫院，而女兒則試著詢問更多醫療處置上的問題，並也提到自己有認識的人是護理師。,4.875,1.875
text_01448,text,馬總統並表示二座國家級的客家文化園區規劃完善，希望大家都能去參觀親近客家文化。,6.6,4.667
text_02797,text,在比利時北部安特衛普市的特斯拉Supercharger超級充電站，一輛特斯拉ModelS著火併完全燒燬。,2.875,5.875
text_01822,text,我同意你破窗進去嗎?,4.0,6.0
sentence_00846,sentence,沒能說服美方取消2,3.4,4.0
text_01456,text,蘇震清小時候住鄉下，經常和朋友在田間抓田鼠、青蛙，難免遇到蛇，還有一次用小蝌蚪釣青蛙，結果卻釣到一條蛇。,5.111,4.778
text_01130,text,臺灣有最勤奮的人民，人民有最善良的心，相信只要大家互相扶持、互相鼓勵、互相包容，沒有衝不破的難關。,6.667,6.222
text_00847,text,螢幕很靚，很好看，電池很耐用，可以維持六小時，基本滿足外出需求,6.125,4.75
text_00989,text,端莊耐看，不會過時，配置足夠，物超所值。,6.875,5.222
text_02437,text,除撒哈拉以南非洲、南亞和其他地區的少數國家外，大多數地區農村的飢餓、消瘦和發育遲緩正迅速被超重和肥胖取代。,3.0,4.556
text_01526,text,但是若真的把孩子的玩具沒收，孩子卻哭鬧得更兇，這時候就不要理他，要是他再鬧，就再沒收其他的。,3.889,6.333
reflection_01904,reflection,因此讓我們進去病房跟婆婆說，一進去就聽到婆婆很傷心地在哭，哭著跟爺爺說要他趕快好起來。,2.6,7.0
text_00618,text,對於攜程優先推介此酒店非常不滿，絕對是給的返點比較多。,3.875,4.875
sentence_00995,sentence,這回貿易戰會犧牲很多無辜者,3.0,5.2
reflection_01168,reflection,你的感受為何（使⽤情緒詞彙）我覺得很遺憾，因為這個情況不是家屬早⼀點叫救護⾞就可以避免的，既然已經發⽣，醫療團隊也正在盡最⼤的努⼒治療，家屬不必再⾃責。,3.8,4.25
sentence_00308,sentence,如果有歹人趁機行凶,4.5,5.25
reflection_01843,reflection,當下我覺得有點無奈又生氣，如果躺在床上的是我，有極高的機率無法做著喜歡的事該有多痛苦，又回想到當初在與同學練習打IV 留置針，只不過是一針就痛到有點難耐，更何況是全身插滿管子，但轉念一想這些不可承受之痛，是因為我身為醫學生，我學過也在醫院看過，我能體會，所以若當我一無所知呢？,3.125,5.875
text_02180,text,一項具有里程碑意義的研究發現，攜帶愛滋病的男性其體內的病毒能被逆轉錄病毒藥物完全抑制住，無法感染其伴侶。,6.889,5.0
reflection_01795,reflection,又或者已經預料到身體變這麼差後就算救回來也可能需要多種維生器材才能繼續活下去，這樣不管對患者還是家屬來說更是一種煎熬。,3.5,4.6
text_00579,text,缺點麼，就是隔音不是很好。,4.0,4.429
text_00045,text,這無可厚非，人應該先愛自己，才能去愛別人。,5.429,3.5
sentence_01836,sentence,為什麼老是得理不饒人,3.0,6.667
text_00708,text,房間裏細節都考慮得很好，給人很溫馨的感覺，不錯！,7.25,5.714
text_00172,text,才知道原來他們都愛彼此愛的那麼深。,5.875,5.333
sentence_00144,sentence,但是鳥的圖案則不太適合放在夫婦的睡房,4.0,4.75
reflection_01439,reflection,我照顧的病人是位HCV和old TB病患，平常在美術館擔任園丁，從事修剪樹木的工作，單身沒有子女，經濟狀況不是很理想，需要依靠低收入補助，這次因為喘不過氣入院，在病患尚未意識不清前，和病人有過短暫的談天，可以感受到病人對於懷疑自己病情的恐懼，無奈自己沒有子女，又不好意思麻煩有各自有家室的兄弟姊妹們，但在和阿伯的交談中，聽得出阿伯本人是非常不想放棄自己的，阿伯是有強烈求生意志的。,3.375,5.3
edu2021_00353,edu2021,對下周的小考感到擔憂,3.285714285714286,5.75
text_01936,text,之前監院糾正國營事業績效獎金制度，但經濟部仍照發國營事業優厚獎金，藐視監察院職權，昨動用「質問權」要求施顏祥說明，先是詢問他由無看過監院的「調查報告」；施顏祥回答，他知道監察院有糾正，但沒注意到細節。,4.75,3.5
edu2021_01311,edu2021,真是令人難以置信，沒想到這個學期我已經交了這麼多的東西了,6.928571428571429,8.25
reflection_01851,reflection,理解當下的情形也許不完全符合DNR的條件，放手一搏仍是有一定的理由。,5.0,3.1
reflection_01702,reflection,並且對病人提出的各種新療法和目前正進行中的療法一一解釋，並且佐以證據和研究支持論點，讓家屬能夠接受。,5.25,3.5
sentence_00012,sentence,不管是露基梅還是抱枕套只要有克萊的臉就90分起跳,7.0,6.0
sentence_02469,sentence,當年俺也是暴徒,4.8,6.25
text_01580,text,梵蒂岡對中國最主要的不滿，是境內天主教徒的宗教自由受到壓制。,3.0,5.375
reflection_00380,reflection,你的感受為何我在聽過兩三天的病情解釋後我心中其實是非常疑惑的，首先，因為病人本身已經是肺癌末期，已經用過了很多種標靶藥物，已經剩下一些臨床試驗的藥物可以使用了，這樣的情況一定不是短期間發生，在我心中這個時期的病人及家屬應該已經了解這樣的情形，並且對有可能發生的事有心理準備才是。,3.75,4.4
sentence_02209,sentence,會長年佔用堆填區的空間,3.75,4.75
sentence_00353,sentence,你寫個穩定產出的部落格我也算你有,7.0,6.0
edu2021_00889,edu2021,課室有點冷，因為冷氣外加風扇好像太涼,4.25,3.785714285714286
text_02049,text,10日上午9點多，新北市汐止區大同路與茄安路口，一名男駕駛疑似會車時不耐煩，猛按貨車喇叭，結果司機不滿下車理論，雙方爆發衝突。,3.286,5.333
sentence_01681,sentence,中國社會變得經濟上愈發具有剝削性和權貴化,3.5,5.0
reflection_01897,reflection,當時我們都還沒準備好奶奶其實已經離開的事實，因為印象中的她不久前才跟爺爺一起出門遊玩、跟我們有說有笑，我們都還在接受這事實中，而後來等到我們決定要撤除維生醫療的時候，奶奶已經靠著自己的力量脫離呼吸器，但意識狀況一直沒有回復。,3.5,4.3
sentence_02169,sentence,本質是為了看世界寬闊視野作品發表演說,6.5,5.5
text_01547,text,歷年所罕見，說明軍方對周邊形勢有強烈的憂患意識，調整演訓重點，以備不時之需。,6.0,5.0
text_02765,text,在GoogleI/O2019，除了針對消費者的功能改進和開發者的工具革新，Google將重點放在如何用AI解決人類面臨的棘手難題。,5.625,3.75
sentence_02050,sentence,體態威武步履穩重,6.667,4.0
sentence_01131,sentence,而政治保衛部更有監視和暗殺手段,4.0,5.2
sentence_02280,sentence,生在一個喪偶式育兒家庭,3.0,4.8
sentence_01684,sentence,例如我日文沒有那麼流利我會不會什麼都不行,4.0,3.6
sentence_02521,sentence,一位哲人曾說過,5.0,1.333
sentence_00480,sentence,在我的生活中有著獨特的巴貝多文化投入,5.667,6.333
reflection_02083,reflection,在老師和家屬們病情解釋時，我觀察到老師在講解一個段落後，會先留一點時間讓家屬理解，並針對家屬仍有疑惑的地方再做更進一步的解釋。,5.25,2.625
reflection_00094,reflection,"個案及家屬已經受不了在ICU漫無天日的治療時間,想要趕快出院回家。",2.9,6.5
text_02682,text,感恩有一部分是來自於互惠，也就是受了別人的幫助之後會燃起的一種情感，這種情感又會促使人去回饋或幫助他人。,7.429,4.667
text_02020,text,在4G標準中，歐美掌握了產品製造不可或缺的標準必要專利，在作為新一代產業的基礎設施備受關注的5G中，中國正在增加存在感。,5.5,6.0
edu2021_01083,edu2021,今天上課內容一樣很充實跟很多，需要一點時間好好消化,5.916666666666667,4.416666666666667
sentence_00258,sentence,這次未成型的合作成為了永久的遺憾,2.5,5.333
reflection_02479,reflection,或許，認真收集知識與資訊，逼迫自己反覆思考的話，到了必須站上十字路口的時刻，而非身為身披白衣的旁觀者時，或許就會得出屬於自己與家人的解答。,5.5,3.5
sentence_01023,sentence,我可沒有反駁你說的問題,4.5,6.5
sentence_00686,sentence,當然必需要靠透視的幫忙,5.667,4.667
sentence_01590,sentence,這就是一個非凡的賽季,6.5,6.0
reflection_01865,reflection,主要是因為在老師學長們的解釋、安寧團隊的介入以及簽署好的DNR情形下，他們仍執意要求醫療團隊實施急救。,3.75,6.1
reflection_00446,reflection,3.我的反應當下我是坐在學長姊後方聆聽牛頭不對馬嘴的對話，看得出來學長姊很努力想要他們聽得懂的病情，同時也不忘聆聽病人家屬的苦衷，適時的安慰家屬。,5.25,3.0
reflection_00661,reflection,一、描述事件：在station打病歷時，突然聽到有一床病人對著剛換班的護理人員大聲咆哮，斥責該床負責人有一件事沒做好（具體是甚麼事情當時沒有聽清楚）。,3.9,4.25
edu2021_00762,edu2021,老師很用心的放慢步調一步一步解釋,6.166666666666667,4.666666666666667
sentence_00002,sentence,我想不出合適的詞來形容她,4.5,4.75
sentence_01426,sentence,不去看看論持久戰,4.5,5.0
text_02763,text,左邊是賣內衣的，右邊是賣襪子的，這間店就在如此野生的夾縫環境中，在喧鬧嘈雜的嬉笑叫賣中，在魚龍混雜的人來人往中，混了下來。,5.222,2.889
text_01078,text,新北市消防局緊急救護科說，救護車出勤若遭遇攻擊，攻擊者涉嫌妨害公務，如果救護員受傷與車輛受損，還構成傷害、毀損罪嫌。,4.333,6.125
text_01000,text,最後，這是一款商務本，穩定性強於家用本是不容質疑的；難能可貴的是，散熱性極佳，我非常滿意！,7.333,4.667
edu2021_01580,edu2021,短短的一堂課感覺又學到了很多知識，真的很有趣,7.5,5.857142857142857
edu2021_00519,edu2021,今天很多人上課沒帶課本，我也覺得很不應該，應該要保持正面的學習態度,4.166666666666667,5.75
sentence_00939,sentence,能不能不要把自己智商低落的事情展露的一覽無遺啊,2.5,8.25
reflection_02261,reflection,但是算了現在本來就是醫病共享決策了，我們本來就不能用權威者的角度叫病人做事情，我們只能給予多面向的醫療建議與專業的判斷，最後決定權都是在家屬。,4.5,2.25
sentence_01012,sentence,老郭一直以獲取美國政庇為首要目標,3.5,4.5
sentence_01350,sentence,貨幣貶值為什麼可以抵掉關稅,5.0,4.5
text_00427,text,平常都停路邊，半年換一次機油，也沒甚麼地方故障，我從以前K6.K8.K9.VIOS都沒它好開，K9是98年出廠，朋友家有賓士車，他坐後座之後就說，坐起來的感覺像賓士，這怎麼說，其它車都要拿去填海了。,5.25,5.0
text_01535,text,黃淑文說，當她看到榜單出現的是符合父母期望、卻是自己不拿手的師大地理係時，心中確實有一股失落感，感覺被囚困在世俗的眼光和父母的期許裏。,3.25,4.833
reflection_00008,reflection,"當下很想問問他們的家裡狀況跟家屬心中在想什麼,但因為要跟著查房且家屬想多陪陪病人,所以就沒多問,這種較私人的話還是先交由經驗豐富、講話比較有藝術的護理師問好了。",4.875,4.0
reflection_01401,reflection,你可以怎麼做聽到任何一件事，不要有先入為主的不諒解和責難的念頭，要去了解事發經過、家屬的考量，有沒有可能是資訊不對等造成的失誤(檢察官對家屬說檢體會保留5-7天)。,5.0,2.375
reflection_02415,reflection,雖然病人處於鎮靜昏迷的情況下無法表達任何言語，但在病人腎功能開始變化，接受大量治療與輸液下外觀可能逐漸改變，這樣的改變會讓家屬感到不安，甚至開始懷疑這樣對病人是否是最佳方式，也因此可能認為自己有某種程度上的責任問題，進而拒絕代替其兒子進行決定。,4.125,2.5
text_01555,text,他回答，「強姦犯和遭強奸人都樂在其中，因而需要考慮是否設立死刑」。,3.4,5.286
sentence_00057,sentence,我突然渴望他認識我,6.0,6.0
text_01972,text,隔天馬於國民黨中山會報表態支持縮減，還強調這是改革的一部分，應回到「有盈餘纔有獎金」的原則。,5.0,5.125
sentence_01658,sentence,機智的我跑到他們兩人面前,6.0,4.0
edu2021_01268,edu2021,今天教的可以用來做非常非常多事，學起來是有好處的,6.857142857142857,4.357142857142857
edu2021_01467,edu2021,今天聽到更深入的課程內容，彷彿有了進一步的認識,6.25,3.7
edu2021_00980,edu2021,老師清楚的講解，讓我很快就能了解這章節的目標,6.333333333333333,2.666666666666667
reflection_00920,reflection,同時也覺得病人這樣撐在那邊，也是非常痛苦，生命徵象那麼不穩定，又要隨時面臨可能隨時有致死性心律不整的威脅。,2.5,4.0
sentence_02244,sentence,就是我的抵抗策略,5.667,5.667
text_02293,text,從下個月開始，這些認證將出現在廣告中，讓觀眾知道這些診所是提供墮胎還是不提供墮胎服務，以防止觀眾被誤導。,5.0,3.0
sentence_01174,sentence,狠心棄養自己的骨肉,2.6,6.0
text_02924,text,中國家用電器協會副理事長徐東生表示，目前市場正處於低潮期，整體行業都在承受消費需求銳減的陣痛，企業也在積極尋找新的需求點。,4.286,3.714
reflection_00893,reflection,"我認為這種對家屬不解或是無奈的情緒很常都是來自自己跟他們的環境有所不同,因此很多時候對病情的看法也會有所不同,如果我沒有一直聽到老師跟學長姐在說明這個病人的病情,抑或是我現在是個大四以下的醫學生,我看到這個病人現在血氧95%,BP110/90可能也不會覺得這個病人有甚麼大礙,也會忽略說這個病人身上到底給予了多少的醫療處置才能達到這樣的水準,更別說是一般非醫學相關的病人家屬了,因此多站在他們的角度去看有時候也能稍微理解說他們真的有可能不太明白,也就能稍微減輕我這種不解無奈的情緒",4.125,3.6
text_00610,text,攜城價格是620NET不含早，我朋友通過旅行社是610含早，所謂的500元只是第一天的價格，很有欺騙性.,4.0,5.375
text_02141,text,此商品目前在中國特產·莊河館特價至28.8元，可領取7元券，到手21.8元包郵，摺合4.36元/斤，感興趣的值友不容錯過。,6.0,4.875
sentence_01157,sentence,顯然不可能化腐朽為神奇,4.0,4.6
text_01402,text,主持這起安樂死專案的醫師杜佛（DavidDufour）說，「他們很高興，可以結束他們的折磨是一種解脫。,6.333,4.5
sentence_01282,sentence,這樣的人怎能被小恩小惠收買,3.6,5.75
sentence_01058,sentence,讓生活更便利一點的小物,6.0,5.0
reflection_01289,reflection,因為血氧難以維持，後來不得不on endo，隨後因為severe pneumonia和respiratory failure進入加護病房照護。,4.0,3.875
text_00962,text,第一次在京東買筆記本，有點擔心，不過看來是多慮了，完美屏全新機,6.667,5.25
edu2021_00658,edu2021,恩....感覺真的挺複雜的，應該要好好念書才是,3.916666666666667,3.642857142857143
text_02416,text,每個人都不一樣，可以試著分析自己弱的領域為何，是基礎的文法和單字，還是答題的技巧，藉此選擇最合適的準備方式，不用一股腦地就跑去補習班報名，不僅浪費錢又沒效率。,5.25,4.0
sentence_00749,sentence,五毛你恬不知恥,3.0,5.25
edu2021_01058,edu2021,今天的內容很有意義，希望我能聽得懂,6.357142857142857,2.75
sentence_00120,sentence,講沒幾句就覺得別人看不起他們,3.0,6.6
sentence_00516,sentence,我們慶幸在網際網路時代翻牆,6.4,5.25
reflection_00533,reflection,但同時也很想跟家屬解釋，我們或許並不像他們所想的那麼不盡責任。,3.25,4.875
text_02704,text,華為被美國商務部列入貿易黑名單，分析人士警告，這除了會打亂華為供應鏈，還可能拖延中國推出5G的時程表。,3.5,5.222
reflection_02427,reflection,老師說是因為這個病人上個月才因為肺炎出院，這次是短時間再入院(他出院又是住在護理之家，我們當然要更加小心)，所以我們要防止他真的再度感染而加重他的情況，所以一開始就用了比較後線的Ciproxin。,4.8,3.25
text_02515,text,禮堂內擠滿了康仔工運上的朋友、共事多年多年的戰友、協助過的工友.......禮堂內臨時加了很多椅子，但都不敷應用。,5.429,4.143
reflection_00710,reflection,這兩周在ICU所學習到不只是醫學知識，更多的是家屬面臨生離死別所做不同的決定，讓我重新思考拔管與否的意義，真的收穫滿滿!,6.5,5.75
sentence_01938,sentence,或本來就是歹徒的人,3.5,5.5
sentence_00638,sentence,既然別人不理你了,4.0,7.0
text_02453,text,本次升級主要是聊天訊息可多選後逐條轉發及合併轉發，聊天表情可多端漫遊，支援設定好友訊息免打擾，圖片檢視器優化升級。,6.444,3.556
reflection_00223,reflection,回想當時，我可能會因為覺得家屬態度不友善，就不願意去了解他們的想法，快速把病人狀況交代完就把決策權交給他們，若是這樣，可能就不會有現在這樣良好的醫病關係的互動了。,5.625,1.75
reflection_00344,reflection,經皮體外心臟節律器每次提供30焦耳的電擊電量，還是會讓患者不舒服。,3.9,4.625
edu2021_00082,edu2021,老師善用舉例解說，感覺自己又了解了一點,6.142857142857143,5.357142857142857
reflection_01692,reflection,或許他對於母親的病情感到焦慮，因此透過反覆的詢問病情以緩解焦慮，和他表明我們的立場，並且告知他在病房提高音量的行為會造成他人困擾，希望他下次不要這麼做。,4.25,4.5
reflection_01343,reflection,在會客時間，病患的家屬提到病患每年有做例⾏性的健康檢查，有很深的疑慮，為何病患會突然在肺部發現⼀個不⼩的腫瘤，並重複提到健檢醫師都說沒有問題，我在⼀旁旁聽的觀察是，家屬的表現還算情緒穩定且理性，⽽我當下的感受是有警覺性同時也是迷惘的，警覺是因為我認為接下來的病情解釋 如果不理想可能會影響到家屬對於醫療端的信任，甚⾄是後續的配合度；迷惘的部分是如果是我單獨⾯對家屬我也臨時想不出如何同時解答疑惑並穩定家屬的⼼情。,4.0,4.125
reflection_00190,reflection,"長期臥床對病人來說也是痛苦的,整個病況是往不好的方向前進,希望家屬能提前做一些心理準備以及思考插管和洗腎對於病患的狀況是否有其必要性。",5.125,3.6
sentence_02157,sentence,看著昨晚的疑問被解答,6.5,5.0
sentence_00501,sentence,哇咿感謝開群!!也偷偷的加入了!,6.667,7.667
sentence_02546,sentence,只有你這爺們弄到精疲力盡,4.5,6.0
sentence_01161,sentence,然而這些帖子非愚即惡卻是不爭的事實,3.0,6.0
text_02019,text,人一生不要總求童年不幸的陰影面積，與其自怨自艾，不如去讀書吧，讀書可以治癒一切，你的所有疑惑，都能在書裡找到答案。,6.2,5.429
sentence_02542,sentence,霸權背後的悲憫與施捨,3.0,4.5
sentence_02476,sentence,媽啊我擔負不起,2.5,7.5
reflection_01093,reflection,在這兩周的學習過後，未來在臨床場域中，我會願意多用一些時間理解病患與家屬的感受，希望能在未來成長為有能力醫病與醫心的醫師。,7.125,4.2
text_01504,text,世界排名絕對不是隨便排排，在3戰2勝、5戰3勝的賽制中，TPA居然能夠一而再、再而三的創造奇蹟，打敗這些世界排名頂尖的隊伍，實在難以置信。,6.714,7.0
reflection_02043,reflection,以後若是遇到這樣的病患家屬，我想我會在感受到苗頭不對時，就不再與她繼續僵持，也盡量不再提及她的先生，盡量減少衝突發生。,4.25,4.1
text_02634,text,也就是說三星已經給自己下了最後通牒，要麼5月31日拿出該公司認為滿意的產品給使用者一個答覆，要麼就完全當作沒有預購這回事，一切交給時間來解決。,4.857,3.111
sentence_00837,sentence,當基督徒向他們發出關於這些精神實體的警告時,4.0,4.6
sentence_02384,sentence,而且我沒有精細度,4.5,2.5
sentence_01169,sentence,你的神精系統有故障嗎,4.0,6.25
text_00055,text,長恨歌，我想王琦瑤只是追求自己的幸福，從李主任時是青春追求名利，康明遜時追求的安穩的生活，老克臘追求的晚年孤獨的陪伴，只是她的追求都破滅了～我想如果程先生沒有在文革的時候自殺了，也許晚年的王琦瑤就會願意了吧，願意只有恩情而沒有愛情的陪伴了吧～很不錯的一本書～王安憶說過，她筆下的王琦瑤代表的是一座城市～值得一看哈～,6.111,4.75
text_00843,text,到手後換了320G硬盤裝XP很順利,6.222,4.429
reflection_02092,reflection,這個事件也讓我反思，如何同理家屬的心情是十分重要的，當下或者覺得浪費口舌，但仔細想想也能同理他們。,5.2,2.375
edu2021_00297,edu2021,整體而言還算不錯，期待下一節課,6.833333333333333,4.583333333333333
text_02402,text,巴以衝突升級已致20多人喪生逾200人受傷--法制網法制網5月5日，在加沙城，巴勒斯坦人檢視在以軍空襲中損毀的房屋廢墟。,2.833,5.429
sentence_00792,sentence,你們可以侮辱我,3.0,7.333
text_00661,text,入住登記的時候就一臉很不爽的樣子，隨時要跟我們吵架，句句都是在抱怨和指責，白眼一個接一個。,2.222,6.5
reflection_00491,reflection,如此一來，有家屬對於醫療團隊充分的信心，對於病人的後續照顧也是一大助力。,5.875,4.75
text_00607,text,很舒服，很寬敞，免費3小時國內長途，電腦免費上網，而且遊戲齊全，速度很快。,7.333,5.5
edu2021_00607,edu2021,趕課趕滿快的，跟不太上,3.25,6.0
edu2021_00963,edu2021,還不太能理解，可能是現在能力還不足的原因吧,3.666666666666667,4.0
text_01745,text,當下便宜好操弄，但對未來卻傷害大、成本高，民進黨對中國應該要放下仇恨。,6.125,5.167
edu2021_00207,edu2021,這部分只要記一下就都會了,5.5,4.583333333333333
text_02857,text,隨後在電晶體的使用，積體電路的商業化，讓更多人知道了半導體，知道了毫不起眼的沙子會是未來資訊產業發展的基石，造就了高科技產業雲集的矽穀。,6.5,4.625
text_01019,text,辦法挑剔了，而且還三年保，幫人幫到底,5.4,4.625
text_00249,text,英諾森提的插畫還有個突出的特點就是角度的多變，你如同在看電影，每幅視角都不同，增加了生動和真實性。,5.7,3.857
text_01333,text,榮獲「化學發明獎章」，吳信達助理教授覺得很開心，他說，這是一個珍貴的榮耀。,7.222,6.5
reflection_01882,reflection,反應/可以怎麼做其實我覺得在當下，每個角色都已經做到自己最好的位置，老師身為醫師每天不厭其煩地和他的每個家屬說明狀況，還有一些兒女必須要用電話再一次的說明，為的就是希望能夠家屬能夠更加的瞭解病人現在的狀況，並希望藉由加強家數對疾病進程的認識而做出最減低遺憾的選擇。,5.375,5.0
sentence_01884,sentence,所以幾千年都沒擺脫愚昧和被奴役,3.0,6.0
edu2021_00545,edu2021,出了一些作業，還跟得上,5.166666666666667,3.333333333333333
text_01963,text,「稀世的偉人」，絕對服從、效忠，其意圖不外乎是提高對金正恩的忠誠度。,5.222,4.667
reflection_02099,reflection,事後想想，患者的妻子也是六十幾歲了，加上若教育程度不高，一下子很難理解她的先生到底發生了什麼事。,4.6,4.5
edu2021_01492,edu2021,覺得應該可以再多舉一些例子比較好,4.75,4.5
text_02121,text,正如最近報道的那樣，Windows10May2019更新已被阻止在具有某些驅動程式和過時服務的PC上安裝。,4.444,1.875
text_00456,text,以前不也有很多車，發生失速、火燒車狀況，所以在一味強調安全時，難到動力或機電品質就無需安全檢視，當然啦~暴衝一詞，T牌也是無可推託。,3.75,5.429
text_02203,text,遊艇上兩名男子懷疑吸入濃煙不適，由水警小艇救起送往西環招商局碼頭，再由救護車送院治理，消防正調查火警原因。,3.556,4.556
text_02499,text,據韓國SBS、ChannelA等媒體報導，勝利在本月14日的拘捕令審查中首次承認了買春嫌疑，但對貪汙等其他嫌疑仍然堅持否認。,3.5,4.0
reflection_02449,reflection,給予初步的氧氣治療，病患甦醒後因為很喘要求插管，因而撤銷DNR，並插上管上來CCU作進一步的治療。,4.875,2.625
text_01830,text,馬英九總統昨表態支持縮減，強調「這是改革的一部分！,5.222,5.286
sentence_02258,sentence,日常中的不尋常,4.667,3.0
text_02485,text,如今的一面二面三面，不但要在1小時內做完30道技術題，還會向人性的軟肋發問，你的同事很愛出風頭，又必須和他在一個專案組，該怎麼辦？,3.625,4.0
text_01259,text,傅碧惠在跟醫生哥哥討論後，決定進行居家照護。,5.111,1.875
text_01942,text,相信在雙方共同努力下，柬中友好合作關係必將繼續向前發展。,5.667,5.167
sentence_00599,sentence,摸著她稚嫩的臉龐,5.5,5.0
text_00330,text,壓縮機使用電子可變開關控制,5.125,5.0
edu2021_00813,edu2021,我認為這個章節是比較能貼近我們現在所學的，較能夠與自己所學做連結的章節,6.071428571428571,4.583333333333333
text_02513,text,中國的近代史是一段憋屈的歷史，因為清政府的軟弱無能，簽訂了一系列喪權辱國條約，後人回顧這段歷史，都不知道說啥好。,3.5,3.167
text_00311,text,小弟比較貪心，對於安全性配備，是永遠嫌不夠的！,4.778,5.778
sentence_00069,sentence,胸不平何以平天下,5.5,4.75
reflection_01909,reflection,這兩週在MICU學習到許多重症患者可能面臨的疾病與處置，除了醫學知識以外，也學習如何醫病溝通，尤其是重症病危情況的告知，如何告訴家屬，以及協助他們做選擇。,5.625,2.625
text_00606,text,我住的是特色大房，很好，以後去福州一定還來住這個。,6.889,5.556
text_00639,text,房間寬敞舒服，硬體設施不錯。,6.444,4.111
sentence_01390,sentence,習近平訪英團粗魯無禮,2.667,6.333
reflection_00393,reflection,反應為何當下知道家屬的決定時我知道我沒有能力與權力去干涉他們的決定，畢竟這是他們和胸外醫師溝通的結果。,4.75,4.875
reflection_02266,reflection,而且還有洗腎，我也覺得洗腎相對起來是很可以接受的事情了，台灣這麼多人都在洗腎，他們也是好好地走在路上生活著。,5.9,3.5
sentence_01682,sentence,走失在彰化埤頭,3.5,4.5
text_02904,text,臺南郭綜合醫院婦產部林大欽表示，海扶刀治療方式是把從體外發射的高強度超音波，通過聚焦直接投射到體內病灶，導致病灶細胞損傷、壞死，達到治療效果。,6.0,4.625
edu2021_01234,edu2021,有些不容易聽懂，但上課內容很有趣,5.642857142857143,5.75
text_01737,text,此外，拼經濟向來是比較屬於國民黨的強項，貿然罷免可能面臨的不確定因素，恐使狀況不僅不會變得更好，更糟的機率反而更高。,3.8,5.286
text_01305,text,原本氣焰高張的韓國隊，此時面如死灰，不敢相信自己居然被臺灣隊逼到角落。,5.333,5.571
sentence_00257,sentence,雷德福和保羅一直策劃兩人的第三次合作,5.333,3.667
reflection_01640,reflection,而蘇伯伯兒子剛好也是醫療業的人員，對我們的態度似乎不是很諒解，蘇伯伯本人對我們似乎也不像其他病患那麼友善。,3.6,3.75
reflection_00388,reflection,或許他們會擔心手術的風險和帶給病患身體的壓力。,4.375,2.3
edu2021_00511,edu2021,今天聽得比較ok，覺得對我以後有很大的幫助,6.0,3.75
text_02715,text,當時這位前加州州長正在約翰尼斯堡山同會展中心與粉絲聊天，從錄影畫面中可以看到，他被踢中後背、向前踉蹌了好幾步。,3.556,5.625
text_00465,text,今天下午去朋友車廠突然看到一台車跑來仔細一看這不是準備要國產化的CAMRY嘛!而且還是HYBIRD版趕快跑去對面拍幾張照片至於車裡面的人不知跑去哪了呵呵...看到有人說原來是舊款的CAMRY難怪覺得怪怪的無所謂囉!反正本來就沒再注意TOYOTA的車認不出來是正常的囉!所以大家就看看照片就好了,4.778,4.0
text_00117,text,小朋友可以在裁剪的過程中，鍛鍊到腦的操控能力，在粘貼的過程，訓練自己的堅持性，當恐龍立體展現時，除了知道了有關它們的知識和名字外，最主要是收穫了一份自信和成就感！,6.556,5.857
sentence_01085,sentence,4成蘇格蘭保守黨選民,5.0,1.333
sentence_02314,sentence,微信三天不新增會失效,4.333,3.333
sentence_00427,sentence,那拜託你選上總統之後,5.25,5.8
reflection_02127,reflection,這兩周在中午的家屬會客時，最常碰到的問題大概就是甚麼時候要拔管？有沒有需要進行氣切？,4.25,5.125
reflection_00733,reflection,自己以後有了家庭是不是也多要注意和家人的互動，避免這樣的情形發生，感覺還不如相敬如賓的狀況。,3.75,2.5
sentence_02129,sentence,可謂是深謀遠慮,7.0,4.5
reflection_01088,reflection,但另一方面也要考量到也許當下病人意識狀況本來就不是非常穩定，去思考病人突然躁動的背後可能原因也很重要。,4.6,3.0
text_00744,text,店的公路旁，交通極其不便；其次一進入酒店就一股黴味，地毯上到處都是汙漬，很像地圖.,3.375,4.333
edu2021_00425,edu2021,今天上的課真充實,7.083333333333333,4.571428571428571
text_02037,text,如果你是成熟的成年人，只有你才能評估這些東西到底是什麼，而評估的基礎是你個人的慾望和經驗，或許再加上與坦誠的朋友或諮商者討論。,5.625,3.778
text_01394,text,求求你們，放過這些孩子吧!謝謝。,4.0,6.0
reflection_02125,reflection,而過程中我發現有一些病患可能適合氣切，而大部分的家屬可能對於「氣切」這個選項感到害怕，往往認為是一個糟糕的選項。,3.8,3.75
edu2021_01599,edu2021,整節課整體來說，還不錯耶,6.5,4.928571428571429
sentence_00878,sentence,他們激動又欣慰,7.0,7.0
text_02749,text,賴峰偉表示，澎湖孩子陸續在全國競技賽事中大放異彩、頭角崢嶸，他期望老師、教練持續經驗傳承，激發潛能，培養學生積極進取態度，展現三點水堅毅的精神。,6.625,5.0
sentence_01595,sentence,過人和組織進攻很流暢,6.333,4.333
text_00463,text,呵..老實說一堆開著T牌的，說要用好輪胎比較重要，結果還是爆爛輪胎..不然就是一台便宜的車，改的亂七八糟排氣聲又大...不重視安全性的亂鑽結果跑起來比人家富豪..S60沒改的車還慢我相信消費者都是明眼的只有些業務和網軍是喇叭嘴的所以那些傢夥我想大概塑化劑當水喝..因為對他們來說..沒差.....所以.,3.222,5.8
sentence_01052,sentence,多是政治投機犯,3.0,3.333
reflection_00153,reflection,"而我認為是沒有的,大部分的人都沒有做什麼壞事,反而遭受了如此痛苦的事情。",3.25,5.875
text_00091,text,質量不錯，適合3歲左右小孩玩。,7.0,3.857
reflection_01561,reflection,在第一週的禮拜五時，當我們跟著學長去進行會客的時候，一位病患因為急性呼吸衰竭而要長期使用呼吸器，在嘗試呼吸器脫離的過程中多次失敗，因此建議家屬進行氣切的可能性。,4.0,2.875
edu2021_00646,edu2021,很多部分聽不太懂，需要加油了,3.785714285714286,2.928571428571428
text_01258,text,兄弟姊妹商量時，哥哥們希望要有家屬天天去看，但他們兄弟姊妹分散在臺中、桃園、臺北、日本與大陸，那父親應該送到哪裏？工作時間較彈性的傅碧惠，自願將父親接到臺北的照護中心住。,5.0,4.5
sentence_01878,sentence,越來越難衝出來了,4.0,5.667
sentence_01641,sentence,其狼子野心可見一斑,3.333,6.333
reflection_00567,reflection,但另一方面，一開始我其實無法理解為什麼病人的女兒要把最終的決定權交給一個不在場的家屬，認為那位家屬沒有親自看過病人現在的狀況，也沒有辦法體會病人現在承受的痛苦。,3.4,6.0
reflection_00238,reflection,描述事件85歲阿嬤，12/23發現約7公分的胸主動脈瘤，從大同醫院緊急轉至高醫急診，會診CVS後，家屬在是否動手術的決定上有猶豫，因此先將阿嬤送上CCU密切控制並觀察血壓。,4.9,4.3
text_00277,text,一拿到《好媽媽勝過好老師》就欲罷不能，好書啊！,6.667,5.571
text_00368,text,也不喜歡Toyota的設計和調性...所以我並不覺得Toyota很強大!,3.375,5.75
text_00355,text,其中矛盾大家都懂....有錢大家都買雙B了，誰要國產?,4.125,6.125
sentence_01774,sentence,突如其來的風和日麗,6.75,6.0
edu2021_00835,edu2021,今天上課覺得有點偏難，有點聽不太懂，而且上課有時候還沒能消化，又進下一個章節，但我會努力的,5.0,5.25
sentence_02472,sentence,宅宅的錢包也不堪負荷,3.75,6.0
sentence_01768,sentence,第四集太逆境了,3.667,6.0
sentence_00543,sentence,肉身在國的你雖能深度解析卻難以盡情評論習及習團隊,3.5,5.5
text_01742,text,這種方式當你們攻擊的另一方已經忍無可忍的時候我擔心你們會死無葬身之地.,2.875,6.5
text_02582,text,看圖說故事對人類來說輕而易舉，但是對電腦而言看到一張影像能夠描繪其物件、場景與動作則需要靠電腦視覺、自然語言處理、深度學習等多種技術的匯集。,5.333,3.0
sentence_02093,sentence,巴黎聖母院上個月因大火毀損,3.0,4.667
reflection_01174,reflection,新穎的現代科技和始終存在的死亡碰撞產生的結果往往是很詭異的，回想歷史上有無類似的事情？,4.0,2.875
sentence_00541,sentence,我覺得應該是心跳之後除魔法以外,5.5,4.333
reflection_00420,reflection,透過理解病患心中的期望及考量，安撫並支持病患的情緒。,5.25,2.5
reflection_01075,reflection,總覺得病人年事已高也兒孫滿堂無太多牽掛，且當下意識完全清楚，應有權利替自己選擇更有尊嚴的生活方式無須為了晚輩妥協。,5.25,4.0
reflection_00707,reflection,在bedside的時候總會聽見誦經機幫病人念經的聲音，我想那是來自心中最深的期盼，不管是祝福他能快點好起來，或者是往另一邊，能走得舒服，沒有痛苦。,5.5,2.25
edu2021_01476,edu2021,覺得學到很多，希望之後可以更深入地知道一些課程訊息,7.357142857142857,5.666666666666667
reflection_01299,reflection,當下我的反應是感到氣氛緊張，思考著老師會如何去和家屬解釋。,4.625,5.5
reflection_01043,reflection,在處理這樣的個案時只能盡量同理家屬的心情，但非其至親的我們卻也不能完全體會這樣的痛苦心境。,4.0,3.6
reflection_02476,reflection,腎功能快速惡化算是末期嗎？,3.625,4.4
sentence_00511,sentence,那是咱們的幸運,7.0,5.667
edu2021_00660,edu2021,讓我覺得不知如何是好，因為我根本沒學過，那要怎麼去做啊,1.583333333333333,7.416666666666667
text_01545,text,民進黨立委吳宜臻表示，《家庭暴力防治法》在民國八十七年上路後，經歷多次修法，卻把保護對象侷限在同居關係，或一定親屬關係，導致目前許多交往中的情侶等，雖遭到對方的暴力威脅，卻沒有法律可以幫忙，她主張修法將未同居親密關係暴力，納入保護範圍。,4.875,6.0
edu2021_01067,edu2021,其實我不是很懂現在在教什麼，或許該先好好看看課本吧,3.916666666666667,5.25
reflection_00527,reflection,當我嘗試了解他們的情緒後，也能理解到家屬或許真的不是想全然怪罪醫療團隊，只是想求一個說法罷了。,3.8,2.7
edu2021_00929,edu2021,今天講到的東西，比較跟生活相關，也比較好理解,6.071428571428571,4.8
sentence_01911,sentence,換取平淡的安穩,6.5,3.4
text_02521,text,對暴龍來說，在北國奮戰7季的羅瑞，與勇士格林的攻勢組織好壞將是重點，另外在東冠表現低迷的暴龍格林能否回神，會是暴龍能否抵抗衛冕軍重要關鍵。,5.333,3.889
sentence_02095,sentence,內心將是充滿謙虛與清淨,7.0,3.25
sentence_00606,sentence,作為終極審判者,5.0,2.667
reflection_00802,reflection,後續，學姊及其家屬決定簽屬DNR，病人也隔天離世。,3.2,2.5
reflection_01381,reflection,這麼看來，病人家屬會有這樣不理性又固執的要求，好像也說得過去了，我們確實應多加考慮家屬為何會有這樣的反應？,5.75,3.7
sentence_01154,sentence,晚上一邊過敏發作狂噴嚏一邊洗嬰兒屁股以及唱歌講故事陪睡,4.0,5.333
sentence_00611,sentence,卻得到一鼰赤?,4.333,4.0
text_01151,text,所謂的禮貌指的是語言的表達讓人覺得舒服，它不但可以增加日常生活的愉快，還可以減少人與人的摩擦和暴力，如果一個人有禮貌，會激發旁人樂於助人的天性；反之，若一點家教也沒有，講起話來像是在命令人、無視於人，就會讓人感覺霸道、難以親近，人際關係當然會不好，當一個人的人際關係不好，做任何事情都不會順利。,5.143,3.875
reflection_00476,reflection,第一次來到加護病房，面對病人冗長且複雜的內科病歷有許多不理解的地方，幾天下來跟著查房後，終於能夠比較完整跟上病人目前的進度，卻最終卡在「找不到確切感染源，目前給予抗生素治療效果皆不大」而束手無策，隨時間演進也面臨必須氣切的問題，家屬拒絕氣切，拔管問題當前，僅能做的事繼續給予現有的抗生素，等待伯伯有好轉的跡象。,2.5,4.625
reflection_01338,reflection,心中默默幫病人祈禱希望他可以撐久一點。,5.75,4.3
edu2021_01199,edu2021,解說清楚，比喻很好，令我大開眼界,6.714285714285714,5.142857142857143
sentence_02518,sentence,就應該直截了當表達,5.5,4.4
text_01871,text,她呼籲一月十三站出來，告訴無能政府，趕快召開「國是會議」。,3.889,4.571
reflection_00165,reflection,"在後續的檢查中,發現他的主動脈上升支和下降支都有一個動脈瘤,而下降支的動脈瘤破裂,導致血胸,因此整個左肺幾乎都塌陷,病人幾乎呈現one lung ventilation。",2.125,4.6
reflection_01388,reflection,當下我感到相當無奈與不解，甚至被學長的情緒所感染，覺得家屬根本就是在無理取鬧，只是一味地當縮頭烏龜，不願意做好心 理準備並面對現實，我相信以醫師的立場而言，對於每一個生命必然絕對尊重，也用盡全力救助每一個病患，但是醫療有其極限，我認為當醫師在積極搶救後，客觀評估病人已無治癒的可能性時，家屬若還執意要求一些難以達成的目標，就只是給醫療人員們徒增困擾，畢竟加護病房中不是只有一位病人，還有其他繁雜的事務要處理。,3.5,5.9
edu2021_00282,edu2021,今天老師看我們課後有考試，所以提早下課、說再上下去也沒意思,4.25,3.428571428571428
reflection_00746,reflection,比如上調病人的 fentanyal 藥物或讓病人繼續使用 bipap ，另外也思考能不能處理好肺裡積血或水的問題。,4.75,3.3
reflection_01361,reflection,不過如同前面所述，我的心情是十分無奈的。,4.3,3.2
reflection_00161,reflection,"而當下我認為他的家屬也已經做好跟他道別的準備了,並且也跟老師約了星期五晚上,能不能帶他的孫子們都來看他最後一眼。",3.5,4.3
text_02370,text,世界衛生組織不久前將遊戲成癮正式列為一種疾病，現在，科研人員已經製作了一份線上心理測試，名稱為我是不是遊戲玩太多了?,4.778,3.5
sentence_01770,sentence,還沒逛完一圈腰跟膝蓋已經在哀號了,4.0,5.667
reflection_01871,reflection,剛開始照顧尤先生時就知道他有些焦慮緊張的問題，家屬與本人也希望能夠早點轉往普通病房，才能就近照顧與陪伴。,4.8,2.9
sentence_02155,sentence,原來是有被罷官的憂患意識啊,4.0,6.333
sentence_02242,sentence,但餅乾類不得他歡心,4.0,4.5
sentence_01436,sentence,發達地方早拆了,3.667,4.333
sentence_01454,sentence,陝西礦權案有地方政府和地方及最高法院的包庇,3.0,5.25
sentence_00539,sentence,我不承認有這麼糟糕的爸爸,3.0,6.8
sentence_01217,sentence,要懂得在混沌中賦能自己,6.5,4.0
text_00571,text,對您此次入住的不愉快酒店深表歉意，若您對客房清理的時間有一定的要求，請撥打房間內座機上的一鍵通，前臺會通知管家部及時給您的房間進行打掃。,5.444,3.429
text_02788,text,高雄一名50歲的蘇先生說他長年感覺牙齦腫痛，原本以為只是火氣大，直到齒牙動搖只能吃軟飯，甚至連最愛的滷肉飯都只能用吞的。,3.556,3.556
text_02363,text,任正非之女、華為前CFO孟晚舟被加拿大扣留，5G裝置在海外遭到美國及其盟國的地址，穀歌完整版安卓系統又禁止華為手機使用。,2.857,5.429
edu2021_01430,edu2021,我因為有其他課先行離開，我覺得我錯失了這非常寶貴的時間,4.666666666666667,4.428571428571429
text_02094,text,今天Windows10May2019正式開始推送，除了WindowsUpdate更新方式之外使用者還可以通過更新助手、媒體建立工具來提前安裝。,5.75,3.375
sentence_00094,sentence,上門顧客逐年減少,3.25,4.25
edu2021_00405,edu2021,今天聽得特別特別清楚呀，和老師有比較多的互動外，更加瞭解上課內容,6.75,6.166666666666667
text_00976,text,紅白分明，顏色漂亮；我個人更喜歡金屬條的logo，可惜這款是一個圖案3.,4.7,4.875
text_02468,text,而更令玩家動心的是，G502Lightspeed支援LightsyncLED，能夠以酷炫的燈光來配合你的遊戲操作。,6.143,5.625
text_02414,text,這導致在不到2年時間內出現多起員工自殺潮，其中19人自殺身亡，12人自殺未遂，還有員工因此患上嚴重抑鬱症。,2.111,6.25
text_02162,text,18歲的時候，在加拿大西蒙弗雷澤大學的第一年末，他突然感到膝蓋疼痛異常，一天早上他甚至疼得都不能站起來。,2.625,5.0
sentence_01816,sentence,啊啊!!你總是英俊乖乖,7.5,7.0
sentence_01264,sentence,只有沒有錢跟賺不到錢跟很小氣的男森才會說人家拜金女,3.667,7.0
edu2021_00242,edu2021,雖然有些術語不太懂意思，但是對過程更加瞭解,5.857142857142857,3.5
sentence_00478,sentence,他們也感染了綠色宜人的英格蘭和英國其他地區,6.333,4.333
reflection_00694,reflection,反應為何因阿伯意識清楚，我便直接找了他聊聊，期間也委婉的詢問遲遲未完成療程的理由。,4.5,2.125
reflection_02027,reflection,我可以怎麼做:1.嘗試以家屬的角度思考:我用google搜尋關鍵字’’氣切’’，發現許多民眾以為氣切後病人很快就死了、氣切了就永遠無罰移除，氣切了就不能說話和吃東西了……等等，太多不正確的觀念，導致許多人對於氣切兩字十分畏懼。,3.75,4.0
text_02525,text,人生沒法假設，我沒法假設如果我吐的嚴重心情會怎樣，我只知道如何在自己現有的狀況下，儘可能保持樂觀態度，這是我希望在這裡分享的。,6.571,3.714
reflection_02383,reflection,"病患是一位68歲男性，本身有DM, HTN, CKD stage 5, CAD-3 vessel disease，這次來的主訴為胸痛、喘不過氣，經檢查後，診斷為NSTEMI合併高血鉀的問題，在CCU的時候，第一次洗腎的期間有發生過Af RVR、shock的情況，懷疑是hypovolemic造成的問題，後來經藥物控制及把水補回去之後，情況得以改善，",5.25,4.25
sentence_02114,sentence,汝已違犯於彼等,3.0,8.0
reflection_00359,reflection,可以怎麽做1. 阻攔我和家屬聊聊的主因除了我擔心說錯話之外，還有一點是我對病人的病情並沒有把握足夠了解，我擔心家屬的質疑與不信任。,4.0,4.0
reflection_00004,reflection,"反應為何當下我看見他們家屬間有說不上的尷尬感,但卻也看見他們不斷陪著他聊天講話。",4.625,2.5
edu2021_01113,edu2021,今天學到許多知識，也感謝老師親自示範講解,6.416666666666667,4.416666666666667
text_00839,text,介面充足，3個USB，1個讀卡器，外加LAN和顯示器介面，滿足基本的外設需求。,5.5,3.5
edu2021_01015,edu2021,我仍然還是希望老師可以把課本的內文講得更加詳細一些,4.928571428571429,5.583333333333333
edu2021_00458,edu2021,覺得還蠻好玩的，但是不太懂,5.5,4.333333333333333
reflection_00404,reflection,可以怎麽做雖然後來家屬還是接受了讓病人去氣切，但我後來自己反思，覺得我們應該要嘗試去了解家屬心理到底在想什麼，因為其實站在醫療端，我們所擁有的醫療知識是比較多的，相對家屬而言，其實有可能他們並不是真的這麼理解氣切這個東西，應該要引導家屬去說出他們擔憂的地方，先站在家屬的角度去理解他們的想法跟情緒，再由醫療端提供我們專業的評估，分析優缺點，這樣也可以讓家屬們比較放心跟理解現在阿伯的狀況是如何。,4.25,3.6
edu2021_00795,edu2021,今天上課介紹的非常清楚，讓我又增加了許多過去所不懂的知識,6.857142857142857,5.0
reflection_01340,reflection,"一位44歲男性病患因為得到血癌(MDS: myelodysplastic syndrome)，呼吸衰竭住進icu, 病人狀況很差，呼吸喘到四十幾下，病人家屬主張讓病人舒服為主，不壓不電，仍在猶豫要不要插管，但隔天狀況急轉直下，插完管沒多久就過世。",3.5,4.5
text_00552,text,但大堂辦住宿的女士感覺不太適合服務行業。,3.444,4.0
sentence_01139,sentence,我過的怎樣還輪不上你插嘴,3.0,6.333
edu2021_00014,edu2021,不好懂，很複雜困擾,3.416666666666667,3.333333333333333
sentence_02001,sentence,這王明完全是粗野莽夫一個,3.0,5.4
text_02354,text,判決指出，許男2014年6月25日晚上9時工作後返家，因陳女叼念、責罵，且聲音愈來愈大，許男不耐煩要求她不要再念了，雙方起嚴重口角。,3.375,5.75
edu2021_00966,edu2021,我覺得我今天聽不太懂，回去要好好再看一次,4.285714285714286,3.5
text_02146,text,天上掉餡餅的傳說從來不適合房產這樣的大宗交易，不過，也不必悲觀，在北京還是有那麼一批二手房，價格對剛需十分友好。,6.0,3.286
reflection_01432,reflection,「不經一事，不長一智」在經歷照顧這位阿伯後，我也了解主治醫師對於病人豐富的經驗，看到的未來可能和我們有所不同，因此也可能出現截然不同的應對，更讓我理解在學習的過程中若感到疑惑，不妨及時詢問老師為何會有這樣的想法，做出如此的建議，說不定會發現自己認知以外所沒看到的可能性，也能在學習的路上對病人的預期有更加準確的判斷，做出更適當的超前部屬。,6.0,5.125
text_00362,text,這種車重比較，是給那些喜歡論斤秤兩評論車子好壞的人看，你如果沒這種重量迷思，又何必堅持yaris比較輕,4.667,5.333
sentence_00340,sentence,我就覺得天啊超尷尬,3.333,7.667
edu2021_01414,edu2021,今天上課上了很多，有點吸收不良,3.857142857142857,3.714285714285714
text_00196,text,不過還有露出了文人相輕的感覺，如同樓上的那位朋友所說，對自己太看得起了。,4.0,5.143
reflection_01837,reflection,在ICU的這兩個禮拜，跟著老師一起每天11:30的會客，遇到了各式各樣的家屬，有的認為還有一絲希望，應該盡全力救治病人；有的默默接受家人即將走向生命的盡頭，決定不讓病人太痛苦，做支持治療即可。,4.8,4.75
edu2021_00894,edu2021,老師上課展現的邏輯及歸納能力的強度，真是嘆為觀止啊,8.416666666666666,7.083333333333333
text_01990,text,特別吳育昇明明之前就失敗了還敢再來真的超可笑的這不是民主這是政治惡鬥你要罷免去罷免那些貪汙的黑道或其親屬)的跟你們作對就要罷免這到底是什麼民主,3.0,6.667
text_02487,text,苦主網友進一步說明，自己雖有認出該藝人身分，但一來領0元包裹本來就必須連萬能的超商店員都沒辦法忍受這等奧客行為了！,3.286,6.25
reflection_01332,reflection,柯文哲曾說：醫生是生命花園的園丁，但不能改變春夏秋冬，只是讓花草在四季之間開的燦爛一些。,6.25,4.0
edu2021_00900,edu2021,今天的稍稍探討後才發現，原來連一個看似普通的問題，背後卻有那麼多要學習的,5.75,4.0
edu2021_00175,edu2021,知道了很多的知識,5.928571428571429,2.857142857142857
text_01267,text,有些寵物友善餐廳就跟可以帶小孩去玩去叫的「親子餐廳」一樣，放任自家寶貝在室內亂跑，然後惹毛別家的寶貝還要說「哇！,3.143,5.143
reflection_02085,reflection,也難怪家屬仍十分執著，不斷詢問有什麼方法能提高手術成功率，在他們心裡，可能也難以接受病人如此不樂觀的預後。,3.8,4.9
reflection_01577,reflection,郭女士最後能回到這樣的程度，我想也鼓舞了不少人，所作的一切努力都沒有白費。,6.375,5.25
reflection_01443,reflection,家屬在照顧的過程中承受了相當大精神壓力，而在醫療端除了提供病人好的治療外，對於家屬的情緒支持也很重要。,5.875,3.4
reflection_01819,reflection,你可以怎麼做查房結束後與病患父親攀談後，發現父親是擔心病患太過年輕怕以後穿無領衣著的時候會露出傷口，怕病患難過。,4.0,5.875
text_02586,text,獸醫現在已經採用了這種方法的一種新形式，將嚴重燒傷的羅威納犬從死亡邊緣拉回，他們希望這一結果將為其他被燒傷的動物帶來新的和改進的治療方法。,6.625,5.125
edu2021_01410,edu2021,今天收到考卷，可歌可泣發現自己的不足，還需要多多加強,5.416666666666667,4.571428571428571
text_02639,text,據相關報告顯示，68%的家長對孩子的教育感到比較焦慮、非常焦慮，90後家長已開始為孩子教育未雨綢繆，80後二胎焦慮處於較高水準。,3.625,5.25
reflection_00366,reflection,我的感受情緒上! 我每天都會很想要搖那個大女兒的肩膀，請他清醒一點!!!!,1.875,8.75
text_00664,text,最後希望他們可以送雙早!謝謝!:)賓館反饋2008年2月15日：您好！,5.25,3.778
text_01345,text,對脊椎也非常不好!!!這種人只是想靠狗出名吧!!!不屑!!現在網友更找出2010年，包子在游泳圈上站立，被主人在水上不斷旋轉，最後還落水的畫面，網友YuciWang寫道，看了這些影片整個眼淚就下來了；網友MissyTsai說，影片裏包子的眼神好害怕..............不捨..。,3.143,6.444
reflection_00639,reflection,手指黑掉灌流不好按摩會不會有效？,5.0,3.3
sentence_00885,sentence,放到高三已經是乾燥花了,4.667,4.0
text_02814,text,美國政府開出90天的臨時授權，使華為手機暫時免於中止更新的窘況，但在這死亡倒數中，華為有辦法透過自研作業系統突破困境嗎？,3.714,4.75
edu2021_00053,edu2021,我對這門課產生了極大的興致,8.071428571428571,8.083333333333334
sentence_00706,sentence,先生說你偶爾可以依賴我,5.0,3.5
text_01530,text,這對母女間自然流露的溫馨互動，似乎讓溼冷的天氣暖和了起來，心裏不禁納悶，什麼樣的教養方式，才能培養出如此自主又有禮貌的孩子？你可能對黃淑文的名字不陌生，她也許是你的國中老師、你也可能看過她的書或部落格，或在大學課本上讀過她的文章「從浪人到鐵人」。,6.375,5.5
text_02702,text,許多人有睡眠的問題，會求助藥物幫助睡眠，美國食品藥物管理局強制3種鎮靜安眠藥，附上風險警告，安眠藥是安全的嗎？,4.111,4.2
text_00582,text,但就這一點，我想我以後是不會去住了。,2.75,4.333
sentence_00079,sentence,你就別錯過我們的個人彩妝課,4.0,4.333
text_02810,text,駐紐約辦事處長徐儷文美東時間22日見證州眾議會通過友臺決議，州參議員史塔維斯基與州眾議員金兌錫、牛毓琳、布朗斯汀向徐儷文致贈褒揚狀。,6.375,3.571
reflection_00628,reflection,4. 我可以怎麼做 告知家屬目前我們懷疑病人可能是自殺的情形，向家屬詢問病人的工作，家庭，交友狀況，平常興趣或最近有沒有心情低落，行為突然改變的現象，進而了解病人的狀況，釐清是否有可能飲用威猛先生。,3.1,4.375
edu2021_00911,edu2021,希望之後自己要專心別晃神太多次,4.333333333333333,3.642857142857143
reflection_01937,reflection,而來開會的家屬為病患的兩位姊姊，醫學水平不高，並且態度有些強硬，堅信自己的弟弟會清醒過來。,4.25,5.375
text_02077,text,儘管外界對MicrosoftStore線上應用商店的前景並不看好，但微軟並不打算輕易放棄這個撐起通用Windwos應用的平臺。,5.0,4.0
text_01386,text,陳伸賢表示，照顧及服務每一位市民是新北市政府的責任，尤其身障朋友們更需要一個友善的工作環境，讓他們發揮長才、培養職業技能。,6.333,5.0
reflection_00942,reflection,重大醫療決定要讓所有家人達成共識絕非易事，每個人的想法本來就會不同，甚至某個人每天的想法都有可能會不同，所以可以觀察到會客時，家屬們時常重覆詢問醫師已經回答過的問題，也許是因為内心的不安定感，又或許是因為轉述過程容易溝通不良，造成認知上有差異，醫護人員在忙碌的工作中還要多次不斷地解釋，任誰都難免煩躁，但我們若能保持平靜的態度，家屬們應該也更能體會到我們是盡力在照顧其家人，醫病雙方互相配合、互相體諒、理性溝通，這樣才更能作出真的對病人合適的決定。,4.9,3.625
edu2021_00875,edu2021,今天上課上的比較慢，所以比較聽的下去,5.416666666666667,3.214285714285714
text_02950,text,有沒有遇過一種狀況，通常餐廳的Menu、廣告精美可口，但當餐點上桌時往往令人大失所望，因為相片和實物的相差實在太大。,3.5,4.0
text_02811,text,塑膠污染每年造成海洋生態系統經濟損失超過130億美元，而且到2050年海洋塑膠污染影響層面會擴及整個生態，問題只會越來越嚴重。,2.222,6.875
sentence_01981,sentence,雖然感情線很混亂可能大家看著覺得風中凌亂,4.0,2.667
edu2021_01405,edu2021,這幾天都在趕作業，上課有點恍神，還請見諒,3.583333333333333,3.083333333333333
text_00760,text,廁所的味道，噁心。,2.222,6.833
edu2021_00987,edu2021,今天認識了各種方法與其擅長之處，希望以後能學習到這些東西,6.75,4.5
sentence_02076,sentence,風輕歌全身的肉都繃緊了,5.5,5.75
sentence_01643,sentence,後被警方告知已經關押,3.6,5.5
reflection_01166,reflection,⿎勵家屬照顧⾃⼰：既然病⼈已經在我們的加護病房接受最好的照顧，我會⿎勵家屬好好照顧⾃已、對⾃⼰更友善、看⾒⾃⼰的⾟苦。,6.0,3.125
sentence_00915,sentence,我為太關注自己生命而羞恥,3.0,6.25
text_02667,text,六四事件30週年，親歷者還原天安門廣場上的歷史真相；美國偏遠地區人口流失，學校被迫關門；另外，饒舌歌手克裡斯·布朗逃避和起訴人對證，被指蔑視司法。,3.286,5.429
text_02147,text,你不懂自己的不安全感為何這麼強，強到你總是需要用分手或傷害自己的方式考驗對方，或者大哭、或者冷戰，去要對方聽從順服。,3.375,4.111
edu2021_00677,edu2021,舉了一些例子，感覺更容易懂,6.083333333333333,3.785714285714286
sentence_01528,sentence,但有哪一個企業主可以不顧公司股東權益的,3.75,6.0
reflection_01678,reflection,我想，這個問題的答案，大概依舊是無從得知。,4.125,2.5
reflection_01975,reflection,十四天，隨著患者度過急性期，困難脫離呼吸器的患者，要不就選擇氣切，一邊走長期照護，一邊盼著也許能再拚搏一把；要不，就是撤除維生裝置，在安寧團隊的照顧下迎接不遠的臨終。,4.4,5.0
text_01870,text,蔡英文不忘批馬英九的心思在競選國民黨主席連任，「自己國家自己來救」！,4.25,5.5
text_02508,text,泰國國王加冕典禮之際大赦囚犯-中新網中國新聞網泰國政府憲報網站3日刊出公告，宣佈在瑪哈·哇集拉隆功國王加冕典禮來臨之際大赦囚犯。,6.286,5.143
reflection_00999,reflection,在尚未進展到結局之前，我感到緊張，若不插管病人可能真的會有生命危險，也感受得到家屬的焦慮，漫長的討論過程也讓我覺得很兩難，雙方的理由都充分但卻互相矛盾，充滿無法解決事情的無力感，也讓我不禁害怕起來，未來如果我需要獨自處理這樣的問題時我該如何面對，不確定未來的自己是否能做到完全不帶感情地照著規定走，但目前覺得自己有點被帶到情境中，情緒也跟著波動。,3.625,6.6
text_00507,text,我開什麼車不重要，但重點是絕對比國產的Camry安全相對比較下Camry對我來說不安全)還有作啥工作跟車子有啥關係?,4.333,5.625
text_00378,text,拜託一下，人家只是比較喜歡T牌...你也不用這樣子說而且...如果要說ESP跟氣囊...ACCORD跟TEANA這幾台~都是要最高階的車子才有的~想問一下這幾台是否也差不多?,4.667,5.429
sentence_00591,sentence,必須做出殘酷抉擇,3.0,6.5
sentence_00373,sentence,現在摸不準少數派哪些文章收費哪些免費,4.5,3.25
reflection_02096,reflection,我相信她是深愛她的先生的，想要看到他再次能說話、能走路，不想選擇終生接著管子也更不可能接受進入安寧，對她而言，「手術」帶給她的是希望，是可以康復的機會，不願意放手，應該要拼拼看。,5.4,4.1
reflection_01570,reflection,術後，臨床狀況有改善。,6.4,2.625
reflection_01378,reflection,那為何這次醫療團隊跟家屬之間的醫療決策會停滯不前呢？,4.5,3.25
edu2021_00585,edu2021,今天的上課內容比較好懂一些,6.0,3.833333333333333
text_00784,text,希望該酒店應對早餐供應有所改善.,3.667,4.444
text_02880,text,日本仙台市一名遭家暴的七歲男童，獨自跑到警局求救，警方發現他全身傷痕累累，發現他被狠心父親踹肚子，還被整個人壓著撞地板。,1.875,7.857
text_00116,text,挑戰自己細心和耐性的好助手！,7.0,4.0
edu2021_00695,edu2021,認識了基本原理， 收穫豐富,6.5,4.25
reflection_01209,reflection,只是在醫療團隊一次次的詢問下，情緒一天天逼近失控。,2.75,6.75
sentence_00216,sentence,所以有必要建立一支,5.0,4.25
text_02012,text,PHP7.4目前正在積極開發中，準備新增到該版本的新特性包括短閉包、自定義物件序列化、FFI與擴充套件運運算元等。,5.778,3.667
text_00576,text,出門左轉50米就是地鐵站，東四十條上打個車也方便，地段不錯。,6.556,4.571
text_00956,text,是正品行貨，我花了8元選了圓通快遞，效率非常的高，從下單到收貨只用了一天，感覺很不錯，聽說系統很難裝就花了50大洋找人裝的，現在用起來感覺很不錯，速度飛快，還是完美屏的，發票,7.0,5.0
reflection_01858,reflection,反應1. 在Cbd的時候提出與老師討論，探討家人撤除DNR的合理性與合法性。,5.0,1.875
text_01175,text,反觀臺灣遊戲界，網友也紛紛替得獎選手打抱不平。,3.889,5.286
text_02457,text,天文學家認為，藍移可能是星系團的巨大質量在奇特的軌道加速其星系高速運動，結果是隨著時間的遷移部分星系同時遠離和接近我們。,5.0,3.0
sentence_01799,sentence,女方還是覺得不氣派,3.5,5.0
sentence_00096,sentence,5000母音樂家,5.333,2.667
text_02264,text,雷軍和林斌本週赴印度進行商務活動，昨天，一張雷軍身穿印度傳統服飾、被網友親切稱為雷長老的照片引發米粉熱議。,5.5,5.429
sentence_01293,sentence,八九個月了還不會自主入睡,4.0,5.0
edu2021_00379,edu2021,今天的課比較容易聽，比較好理解，這堂課我真的學到了很多的東西,7.571428571428571,5.4
text_01169,text,上躺了半年，才進一步接觸電競；打算用獎金買一部重機車，完成自己的機車夢；而比賽前一晚，熱情的粉絲趙怡萍在Stanley臉書留言，希望能跟Stanley結婚，Stanley笑笑迴應說，感謝粉絲支持。,6.5,5.667
edu2021_01048,edu2021,上課突然點到我，嚇了一跳,5.0,6.916666666666667
text_01768,text,其實這次的事件我覺得應該好好坐下來談談馬總統要展現高度氣度，不然我實在受不了大家都罵馬總統娘孬笨無能這次是好機會。,3.429,4.857
sentence_00876,sentence,跟水槽裡的髒碗盤一樣,3.4,5.5
text_00105,text,生活在紛繁複雜的世界中，要做到不抱怨是何等的不容易，但是《不抱怨的世界》它運用簡單的方法可以幫助你控制自己的語言，以至於將思想調整到正向，進而你將在無意識中改變自己的生命。,5.444,4.429
sentence_02322,sentence,感覺嗓子都可以噴出火了啊,4.5,4.5
reflection_00756,reflection,"會不會他回來了,她還得面對主動脈瓣膜置換術,這手術既昂貴又得長期服用抗凝劑,會加添出血傾向,而且估計大概十年到二十年會需要在換新的,還要再花一次前會不會他回來了,家屬因著他要負擔體力、金錢、精神會不會他回來了,因為長期插管可能拔不掉或是甚至要面對氣切會不會他回來了,因為目前的感染造成的ARDS,是否肺功能可以恢復?還是會需要長期攜帶氧氣瓶?",3.0,7.125
text_00729,text,最不好的是地方比較偏，酒店所處位置說得好聽的是新城區，直白的就是差不多就是郊區了，好在汕頭並不大，到市區繁華的地方也花不了多少時間。,4.333,5.429
sentence_01580,sentence,國家乃至社會個人才會有光明的前途和未來,6.5,5.0
sentence_01850,sentence,直到我們完全聖潔,5.333,4.667
reflection_01748,reflection,家屬聽到休克非常震驚且擔心，以為休克是沒有呼吸，也對於顯影劑可能會造成洗腎的風險感到十分害怕。,3.75,4.5
reflection_01955,reflection,老師的語氣仍像平日那樣的敦厚溫和，但我卻覺得像涼涼的刀鋒，現實就這樣被劃開，若鮮血般湧出。,4.0,5.625
reflection_00095,reflection,"描述事件具體發生了什麼事個案為Heart failure(HFpEF)個案,這一次因hypovolemic shock,合併chronic respiratory failure acute exacerbation而入ICU治療,原先在家baseline為配戴homeBiPAP約一小時,但這次入院後須全天配戴BiPAP,在ICU有嘗試 weaning BiPAP,但個案仍舊會desaturation和orthopnea,因此建議個案要等病況更為穩定後再考慮出院較為安全。",5.0,3.875
text_01307,text,他們創造榮耀外，也成功將臺灣、中華民國推上世界舞臺，做了一次精彩的「電玩外交」。,6.875,5.429
edu2021_01158,edu2021,今天上課說的東西有點難度，聽不是很懂，但是好像是很重要的東西,4.666666666666667,4.142857142857143
reflection_02019,reflection,病人是一位65歲男性，肝癌末期，本次因為肺炎入院，發現肝膿瘍有瘻管到肺部，引流後還是控制不佳，發生敗血症以及呼吸窘迫，氣管內管插管後送來加護病房，也進行了兩次手術清創以及修補橫隔膜，但目前橫隔膜無法修補完整，只能繼續使用抗生素控制感染以及照顧傷口，暫時無法脫離呼吸器，因此告知病人妻子目前情況，詢問未來的方向：是否撤除氣管內管還是要氣切。,3.125,4.7
edu2021_00672,edu2021,在自己的閱讀過後相信能吸收得很好,6.5,3.285714285714286
edu2021_01233,edu2021,我發現只要跟上老師的上課節奏，課程內容就容易懂，回家也不用複習太久,6.0,4.833333333333333
text_01780,text,基於對科學的信仰，我決定以後在中國共產黨及人民行動黨之中擇一支持。,4.5,5.75
edu2021_00823,edu2021,上課有點嚴謹，不過是好事,5.75,2.5
edu2021_00643,edu2021,今天上的我覺得有些地方有點模糊,3.666666666666667,2.785714285714286
edu2021_00787,edu2021,對今天上的概念都有了解了,6.0,3.083333333333333
text_00316,text,都只剩下2SRS，這對消費者來說，是「福」還是「禍」呢？本文的目的，只是給想要Camry的準車主！,4.778,5.167
sentence_00398,sentence,不斷向著自己的目標前進,7.5,6.0
text_02053,text,balaby輕便耐磨，柔軟舒適~亞馬遜中國Clarks此商品亞馬遜中國下單實付364元，喜歡的值友不妨關注一下~,5.375,3.0
reflection_02521,reflection,我感到對於自己不夠體諒家屬的羞愧，不夠同理患者家屬對於患者的期待，甚至有點不耐煩與不悅，認為已經講過許久的議題為何不能做出決定。,3.75,5.9
edu2021_00579,edu2021,至少能聽懂一半以上，受益良多,6.083333333333333,3.416666666666667
sentence_01230,sentence,北韓頻試射武器全球70國敦促平壤棄核,4.667,6.333
text_00980,text,聯想這款黑色L3000是最漂亮的，散熱不錯，鍵盤手感很好，插口位置合理。,6.444,5.222
reflection_00884,reflection,"其實在原發造成呼吸衰竭的疾病治療好,病人呼吸衰竭情形解除,並且恢復到能夠自行咳痰之後,氣切管路就可以移除。",6.125,3.7
sentence_00925,sentence,但他知道喜劇演員與丑角是不一樣的嗎,4.75,5.75
sentence_00408,sentence,鬧雙胞胎的立法會逃犯條例法案委員會召開,4.667,3.667
reflection_02139,reflection,針對這樣子的情況，也可以請醫院中的社工、或是處理醫療爭議中的團隊及早介入，除了可以緩和病人以及其家屬的情緒之外，也能夠避免未來醫療糾紛的發生。,4.9,3.6
reflection_01100,reflection,陳先生的話語雖是誇獎，卻讓我有些反感。,3.6,4.25
reflection_02377,reflection,他是位51歲男性，有3名小孩，職業是工人，40多歲就因慢性腎臟病開始洗腎，加上心臟及肝臟都有問題，可想而知對日常生活及家庭經濟上都有很大影響，今年5月起因黃疸日益嚴重到外院就醫，診斷疑似有肝腫瘤轉來本院，一開始意識狀態還清楚，但有黃疸及低血壓的症狀，入院後卻疑似肺炎而發生呼吸衰竭住進ICU接受插管治療，ICU第二天即給予鎮靜使其配合呼吸器治療，所以無法言語，治療期間給予後線抗生素及血液透析，一開始感染狀況似有好轉，但肝臟功能卻一直下滑，加上持續的低血壓，無法脫離升壓劑，病情極不樂觀，,3.1,4.75
sentence_01006,sentence,他是不是大腦萎縮,3.667,5.333
sentence_02475,sentence,延緩經濟垮塌的程序,6.0,3.75
edu2021_00499,edu2021,學習到了不少知識,5.833333333333333,2.333333333333333
reflection_00323,reflection,描述事件病人因為進食狀況差，身體沒有足夠的營養，醫療團隊決定要放置NG，因病人意識是清醒且清楚的，在經過多次及家人同步的勸說之後，終於答應要放置NG。,2.875,5.25
reflection_01364,reflection,且家屬一直強調「做適當的治療」，難道家屬心中，「適當的治療」就是把病人救活嗎？,4.375,4.1
reflection_01097,reflection,因此他將「醫療處置使他的恢復過程感到舒服」歸納為本醫院的「服務」。,5.0,1.875
sentence_02191,sentence,不留黑頭肌膚超光滑,6.25,5.6
reflection_00538,reflection,但同時又感到些微憤怒是因為從我們所學的醫療知識中，每一項步驟的決策大多都是經過許多專科醫師的討論產生的。,4.375,6.5
text_00617,text,此酒店簡直就是糟糕！,2.375,6.875
edu2021_01334,edu2021,今天的內容需要花更多心思去理解，希望老師能講清楚一些,4.357142857142857,4.083333333333333
reflection_00270,reflection,我可以怎麼做老師的病情解釋，讓家屬雖然一開始不太能理解而仍然希望積極開刀，但很快的了解狀況並在兩天後簽署DNR，我覺得除了學習感性地給予家屬們心境轉折時的支持，客觀的分析處置的利弊，同時也要update其他醫院處理問題的專長與限制，以及新治療可能需要的代價。,5.75,2.7
reflection_01919,reflection,一個家，最重要的並不是大富大貴，而是在面對問題的時候大家都願意做出貢獻來一起渡過難關。,6.4,4.125
text_02307,text,與用於規避正常謊言檢測方法的技術不同，研究人員發現，接受腦成像謊言檢測測試的人可以通過兩種思維技術大幅降低結果的準確性。,4.625,4.5
reflection_00524,reflection,描述事件有一位患者今年7月初因為急性膽囊炎入院於一般內科接受治療。,5.0,1.7
edu2021_01201,edu2021,不太懂它的運作原理，希望看課本的時候能理解,4.0,3.714285714285714
text_02538,text,但他們的日常並不像TVB電視劇和港產片裡那樣傳奇，他們鮮有經手撲朔迷離的刑事案件，多是商業調查和家庭糾紛，後者包括調查子女吸毒援交、配偶婚外情等。,4.667,3.857
edu2021_00307,edu2021,今天上課我終於聽懂老師在說什麼了，然後真慶幸今天我有帶課本,7.583333333333333,6.5
text_02258,text,天貓蘇泊爾向北向南專賣店14日10點聚划算279元，前2000半價，實付到手價139.5元，32㎝大炒鍋，價格很不錯的，喜歡的值友可以關注。,5.5,2.875
sentence_01651,sentence,聽說有老婆故意把老公伺候得超周到,4.5,7.0
edu2021_00821,edu2021,上課內容慢慢地加深，上課要更加認真,5.583333333333333,3.714285714285714
edu2021_01451,edu2021,可能因為有一點點的基礎，所以覺得比較好理解，還滿有趣的,6.333333333333333,3.666666666666667
text_01738,text,我有可靠消息，學匪鬧得太過火有的民眾已經無法忍受,3.111,5.167
reflection_00823,reflection,如今病人或家屬聽不懂，代表醫療人員所用的語言，不是他們所能理解的。,4.3,1.875
text_00004,text,但我相信它會和我手中的這本書一樣溫馨美好。,6.375,5.143
text_00564,text,第五，酒店主要面向團隊，不喜歡商務客人。第六，房間隔音極差,2.222,6.714
sentence_01260,sentence,太真誠的表達內心,6.5,4.4
text_01014,text,散熱我相當滿意，也很安靜。,6.75,6.143
reflection_02393,reflection,我想不管換做是我或是家人躺在那，即將離世前若能有清醒時刻，除了不想徒增身體的苦痛之外，我理想的善終應該是希望能與家人有多一點互動而不是受到醫療維生設備的限制，而這個對善終的想像在看到阿姨跟兒女時變得更加鮮明，也鼓勵我進一步思考關於臨終前光景的細節。,5.25,3.8
reflection_00808,reflection,我的感受含情緒用詞為何會有這種感覺（信仰、態度、價值觀）先入為主如何影響感受我覺得這位家屬非常情緒化難以溝通，扯到別床病人的狀況根本是不可理喻且家屬似乎原本就對有先入為主的觀念對醫院抱持敵意,3.0,7.3
text_00628,text,而且很骯髒，真的很骯髒.,2.5,6.625
reflection_01836,reflection,其中最讓我印象深刻且深有感觸的是一位73歲的阿嬤。,5.5,2.75
edu2021_01188,edu2021,雖然時間很短，但已經有初步的了解,5.571428571428571,3.214285714285714
sentence_00513,sentence,我甚至開始享受吃藥這件事情,6.0,6.0
text_00468,text,以數落豐田的不足來突顯你開福斯的優越只會搞臭福斯車主的名聲擁有如此極端偏頗的觀念沒有資格駕駛福斯批評豐田車主格局小自己卻是自我感覺良好的井底之蛙不尊重豐田車主你也該自愛保障一下福斯車主的尊嚴吧補充說明:你朋友照品牌車主僱人的方式絕對做不久因為比豐田車主更沒格局,2.75,6.286
sentence_00133,sentence,歐洲機械裝置製造業也將受到美國關稅升級的衝擊,3.5,2.5
sentence_00554,sentence,品嚐入口當下的美味才是最棒的,6.75,6.0
edu2021_01016,edu2021,學了新的，就忘記舊的，覺得有點頭疼,3.666666666666667,4.333333333333333
text_01788,text,更糟的是，政策經常轉彎，遇反對或批評就擋不住，顯示他的寡斷。,3.333,4.857
reflection_01704,reflection,我的反應:以實習生的立場來說，這種較為緊張的狀況只適合安靜的觀察老師如何處理和溝通。,5.0,2.7
sentence_00027,sentence,或許在我們該該叫的那晚復活的事情早就決定了吧,5.4,5.5
edu2021_00707,edu2021,我要認真學習，為以後打好基礎,6.571428571428571,5.285714285714286
text_01531,text,現在，她不僅是一位成功的母親，也是一位懂得做自己的知名作家。,6.4,4.25
sentence_00592,sentence,甚至分開只是合理化你的行為,3.0,5.0
sentence_02569,sentence,從你嘴裡說出簡直像天籟,7.0,6.333
reflection_00654,reflection,雖然他當天對醫護人員的言語行為是不恰當的，但聽完他的故事會覺得可惡的程度有所下降。,3.875,3.0
edu2021_00715,edu2021,雖然不是很清楚，但這週會把他看完,5.0,2.928571428571428
text_01110,text,職棒如果沒有了，對基層的球員影響相當大，期許能將棒球以前的光榮再找回來。,5.111,4.143
text_01540,text,收到稿費後，請孩子吃大餐分享喜悅。,7.111,5.571
edu2021_00479,edu2021,讓我對未來的課感到興奮，希望未來可以趕快來上到,6.75,6.357142857142857
sentence_00035,sentence,負面的樣子都能愛著我,6.0,4.0
text_01955,text,CNN記者：「其中69%被抓的小孩，年紀是在14歲以下，最年輕的甚至只有8歲，98%說他們受虐或是親眼目睹過施虐暴行。,2.6,5.714
text_00370,text,影音設備...這個部分有改善。,5.444,2.889
sentence_01525,sentence,都是壓榨億萬底層中國人民的沉重枷鎖,2.5,6.5
reflection_01283,reflection,明明我們已經為患者做了這麼多努力，但患者情況依舊沒有起色已經很令我沮喪，但面對家屬還特別拿法規來質疑我們對待患者的用心及竭盡全力，真的很令人痛心。,3.5,6.25
reflection_02484,reflection,面對放手與否的抉擇，我覺得自己在這麼多醫學課程後，還是不見得比不黯醫學的家屬們成熟歷練。,4.375,3.0
reflection_00032,reflection,"讓人懷疑究竟是病人本身狀況很差,還是照顧者不夠細心,才需要這麼頻繁地進出醫院。",2.8,6.375
sentence_01991,sentence,而且之前很多人有吃到開放大陸人來臺觀光的甜頭,6.0,5.0
text_00308,text,ALTIS開過之後，覺得還蠻穩定的一輛車，跟他牌車的落差不會太大但一旦開過他牌車，再去開CAMRY....我覺得好像是在船上，晃啊晃啊，每每下車都會些許頭暈，方向盤輕,4.444,5.111
text_00895,text,所有驅動都能裝齊全了，指紋識別，非要在XP下使用的朋友，可以用替代驅動.,5.222,3.857
edu2021_01520,edu2021,對於課程內容有了更深的了解,6.5,4.333333333333333
text_02889,text,這是個老社群，上年紀的老人比較多，我想盡量講得通俗易懂，既要講清楚國家大政方針，也要貼近社群日常生活。,5.889,3.2
sentence_01351,sentence,五十度系列是給慾望大膽子小的外行大媽們看的,4.4,4.25
sentence_01570,sentence,被先生一直催促去看牙,4.5,6.333
text_02220,text,2019年1-3月銷量減少，4月以後的訂單情況也十分嚴峻，面臨這種局面的企業經營者紛紛對前景持慎重態度。,4.0,4.125
edu2021_00483,edu2021,經過更進一步的講解，讓我有更深入的了解，覺得學到了很多,6.666666666666667,5.583333333333333
sentence_01400,sentence,彩工房期間限定,6.0,6.0
text_02601,text,假如各位覺得現成的LINE貼圖無法貼切滿足聊天情境，那麼隨你填貼圖有更多發揮個人創意的空間，同時購買一次就能無限次隨時修改貼圖文字，十分值得入手！,6.286,5.125
edu2021_00550,edu2021,老師說的一派輕鬆，但我卻覺得一樣難，需要時間去慢慢瞭解,4.0,4.642857142857143
sentence_02113,sentence,不然自己無意識違心時或許已經來不及了,3.0,5.5
reflection_00596,reflection,有一天右肺pneumonia很嚴重，氧合也是一直在掉，此時家屬決定DNR 全拒，也把血液透析給撤除。,3.875,4.375
edu2021_01530,edu2021,今天有針對其特性多加講解，讓我有更進一步的認知,6.583333333333333,5.714285714285714
sentence_01719,sentence,我就是吃了炸藥,3.0,6.75
reflection_01183,reflection,我一開始感到納悶，會不會因為阿婆的呼吸器尚未關掉，家屬以為還有呼吸，不知道阿婆的生命已經逝去？,3.5,5.5
text_00860,text,系統上網，看片相當好，可能是進行了優化。,6.0,5.0
sentence_02390,sentence,逼仄狹窄的西班牙人區,3.4,5.25
text_02389,text,zl01263純棉涼爽POLO衫~天貓精選將於1日0點售價至74元包郵，近期好價，喜歡的值友們不要錯過~,6.0,4.429
sentence_01239,sentence,藍瓶乖乖聽話水,5.5,4.5
sentence_01416,sentence,別那麼多疑敏感,4.0,5.0
edu2021_00638,edu2021,上的比較趕,3.5,3.0
sentence_00906,sentence,以上團體皆已破產,3.0,3.8
sentence_00705,sentence,全心奉獻給所有家庭成員,7.5,6.25
reflection_02169,reflection,在第一天老師就已帶著家屬們到station電腦，找出各種影像細心解釋，並如實說明目前病人不樂觀的狀況。,4.0,3.5
text_01646,text,政策辯護的能力太差勁，也難怪一宣佈調漲油價、電費後民怨沸騰。,3.444,4.625
edu2021_00623,edu2021,沒課本有點聽不太懂,3.357142857142857,2.3
edu2021_00779,edu2021,對於內容的描述更詳盡了,5.928571428571429,3.214285714285714
reflection_01336,reflection,兩天後上午在病人的隔壁床查房時，突然傳來一陣哭嚎，「我不要，你不要走！」，我才驚覺，病人過世了。,3.125,6.6
text_01036,text,這十八名清潔隊員都是聘僱人員，支領獎金因考覈、請假狀況而不同，其中有八人領滿兩年的全額獎金共十四萬四千元，只有一人低於八萬；經過十幾年的爭訟，至今已有六人離職。,4.5,4.143
text_01010,text,要求換貨還要客戶跑到廠方維修部出檢測證明，換貨過程中返修單留言多日無人迴應，售後電話等待時間超長，服務承諾10天完成換貨週期實際用了15天，換貨過程中間價格降低400多沒有價保（一次都沒有用到），商品服務都是垃圾等級的。,2.5,6.875
text_01519,text,本次獎助學金在審查過程中看到許多同學生活條件拮据，且大部份來自單親及隔代教養家庭，甚至有些同學寄人籬下由親友扶養帶大，讓審查委員們感到百般不捨。,3.889,5.889
text_00646,text,搞不懂怎麼做服務行業的？由於自己的工作失誤，給客人帶來不便，好象是應該的，還很理直氣壯。,3.0,7.111
reflection_01083,reflection,一開始遇到這種情況，我的心情是感到憤怒，周遭護理人員也一樣，他們會跟主治醫師抱怨病患家屬難搞。,3.0,6.75
text_02875,text,高雄市長韓國瑜不滿美麗島電子報董事長吳子嘉指涉他有婚外情，還生私生女，今天到臺北地檢署控告吳子嘉誹謗罪。,3.556,5.111
text_00153,text,我想在她內心的最深處，愛的那個人依然是小浪。,4.143,4.0
text_02353,text,最新訊息是，這名瘋狂的半癱瘓男子已經駕駛著自己的PolarisRZR，成功地在探索頻道的見證下完成了這項挑戰。,6.429,4.25
reflection_01022,reflection,後來，給他們家屬充分與奶奶相處，會客時間過後，經過耐心詢問，原來是奶奶個性愛美愛打扮，因此家屬認為電擊會帶來外觀上的損傷，讓奶奶痛苦，了解家屬心疼奶奶的背後原因後，醫療團隊便解釋，其實壓胸對於病人也是很痛苦的過程，可能會有肋骨的斷裂，甚至會造成氣胸、血胸，雖然我們的療程會有止痛的部分，但是還是一個侵入性高、且會造成病人不舒服的過程雖然奶奶現在還是在急性期，不過也不需要馬上做這個決定，可以家人們討論後再告訴團隊。,3.75,4.25
sentence_02393,sentence,如果大家都生活富足了,5.5,4.0
text_01993,text,失望對象二:民進黨他們到底知不知道何謂責任?,2.889,6.0
edu2021_01303,edu2021,今天的內容較為深澀，聽不太懂,3.666666666666667,4.357142857142857
text_00498,text,好吧講其中一個理由我認為一台1.6噸的車子油耗只有14KM/L,4.625,5.143
text_02359,text,毛嘉慶在臉書發表示，統獨是中華民國到臺灣後，歷史與政治的弔詭，民選總統後，演變為各不同立場政黨謊言交錯的政治算計籌碼。,4.625,4.625
edu2021_00470,edu2021,今天教的聽不太懂，不知道是甚麼意思,2.642857142857143,3.214285714285714
text_02626,text,被指控外面有私生女，高雄市長韓國瑜忍無可忍，今日下午赴北檢正式提告媒體人吳子嘉，希望檢方盡速調查以還他清白。,3.429,4.667
text_02775,text,在正式進入處理器重頭戲之前，AMD於今日ComputexKeynote先行帶領玩家體驗下一世代，代號Navi的系列顯示卡的簡要資訊。,5.286,4.143
text_00687,text,首先感謝您對我酒店風景和服務的肯定，酒店的水管會進一步的維護和保養，完善現有硬體設施,6.667,4.429
text_00592,text,位置還比較好找，交通、娛樂、購物都比較方便，服務一般化，進門都沒人理，房間太小了，隔音很差，早餐品種太少又不好吃，弄髒了一塊小毛巾又不是洗不掉就讓我陪10塊錢，房費已經預付了，結帳時只需要退我押金就好了，結果等了將近半個小時，前臺就一個人，對這個酒店很失望！,2.222,4.667
text_01575,text,阿爾及利亞的軍力沒問題，但不積極與美國或其他國家配合。,4.714,3.667
text_02178,text,Titan安全金鑰是由穀歌推出的一款防範網上誘騙的雙重身份驗證裝置，內建硬體晶片，其中包含由Google設計的韌體，用於驗證金鑰的完整性。,5.857,4.429
sentence_00559,sentence,真的是讓人很厭惡啊,3.0,5.333
text_00713,text,沒好就不要讓客人住嘛，強烈鄙視這一點。,3.0,7.286
edu2021_00717,edu2021,教得有點快，但細節還蠻清楚的,6.0,4.416666666666667
sentence_01715,sentence,是你獨一無二的證明,7.5,5.5
text_01608,text,在這種情況下，美國又採取軟硬兼施的兩手策略，一方面，美國宣稱美國在中日釣魚臺爭端中不選邊站，不充當釣魚臺爭端的調停人，希望中日以和平手段解決釣魚臺問題。,4.875,5.143
reflection_01282,reflection,當下內心裡我非常想要告訴家屬我們團隊在這段時間所做的所有努力，讓家屬知道我們不可能不傾盡全力地救治他。,4.5,3.75
edu2021_00587,edu2021,明天要考試，還要交作業，加油,4.583333333333333,6.416666666666667
reflection_00592,reflection,我可以怎麼做可以透過電話解釋病情時，將影像資料、實驗室數據給家屬看，讓他們更清楚知道之前的肺炎有沒有進步、新的肺炎控制得如何、原本感染處理的怎麼樣。,5.4,4.75
sentence_02085,sentence,同時竟同性戀氾濫,3.0,5.25
text_01986,text,我就是看不起這家公司！,2.111,7.778
edu2021_00387,edu2021,今天認識到了很多以前從來沒看過的東西，讓我開了一點眼界,6.583333333333333,4.0
reflection_01635,reflection,而針對兒子不太能諒解CO2 retention的問題，如果我們聽到警報時都能夠多注意，而不是常常撇一眼就就隨手mute掉的話，可能或多或少能夠避免這個情況的發生。,4.375,3.125
reflection_01485,reflection,病人有酸血症及GI bleeding的情形，一開始是上兩線升壓劑，也因為profound shock及出血並沒有使用TTM，送來後都一直沒有清醒。,3.8,4.6
edu2021_01076,edu2021,下禮拜要複習期末考，我好興奮,6.916666666666667,7.714285714285714
text_01612,text,本次軍演是針對美國航母進入西海而實施，是與投入這一帶海域的美國航母編隊較勁。,5.778,5.333
sentence_00729,sentence,而且郭蹲下去的時候她的肢體僵硬到,3.333,4.0
edu2021_00372,edu2021,本來還不熟悉，上了今天的課之後有比較了解，但還是需要時間理解,5.25,3.857142857142857
text_01473,text,總統強調，臺灣有最勤奮的人民，人民有最善良的心，相信只要大家互相扶持、互相鼓勵、互相包容，沒有衝不破的難關。,6.375,4.625
sentence_01894,sentence,第一次看著妳會心疼,3.333,6.0
edu2021_01464,edu2021,我覺得老師講的還滿詳細的,6.0,3.071428571428572
sentence_01419,sentence,我每一次上吊都是掛在繩子上吐氣呼吸,4.5,5.5
reflection_01076,reflection,我的感受:當下我為病人感到遺憾不能理解家屬的堅持。,4.0,3.5
reflection_01036,reflection,根據女兒的說法，入院前的白天老奶奶還可以興高采烈的在家唱著卡拉OK，與OHCA這個詞根本無法做聯想。,4.0,4.8
reflection_01474,reflection,此外我想還有一個糾結的點是，事發突然，無從得知病人本身的意願，這也會讓家屬難以作決定，尤其這位阿嬤的baseline是clear又ADL ok。,4.375,5.0
text_01907,text,光是臺北市政府今年就編列六億四千多萬元獎金，明年更加碼近三千萬，這些獎金都是人民血汗錢，它們發得合理嗎？有沒有人是不該領而領？,2.625,5.714
sentence_01764,sentence,平常無害溫和像個女僕,6.333,3.0
reflection_01026,reflection,這個家庭會議，我很心酸，同時也能感受到女兒的無助，這一切都來得太突然，從老奶奶倒下到決定走安寧路線的時間，醫療團隊在每天的會客時間都有告知老奶奶的情況和可能的預後，也算是提前給予整個家族時間，聚集在這次的家庭會議。,3.875,4.7
reflection_01491,reflection,看著老師對家屬詳細的解釋著病情，不厭其煩的回答他們的問題，講到家屬難過落淚時，適時的遞衛生紙、給予安慰，讓他們了解何謂安寧，所以舒服的走完這一段路，為每個病人的需求想辦法，如何讓病人穩定安全的留一口氣回家、想辦法幫助經濟不足的病人、滿足病人和家屬宗教和個人價值的需求，讓我學到了許多課本無法教會我的事情。,5.1,4.6
reflection_00873,reflection,"在社工與警方的協助下找到該病患的母親,但她卻明確地表示不會出面處理該病患的事情。",3.6,2.25
sentence_00031,sentence,12個自然人股東均為集團的創始人,5.333,3.333
reflection_00280,reflection,描述事件病人是一位62歲女性，因為喉嚨痛與持續的發燒而求診，在台東馬偕新診斷 hyperpharyngeal and esophageal SCC後，被建議來高醫接受手術切除腫瘤。,4.875,4.625
reflection_01214,reflection,再加上短期內經歷了二次的插管，在脫離呼吸器的訓練上也不是非常順利，氣管內管當然是不可能一直持續使用的，然而是否能夠成功拔管、拔管後又能維持多久，醫師判斷並不樂觀。,3.4,4.6
text_02117,text,Windows系統在升級時出現問題，為使用者造成困擾屢見不鮮，不過都比不上最近荷蘭警方在系統更新時遇到的問題嚴重。,3.556,5.444
sentence_02176,sentence,溫度適宜又有風吹,6.333,3.0
sentence_01880,sentence,讓鍛煉變得越來越,5.0,4.667
reflection_00336,reflection,第三，照顧者的身心狀況，阿嬤在2015年跌倒之後，便開始長時間臥床，生活起居完全需要旁人協助。,4.625,2.4
text_02935,text,匯流新聞網記者李盛雯/臺北報報Uber快不行了，不只乘客哇哇叫，Uber司機也慘兮兮；大都會此時伸出友誼之手，提出?勵方案，祭出7萬2千元補貼Uber司機。,5.75,5.0
edu2021_00172,edu2021,今天掌握了更多的知識，獲益良多,7.333333333333333,4.083333333333333
sentence_01864,sentence,由針槍補足一些,6.0,3.0
text_00383,text,依照你的停車照片看來，加上你又強調沒有逆向停車，所以你被撞擊點應該是在牆壁這邊，既然是牆壁這邊，理應遭撞擊應該是另一邊才對，怎麼會是牆壁這一邊，在怎樣都不可能會有這樣的撞擊才對樓主是否形容錯誤,3.857,5.429
sentence_00338,sentence,猶豫要不要接著看完剩下的3,5.5,2.0
edu2021_01299,edu2021,讓我學到要更用功寫功課才行,5.0,3.142857142857143
sentence_00223,sentence,過去他們很輕鬆地賺錢,5.667,4.0
text_02415,text,凡是小郭的專案，副總不僅徹底盤查、一改再改，最後尚且責怪他拖延，耽誤公司的目標達成，這讓小郭備感委屈，再也待不下去。,3.556,5.444
text_01060,text,沒有得到救援，「我感到非常內疚」，也希望所有消防同仁都要感到內疚，「這種事情不容釵A發生」，一定要拿出決心與魄力，不是光消防局的事，巷弄的改善，「地方政府責無旁貸」，消防通道要維持其權威性，誰敢停車馬上拖吊。,4.0,6.444
reflection_00341,reflection,依照行善不傷害的醫學倫理原則，會對家屬的決定有以上的困惑。,4.7,2.7
text_01930,text,AIT文化新聞組長裴士蓮（SheilaPaskman）晚間表示，AIT代表美國政府感謝臺灣慷慨捐助因珊迪颶風而受災的人民。,6.375,4.667
reflection_00986,reflection,可以怎麽做首先要先去傾聽病人家屬的想法，因為當時家屬一定有情緒上來，過程中我們可以適時地點頭做反應，不要去打斷病人的話，專心聆聽。,5.625,4.0
text_00936,text,你的手機安全預防措施，保護程度應該和用電腦上網時一樣穩固。,5.5,4.125
reflection_00787,reflection,而12/01後，病患家屬對於病情的惡化，在積極治療與否的抉擇上那份煎熬，也能從對話中感受到。,3.4,6.125
text_02951,text,在比利時北部安特衛普市的特斯拉Supercharger超級充電站，一輛特斯拉ModelS著火併完全燒燬。,2.875,5.875
reflection_00101,reflection,"可以怎麼做新發現了什麼有無新的認知或體認有無新的觀點老師當下有向家屬澄清目前的狀況,家屬也表示理解且配合,故後續並無爭議出現,但若是遇到較為難以溝通或者是死咬著誤會不放的家屬可能就會有不必要的糾紛出現,故試著回想當時的狀況:1.",3.375,5.0
reflection_02050,reflection,老師和女兒因此僵持了幾分鐘，場面十分尷尬。,4.0,5.25
text_01840,text,目前經濟部長月薪十八萬元，若以年終獎金一．五個月計算，總計年終獎金二十七萬。,5.444,3.833
text_01746,text,他說，臺灣要用善意而非仇恨來改變中國，對中國也不能只講求經濟利益。,5.125,4.875
text_00290,text,其實看的影片之後，相信樓主只是想反應一下原廠處理的態度及消費者的無奈。,4.111,4.714
edu2021_01165,edu2021,學到很多以前不知道的事,5.833333333333333,3.083333333333333
sentence_00385,sentence,我知道你是不小心,6.0,5.0
edu2021_00528,edu2021,今天的課程我還滿有興趣的，所以上起來覺得很不錯,6.25,5.0
reflection_00845,reflection,"描述事件具體發生了什麼事一位64歲男性,HTN、DM、PN、NSTEMI、Acute respiratoryfailure、HF、PAOD、Cardiogenic shock,曾經在外院有過sudden collapse,經過CPR後ROSC,這次入院後狀況一直都不是很好,幾乎能做的處置都做了,包括Levophed+Dopamine兩線升壓劑、也上了IABP,因此ECMO經評估後不太適合,但是低血壓的情況還是偶爾出現,另外病患有嚴重PAOD且不希望截肢,腎臟和肝臟功能都因為shock的關係非常差,有在洗CVVH,呼吸器也都一直沒辦法下調,",3.75,2.75
reflection_01988,reflection,「醫生，我覺得媽媽還有意識，她剛剛有回應我、我們還不想要放棄...這實在太突然了。」,2.9,6.2
text_02408,text,回捐、低薪、高壓、人力缺口成為社工的日常，而社工的工作正是為了協助服務使用者能夠脫離惡性迴圈，但在臺灣，社工卻正集體成為案主之中。,4.143,4.333
sentence_02522,sentence,這兩個傢伙真的情比金堅鶼鰈情深,7.0,5.25
text_02556,text,一時之間，讓全球股市震撼動盪，瞬間豬羊變色，市場看空者又冒出一大堆，追殺氣勢加上龐大賣壓，或許又讓許多投資者陷入迷惑，這時候要怎麼看待後勢呢？,3.625,5.0
sentence_01014,sentence,你可以不惜信譽和成本替他人繼續造謠汙衊,3.333,5.333
reflection_00370,reflection,8/25(四): 今日家屬換成小女兒跟病人太太，明儒老師向小女兒與病人太太進行病解，但小女兒與病人太太似乎非常驚訝病人的病況惡化至此。,3.125,3.5
edu2021_00392,edu2021,這幾次常常講重複的東西，少了點新鮮感,3.666666666666667,2.25
sentence_00246,sentence,又或者跳出軀殼才能看到整體,4.5,3.5
reflection_00687,reflection,但治療從不是一件單方面的事情，醫師和病人兩方達成共識，醫師針對患者情況開藥調藥，病人積極主動配合，長久下來才能達到雙贏的局面。,7.0,3.5
text_00858,text,鍵盤手感相當好，筆記本上方的攝像頭也很食用。,6.143,4.0
sentence_02319,sentence,沒有充份理由加息或減息,4.5,3.5
text_02420,text,海巡署6名官兵前天在整理資源回收物時，發現多隻老鼠，一群人不但抓著無法逃跑的幼鼠把玩，更讓老鼠淋上汽油後點火焚燒，才在旁邊狂笑取樂，影片,2.714,5.857
sentence_00601,sentence,沒有及早觀察到她的缺陷,3.0,5.4
sentence_01995,sentence,導致政府蒙受14億8000萬令吉,3.0,5.0
text_02566,text,法官判刑時表示，被告濫用父親的身分和權力，對女兒的身心無情地蹂躪，行為極度卑劣和令人髮指，因此要重判。,2.0,6.778
reflection_02048,reflection,僵持了許久，雖然女兒人心有懷疑最終也是不情願地接受了。,3.75,4.0
sentence_00637,sentence,特別是那種西裝革履的,5.333,4.333
edu2021_00362,edu2021,講了很多之前沒接觸的東西,6.0,3.083333333333333
edu2021_00194,edu2021,這次設定的目標很難達成，幾乎是不可能,2.166666666666667,6.583333333333333
text_02742,text,我非常佩服姚明的一點，不僅僅是他苦練球技和體能，用一場場比賽戰績證明自己，更是高超的情商和豁達的心態，不斷地化敵為友。,7.0,5.111
sentence_00515,sentence,各種糟糕和熱鬧誒,4.5,5.0
edu2021_00321,edu2021,希望畢業前能學會至少三種語言，感覺比較厲害，哈哈,5.666666666666667,5.714285714285714
text_02871,text,屏東東港一名男子疑因追不到檳榔妹，5日深夜怒氣沖沖地闖入檳榔攤，將檳榔妹壓在牆角狂毆，全程都被門口監視器拍下，影片遭PO網友後，引來網友撻伐，,2.9,6.8
text_00528,text,安全~是唯一回家的路！,5.5,4.0
text_00310,text,但想瞭解的是，車商倒底什麼樣牛肉呢？17吋圈：佛心來的：給到330mm交差了事：只給303mm兩者對制動力有何影響，請爬文，不在此贅述！,4.625,5.167
text_01851,text,更何況他身為醫生更是應該嚴加譴責我越來越相信柯柯哲的高民調是要害他出來選的政治人物故意放出來的了,3.375,6.222
sentence_00690,sentence,美食化解的不僅是飢餓,6.0,5.333
reflection_01833,reflection,老師在會客的時候明確告知阿嬤應該沒有醒過來的可能了，因為抽痰不會有咳嗽反映，瞳孔也不等大，這一切都說明腦部已經受損，且不可逆，阿嬤的女兒在會客前主動明確告知老師救不回來的話就不要讓阿嬤繼續承受各種管路插在身體的痛苦，讓她自然地走向死亡。,3.125,4.875
reflection_01001,reflection,而身為旁觀者的自己能做的也是先專注於學習如何急救，將自己的情緒暫時收好。,4.875,3.0
edu2021_00404,edu2021,老師能搭配一些日常生活的東西做比喻讓我們更加了解,6.083333333333333,4.333333333333333
text_00904,text,品牌價格低，配置也均衡，xp很容易裝，跟普通裝電腦沒兩量，給後來買的朋友一點建議吧，用深度的xp，按F2進入bois,5.222,4.625
edu2021_00753,edu2021,開始聽的有點吃力，越聽越不懂了,2.416666666666667,4.857142857142857
text_01684,text,國民黨有一堆博士是事實，但這些博士總統、博士部長、博士縣市長是不是人才，卻值得懷疑。,3.111,5.857
edu2021_01042,edu2021,上了幾堂課後，了解更多了,6.25,4.583333333333333
text_02349,text,今年五四青年節恰逢五四運動100週年，習近平總書記將節日的祝賀再次送與全國各族各界青年，也將殷切的期待寄予億萬朝氣蓬勃的中國青年。,6.571,4.5
edu2021_00006,edu2021,課堂上舉了很多例子，都滿生活化的很容易理解,6.666666666666667,2.083333333333333
sentence_00904,sentence,這樣的逆向淘汰就造成臺灣政治的格局越來越小,3.0,5.75
text_02260,text,在正式釋出之後，國外知名評測頻道JerryRigEverything就放出了耐用性測試，讓我們一起來看看吧！,5.0,3.0
text_01728,text,中國共產黨十八屆一中全會昨天閉幕，第五代領導人由習近平接棒，國民黨主席馬英九立即致發賀電，向習近平表達祝賀，期盼兩岸強化互信、真誠合作以因應新的挑戰，並創造更多和平紅利，造福兩岸人民。,6.444,5.25
sentence_02481,sentence,飛機其他部分和失事原因以及飛行員下落依然是個謎,3.333,3.25
reflection_01632,reflection,這兩天自己反省之後，我得到的結論並立下的目標是：我們或許不需要成為最厲害的醫師，但一定要成為病人最需要的醫師。,6.625,6.0
text_00885,text,鼠標，嘿嘿，只能用兩個字形容：安逸！,5.75,5.857
reflection_01573,reflection,是因為自己，害怕死後未知的世界，還是是對身邊的人的不捨？,3.625,4.8
sentence_02029,sentence,不論悲喜都得前行,6.0,4.5
reflection_00445,reflection,待家屬會談結束之後，也與學長姐確認，我們都覺得病患家屬沒有理解病人現在罹患淋巴癌，而化療是治療疾病本身，他們只有一直表示他們有多辛苦、病人承受多少痛苦等等。,4.0,3.5
edu2021_00028,edu2021,分析得很清楚，很有幫助,7.357142857142857,3.75
sentence_01325,sentence,這是營運在引誘我鑽抽的陷井,3.333,5.0
sentence_01382,sentence,最淺顯易懂的方式推廣蔬食,6.4,4.5
edu2021_00336,edu2021,內容有趣，例子生動，獲益良多,7.142857142857143,3.1
text_00190,text,中國傳統的教育思想有壓抑自我、框定思想的東西，如果看了這本書，我想大人都會掩卷微笑，多麼好玩的故事，多麼陽光的結局啊。,6.667,4.625
edu2021_00218,edu2021,覺得老師上課很用心，而且有趣生動活撥,7.0,4.0
text_01509,text,我在教會看到很多不離不棄的情感，心裏面也會希望有一天能夠遇到這樣的感情。,6.444,5.625
reflection_00943,reflection,老師能夠與家屬這麼靠近，卻能不受情緒感染的穩定講解著病情、安慰著他們，表現出可靠又溫暖的醫師形象。,6.1,3.9
text_01441,text,昆淩黏周董先打點周媽周傑倫與昆淩相差13歲的戀情，在男方堅持35歲纔想婚，女方遊學美國，看來似乎分隔兩地，至今交往2年多。,5.429,4.0
edu2021_01215,edu2021,我覺得這真是個很神奇的東西，真的很酷,7.428571428571429,6.916666666666667
edu2021_01193,edu2021,有初步理解，只是教得有些快,4.785714285714286,4.75
reflection_01073,reflection,我可以怎麼做1.嘗試了解家屬情緒。,5.0,2.7
edu2021_00807,edu2021,上完這次的課以後讓我學到了很多,6.416666666666667,3.0
sentence_01781,sentence,臺灣要還陳前總統一個清白,6.0,7.0
sentence_00545,sentence,最近幾天累積了,4.5,4.0
sentence_00596,sentence,孩子的成長你從來不參與,3.0,6.5
text_00217,text,目前小弟仍在茁壯的階段，我的服務一直都是積極的！,6.75,6.125
text_00335,text,看了太多的爭論了但ToyotaAltis的銷量真的很可觀，我對它沒有偏見，可惜的是太多人開了，幾乎滿街都是...如果可以稀有點，也是台不錯的靚車...題外話，買賣就是願打願挨，所以安全性、油耗有的沒有的考量都在個人，我想是沒什麼好爭的，真的要爭取的是薪水吧?,4.111,5.375
sentence_02470,sentence,少來挑撥離間這一套了,3.6,6.25
sentence_00773,sentence,就一幫說中文的不知什麼人不斷地在這裡製造恐慌,3.0,7.0
reflection_00024,reflection,"請看護是來幫忙,不是丟給別人就不用照顧了。",3.4,4.3
edu2021_00306,edu2021,覺得跟生活比較接近的應用比較有趣,5.785714285714286,3.0
reflection_01252,reflection,家屬看起來無法接受，迴避討論放棄治療這件事，並且時不時提出完全離題的治療建議（例如：「還是我們可以試試看氣切？」）。,3.625,3.75
sentence_02031,sentence,讓生活多了溫暖和明媚,7.0,5.667
text_01626,text,正值中國大陸與日本對峙日益緊張之際，民進黨主席蘇貞昌率團訪問日本，對於此行的宣傳造勢或許不無些微效果，但卻會使中國大陸對他僅有的一絲幻想也完全幻滅，並將使民、共兩黨之間黨對黨的良性互動更不可能。,4.1,4.75
text_00170,text,記得看過一本和坤的書，人家雖是大貪官，卻也對妻子馮氏，有情有意，有始有終，另生一種敬佩。,6.111,4.625
text_02411,text,本文要指出，林岱樺版大致合憲、符合公投甚至合乎同志的利益、立場及處境──雖然提案者的主觀意圖重點不在此。,5.222,3.111
text_02285,text,初步調查顯示，女童沒有接種今季季節性流感疫苗，潛伏期內沒有外遊，她的弟弟最近出現發燒，已經求醫，無須入院，情況穩定。,5.556,3.125
text_00221,text,謝謝你的提醒，閔中衷心感謝,6.375,5.667
sentence_02377,sentence,印出來也比較細緻,7.0,4.5
text_01272,text,全球最大行動通訊展MWC主辦單位GSM協會昨日公佈全球移動獎入圍名單，宏達電以蝴蝶機/DroidDNA入圍最佳智慧型手機獎，是連續第4年入圍此一獎項，而華碩不僅首度以變形平板TransformerInfinity入圍最佳平板電腦獎，由華碩一手打造的GoogleNexus7也一同入圍。,6.111,4.5
reflection_01825,reflection,病患第一周處於昏迷狀態，第二周於身體管路裝置時會有爭眼睛流淚的狀況，但仍無叫喚睜眼的狀況。,3.875,5.125
sentence_00787,sentence,水果的酸甜感跟巧克力的味道搭配起來滿和諧的,6.333,4.333
sentence_02127,sentence,一口咬下啖啖肉軟滑香甜,7.0,5.5
reflection_00734,reflection,反應為何當下能做的就是思考一下病人怎麼會和妻子的關係這麼的差，連瞭解自己的病況都都<F>不太願意<F>，更別說瞭解往後可以有怎麼樣的處置以及預後了。,3.5,4.5
sentence_00446,sentence,但我較欣賞後者,6.667,5.333
reflection_01115,reflection,二、感受為何我當下的感受也如家屬一般，是十分詫異甚至難以接受的。,3.375,5.2
sentence_00827,sentence,當然是理世寶貝,7.0,5.667
sentence_00623,sentence,手扶梯固定站左邊,5.0,2.8
text_02830,text,她是電影票房皇后，歌唱巨星，甜美、清新、純真、善良、渾身散發快樂，桃樂絲黛具備美國人嚮往的所有特質，但是在真實人生中，她歷盡滄桑。,4.286,3.667
text_01952,text,這名18歲的小媽媽走了2個多小時，纔來到這座聯合國診所求助，3歲大的古米納，怎麼看都像是只有1歲多，就算現在猛吃高單位營養品，恐怕已經於事無補，更令人訝異的是阿富汗媽媽，不流行餵母乳。,3.375,4.5
text_01188,text,怕孩子被貼標籤，甚至還會怪老師。,3.889,4.571
edu2021_00196,edu2021,老師今天上課很幽默，所以上課比較跟得上,6.083333333333333,4.5
sentence_02190,sentence,民選議員被褫奪議席,3.4,3.2
reflection_00240,reflection,另外，觀察老師與病人的相處證實「醫病是技術，但醫人卻是藝術」，家屬一度很難溝通時，老師拉住、輕拍家屬的手讓病人靜下來，停頓幾分鐘後才繼續解釋，給病人冷靜的時間也給醫師轉換情緒的空間。,5.0,1.625
reflection_02023,reflection,那怕只有一絲絲的可能，他們也奢望著機會的來臨。,6.25,5.5
reflection_00490,reflection,在阿公都充分做好脫離呼吸器的準備後，於7/18順利拔管，後續的監測也沒有發現危及生命徵象的異常；若當初因為家屬未遵照醫療團隊氣切的建議心生疑慮，沒有考量治療調整的可能性而影響醫病溝通，那現在病人的結果或許就不會如此順利。,5.25,3.3
text_00145,text,現實所以我沉迷於古代小說無法自拔幾乎愛戀,4.875,5.75
text_01818,text,所以就情感以及理性面來講，死刑真的沒有存在的價值。,4.111,5.889
sentence_00181,sentence,中共已經害怕到了極致,3.0,6.5
text_02856,text,雲林縣警局北港警分局土厝派出所所長陳連益、警員楊子誼，日前執行巡邏勤務時，在水林鄉水林路發現失竊贓車，遂依法予以攔查，清查後發現竊嫌另涉2起竊案。,4.429,4.429
reflection_01662,reflection,下次如果遇到類似的事件，我除了不能讓我對於某些疾病的刻板印象影響到了我對於這個病患的同理，也要在產生問題時及早去尋求答案，才不會在等到病患都離世了才在那裏找答案，一切已於事無補。,3.75,4.75
text_00137,text,這本小冊子圖文並茂,6.25,3.625
reflection_01136,reflection,在醫療資源的面向也占了床位，讓真正需要使用ICU、病房的病人資源限縮。,4.2,3.0
sentence_00317,sentence,已經於早上修復完成,6.333,4.0
text_01489,text,臺北京站廣場同步收看直播的玩家緊盯螢幕，不時發出歡呼聲並拍手叫好，直呼：「好緊張！,6.375,5.625
sentence_01177,sentence,消耗的卡路里都白費了,3.6,5.2
text_01876,text,以前大家不相信臺灣會餓死人，現在卻發生單親媽媽偷奶粉要給小孩吃，實在悲哀。,2.714,6.143
text_00481,text,國外之前就作過測試了找一堆自認為反應一流、技術不錯的一般駕駛人來開結果ESPOFF的情況就是打滑失控.....ESPON則好很多我發現01版上神人很多，老是嗆別人不會開車自己最會開我在想這究竟是自我感覺良好或是自我安慰?,3.333,5.75
edu2021_01290,edu2021,今天的課程內容我沒有很仔細聽，明天的課希望能把今天的補回來,4.583333333333333,2.666666666666667
text_01501,text,除此之外，他們還公開批評其他隊伍太弱，除了俄國外沒人是韓國對手；而在轉播中也收錄到，AZF的選手用不當言語污辱敵隊，做出手指向下等挑釁手勢。,3.0,6.5
edu2021_00685,edu2021,有點不是很了解，還得再看課本才能跟上,4.416666666666667,4.333333333333333
text_00133,text,故事也夠味，想表達的意思也很清晰。,6.5,3.714
text_01032,text,潘毅鋒也指，各國接下來都會來沾光，韓國會說「TPA是我們培養出來的菁英」、香港人表示，「TOYZ你真是優秀的香港人」、中國人：「謝謝TPA讓中華臺北在世界上嶄露頭角。,4.889,4.889
edu2021_00977,edu2021,今天的課程還是不太清楚，希望未來能了解更深,4.0,3.428571428571428
reflection_00946,reflection,雖然我知道這樣的安慰可能無濟於事。,4.0,3.75
text_01778,text,今早起來看到新聞，政院已經淨空雖說鬆了口氣，但還是很難過身邊的朋友一個個著了魔，紛紛把頭像換成黑畫面並說「民主已死」、「我們正在失去」我想這幾天還是別介入好，甚麼也都別說看到驅離後的情況，心裡又沉重起來民主並沒有死，我們沒有失去國家，只是被暴民傷害破壞就算員警完成驅離，我還是高興不起來並讓外人看了一場鬧劇笑話這就是大家要的嗎?,3.0,6.333
text_01549,text,報導稱，該《指示》要求全軍和武警部隊緊緊圍繞能打仗、打勝仗的目標,4.875,5.0
edu2021_01512,edu2021,感覺要被當了，心情一下子跌落到了谷底,1.583333333333333,5.0
sentence_02197,sentence,返禮祭裡齋宮做的事真的很惹毛我又讓我毛骨悚然,2.667,7.667
sentence_01116,sentence,於社會倫理有悖,4.0,4.5
text_01077,text,醉漢擋道，在車上多停留14分鐘，如果是心血管急症患者，超過6分鐘就可能腦死失救，痛批醉漢失序行徑。,3.0,6.167
reflection_02155,reflection,隔天一早了解昨天事發經過的當下，我以為中午的會客時間家屬會氣憤的指責醫療團隊為何會讓病患那麼快就轉出加護病房，害得病患必須承受CPR的痛苦後再次轉回ICU，然中午會客時間病患的老婆先是多次向醫療團隊表示抱歉造成那麼多困擾，後來又深深感謝大家能夠細心照顧她的老公，與我所預想的完全不同。,5.5,3.5
text_02739,text,食環署人員今午以電擊方式撲殺，有動物保護團體到場抗議，質疑豬隻未被人道撲殺，又批評當局連日來與業界協商期間，沒有善待豬隻。,3.375,4.1
text_01664,text,陳致中指出，「他在國民黨陣營中位居閣揆，是全臺灣僅次於正副總統的第三號人物，他能夠公正、理智地看待這個高度政治性議題，實屬不易，我欽佩陳院長雖千萬人吾往矣的道德勇氣」。,6.2,5.571
sentence_00262,sentence,會被美國取消關稅優待,4.0,2.667
edu2021_00529,edu2021,聽完課程後，我對習題有更多的想法,6.333333333333333,4.75
reflection_00815,reflection,描述事件一位女性病患因懷疑腹腔出血而入院，經過栓塞處理後轉入加護病房。,4.75,3.0
edu2021_00204,edu2021,今天上課內容還不錯,6.428571428571429,4.0
text_00655,text,酒店最大的好處就是離DFS超級近，大包小包可以放回房間後繼續去其他地方逛。,7.0,4.875
edu2021_00729,edu2021,今天的課程我很喜歡，如往常的一樣學到很多東西,7.333333333333333,4.857142857142857
text_01294,text,Moscow5是上一季冠軍，實力雄厚，在準決賽第一局就以猛烈炮火重挫「臺北暗殺星」，但ＴＰＡ以極強的抗壓力及團隊默契，主力王榮燦表現精湛，一旦領先就極力壓制對方，逼使對方求援而露出空檔，而且懷抱「不要死，不能死」的奮戰精神，在接下來的兩局比賽中完全掌握了節奏，最後以二比一逆轉擊敗Moscow5。,6.75,5.625
sentence_02581,sentence,原來是這樣練成的,5.667,5.0
text_02791,text,毛澤東至死都是一口難懂的湖南土話，鄧小平也是一口稍稍好懂一點的四川方言，他們都不會說普通話，有什麼資格當黨和國家領導人呢？,4.0,4.667
text_01957,text,300個小孩，只有12人幸運活了下來。,2.0,5.0
sentence_01560,sentence,但是深切又平淡的,6.5,4.0
reflection_01745,reflection,雖然休克這個詞，不算是非常艱深的醫學專有名詞，可能日常生活也有機會用到、耳聞，但可能是誤用的情況，因此，我們在說明時，若能加以解釋，可能可以避免一些不必要的誤會。,5.2,3.5
sentence_01549,sentence,但是在公領域人與人難免得互相體諒一下,4.0,4.0
text_02228,text,即使起步遇上挫折，但毫無疑問地智慧手機的下一個浪潮是可摺疊螢幕手機，這也確定會獲得了新世代AndroidQ在系統端的支援。,5.667,4.778
reflection_00864,reflection,"4.陪伴與事後準備:鼓勵家屬在患者清醒時多花時間陪伴,並且引導家屬準備後事,解決家屬可能會有的「未來該怎麼辦」的迷惘。",5.125,3.5
text_00594,text,早餐嗎？別說可口和品種多樣了，不誇張地說，連填飽肚子都成問題，不行你就去試試！,3.143,6.857
edu2021_01319,edu2021,有點疲累但是卻能專心聽課,5.5,2.0
sentence_00963,sentence,不如說是犯罪的天堂,3.25,5.5
reflection_02058,reflection,而就算不手術，也不代表我們放任病情惡化，我們仍會持續提供病人舒緩的治療，讓他的餘生都儘可能地舒適。,5.8,3.625
edu2021_01315,edu2021,這次要嘗試用更聰明有效率的方式學習,6.5,4.75
reflection_01756,reflection,怎樣才能不違背患者意願，同時讓大家都對此滿意呢？,4.375,4.1
reflection_02411,reflection,除了要詳細說明醫療決策的優劣點以讓決定者有時間好好思考或是回去討論之外，並且要給予其他資源的支持，例如請社工人員協助安撫病患家屬情緒，了解其需求，協助其家庭會議討論等，不要讓所有的責任跟重擔壓在其四姐一個人身上的感覺。,4.0,4.6
sentence_02300,sentence,早已過了爭風吃醋,4.6,4.0
reflection_01569,reflection,然而，有一天會客時，病人突然大量吐血。,3.5,6.375
text_02600,text,要分享到網路上的照片或圖片，甚至是因應工作所需，必須將圖檔傳送給他人之前，最好都可以蓋上浮水印，除非你不介意別人隨意使用。,5.143,4.111
text_01274,text,其中李姓大學生態度挑釁，竟出拳毆傷對方，吳也遭另兩人反擊掛彩。,2.875,6.375
edu2021_01443,edu2021,從開始的跌跌撞撞慢，慢步上正軌，遇到很多困難，收穫也很大,6.083333333333333,4.5
text_02789,text,前幾天在刷即刻的時候發現了一個GitHub上的專案，該專案名為learnxinyminutes，這個名稱就很簡明扼要——y分鐘學習xxx，一看就很牛。,6.286,5.714
text_01668,text,臺北市議員童仲彥昨天在市政總質詢爆料指出，工信前董事長潘董（潘俊榮）曾送臺北市長郝龍斌太太及前北市文化局長李永萍鑽石，但遭郝龍斌當場反駁「絕無此事」並嗆聲「議員你有種就到外面講，放棄言論免責權到外面講。,3.375,6.667
text_02939,text,想要改善家中的空氣品質，除了挑選優質的機型，也必須建立正確的使用觀念，定期更換濾網才能達到過濾髒空氣的最佳效果，髒濾網不但讓造成二次汙染，也讓機器耗損更快！,5.375,4.1
reflection_02306,reflection,她隨時都有禮貌的跟醫護人員點頭，中午時孫女都會來餵她吃中餐，她也溫順的一口一口將食物都吃完。,6.5,3.0
text_02858,text,現在你大嚷起來，驚起了較為清醒的幾個人，使這不幸的少數者來受無可挽救的臨終的苦楚，你倒以為對得起他們麼？,3.0,6.5
text_00006,text,我是第一次讀龍應臺的書，流暢的文筆，深深的內涵，對兒子的關愛，平等的推心置腹，思想觀唸的碰撞火花竟然這般的美麗而感人。,7.333,5.857
reflection_00012,reflection,"E30描述事件這個病患(57歲男性)從剛入院就是我的primarycare,從第一天看他接上ECMO並做完primaryPCI就來到CCU,從一開始的E1VeM1到現在第九天進步到E2VeM3,從一開始的LVEF個位數到現在的16,固然有慢慢在進步,hemodynamic還是慘不忍睹,因此詢問了家屬心外醫師提到的心臟移植部分,家屬紅了眼睛說他還這麼年輕能換就換,但如果真的...真的不行就放他走。",1.625,5.7
sentence_01539,sentence,並不是盡如人意的,3.5,3.5
reflection_00633,reflection,此次是在家裡conscious loss，跌臥在椅子上昏迷，經家人送到高醫急診，診斷為acute respiratory failure與sepsis shock， pneumonia related。,4.875,3.0
sentence_02380,sentence,美國終於出了個敢於與中共較勁的商人總統川普,6.4,7.25
reflection_01272,reflection,原因有二，一是中藥的機轉及實證都不夠明確以支持重症病患可以服用中藥，二是病患家屬不可以再病患無意識的情況下用切結書來決定治療方針，當下我認為能決定治療方針應該要有專業判斷以及科學實證，在這件事上面是不適用share decision making strategy。,4.5,2.625
reflection_00315,reflection,可以怎麽做回頭想想，護理師的經驗相對豐富，或許是從她過往的經驗累積中，判斷這位病人可能需要強硬一點的方式會比較好溝通；又或者是直接告訴病人，反正最後結果也會是他被綁起來放這樣最快，省略了中間的語句所以聽起來才會像是在威脅，即使她本身沒有這樣覺得，但病人就是覺得有被威脅到。,4.5,4.0
edu2021_00981,edu2021,我還是搞不清楚到底是怎麼運作的,3.25,5.583333333333333
sentence_02126,sentence,終稍來寒光中的暖意,6.0,3.5
reflection_02041,reflection,但站在醫療同業的立場，不須堅持自己正確而去全面否定另一位醫師的決策及解釋，這時就需要一些說話的藝術。,4.875,3.125
text_00179,text,德國書商和出版商協會主席霍內費爾德讚揚廖亦武，「恢復因鎮壓和壓迫而受苦人民的聲音」。,5.667,5.429
text_02768,text,從輪迴轉世的角度來看，人世就如一個巨大的舞臺，人們反覆地登臺退場，在舞臺上演繹著悲歡離合、愛恨情仇，平衡著各自的相欠，同時學習各種經驗和教訓。,5.571,4.0
text_00542,text,很舒服；服務不錯，感覺樓層比前臺服務更好；酒店周圍環境真好，有山有海，本人在後山散步時差點掉下懸崖，建議酒店及時將後山半截路加上標誌和圍擋，太危險了！,3.571,5.444
text_01912,text,替輸家出頭，只有造成社會動亂，大埔張老闆嗝屁了林家也拆了!贏家也被搞得不爽..更扯的是，他們還想將所有人帶到輸家那一方為什麼員警還不趕快將這兩人帶走，關到綠島去呀!跟有競爭力的贏家站在同一邊不是比較好嗎?,4.625,6.286
text_01038,text,張姓清潔員答辯時說，借調之前長官就說了不會影響獎金，事後卻任意更改勞僱契約、調整薪資結構，「要我退還已領的薪水，不只侵犯員工權益，更破壞人民對政府的信賴，實在鴨霸！,2.5,7.444
sentence_02056,sentence,他不僅僅是忘恩負義,3.0,7.0
reflection_00450,reflection,因為病患狀況非常不穩定，因此有與家屬討論後續治療。,4.75,2.1
text_02001,text,在這些小老闆中，總會有人在為日益壯大的公司的管理而苦惱，可以說，在這個時候，教科書上的東西是不管用的，而大公司的管理制度也同樣不適合。,4.444,3.889
sentence_02375,sentence,畫畫的時候腦海裡浮現在我受難的時候,4.0,4.6
text_00312,text,只要能讓我安全回到家，抱抱小王子，與女王說說情話！,5.857,4.778
text_02699,text,在官方的示範裡，這個功能不僅可以主動訂好位置，更懂得模擬人類的各種停頓語音，讓人不只是覺得厲害，甚至會有點驚悚的感覺。,6.333,5.875
text_01074,text,外交人士透露，我方對中國僑民申請護照的審覈相當嚴謹，「申請人大概要是諾貝爾獎得主纔可能成功吧！,4.125,4.167
edu2021_00432,edu2021,在考完試後，我明白自己仍有許多不足，讀的還不夠多,4.75,3.666666666666667
text_01587,text,此外，朝野立委也達成共識，自明年度起，所有國營事業，包括油電糖水、公股銀行等，必須要有盈餘，才能發放績效獎金，但最高也不得超過一.二個月，若虧損則「一毛錢都不能發」。,4.778,5.0
edu2021_00620,edu2021,滿新奇的，覺得開始與自己的生活有所接觸,6.083333333333333,4.357142857142857
text_01584,text,中油擴張解釋規定，還說中油只是申報填寫時「偷懶」沒寫清楚，所以審覈時依「事實認定」，照給最高上限的績效獎金。,3.889,5.333
reflection_02493,reflection,這個拔管病人兩三成會發生的劇本，或許學長姐們早已習以為常，但當我看到昨天拔管的病人，新一日早晨又彷彿退回原點般，插著管，呼吸隨機器波形起伏，我忍不住一聲長嘆。,3.75,3.875
reflection_00049,reflection,"反應為何聽著學姊向家屬解釋病情時,我一直忍不住去看家屬的表情和動作,隨著一次又一次的癲癇發作,家屬與患者之間的距離也越來越遠。",3.625,4.375
text_01202,text,他們的比賽，能夠拿下冠軍真的是非常不容易。,6.556,5.857
reflection_02324,reflection,甚至有學長扮黑臉，用很直白的話說：她已經死了，妳再折磨她，她會恨妳！也無法讓她接受事實。,3.2,6.0
sentence_00023,sentence,我不懂他們說的電波是什麼意思,4.333,4.333
sentence_02444,sentence,淡北道路未知數,4.5,4.0
reflection_02445,reflection,由於擔心狀況不穩定，我們並沒有直接拔管，而是逐步try weaning。,3.7,4.0
text_01953,text,聯合國工作人員：「阿富汗社會讓媽媽們覺得，她們不夠格來哺乳，然而母乳對小孩來說是黃金飲品。,3.889,3.75
sentence_02347,sentence,豐順安康的祈福,7.0,4.75
sentence_02574,sentence,的推總會有莫名的喜感,7.0,6.0
edu2021_01393,edu2021,教授給了我們比較清楚的概念，知道要如何時做出一些實際的應用,6.666666666666667,2.583333333333333
text_01454,text,「我不怕鬼，很怕蛇，但又喜歡看蛇，只要有關蛇的，我都喜歡看。,5.667,4.75
sentence_00980,sentence,又遲到了!!!!!!!!!,3.5,8.0
reflection_00467,reflection,我的心中十分<+困惑，不願意相信醫學是有極限的。,2.6,5.4
reflection_02211,reflection,後來的31床，是一位70幾歲的奶奶，他的大兒子長得高高的很魁武，總是穿著特別的短褲，平常對醫護人員很客氣也很有禮貌，直到那天，NP姊姊只是要拿SDM和氣切的說明書給他看，只是講到：“之後病況如果不佳有沒有想過??,4.0,3.5
edu2021_00665,edu2021,今次在課堂上使用太多專有名詞，有些聽不懂,3.583333333333333,3.666666666666667
edu2021_00119,edu2021,一成不變的上課方式，讓我沒有足夠的動力去學習,3.142857142857143,3.25
edu2021_01164,edu2021,今天學到很多東西,6.083333333333333,1.916666666666667
edu2021_00383,edu2021,只是稍微了解而已，還是不太理解這章的內容大綱,4.333333333333333,3.5
text_02955,text,韓粉宜蘭後援會則發出警告，6月1日、6月22日兩場造勢大會均屬自主性，若有人招攬免費搭車、請客、吃飯、送錢，都是陷害當走路工影片，籲韓粉千萬別中計並歡迎檢舉！,4.143,5.778
text_02427,text,菲軍方司令帕巴若週五表示，當天軍方在南部蘇祿省叢林與阿布沙耶夫武裝分子交火，被阿布沙耶夫扣為人質的荷蘭鳥類觀察員霍恩本欲趁亂逃走，結果被該武裝分子開槍打死。,2.667,5.75
edu2021_01200,edu2021,聽完講解後，總算是略知一二了,6.083333333333333,4.666666666666667
sentence_00082,sentence,女孩緊緊抓住男子的衣服,5.0,3.667
text_00647,text,請大家還是遠離的好！,3.625,4.429
sentence_00052,sentence,普通的生活真的很珍貴的,6.333,5.0
reflection_02009,reflection,終於感染控制下來了，中間還有成功拔管一次，但第二次開刀後不到一週就聽到壞消息，好不容易燃起的希望又熄滅了。,3.875,3.75
reflection_00485,reflection,與老師討論後，老師認為加護病房有一個強大的治療方式:時間。,5.0,2.125
sentence_01300,sentence,雙普通電話並非突發事件,4.333,4.333
reflection_02435,reflection,在心臟內科加護病房的這兩周，每到家屬會客時間，空氣中總是特別可以感受到那種情感的波動，或許是因為會客時間一天只有中午這時段，再加上病人情況普遍不佳，所以那種可能與親人離別的感覺會更加強烈，而能見面的時間也顯得更加珍貴，因此大部分家屬們都會會很珍惜這短短的時間，排除萬難前來探望病人，並仔細詢問醫師病患的疾病進展如何，有沒有機會轉回普通病房等。,5.625,5.25
edu2021_01187,edu2021,初次操作覺得有點生硬，覺得需要多花點時間摸索,4.666666666666667,3.714285714285714
text_01765,text,中共官方喉舌報「人民日報」也報導，黑格在擔任參議員時，一再反對制裁中國。,4.778,3.875
reflection_01424,reflection,對於即將走到終點的生命，我一直都是持善終的觀點，被病痛折磨，一直撐下去，跟病情進展快速，很快就走向死亡，如果他是我親人，我會禱告希望上帝可以盡快將他帶走。,4.6,5.4
edu2021_00178,edu2021,我喜歡今天上課的內容因為比較貼近生活,7.285714285714286,5.357142857142857
text_01568,text,有了充足的財源，但武裝份子卻缺乏取得重型武器的管道。,4.125,4.0
sentence_00255,sentence,到西方極樂世界逍遙一世,6.5,4.5
reflection_00312,reflection,事後我再去確認他真的沒什麼事時，他跟我說：「他很感謝我們這麼關心他。」,7.2,3.875
text_00042,text,這就是愛情中的極致了吧，於是《癡相公》把這樣的唯美愛情，一一鋪就，濃墨重彩。,6.222,4.625
reflection_00544,reflection,描述事件一位病患因膽囊炎轉入一般內科病房，又因肝指數異常與急性肝衰竭轉往肝膽內科治療。,4.875,3.6
edu2021_00029,edu2021,上課速度跟不太上,2.857142857142857,3.583333333333333
reflection_01164,reflection,別忘了「愛他也要愛⾃⼰」，學習祝福⾃⼰、與⾃⼰和解，我想這也會是正在病中的家⼈會想看到的。,6.125,5.25
sentence_01035,sentence,我來日本以後從來不跟支那人交往,3.333,5.667
sentence_02136,sentence,指當年無刻意剔除適用內地,4.0,3.0
sentence_01846,sentence,我很確信這個人要真的當上了總統,7.0,6.5
reflection_00980,reflection,我的感受：當下最直接的感受是感到可惜，此項研究需要的樣本其前提條件相當多，為此當有滿足此些條件的病人總會希望能夠納入研究中。,4.125,3.3
reflection_01135,reflection,當時家屬提出疑問時住院醫師的回答是說確實可能會發生拔管後沒有立即死亡，若發生此種狀況的話會給予鎮靜藥物，讓他減緩痛苦。,3.625,3.0
sentence_00873,sentence,特朗普下令啟動餘下3千億美元中國貨徵稅程式,5.0,2.75
reflection_01456,reflection,不過親眼看到一個三十歲的人像中風一樣半邊癱掉、講話思考鈍鈍的。,4.625,5.125
reflection_01565,reflection,當下主治醫師並沒有被比較針對的言詞激怒，能夠站在同理家屬的立場安撫他們，解釋病人當下的狀況，並進行溝通，理解家屬與醫護人員認知上的落差。,4.8,2.875
text_01565,text,紐約時報分析指出，北韓此次核試對習近平構成重大外交挑戰，特別是習曾強調他希望美中能建立「新型大國關係」。,5.625,4.75
edu2021_00320,edu2021,雖然學過，不過依舊十分有趣,6.5,5.071428571428571
reflection_01269,reflection,可以嘗試了解家屬的立場，對於家屬來說，得知家人的病況已呈現不可逆時，一定會認為既然西醫已回天乏術，那中藥何不一試，尤其在台灣的習俗信仰，家屬會有管灌中藥的念頭是可以理解的。,4.375,3.5
reflection_02080,reflection,並且在完整的告知家屬目前可行的方法後，再一次的確認家屬對於手術是否抱有不切實際的期待，才能在雙方的資訊皆對等的情況下，一起進行醫病共享的醫療決策。,5.75,2.875
reflection_00961,reflection,我的感受我感覺雖然沒有要責怪醫師，但其實他也很責怪自己沒有及時發現阿婆的病情變化，他應該覺得如果早一點發現或是他更細心主動一點，阿婆就不會快速盡如C02 retention甚至呼吸衰竭的情況。,2.5,7.375
text_01506,text,歌迷昵稱「京爺」的張芸京沉潛2年推出專輯《小女孩》，一貫中性的打扮，但將頭髮留長了些，雖還稱不上充滿女人味，但言談中感覺她變得比較柔和，甚至興起了結婚生子的念頭，「如果人生到了這個階段的話，結婚生子是一個備受祝福的事啊！,6.5,5.111
text_00234,text,因此不受連續性的限制，你想什麼時候讀都可以。,5.222,4.0
reflection_01550,reflection,你的反應為何 我本想著要再跟他解釋一遍他的病況、需要的各種處置，要他相信我們醫師，再嚴厲告誡他一番，使他了解這種行為非但沒有用，而且會傷害醫病之間的信任關係導致治療品質出現不必要的風險。,4.25,5.3
text_00568,text,實在是庭院深深，適合有車的朋友住。,5.5,5.222
sentence_01447,sentence,拖延民進黨總統初選,4.0,2.8
reflection_01510,reflection,"每次會客,我看得出病患的家屬很放不下他,他們每天都會有人來,每次來的人有爸爸和三個兒子輸流,但是沒有一個人可以做出決定。",4.25,2.875
sentence_02451,sentence,一定要他超凡入聖才肯向他下跪,4.5,5.667
sentence_00924,sentence,而中共利用這國恥巧妙的將民眾怨氣調離八九六四十週年,4.0,3.75
text_02641,text,但在這勝利的幻象面前脆弱的人類生命將成為唯一的障礙，那些不能被消滅的生理需求拖累了利潤引擎前進的速度。,3.5,5.0
reflection_00896,reflection,當時隔壁床也是疾病末期的病人，但家屬決定走向安寧，藥物慢慢地調降，希望給予病患最後一程舒服地走，二床的家屬剛好形成鮮明的對比。,4.875,4.75
sentence_00209,sentence,不是和中國現實太脫節,3.667,4.667
text_00408,text,還價錢都訂好了咧...雖然還算是行情價!但可能就是抓住價錢不算貴，怕麻煩的心理詐騙!!建議一定要找員警!!不一定是機車要賠汽車!!雖然你們沒犁田，人也沒事!突然想到:叫員警來，先開牠一張亂改大燈HID)，應該比2500貴很多!還要驗車!!可能牠會倒給你一千，抱著牠的下巴落荒而逃!,3.556,6.125
sentence_00454,sentence,都是如今的習維尼已經全面復辟甚至變本加厲的內容,2.4,6.0
reflection_01688,reflection,“學弟，你之前有抽過腹水嗎？“ 我搖了搖頭。 ”那這次讓你放吧，我會在旁邊教你的，不用緊張！“,5.25,4.25
text_02081,text,5月7日訊息，近年來，隨著監管深化，網貸行業持續不斷地調整，截至今年4月，正常運營的網貸平臺數首次跌破千家。,4.8,5.333
sentence_02446,sentence,除非他已經丟辭呈出去了,3.667,5.333
text_01417,text,不過自曾政承於二○○一年拿下世界大賽冠軍以來，國內遲遲無法將電競比賽納入體育正式項目，老、中、青電競國手急盼政府儘速實行，憂心這波熱潮不知能被關心多久。,4.375,4.5
sentence_00075,sentence,又見平成最後的這種傻逼句型,3.0,5.0
edu2021_01077,edu2021,對課程的了解非常的模糊,2.785714285714286,5.833333333333333
reflection_02418,reflection,起初在一般檢查治療項目上，其四姐都能配合醫院需求積極進行檢查處置，但隨著病人病情並未好轉，甚至每況愈下，所需的處置也更具侵入性(例如：洗腎)，其四姐開始拒絕簽署文件，甚至說無法配合法定代理人的位置，而希望院方直接跟其兒子進行討論決定。,3.75,5.375
edu2021_01349,edu2021,教得有點快，還沒吸收完，就又有新的東西,3.416666666666667,3.714285714285714
text_00260,text,這樣的教育方式已經值得我們反思。,4.667,4.75
text_02722,text,我童年挺快樂，父母和睦家庭優渥，朋友對我挺好，我學習成績也挺好，唯一的煩惱可能就是中午食堂自己最愛吃的小炒肉又放了香菜。,5.429,3.556
text_02090,text,金管會主委顧立雄今天表示，為鼓勵保險業投入非特許的長照產業，涉及不動產投資部分，將放寬收益率規定，至於收益率會調降多少還在研議，不過時程不會太久。,5.0,3.833
sentence_01059,sentence,促成故事的分別在這裡,5.0,3.667
edu2021_00211,edu2021,這次上課一點也不有趣，讓人想打瞌睡,2.75,3.166666666666667
edu2021_00943,edu2021,感覺最近上的東西都有點重複，希望可以講一些新東西,3.416666666666667,2.642857142857143
sentence_01262,sentence,但是她的臉完全是純天然的,7.0,5.5
sentence_02064,sentence,讓人得以無懼地向前走,6.5,5.5
reflection_00732,reflection,可以怎麼做若是有機會遇到家屬來現場會談的話，會想和老師一起參與，或許可以透過會談了解他們夫妻之間的關係是如何演變至現在這樣的。,4.375,3.125
edu2021_01510,edu2021,一開始聽不太懂，直到後來有舉例的時候才了然,5.785714285714286,3.642857142857143
sentence_00287,sentence,最高檢清理久押不決是在清理違法行為,7.0,6.0
edu2021_01549,edu2021,最近上課內容都比較偏向知識理論方面，雖然容易理解，但是需要多番思考才能達到深入了解,5.666666666666667,4.5
text_00953,text,如果打遊戲估計還是會比較熱,5.125,3.875
sentence_00854,sentence,重賞也已經獲勝了不可能會被處理掉,5.5,6.0
sentence_02199,sentence,哀悼與團結的曲線,5.0,3.5
text_02847,text,曼聯今季表現差勁，不少人歸咎於領隊摩奴，但剛宣佈離隊的安達靴里拉則認為責任在於一眾球員而非主帥，又指對方已為球隊盡一切努力。,4.333,4.778
text_00585,text,房間：大小一般，被褥比較乾淨，離馬路有點遠，晚上比較安靜。,6.333,4.333
reflection_02015,reflection,病人妻子聽後還是重複詢問類似的問題，似乎是完全忽略撤除呼吸器的選項，不想氣切但還想留著氣管內管，而在拿到氣切的相關資訊後，雖然會客時間還未結束，就先離開了病房。,3.625,3.8
reflection_00081,reflection,"可以怎麼做新發現了什麼有無新的認知或體認有無新的觀點在觀察現場的狀況後,我發現老師在面對情緒激動的家屬時,會:首先肯定與鼓勵家屬對病人的照護與決定解釋醫療團隊對病人全人的照護,鎮靜劑是基於人道的立場嘗試了解家屬質疑與激動背後的想法(找社工介入一起跨團隊討論)了解過後才知道,原來病人當初的意願是不願意插管,但當初病情有可逆的可能,所以家屬選擇還是插管,但病程持續到如今已經難以撤除呼吸器,面對現在的情況心理有罪惡感,是不是當初做的決定害了他們的家人?",4.125,5.7
reflection_02039,reflection,雖然老師那日與家屬對峙如此久實在辛苦，但也讓我們學到了真正醫病衝突與溝通的一刻。,5.5,4.0
sentence_00229,sentence,略帶發力的緊張,4.333,3.75
text_01072,text,國民水準愈來愈高，人家覺得我們有這條件，護照沒有去騙人，簽證被拒絕的比例從過去超過三％，已經降到了一.九％。,6.667,5.625
edu2021_00413,edu2021,這堂課大大增加我的認知，但總覺得教得有點太多了，難以消化,4.333333333333333,5.583333333333333
reflection_00816,reflection,其次，我們也需要展現專業的一面，包括情緒上的控制像是保持冷靜、更有耐心一些，並且將各項治療的利弊得失向家屬解釋清楚，有時候可以運用醫病共享決策輔助評估表等方式協助家屬理解，降低醫療資訊的不對等。,5.25,5.0
sentence_00585,sentence,什麼征服宇宙啊,3.5,6.5
edu2021_00883,edu2021,因為有些基礎還不知道，所以有點聽不懂,4.0,3.666666666666667
text_00455,text,Toyota剛好相反，第一批一定用料最好，後來才會慢慢Costdown。,4.875,4.0
sentence_00786,sentence,因為你遺傳了媽媽的個性或是態度或是氣質,6.0,4.5
sentence_00226,sentence,就是有這麼多明明更無知卻又自大爆棚的人,2.5,5.6
edu2021_00480,edu2021,耶! 終於教完了，下禮拜考試，期待期待,6.75,6.785714285714286
text_01810,text,揮之不去的冷戰思維在作祟；中國快速發展讓一些人感到不適，企圖通過美日安保合作，強化冷戰同盟，保持不合時宜的戰略優勢。,4.0,4.857
text_02107,text,Lilium原型機不但能像直升機一樣垂直起降，也可用於水準飛行，最高時速300公里，航程可達300公里...是不是有奇點已到的感覺？,6.1,4.111
reflection_01065,reflection,若家屬仍無法走出悲痛情緒，可適時請心理師或社工幫忙。,3.5,2.875
sentence_01304,sentence,人家是及時行樂他們是及時多講兩句閒話,3.0,6.0
text_00253,text,袁喜和步懷宇，他們倆人的愛情來的磨難重重，有的時候甚至會有些憎恨袁喜的固執，惱火她的倔強。,4.625,5.4
reflection_01814,reflection,突然其來的病況也令家屬擔憂，希望盡量免去自己的孩子有多餘的氣切傷口。,4.25,2.875
sentence_00871,sentence,不論我怎麼期盼,4.0,4.5
reflection_00543,reflection,於肝膽內科測出high level of HBV viral load，懷疑是Hepatitis B flareup。,4.875,1.75
text_02753,text,首局火腿靠保送和安打攻佔滿壘，接著中田翔打成三壘方向滾地球造成雙殺，不過帶有1分打點，下一棒王柏融在首打席選到四壞球保送，下一棒渡?諒飛球被接殺，結束此局。,4.714,5.286
text_02819,text,SuviKo甜甜的浪漫心意~京東秋迪食品專營店目前售價58元，領取29元優惠券，使用優惠券，券後實付僅需29元包郵。,5.714,4.833
reflection_00173,reflection,"而在未來我認為應該要更努力念書增進自己的知識,了解末期病患的評估及常見的走向。",5.5,5.333333333333333
reflection_01633,reflection,因此，我覺得難過的情緒好了很多，因為找到了自己的目標，也立下對自己的要求，希望自己未來碰到類似事件的時候，能更設身處地站在病人端或家屬端，去了解他們真正需要的是什麼，而不是一味地做著「正確」的事情，這也是我們常常在學習知識之後，不小心就遺忘的部分。,5.7,4.3
sentence_02079,sentence,應該是暴風撿到,4.333,5.667
text_00580,text,一家4星級賓館，設施方面實在是不敢恭維。,3.25,5.75
reflection_00821,reflection,可以怎麼做：像婆婆這種需要長期照護的病人，其實醫療能做的並不多，病人的功能是否能恢復取決於原來疾病進展的程度和治療積極的程度。,4.4,3.5
edu2021_01084,edu2021,今天上課非常有意思，讓我收益頗多，學習起來更輕鬆,6.75,5.583333333333333
reflection_00247,reflection,過程中，家屬不僅沒有靜下心來好好聽病情解釋，反而重複提了很多遍他認為適合但實際上不適用的治療方式或是問題。,3.375,5.5
sentence_02550,sentence,要贈送經過開化寺註生娘娘加持,6.333,4.0
edu2021_01017,edu2021,這堂課我學的很多，覺得時間過得特別快，一下子就下課了,7.25,6.333333333333333
reflection_00579,reflection,我的反應如何 除了搜尋肝醣儲積症的文獻，了解其病程及治療方式，需要重新全面評估病人整體情況。,4.625,1.25
edu2021_00950,edu2021,這樣的速度會不會太快了一點，真正聽進去的也沒很多,2.083333333333333,6.75
edu2021_00853,edu2021,在一些題目練習後，希望能更融會貫通,5.5,4.142857142857143
reflection_01302,reflection,在查房的時候，發現病人的家屬不斷地質疑“明明一開始好好的，為什麼送進來時變成這樣？”,3.2,5.5
edu2021_00127,edu2021,今天講的內容跟前幾次上課的內容有連貫，所以比較清楚整體上課的內容是什麼,6.666666666666667,3.285714285714286
sentence_00494,sentence,我們試圖追蹤每天在全球範圍內的中國境外的每一筆交易,5.667,4.0
reflection_02317,reflection,病患為76歲男性，因Acute ischemic limb of left leg住進加護病房觀察，在藥物治療後以及導管介入後，臨床症狀並無明顯的進步，需要截肢。,4.5,4.1
text_00883,text,電池容量高達56Wh，續航能力強，可使用3～4小時，電池芯是韓國的，控制晶片是三星的。,5.286,5.625
sentence_02577,sentence,萬事只求半稱心,5.667,2.333
text_01218,text,「有冤報冤，有仇報仇，誰殺你們就找誰報仇！,2.375,7.667
text_01815,text,所以支持廢死的人想法反而更堅定.,5.222,6.286
text_00583,text,當然好的地方也是有的，自助餐還不錯，內容比較豐富，味道也不錯，特別是那個什麼蝦。,6.444,5.0
sentence_00961,sentence,中國農業有多落後你說來聽聽起,3.5,6.667
text_00974,text,CPU顯卡也完全夠用，介面也非常齊全，總體來說很滿意！,7.143,5.0
edu2021_00370,edu2021,今天教的讓我感到十分新鮮，有種原來如此的感覺,6.833333333333333,5.0
sentence_02573,sentence,我應該多產點糧,5.5,3.2
reflection_00145,reflection,"有時候家屬並不是不想說,而是沒人引導,不知道怎麼好好的表達自己的情緒。",5.0,2.5
edu2021_00255,edu2021,老師字寫得太草，抄筆記有點困難,3.3,3.916666666666667
edu2021_00657,edu2021,今天教得很快  不理解部分內容,3.714285714285714,4.0
sentence_02564,sentence,你不用避重就輕啦,3.667,6.333
reflection_01652,reflection,另外，當家屬的意見不同時又該怎麼辦，有一位病人可能面臨植物人的結果，家族的支持真的有辦法照顧他到臨終嗎？,4.0,4.2
reflection_00288,reflection,之後的每次會客時間，看到女兒總是時間一到就快步地走向病房，病房內也放起了宗教音樂，每次和醫護人員的談話都聚精會神，要離開時也總是表達出對醫護人員照顧病患的感謝。,6.5,5.5
sentence_01191,sentence,兩位主持人稱得上是令人敬佩的基督徒,7.0,4.5
edu2021_00939,edu2021,今天上的內容需要想比較久,4.583333333333333,4.5
text_02473,text,一戶姓顧的人家，大兒子在廠裡被桁架上掉下來一根螺栓砸中腦袋，搞成神經病，有時竟在半夜嗚嗚叫起來，很煩人。,3.333,5.167
sentence_02567,sentence,並質疑窒礙難行,4.0,4.667
reflection_02534,reflection,來MICU的第一天，就遇到我們之前在上一個course感內遇過的病人，當初我們看著她從清醒可以對話，開始越來越喘後決定on endo，到突然心跳停止開始急救，這算是我第一次看到急救的過程。,4.5,6.25
reflection_00379,reflection,我接受全力拚到對後一刻，但我不明白為什麼要讓一個回天乏術也醒不過來的人多維持一天的生命徵象，我能理解部分人可能有這樣的想法，但我不明白為什麼全家族的人都一樣。,3.75,6.125
reflection_00440,reflection,另一方面，也可能是因為一時之間，癌症的發生以及呼吸困難等危及生命的相關疾病惡化太快，訊息量太大，而無法消化，只能就自己聽得懂的部分做回應。,4.25,2.4
reflection_01067,reflection,然而除了醫學觀點之外我們並不知道這位病人對家屬有多麼的重要，他們也許約定好要一起做什麼事也許白頭偕老至今還有很多感謝沒有跟對方說，在這種情況下，我們必須站在家屬的角度想一想他唯一的希望就是想讓病人醒過來，他們沒有多餘的心力去了解治療的利弊只要僅存一絲希望，就救到底吧。,5.0,5.5
reflection_00839,reflection,"在這個病人身上,我學到最多的是醫病溝通的技巧以及認知到團隊合作的重要性。",6.0,2.5
reflection_00381,reflection,這位病患已經經過了許多醫師的手，也有許多人跟家屬談過積極治療但不要壓胸電擊，但是家屬卻完全接收不到病人已經來到生命末期，很強調病人還在奮鬥，不要去想死亡很痛苦，並且認為醫師一定可以救活她的家人，並且因為醫師提到有些事是上天決定的而對醫師感到生氣，最後在家屬同意DNR後幾個小時，病人也嚥下了最後一口氣。,3.2,7.0
edu2021_01196,edu2021,今天被教授點到，有點受寵若驚，不過還好這個問題我還勉強的回答得出來,5.416666666666667,7.285714285714286
sentence_00814,sentence,被趕到的巡邏車警員制服,6.0,4.0
text_02070,text,36氪獲悉，共用住宿平臺木鳥短租今日宣佈已完成數千萬元B2輪融資，由華冠資本領投，老股東達晨創投、梅花創投跟投。,5.556,3.333
reflection_02315,reflection,我心裡想:該不會想挑起醫療糾紛吧?,4.375,3.9
reflection_00840,reflection,"整體而言,我覺得醫療團隊做得非常完整,在病人清醒時,集合外科及MICU團隊一起和病人及家屬討論,最後達到一個共識。",6.875,2.625
text_00461,text,請問ALTIS10.5冷車啟動轉速2000RPM是否有問題新車時還不會第一次保養完有換自排油)就這樣了問計師又說正常但公司裡5台ALTIS都沒我這樣高開我朋友的冷車發動也才一千多引擎安靜不吵雜不像我的非常的大聲雜音很多我在想是不是常常高轉速熱車有傷到一點PS機油使用5W50原廠油發車必熱車不開快車10.9兩千轉維持幾秒鐘而已後面會慢慢的掉回一千出頭我的疑問是為何朋友的車不會這樣而我的會是否有辦法調整,3.429,5.429
text_02211,text,自近兩年來新造煙企業迅速湧入市場至今，許多電子煙產品的銷售增長資料都很出色，但隨著需求的上漲以及管道的增加，各方面的壓力也隨之而來。,4.0,4.0
sentence_01633,sentence,一隻小蟲不偏不倚掉在眼球上,3.5,4.75
reflection_00290,reflection,當時懷疑有膽囊破裂的情況而照會一般消化外科回覆因病患狀況不穩定而建議先放置引流管，但影像科評估病患目前嚴重凝血功能異常而風險高需先予以矯正再執行引流。,4.4,3.2
sentence_02544,sentence,這是何等悅耳的聲音,7.6,5.25
sentence_01332,sentence,被圈養獲得的安逸,5.5,3.0
text_01303,text,由於前2場比賽中，卡爾瑟斯都扮演了關鍵的角色，因此AZF第3場使用禁止使用角色的權利，禁止雙方使用卡爾瑟斯，不料此舉正中TPA下懷。,4.75,4.75
reflection_00184,reflection,"另外,這件事讓我思考對於『活著」的意義為何即便給予治療也難以緩解的全身疼痛水腫,靠著藥物及機器維持基本的生命徵象,大部分的時間對於外界的感知是模糊的,這樣還算是活著嗎?",1.25,6.75
sentence_00975,sentence,不像信義區統一時代分店全部都有,4.333,5.0
edu2021_00819,edu2021,因為是新章節的開頭，所以比較輕鬆,6.142857142857143,4.666666666666667
reflection_01617,reflection,在知道病患哥哥堅持要使用靜和的藥且在病情不穩定之時還是繼續塞藥時是感到不解的，因為有很多精神病藥的副作用就是低血壓甚至是牙關緊閉等等，也是說他這次休克昏迷的原因在找不出其他原因之後很有可能就是因為drugoverdose所造成的，但是哥哥還是不斷的堅持要吃到一定劑量的靜和藥，姑且不論塞進病患是否會因吞嚥功能喪失而嗆到，當累積過多藥物後又一起吞入也有可能會照成濃度過高而對病情造成不可逆的影響，所以在一開始時無法理解他為什麼會這樣做，甚至覺得他會害了他弟弟。,3.75,4.3
edu2021_00495,edu2021,我覺得呢，今天上課有點快，看起來有一點點難，但是還是可以接受的,4.75,3.166666666666667
reflection_00172,reflection,"在住院醫師時期若直接接觸病患或其家屬,可以視情況以肢體語言給予情緒上的支持。",6.0,2.3
text_00254,text,明明是個比何適好一百倍的男人，明明是個比何適更加適合她的男人，步懷宇，讓人覺得可以依靠的成熟男人。,6.625,4.0
text_02247,text,說實話，我從事大氣科學方向的學習也有些年頭了，對於這個概念我還把握不好，別說不從事這個方向學習的成人，更不要提知識面更窄的孩子們了。,3.444,3.444
reflection_01094,reflection,他願意與我分享他的想法，也願意忍受我每天做幫他做一堆身體檢查(練習)卻說不出個所以然。,5.3,4.3
text_01164,text,3人不信稱論婚嫁專案人員通知受害女子到案時，好幾位說「已經和男友『論及婚嫁』」，其中至少3人對於網路郎君將來臺迎娶一事深信不疑，當面嗆員警「別破壞我的良緣」，直接稱對方是「老公」。,4.0,5.333
sentence_02161,sentence,撫育了你終於成青春的臉龐,7.0,5.25
sentence_00813,sentence,疑犯左手中槍後繼續駕車逃走,3.667,4.667
text_01160,text,我們的電玩迷做出的正確決定，希望明年你們看到我們的最新產品時能夠同意這個說法。,5.778,3.0
sentence_00351,sentence,惡意殺價和持有毒品聞名,3.667,5.0
edu2021_00843,edu2021,這個單元略為複雜，希望在課程結束之前能夠完全聽懂,4.333333333333333,3.928571428571428
sentence_00487,sentence,孟晚舟申請中止訴訟,5.0,2.667
sentence_01110,sentence,近視眼感覺受到了冒犯,3.333,5.667
sentence_01061,sentence,各種偏執與需要被照顧到的情緒都有了清楚的面向,6.5,4.5
sentence_00409,sentence,去找個小幫手去買杯熱巧克力或桂圓茶來喝,5.5,3.5
text_01278,text,不久，五人結帳離去時，吳又追出，其中李姓大學生和友人說話時，吳即對李揮了一拳，造成下嘴脣撕裂傷。,2.444,6.25
reflection_00776,reflection,"一些人可能會感到憤怒或失望,因為他們認為病人和家屬應該能夠克服關係問題,並為病人提供支持和關愛。",3.5,3.25
sentence_01699,sentence,削減製造業產能,4.0,4.667
text_01718,text,我很高興全美國都愛上第一夫人。,6.75,5.75
sentence_02490,sentence,說著言不由衷的謊言,3.0,3.75
sentence_02561,sentence,黑社會上門鬧事,3.0,5.75
text_00175,text,逃離中國封殺而流亡德國。,3.286,4.167
reflection_00666,reflection,當自己病重的時候還要用mechanical ventilation、身上各種大小管路，還沒有辦法自己離開床上或者有家人陪伴在側。,3.1,2.75
sentence_00059,sentence,然後這一年多才突然感覺到自己真的在玩同人了,5.0,4.667
sentence_01276,sentence,這不是信仰而是褻瀆神靈,3.0,6.75
text_01172,text,網友「Jass」直言，一般體育活動能運動健身，但打電玩「只聽過死在椅子上的，還沒聽過能健身的。,3.375,4.125
sentence_02271,sentence,在各界砸郭人士群策群力,4.333,4.667
edu2021_00912,edu2021,今天的學習學到的內容想必未來能得到幫助,6.75,5.083333333333333
text_01434,text,王心淩去年傳出介入姚元浩與隋棠的戀情後，灑淚否認自己是第三者，今年王心淩與姚元浩重燃愛火，坦承戀愛中。,4.429,4.857
sentence_00384,sentence,身上透著一股野獸般狂暴的氣息,4.667,5.333
reflection_01236,reflection,在這兩個禮拜的實習過程中，最讓我印象深刻，也是唯一讓我鼻頭一痠，必須先躲去廁所好好整理情緒的病人。,3.4,5.9
text_00014,text,故事情節的發展，我也心中甜蜜，酸楚，失落，幸福。,5.125,4.571
text_00226,text,文如其人，安哥樂觀的生活態度讓他寫出如此生動感性的好文章。,6.0,5.25
reflection_01802,reflection,二次插管後患者狀況惡化，甚至還發生多重器官衰竭，所以主治醫師認為病患死亡已不可挽回，並且建議家屬放手。,3.875,4.25
text_00071,text,有些生活，仍是在想像中纔會完美吧，而我喜歡這樣的小生活、小趣味，和淡淡的喜悅和無奈。,6.0,4.333
text_01552,text,印尼一名最高法院法官候選人拿強姦受害人開玩笑，受到廣泛譴責，可能丟掉法官職務。,3.111,6.143
sentence_00522,sentence,不如此早就被滅了,3.667,6.333
sentence_02488,sentence,你們共匪軍艦自己炸毀了,5.333,5.0
sentence_00782,sentence,77應該比較算天然的自尊心高,5.5,2.5
sentence_00793,sentence,和粑粑總是無障礙交流,6.667,4.667
text_00732,text,還算舒服，早餐口味也不錯。,7.0,3.286
reflection_02508,reflection,而因為他本身的疾病就比較複雜，像是在抽血檢查發現白血球有比較高的情形，還有疑似因為末期腎臟病導致的血色素不足、肝癌的標靶治療等，因此將他轉到老年醫學科病房。,4.4,3.9
sentence_00001,sentence,每一樣都美好得不可思議,7.75,7.4
text_01427,text,但是近年來在網際網路走向多元與開放的環境下，微軟獨大的局面也一一被打破，優勢逐漸喪失。,4.5,3.667
text_00768,text,希望攜程網有所改進。,5.0,5.625
text_01124,text,「金銀財寶」刮刮樂則是以鈔票、金幣、金條等各式錢財寶物設計出豐富的票面，營造充滿財富的視覺及聯想，「金銀財寶」每張售價200元，最高獎金200萬元，超過6萬個1,6.375,5.667
edu2021_00810,edu2021,出了好多作業覺得寫不完，希望作業的量可以少一點,3.25,4.5
sentence_01378,sentence,請拉著我的手一起逃跑,6.0,5.6
reflection_02057,reflection,也就是無論最終的選擇如何，我們都明白病情的複雜並非醫師端或家人方的錯，因過程中我們已竭力地為病人做考量。,5.25,2.875
sentence_01297,sentence,醒來嗓子緊繃吐痰是黃紅色的,4.667,4.0
sentence_01514,sentence,聽到時滿腦子的疑惑,4.0,5.0
edu2021_01174,edu2021,今天我覺得我聽不太懂，回去一定要好好自主學習，儘快跟上老師,5.333333333333333,5.6
text_00915,text,另外，本本全新未開封，完美屏，很開心～,7.0,5.833
edu2021_01594,edu2021,上越多就越了解整體的運作及方法,6.416666666666667,4.666666666666667
text_01317,text,接下來兩場比賽精準的掌握了TPA固有的節奏，不但順利拉開比賽中經濟及裝備的差距，更選擇了最佳的進攻策略，順利的奪得勝利，甚至讓AZF提早舉了白旗投降，贏得全場歡呼。,6.5,5.5
text_01697,text,當前重大改革需要的不是大拜拜式的「國是會議」，而是抱有具體政策、敢與執政黨政策辯論的影子內閣。,5.375,4.0
text_00629,text,連梳頭的時候都從頭上梳出一隻小蟑螂，太可怕了.,2.3,6.833
text_01282,text,對此，臺中市動物保護防疫處長餘建中強調，市府已成立「臺中市動物保護重大案件查緝小組」，積極執行，並提供破案獎金。,6.0,3.143
text_01012,text,聲卡驅動最好在官網下載安裝，否則有可能不能錄音！,4.889,4.833
reflection_02378,reflection,在內科ICU不外乎是一些呼吸衰竭、休克伴隨許多共病的病人，原本預期都是沒有意識的，但其實不盡然，隨著病程好轉或惡化，病人意識也跟著清醒或昏迷，我的primary care就是如此。,4.3,4.0
text_00085,text,不愛的時候按個手機號碼都嫌費力。,3.375,5.286
sentence_00581,sentence,有時候我理解有些人他們會反感,5.667,4.667
sentence_01966,sentence,再鮮豔明媚的顏色也會隨時間褪去光澤,3.5,2.75
text_00865,text,幫朋友買的，1價錢便宜，2，樣子也挺漂亮，儘管是14寸的，但設計的樣子很精緻，挺輕薄的,6.0,5.143
reflection_00830,reflection,這不是跟不想帶給病人痛苦的理念背道而馳嗎？,3.8,4.4
text_00232,text,年邁的祖父母減輕對死亡的恐懼，但是我們可以更多的關愛他們，讓他們在世的每一天都不至於感到孤獨。,6.444,5.5
reflection_00226,reflection,我覺得在臨床面對一床又一床的病人時，有時會忙到只想著病人還有哪些待處理的問題，治療進行到哪裡。,4.75,2.5
edu2021_00381,edu2021,聽不清楚，有些地方會漏掉,2.916666666666667,3.928571428571428
reflection_01193,reflection,金錢問題也需要考量。,4.75,2.125
text_00131,text,小託的堅強讓我懂得了好多東西。,6.25,6.0
reflection_00810,reflection,根據病患所述，以前身體都相當健康，這次的疾病也沒有出現明顯不舒服的症狀，這次血栓事件也是在進行斷層檢查時影像意外發現，因此在住院期間，病患對於原本健康的自己需要額外花費時間金錢，進行有風險的侵入性檢查，接受度並不是很高。,4.0,2.125
text_02612,text,這座城市很大，大到可以容納2154萬顆跳動的心，容納他們的喜怒哀樂；這座城市也很小，小到甚至容不下一個孤單的身影、容不下它對未來生活的想像。,4.111,3.571
text_02055,text,近期好價，有需要的值友可以入手~本款雨衣採用EVA耐磨面料，無味半透明，經久耐穿，防風擋雨，帽子帶有防風加固帽繩，帽子不易被風掛亂，適合雨天步行外出時穿著。,6.429,5.167
edu2021_00759,edu2021,今天上的課程之前大概了解過，並不會太困難,6.285714285714286,4.25
reflection_00135,reflection,"我想這樣的家屬一定不在少數,尤其現在的網路又非常發達,家屬有更多的資源可以查詢與利用、相對的醫師有越來越多的疑問需要被解答,如果再一次遇到這樣的狀況,我覺得老師的做法其實很好,先是把因果關係講解清楚,再跟家屬表明醫護人員的立場一致,不隨意批評同事或是家屬的任何話語,對於自己的解釋也要向病患確認有沒有清楚明瞭。",5.5,3.9
sentence_00155,sentence,慢慢聽他講下來聽哭了,3.75,4.25
sentence_00512,sentence,諱疾忌醫是古人就抨擊過的,4.0,4.5
text_01309,text,Razer共同創辦人暨執行長陳民亮Min-LiangTan)表示：「去年我們看到贊助隊伍當中，TPA戰隊的成績讓我們感到很滿意，而今年雷蛇也擴大贊助TPS，除了期待他們有更好的表現，今年跟明年也將提供更多的贊助資源，積極投入經營電競市場。,5.875,3.857
sentence_01944,sentence,山色江聲共寂寥,4.5,3.5
sentence_00085,sentence,我不得不再次談論許章潤教授,4.5,4.5
text_00061,text,但是當真相來臨，我想心不痛是不可能的。,3.375,5.75
sentence_00391,sentence,我看我符不符合,5.0,2.0
sentence_02467,sentence,則是悠哉地俯瞰風景翱翔,6.333,4.667
sentence_01073,sentence,鼓動他人做烈士是居心叵測的,3.0,7.0
text_02403,text,此次展會吸引了EMS、中通、圓通、申通、韻達、百世、德邦、蘇寧等中國主要快遞公司，阿裡雲、優博訊、尖叫智慧外骨骼機器人等頂尖科技企業參展。,5.625,2.625
text_02683,text,一，Youmustlikemeforme這句話節選自大家最喜歡的TaylorSwift的歌曲Delicate。,5.25,2.625
edu2021_00118,edu2021,只能說是枯燥無味的上了一整節的課,3.0,3.0
sentence_00617,sentence,因為中共以15年為期答應改善經濟體質的約定並未遵守!,3.0,7.75
reflection_01559,reflection,在那瞬間的時候，我首先感受到的是無奈，但後面又會感受到理解，一開始因為想到他是第一次來看他媽媽，就質問醫師，而沒有嘗試去了解原因就責怪醫師，這讓我對學長所處在的處境感到無奈；但之後細心思考之後，我就想到病患身處的處境不是自己想選擇的，家屬當然非常心急想了解情況，也希望可以自己的親人得到最合適的治療，如果我們易地而處，我相信我也可能有類似的反應，正因為醫療大多數都是單方面的抉擇，病患跟家屬其實有很小的選擇權，他們在這種情況之下，不難理解會有情緒化的表達，因此在我思考之後認為其實我們可以加強跟病患家屬的溝通，特別可以善用跨團隊的會議，把事件跟社工師討論，請他們在適當的時候介入，以緩解家屬的焦慮，並可以建構更有效地醫病溝通以達到選擇最有效的治療。,4.6,5.1
edu2021_00484,edu2021,今天聽完課有如撥雲見日，發現原來還有這麼多應用阿,7.333333333333333,7.5
text_02401,text,5月10日百度聯盟大會上，好看視訊總經理曹曉冬釋出Vlog蒲公英計劃，宣佈將投入5億現金補貼與MCN扶持。,6.0,4.375
reflection_00362,reflection,反應為何其實我當下沒有做任何對整件事有具體貢獻的事，只有一直在心裡乾著急。,3.4,7.0
edu2021_01495,edu2021,兩堂課的中間不下課真的很燒腦,2.5,6.0
sentence_02248,sentence,牛油膠有時會產生變質或是位移的狀況,4.667,4.0
text_02279,text,而行動裝置原廠所配備的耳機不論是有線或是無線，其音質往往是普通而已，而且對於隔絕環境噪音的能力也不夠理想。,4.222,2.25
text_02135,text,穀歌表示，透過ARCore動態追蹤、光線偵測和瞭解現實世界的能力，這四個傢夥於AR場景中的呈現將會十分逼真。,6.0,3.222
sentence_01556,sentence,冠冕堂皇的理由經不住推油的按摩,3.75,3.2
text_02529,text,點贊是社交網路裡最美好的部分，每當代表點讚的小紅點彈出，都意味著我們獲得了來自別人的認同、共鳴、讚許……真的嗎？,4.444,4.625
sentence_01196,sentence,而且我很樂意給他們慈悲的最後一擊,5.5,6.0
sentence_01248,sentence,為什麼貼紙出入境泰國順暢無比,4.5,5.5
sentence_02043,sentence,即可達到興旺避邪的目的,7.0,4.5
text_02622,text,工業傷亡權益會總幹事陳錦康先生，因病醫治無效，於2019年5月5日晚上在瑪嘉烈醫院病逝，享年六十歲，主懷安息。,3.222,2.25
sentence_01242,sentence,但聖和團長的互動真是緩慢得讓人心焦急啊,3.5,6.5
sentence_00679,sentence,這些堅果超營養,8.0,6.4
reflection_02135,reflection,其實很常可以看到病患手上戴著拘束手套，如果是意識還不錯的病人，有時候到臨床看他們時，或因嚮往自由的意志、或因一整天躺在醫院造成的無聊或不適，時常可以看到他們兩隻手互相磨蹭，在想辦法掙脫拘束手套。,4.375,4.4
sentence_01673,sentence,魔幻寫實的人生,6.0,4.0
reflection_01658,reflection,同時主要為病人做決定的家屬、其女兒甚至都還在住院中，在短暫的會客時間拖著自己的病痛來到加護病房跟醫師討論處置，在心情上應該是頗為難以負荷的吧。,3.75,4.3
text_01229,text,事情發生了，請讓新生命帶來喜悅與平安，而不要帶來恐嚇與恐慌。,4.444,3.571
edu2021_01140,edu2021,有了課本之後，終於能跟上老師在說甚麼了,6.166666666666667,5.5
text_02520,text,實際上如果你能夠好好傾聽，孩子們微弱或者強烈的心聲和懇求裡，包含了許多意思，他們想說的有很多，只是，你聽不懂。,3.75,4.3
edu2021_01585,edu2021,第一天上課時真的不是很清楚在教什麼，但越來越清楚了,6.142857142857143,4.166666666666667
sentence_00683,sentence,逢年過節才會碰到,5.5,4.0
sentence_01015,sentence,總覺得這年頭光天化日下會看到的幾乎都是無關緊要的私事被三流媒體扒糞,3.333,6.0
reflection_00755,reflection,"然而她為了父親而回家從網路蒐羅各種資料,並反覆詢問並質疑ICU這邊的醫療處置及作法,容易讓人產生不耐煩及惱怒的心情。",3.125,5.9
sentence_01202,sentence,質樸踏實的鄰家型,6.6,5.0
sentence_02018,sentence,尊貴的詹杜固仁波切,6.0,5.667
text_00725,text,酒店只會對客人不好的點評做出辯駁，這樣的酒店還有生存知道嗎？難道堂堂掛六星的酒店（根本就不是國家旅遊局頒發的）就是以這樣真誠的態度回饋你們的客人嗎？其他的就可想而知了。,3.111,5.667
sentence_00460,sentence,直到晚上回家才看到地震的訊息,4.0,4.667
reflection_01654,reflection,在這個平均壽命八十歲的國家，也許六十歲只能算是資深的大人而已，再加上晚婚晚育的問題，許多六十歲的病人，他們的子女還是很年輕的，人生還有一段很長的路要走，對他們來說父母陪在身邊的時間相對別人就比較短，他們往往會比八十歲老人的家屬更加積極地想去治療，這半個月我看見六十出頭的病人卻面臨臨終的選擇，因為疾病的折磨而消瘦、蒼老，靠著醫療維生器躺在病床上，當面對這種情形時，無論是八十歲還是六十歲的病人在身體上的痛苦都是一樣的，差別在於病人以及家屬是否放不下的遺憾。,3.6,4.2
text_02110,text,但是在半導體工藝進入10nm之後，晶片製造難度越來越大，效能提升也越來越不明顯了，摩爾定律也多次被人質疑了，IC產業會不會就此終結在10nm以下節點了？,4.5,3.0
reflection_01175,reflection,有死者的影像通常會被馬賽克處理，可能是出於對死者的尊重、避免引發部分觀眾不適等原因，於法律而言，我上網查了一下相關新聞發現，人死後即沒有人格權與肖像權，也不會有妨害秘密的問題，除非張貼的照片中人有明顯對屍體有汙辱行為，才可能觸法，加上婆婆是他們自己的家人，就更無觸法的問題。,4.2,3.6
sentence_00363,sentence,然而你依然選擇了逃避,3.333,5.0
text_02867,text,中正一分局表示，財團法人博愛文化基金會申請今天在凱達格蘭大道舉辦集會，預計活動時間從下午2點開始，到晚上6點30分結束。,5.0,1.8
edu2021_00732,edu2021,雖然已經有減慢速度，但是我依然搞不懂今天的內容,3.428571428571428,4.357142857142857
edu2021_00510,edu2021,今天對於課程更加有心得了,7.416666666666667,6.214285714285714
reflection_00144,reflection,"但我希望自己能做到看淡了生離死別,但不忘記自己面對的永遠是很重要的生命;做了善事,不要要求有福報。",3.8,4.875
edu2021_01314,edu2021,這幾堂課聽的都很不錯，生動講解,6.9,3.916666666666667
sentence_00697,sentence,組裝起來很順利,7.0,4.5
sentence_00211,sentence,是不是日本也是一個缺少資源的國家,3.5,3.5
reflection_01672,reflection,我盯著手上的 patient list，看著後面註記的發燒、結腸炎以及血液腫瘤科相關疾病，加上 IVDU，心理越發的困惑。,4.0,4.8
text_02089,text,不久前微軟給PC玩家們帶來了一個非常好的訊息，原本以主機為主要服務物件的XboxGamePass訂閱服務，現已確定會擴充套件到Windows10平臺上。,6.125,3.75
sentence_00323,sentence,外賣小哥路口違停攙扶老人過馬路,6.25,3.4
reflection_01102,reflection,當下我的心情很複雜，原因是CCU是提供專業治療而非服務的地方。,3.4,4.6
text_01638,text,居壓倒多數的人民在天性和態度上是如此的脆弱，以致用嚴肅的推理還不如用情感更能支配他們的思想和行動。,4.714,3.714
reflection_00826,reflection,反應為何我的反應對病患以及家屬遭遇這樣的病情急轉直下感到難過，同時也會想有什麼事我能做的。,3.375,5.5
sentence_01066,sentence,胡錦濤去到哪就追到哪誓為李旺陽討回真相,5.0,5.0
sentence_00949,sentence,還有有名的人上電視替它們宣傳,6.0,6.0
reflection_01907,reflection,家屬們對於爺爺的處置，是很積極的態度，爺爺的狀況，意識狀況不好，在使用升壓劑下血壓還是一直上不去、很不穩定，原本的CKD因為shock而腎功能更差，評估後可能需要洗腎。,4.25,4.25
reflection_00099,reflection,"探視病人過程中monitor不時發出警示音,可能加重家屬擔憂3.",4.6,5.166666666666667
reflection_00278,reflection,我的感受與反應病人遠從台東求診，可能抱持對都市醫療的期許，也聽從外院醫師的建議來接受手術治療。,5.25,1.375
edu2021_01355,edu2021,雖然上課的時候覺得蠻清楚的，可是下課後發現其實這個是很值得更加探討的問題，希望有時間可以再說清楚一些，讓我們更加清楚的學習到這些知識,5.416666666666667,3.083333333333333
sentence_01613,sentence,它在咖啡館裡喋喋不休,4.0,6.0
sentence_02426,sentence,曾經有過一個很轟動的帖子,5.0,8.5
reflection_00846,reflection,"描述事件一位病患因為腸消化道出血入住GI ward,之後因意識狀態改變及septic shock而轉至MICU,經過數日治療後經主治醫師評估狀況穩定而轉出至GI ward,但在轉出後當日病患兒子為其翻身時,病患突然院內心跳停止且有發紺現象,經過緊急處置後恢復心跳,但生命徵象不穩定且病人意識狀態仍呈現昏迷,因此再次轉入MICU治療觀察,經過數日照護病人的休克狀態有改善升壓劑也下調,但仍需仰賴呼吸器且意識昏迷,",3.625,3.0
sentence_00475,sentence,人得留心傾聽主的聲音,6.0,3.5
sentence_00150,sentence,怎樣能更平步青雲,4.667,3.667
reflection_01981,reflection,這個決定該有多困難呢?,4.5,3.0
reflection_01511,reflection,"主治醫師曾經多次強調血液透析和輸血以病人的狀況就是不建議,已經在加護病房積極治療了兩個禮拜,家屬却遲遲無法達到共識。",3.375,5.625
sentence_00084,sentence,然而他也無可奈何,4.0,3.75
sentence_00872,sentence,那臺灣人還在客氣什麼,4.0,6.6
edu2021_01208,edu2021,作業還是有點寫不出，有點銜接不上,3.666666666666667,3.916666666666667
edu2021_01582,edu2021,越來越跟得上老師的節奏了，也讓我知道課後複習是相當重要的,6.833333333333333,5.285714285714286
text_01234,text,今年寒假史上第二長，一放30天，全臺19家樂園和觀光局合作，提前促銷，除夕前，每天有大人陪同的前100名國小學童，100元就能入場，春節期間拍照上傳活動網站，再抽60吋大電視。,6.2,4.0
sentence_01040,sentence,你儘可安心與他同行,7.0,4.5
reflection_01922,reflection,他們的態度也很積極，畢竟啊?,5.5,3.7
reflection_01184,reflection,醫療人員按照預立的醫囑不施行復甦，並且準備由醫師進行院內死亡宣判。,4.4,5.5
reflection_00057,reflection,"我的感受含情緒用詞為何會有這種感覺(信仰、態度、價值觀)先入為主如何影響感受我覺得這個家屬沒有很認真地在聽老師以及學長姊的病情解說,一味地覺得這個病人是有機會好轉的,不停地請老師多幫忙照顧而且在老師跟學長姐多次告知要聯絡大陸的親戚後也一直沒有真的主動去聯絡,當下旁聽的我覺得非常地不解而且也非常地無奈,不知道家屬到底是沒認真聽、聽不懂,還是其實是不願面對事實。",2.5,6.375
edu2021_00543,edu2021,成績不理想，蠻失望的,1.416666666666667,3.214285714285714
edu2021_01479,edu2021,今天終於把這麼大一本書做一個結尾了，很開心上完了可以放假,7.285714285714286,8.142857142857142
text_01135,text,臺灣電玩隊伍獲得世界電玩大賽首獎殊榮，官員錦上添花，開出各種優惠禮遇條件，數位內容，也說重點推動產業，但立委翻出經濟部工業局的數位內容競賽設置實施要點，看了直搖頭。,3.625,3.833
text_02945,text,毛澤東至死都是一口難懂的湖南土話，鄧小平也是一口稍稍好懂一點的四川方言，他們都不會說普通話，有什麼資格當黨和國家領導人呢？,4.0,4.667
reflection_01868,reflection,在MICU的兩周中，參與到一次完整的撤除維生機器的家庭會議（洪0月女士），看到一家人之中各個成員對於撤除的態度不完全一致的情形。,4.5,2.875
text_02691,text,今次居屋申請首次提供電子申請服務，但蘇小姐表示，因為擔心網路系統可能出現斷線等問題，親身交表可跟客務中心主任溝通，相對較穩陣和較快。,5.25,2.375
text_01842,text,施顏祥說，這是管理問題，借支獎金作法，應該檢討。,4.143,4.0
reflection_00169,reflection,也想或許用手機打字是不是更好。,4.625,1.875
sentence_00032,sentence,自願簽署捐贈協議,6.25,4.75
text_00624,text,海景不錯，屬於在威海最好的吧。,6.889,6.0
text_00672,text,首先感謝您此次選擇下榻虹橋迎賓館！,6.375,4.0
sentence_01201,sentence,整排鞠躬傾斜的老房子,4.0,5.0
text_02128,text,和現代大多數作業系統對Unicode支援的共識不同，它的API不是基於UTF-8而是基於UTF-16的，且還遺留了一套過去對ANSI支援的相容API。,5.0,2.875
text_01904,text,真是好笑，這種人口口聲聲說民主但是卻無法容忍跟自己想法相反的聲音八卦版也是，只要發一篇支持服貿或是批評這次學運的文，就會被貼上黨工或是抹黑的標籤，反之在那邊酸政府的人就酸的很開心。,2.75,7.125
text_00419,text,這...這讓我覺得我的家人真是偉大。,6.333,4.833
reflection_00626,reflection,給予病人適當的治療，監控shock的狀態，以及評估weaning，盡早脫離呼吸器，已達到最好的預後。,5.125,4.25
sentence_00280,sentence,被文貴構陷入獄的老夥伴,3.0,3.0
text_01920,text,金韓鬆還提到他的室友是利比亞人，「在利比亞爆發革命期間回到家鄉，發現那裏完全變成了另一個利比亞。,3.9,4.778
sentence_00707,sentence,就多少體貼一點吧,5.5,4.5
text_00559,text,希望下次入住時您能感受到我們的改進!我們期待您的再次光臨!祝心情舒暢,6.444,3.5
reflection_00837,reflection,老師在提供治療選擇上也不給家屬太大的壓力，請他們跟其他家人討論一天後再做決定也不遲。,5.0,1.625
reflection_00386,reflection,就像是這位病人，我後來知道他的小孩是傾向手術的，但是病人的兄弟姐妹不願意手術。,3.625,4.0
reflection_00461,reflection,我也要換位思考，為什麼家屬選擇不氣切？,4.8,3.4
text_02450,text,2018-19賽季歐冠準決賽次回合，利物浦主場4-0戰勝巴塞隆納，兩回合以4-3的總比分逆轉巴薩，成功晉級歐冠決賽。,6.429,5.125
sentence_00242,sentence,不確定能不能破解,4.0,4.333
text_00433,text,如果高速撞擊下，可能我說可能哦，想証明，反對的，請自行測試)會讓車室中的人，比較不用承受，撞擊時的衝擊力道，也增加存活機率！,5.5,5.875
sentence_00553,sentence,單位時間震動的次數,5.0,1.5
edu2021_00611,edu2021,講課時還能順便說一些人生的道理，覺得蠻有趣,6.166666666666667,3.166666666666667
edu2021_00049,edu2021,我會盡量努力研讀，提升實力,6.6,4.333333333333333
text_01713,text,無論你是否幫忙拜票，無論你支持誰各位都作了改變。,5.333,5.0
edu2021_01189,edu2021,學到了一些有趣的知識,6.083333333333333,3.0
text_02870,text,華為被限制Android系統使用權遭重挫，開發自家的行動作業系統不如預期，華為重重的危機正排山倒海而來。,3.125,5.143
sentence_02486,sentence,西語裔男8大道行竊,3.4,3.5
reflection_02462,reflection,而在當天下午四點多，病人的血壓已經掉到六十幾，且身上已出現多處大理石班，表示灌流已經非常的差，心臟已經快要失去功能，當的家屬是希望能夠留一口氣回家，所以最後就AAD回家。,3.3,3.875
text_01440,text,「ELVA」蕭亞軒與柯震東相差12歲的姊弟戀，至今交往半年，2人也常被狗仔拍到黏TT，連柯震東的爸爸也贊ELVA是「很棒的一個女生」，命理師詹惟中分析柯震東蛇年事業運旺，反觀感情運較不穩定；蕭亞軒若感情發生波折，要另找新歡也不難。,5.222,4.25
reflection_01436,reflection,但在許實驗室數據、細胞學報告及心臟超音波的報告陸續出爐後，我漸漸看到和醫師所遇見相同的病人未來，在得知自己病情可能相當棘手，腫瘤懷疑是惡性且有相當大機會已經遠端轉移，侵犯到心臟和出現惡性肋膜積水之下，病人也終於接受簽屬DNR的建議和進行心臟手術；說也奇怪，病人臨床狀況也的確漸漸如報告那樣的不樂觀，心跳血壓也越來越不穩，時常出現休克的現象，心臟衰竭甚至需要強心劑，在沒有鎮靜藥物下意識也開始漸漸混亂，仍答非所問，下肢亦開始浮腫，開始出現肝衰竭症狀。,3.1,6.2
text_02746,text,但這兩層樓高的鯉魚塑像，其實是私人作品，卻因多次強震，造成鯉魚身上的裂痕越破越大，地主也只能忍痛拆除，以免傷及路過民眾。,3.667,3.111
sentence_00110,sentence,身後的恩惠要留流得久,6.667,5.333
text_00854,text,本人一年前開始用華碩EPC900，相比之下，EPC1000HE的鍵盤手感比900的要好，尺寸大了，男士也用得舒服。,6.25,5.333
reflection_01081,reflection,但是主治醫師給了我們很好的示範，查完房後也和我們講了一下這個狀況，保持心平氣和，病患以及家屬或許是擔心、緊張才惡言相向，不要把他們的每一句話都印在心裡，我們要做的是正確的給出自己的醫療決定，和他們良善的溝通做share decision making。,5.5,3.25
edu2021_00986,edu2021,希望能腳步放慢，讓同學能更加理解,4.571428571428571,3.571428571428572
sentence_02505,sentence,而被蔣介石覬覦,4.0,3.0
reflection_00070,reflection,"我的感受含情緒用詞為何會有這種感覺(信仰、態度、價值觀)先入為主如何影響感受我覺得家屬沒有認真了解當下醫師所講解內容並一直詢問為什麼不能執行肝臟移植,且還在解釋時打斷醫師思緒進行稱謂糾正而感到家屬過於吹毛求疵,進而認為病人應冷靜下來好好傾聽理解醫師所說的話。",3.625,5.3
text_00375,text,你果然沒常上01做功課，之前才有一篇專門討論天窗的優缺點的文章，其實車子這種東西，要買之前我都會考慮配備未來的加裝性...比如說，假設今天我不確定要不要買有天窗的車，那我會先加錢先買有天窗的車，原因很簡單，萬一買了車後，想要有天窗，我也不會後悔，但是萬一我沒買有天窗的車，以後有錢也加裝不了，但是萬一我不喜歡天窗，那也沒差，反正就把天窗隔板拉上，在車內看起來一樣跟沒天窗的車一樣...,4.0,5.625
reflection_01535,reflection,一開始吳先生還有意識時，老師就有跟家屬們告知目前他的病況不樂觀，可能在幾天之內急轉直下，希望他們在吳先生意識還清楚時與他討論之後病情危急時是否進行積極治療。,4.125,2.75
text_02212,text,在維多利亞女王登基以來，英國首次有一週時間不靠燃燒煤炭來發電，最後一臺燃煤發電機於5月1日下午從電網脫離。,6.111,3.444
reflection_00834,reflection,沉澱並接受病患在醫療端盡最大怒力後仍邁向死亡，不過需要一些時間與經驗，可以多聽有經驗的老師、學長姐或同儕分享。,4.25,3.6
text_01964,text,北韓新領導人金正恩，曾在去年的一次演講中表示，不忠誠黨和首領的人，不管其軍事才能多麼傑出，都是沒有用的人。,4.0,3.714
text_00201,text,怕再次傷心，上次看完，之後的一個禮拜我都沉靜在那揮之不去的心痛和傷感中，但是這次還是不由自主的翻開了，也許一切都是命運的安排，凝夕和司夜兩個就像夕陽和夜晚，永遠不能共存，兩個不懂愛的人在彼此的傷害中感受愛，也許從凝夕出生開始她就註定要像櫻花凋謝那般死去~~美麗還慘烈.....,3.25,4.625
text_01649,text,馬不好好施政臺灣會崩壞楊志良感嘆，日前他推出新書「臺灣大崩壞」，其實他自己也很討厭「崩壞」這種強烈字眼，可以幸福快樂，誰喜歡崩壞？問題是馬政府上任以來，不好好施政，他深切擔憂臺灣沒有前景，再這樣下去真的只能走向崩壞。,3.143,6.111
edu2021_01563,edu2021,雖然偶爾會有碎碎念，但知道那是對未來很重要的話,5.416666666666667,4.071428571428571
text_00783,text,餐廳的服務員態度不友好，免費提供的早餐有的在早上八點就沒有供應了蒸雞蛋和炒米粉，小妹與服務員交涉兩次未果，早餐供應時間是到上午九點結束的.,3.286,4.75
sentence_01500,sentence,下一輪銀行風暴的洗禮,4.0,4.0
reflection_02240,reflection,記得ICU主治醫師在對難以脫離呼吸器的病人，沒有簽署放棄急救，會對家屬做溝通，看要不要做氣切。,4.5,2.8
text_01413,text,林定宏說，他喜歡觀察周遭的事物，有不方便的地方，就想辦法解決。,5.778,3.571
sentence_01048,sentence,他們兩邊都受騙,3.2,5.0
sentence_01269,sentence,郭文貴的奇葩言論不僅一再讓華人寒心,3.4,5.5
reflection_01876,reflection,你可以怎麼做充分了解家屬情緒，先同理家屬目前的想法，並讓家屬了解目前病人真實的狀況並不是這麼樂觀，同時與家屬分析積極治療與DNR的差別，不討論優劣，而是將這兩者之後可能造成病人怎麼樣的結果讓家屬都能夠全盤了解，並與家屬進行SDM來決定病人後續的治療。,5.125,2.875
reflection_01774,reflection,原先家屬將責任歸咎於疫苗的施打，溝通時氣氛一度緊張，但血液培養報告公布後，才發現原來是海洋弧菌感染，可能因為患者本身有肝癌，近期又食用海鮮所致。,4.25,3.6
text_02593,text,有報導說總統和賴清德民調拉近到3%，總統說是因為內閣改組後，處理問題的速度很明快，至於要不要用手機民調，她會尊重黨內機制。,5.0,3.0
text_00603,text,總體不錯的酒店，樓宇結構有點怪。,5.111,3.875
reflection_00259,reflection,即使向家屬清楚說明治療方向及病情程度，家屬似乎對於我們的治療抱持許多疑慮所以非常積極的諮詢親友、網路資料針對臨床處置進行諮詢及給予建議，聽到家屬那些建議當下覺得家屬對醫療太過理想化，不顧病人不適想透過無效醫療延續病人生命，同時也缺少縱橫全局的眼界，所以產生不耐煩的感覺，很希望與家屬對談的趕快結束。,2.75,5.3
text_02246,text,曉羊教育、課程幫、好專業、學業有方、未來規劃局、壹鼎生涯、優志願、百年育才、辰知等玩家都在追趕這波改革紅利，36氪也曾為新高改市場做過深度分析。,5.857,4.857
reflection_02529,reflection,雖然才進入臨床一年多，但看著病人來來去去，為了不影響接下來的工作，好像大家都把死亡看得很一般，而我們也是這麼學習著。,4.625,4.3
sentence_01512,sentence,但是這一次他們受到各個政黨前所未有的熱烈追捧,7.0,5.0
edu2021_00641,edu2021,雖然複雜，但也不是到很難懂,4.857142857142857,3.833333333333333
text_01407,text,他說，他們害怕失去獨立性，不想住進專門機構，覺得「沒有值得活下去的理由」；儘管他和父母曾力勸，但最終還是接受弟弟求死的心願。,3.286,4.875
sentence_02055,sentence,媽媽一定會諒解我的啊,6.5,8.0
sentence_00602,sentence,當你的生命力在我眼前一點一滴消逝,3.0,4.4
sentence_00062,sentence,結束哭因為那種離別的感覺太真實了,3.667,7.333
text_01433,text,所以Apple與HTC長遠來看，要立於不敗，不是只看到當前Samsung對其造成的威脅，Apple迴歸Apple致勝的關鍵，HTC也必需找出自己的核心價值，很清楚的這不是商戰的競爭而已，而是企業能否永續的關鍵點。,4.889,4.857
edu2021_01550,edu2021,上課內容大致能聽懂，整體而言是有趣的,6.583333333333333,4.714285714285714
reflection_00349,reflection,入院後，發生心跳停止的狀況，緊急執行CPR並且置入氣管內管，恢復心跳之後，轉MICU觀察。,4.75,4.6
sentence_00394,sentence,第一次讀紅樓夢時不解為何在講正篇故事前有那麼長一段看似無關的故事,5.0,2.75
edu2021_01073,edu2021,對我來說吸收這些知識仍然有些吃力，希望老師速度能放慢,3.333333333333333,3.857142857142857
edu2021_01277,edu2021,大致上已經了解了，但是專有名詞聽不懂,5.0625,3.25
edu2021_00324,edu2021,跟之前的前幾堂課不一樣，今天的課程我非常喜歡,7.357142857142857,4.714285714285714
edu2021_00231,edu2021,可以了解技術的演變，也對整個的架構更清楚了,6.583333333333333,5.25
sentence_02348,sentence,偏東風晴朗炎熱,5.667,2.333
sentence_00927,sentence,財產被法西斯獨裁習,3.667,6.0
edu2021_00786,edu2021,今天介紹的東西我覺得很好玩，而且講完之後，就有種好像可以利用今天學的知識來看看，感覺很酷,8.666666666666666,7.166666666666667
reflection_01765,reflection,許醫師回答：「傷口位置千萬不行。」,4.625,4.4
edu2021_00083,edu2021,老師很重視與同學的互動,6.357142857142857,4.25
sentence_01551,sentence,蓄起長鬍子令外表專業整潔的,6.0,4.333
reflection_00965,reflection,然而病人兒子11月中要選舉，因此希望透過任何方法像是洗腎，積極治療來維持生命到選舉結束才比較有時間來處理後事。,4.75,4.25
reflection_01422,reflection,站在醫療方的角度，除了給予正確治療以外，要如何approach家屬？,4.8,2.0
text_00880,text,完美支持XP，不敢買HP和ACER就是怕不能裝XP，這臺終於沒讓我失望，BIOS裏ACHI選擇IDE就可以了，所有XP驅動在聯想網站輸入產品編號都能下載到，4999價格也比較合理，螢幕不錯，散熱一般，用一段時間，觸摸板就發熱了，外接鼠標如果需要禁用掉觸摸板，需要先裝個老版的，選擇“當存在USB定點裝置時禁用TOUCHPAD”，然後再裝新版的才行，直接裝新版，沒有這個選項！,5.375,5.5
reflection_00786,reflection,－家人承受很大精神壓力當嘗試了解家人經歷，可以理解他們的情緒，因為女兒只有一個。,3.25,3.625
edu2021_00004,edu2021,觀念一直混亂，到最後都聽不懂,2.666666666666667,5.166666666666667
sentence_02367,sentence,這兩個不相等的懂嗎,3.5,7.0
text_02821,text,與人類或其他哺乳動物毛髮不同，北極熊的毛是中空的，這種結構可以阻隔熱量從北極熊的皮膚表面擴散到周圍的低溫環境中。,5.333,3.625
reflection_02209,reflection,對於這樣突如其來的情緒，我有些嚇到，心裡默默覺得這個人也太誇張了吧，也覺得NP姊姊很可憐。,4.25,6.0
sentence_01045,sentence,由於在中國沒有建立統一完善憲政體制導致為了政權,3.667,5.333
text_01744,text,他表示，民進黨對中國政策應該要多點智慧，以政治家的宏觀角度提出訴求，不必去強調臺灣要脫離中國。,5.0,5.333
text_01260,text,網路上一隻小有名氣的柯基犬「卡內」，主人經常在BLOG分享願意讓狗進入的友善餐廳，但絕對會附上一張「告示」，宣導帶狗上餐廳的禮儀。,5.75,4.571
sentence_00422,sentence,可能我做的東西都很多餘,2.667,6.0
reflection_02494,reflection,例行的叮囑中是對病人恢復的期許。,6.0,4.2
reflection_00780,reflection,面對這樣的案例，更多時候可能還是要考慮到照顧者的心情，家屬必定亦承受著莫大的壓力，我們應相信且尊重他們所做出的任何決定。,4.5,2.3
reflection_01516,reflection,對於疾病的處置是醫師的基本專業，而疾病卻只是生命的其中一部份而非全部，當病人將自己最脆弱的一處擺在我們面前尋求協助，就等於是將自己生命的主宰權力放到我們手中，擁有這樣”特權”的我們，除了治療疾病以外，生命關懷也是我們能做且對於病人有很大影響力的。,4.875,5.375
reflection_02001,reflection,她也知道插管很不舒服，但都走到這裡了，就這樣不走了嗎？,3.5,5.25
text_00401,text,小弟的RAV4是2009年6月交車，未開A/C開關前，只有送風一樣酸到不行的臭味......後來索性把冷氣空氣過濾網拿掉在試~~~結果還是一樣...到達目的地之前開送風把風箱吹乾,3.5,4.857
text_00848,text,用過好幾款上網本，鍵盤算是上網本當中最舒服的了。,6.333,5.333
edu2021_00684,edu2021,覺得這次的上課內容很神奇，很複雜，但是很好玩,7.571428571428571,6.428571428571429
reflection_01328,reflection,同理心很重要，而醫師在病患末期預後很差之時，能夠知會家屬，讓他們有心理準備去面對這樣的結果，這樣也可以增進醫病關係，減少醫療糾紛。,4.75,2.25
edu2021_00051,edu2021,課堂上的內容大部分都明白,5.5,2.5
text_01136,text,要點中寫明，鼓勵業者投入國際及動畫影片跟遊戲軟體創作的獎項，但國際級的創作，獎金卻訂出上限50萬，還有鼓勵業者自行開發具有商業價值及國際水準的數位內容產品，獎金也訂出30萬上限，連辦電玩大賽培植遊戲人才，首獎獎金也明訂不能超過10萬塊。,5.0,4.333
text_01352,text,她的腿，疑似骨折動不了，躺在旁邊滿頭是血的，是她的兒子，雖然自己也受傷，但是看到擔架一來，她要救護員快先救兒子，這是現場情況，另一邊已經有兩大一小，先送到醫院，但都是到院前沒有生命蹟象，經過醫生搶救，好不容易救回一大一小，其中一人不幸死亡。,3.5,4.143
edu2021_00491,edu2021,今天上課的內容，其實不是很清楚在說什麼，也不太清楚它的應用,3.357142857142857,3.166666666666667
edu2021_00893,edu2021,內容豐富有趣生動，講解詳細,6.666666666666667,4.0
reflection_00105,reflection,"描述事件具體發生了什麼事一位病患為buccal cancer,因為tumor吃到trachea使呼吸器難以從tracheostomy給予通氣,且tumor本身easily bleeding,隨時都有大出血或者是airway obstruction的風險,當天早上就因為tumor bleeding與airway obstruction進行急救,已有先電話通知家屬危險狀況,在家屬來到醫院後,住院醫師與家屬解釋早上有進行初步的急救,但目前狀況仍不穩定,隨時都有突然又大出血就回不來的風險,由於狀況不佳,家屬可以先討論若是之後又發生類似狀況搶救無效不幸離世,是要在醫院院宣還是形式上留一口氣回家,家屬表示院宣即可。",4.125,3.625
reflection_02024,reflection,因為疫情的關係，使的病人一開始沒有趁早就醫，直到病情惡化才被送至急診救治，並且醫院的管制使的家屬要探望病人十分困難，使得他們更加焦慮，希望父親在生命即將逝去的階段，還有機會可以恢復清醒並能和他好好的道別，交代遺囑與後事。,3.5,5.375
text_00968,text,第二臺電腦的職能，便攜夠用，當然光驅除外，遊戲免談。,4.625,3.625
text_01271,text,如果希望友善寵物店家能多一些、讓人與狗的生活版圖擴大一些，飼主有責任提升水準，不影響到他人，不讓別人將「帶狗」與「髒亂」、「吵鬧」畫上等號。,4.75,3.833
reflection_01372,reflection,一開始家屬的態度非常猶豫，遲遲無法下決定，甚至還詢問病患能否使用高壓氧來治療，即便解釋過好幾次，他們仍然會重複問類似的問題。,4.625,5.0
edu2021_00580,edu2021,今天的課程我特別有興趣，想要多瞭解，未來也想從事相關工作,7.0,4.285714285714286
reflection_00829,reflection,描述事件一位92歲病人因呼吸短促，盜冷汗而入院。,3.4,5.125
edu2021_00847,edu2021,習題的部分，希望能有習題講解,4.833333333333333,2.928571428571428
reflection_00295,reflection,但其實還是很常見家屬放不了手，即使內心知道家人是辛苦的活著。,2.75,4.0
sentence_00293,sentence,郭文貴今日再造法庭謠言,3.0,4.2
reflection_00820,reflection,有趣的是，兩邊MICU的老師都有類似的氣質，溫和且耐心。,7.75,2.75
sentence_01945,sentence,讓小鳥捎去我我最深情的問候,6.5,5.5
text_00961,text,顯卡，內存都不錯~散熱好，除了風口外都不熱，玩遊戲效果不錯~vista有很多xp比不了的優點,6.111,4.875
reflection_00895,reflection,另外家屬的情緒支持我認為也很重要，若只是單方面的提出希望家屬放手，家屬可能完全聽不進去甚至可能生氣，從團隊中我學到可以有社工可以一起介人，緩和家屬情緒，也可以舉辦家庭會議，並給予家屬一個情緒發洩的出口，如此才有機會與家屬理性溝通尋找最適合病人的治療方式。,5.3,5.625
edu2021_00498,edu2021,在自己仔細讀過課本課文內容之後，總算可以聽懂講課了，覺得相當興奮。,7.642857142857143,7.25
text_02230,text,智慧機市場已經陷入了殘酷的攝像頭大戰，除了拼命提升主攝的規格，廠家們還在攝像頭的數量和位置排布上做足了文章。,5.0,3.5
edu2021_00198,edu2021,做了很久的作品，老師只看了30秒就否定了，心情很難過,1.571428571428571,7.166666666666667
sentence_01143,sentence,但其實我期望以前的自己再更努力,5.5,5.8
text_02480,text,無獨有偶，在對數萬張乳房X光線照片進行訓練之後，由MIT開放的深度學習模型可以更精準地識別乳房組織的細微變化，並確定這些變化是否會在五年之內發展惡化成為癌症。,6.75,4.0
edu2021_00509,edu2021,我有點擔心會完成不了這次的作業,2.857142857142857,4.083333333333333
reflection_01668,reflection,時間匆匆的過去，連幾日的會客時間都會看到阿姨出現，老師也花了相對比較多時間在解釋病情與安撫家屬的情緒，但我始終沒有點開那位病患的病歷。,4.0,4.1
text_01002,text,真心希望聯想集團把一些代理了，售後等要嚴格把關控制好別在影響聲譽，否則消費者傾向於其他品牌了！,4.222,5.875
reflection_02249,reflection,其實從轉入ICU的時候，病人家屬都要簽一張同意書，同意on CVC，同意插管，同意急救等等，在簽的時候學長姐就都會先解釋過一次做或不做對於家屬的選擇差別了，我覺得這樣也很有幫助家屬先做一次心理建設，回去之後也可以跟其他家屬更好的討論。,4.875,2.5
text_02963,text,AMD的7nm產品矩陣已經蔚然成形，雖然Intel仍舊慢半拍，但NVIDIA方面似乎不願再被動挨打了。,5.333,3.143
reflection_00530,reflection,可以怎麽做我可以先了解家屬情緒。,4.875,3.25
reflection_00744,reflection,因此若站在病人的角度，是否不要再給予積極治療，不論是使其不舒服地try weaning 或是嘗試去做手術、放置胸管或是其他管路。,4.375,3.0
text_02491,text,律師呈上陳婉玉當年的筆記，記下她向女兒解釋的說話，包括做第三者是不對，但馮永業對她很好，對話間亦有提到換樓、行賄和航權的字眼。,4.0,3.778
text_01400,text,反對加入歐盟的在野黨社會黨預期，和平獎將引發改組諾貝爾委員會的辯論。,4.625,4.889
sentence_02333,sentence,過去美國總統及其他國家一直在助長中共這惡勢力,3.75,7.25
sentence_01043,sentence,說明你真是一個爛貨,2.4,7.5
sentence_01238,sentence,如果我果斷獨自沉澱,4.333,3.667
reflection_00283,reflection,不論是病患或家屬對於生活品質和受病痛折磨的壓力都可能對未來醫療決策造成影響。,4.75,3.125
edu2021_00876,edu2021,覺得老師很幽默，哈哈,7.071428571428571,5.285714285714286
sentence_01329,sentence,這個照片看了心酸酸,2.75,5.0
edu2021_00754,edu2021,老師在上課的時候不停地以互動的方式讓我們思考，也使我們更能深入探討其中的意義以及更加印象深刻,6.928571428571429,4.75
text_02387,text,"被鴿在心理學上叫做社會排斥，還有很多學者會用socialexclusion,ostracism來交替使用。",4.889,2.7
edu2021_00798,edu2021,今天還是有點收穫，老師講了很多我不知道的東西,5.833333333333333,3.583333333333333
sentence_00944,sentence,發燒都燒了三天了還說是一般感冒,3.0,7.333
edu2021_01070,edu2021,這堂課也是很充實，不過上起來真的很累,5.416666666666667,4.2
reflection_01935,reflection,另外，由於醫學知識水準不足，家屬想用偏方來讓弟弟清醒過來，對於這樣的想法，我覺得有些無力與感傷。,3.5,6.0
text_00417,text,個人偏好3或5門車，風壓抵抗會有較佳表現呢~不過適當駕駛很重要，減速些是應當的，握好方向盤也是應該的，一般言歐系車多較穩定性高，日系多重視都市輕鬆操控，設定取向不太相同大多數啦。,5.889,4.5
sentence_00678,sentence,還有勇氣遠去嗎,3.667,3.0
reflection_01324,reflection,看老師在照顧27歲的鄭軍人時，是我最感到被觸動的時候，那時老師跟神內的醫師通電話，電話那端的醫師提到要再跟照護他的醫師說他的頭部CT報告有改，老師說就是自己時，那端的醫師笑著說原來是你在守護著他，那時的我最被觸碰。,7.5,4.875
text_02344,text,京東到手價137元包郵，買一送一，超值好價，高品質經久耐用線材，MFI認證之選，有需求的值友一定不要錯過。,6.0,4.111
text_01364,text,陳文禮說，陳父要求陳昱安外出工作，是一般父母對子女的期待，陳父50多歲了仍不辭勞苦工作，陳昱安卻無同理心，不知感恩圖報。,3.25,5.286
edu2021_00225,edu2021,有些名詞不知道是甚麼意思,3.5,3.833333333333333
sentence_02217,sentence,最催眠的莫過於艱澀,5.0,3.75
sentence_00894,sentence,現在前田不知所措地跑來向我求救,4.0,4.667
text_02878,text,全球行動通訊系統協會警告稱，設計拙劣的5G頻譜拍賣可能會嚴重影響5G時代的潛力，甚至在它真正開始之前。,3.556,4.0
reflection_00892,reflection,"四.可以怎麽做在這樣的場景中,我學習到在病情解釋時應注意以下幾點1.先詢問家屬對病患病情的了解:在與家屬解釋時,除了針對每一位病患的現在病況說明外,很重要的是要先了解家屬對病況的認知是如何,並針對家屬的認知進行解釋,而不是長篇大論講了一堆,結果家屬其實根本就覺得病患的病情是另一回事。",4.75,5.25
edu2021_00358,edu2021,才剛開始上課，所以對於這門課要學的東西還有些生疏,4.5,2.0
reflection_01019,reflection,我的情緒為何?,4.875,1.75
edu2021_00206,edu2021,因為沒有舉例，所有聽起來很抽象,3.666666666666667,4.166666666666667
reflection_02446,reflection,經過治療後，病患的意適狀況逐漸好轉，但是病患卻在好轉後不斷要求要拔管。,4.125,4.5
text_01318,text,Garena官方表示，臺北暗殺星」在此次世界冠軍賽中優異的表現，一路過關斬將，讓全世界都能夠看見臺灣職業電競選手的努力及堅強實力。,6.444,5.889
reflection_00772,reflection,"我覺得只要瞭解病患及家屬對於氣切的疑問,詳細且誠實地告知並解釋,大多數家屬還是可以理解的。",5.75,5.0
text_00788,text,不足之處是沒有健身房。,3.0,3.714
reflection_01366,reflection,當老師用委婉的方式告訴他們病 人恢復的機會已經不大，需要去思考簽 DNR 等等問題時，他們還是一直不肯去面對，只是一直自顧自的說，希望醫療團隊能夠 「做最適當的治療」，讓病人可以睜開眼睛，能夠再和他們說說話，病人的姐姐還強調，病人所有的兄弟姊妹也非常堅持，一定要這麼做，但當老師邀請病人其他的兄弟姐妹也一起來會談時， 病人的姐姐卻說：「他們來了也只會比我更激動而已！」而拒絕了這個請求。,3.875,7.0
reflection_02247,reflection,這題真的好難，沒有一個生命在天平上會有重量之分，但是醫療資源有限，當下只希望那不然ICU多蓋幾間吧，擴大招募。,3.875,6.0
reflection_02222,reflection,我可以怎麼做如果真的打算在家屬面前問病人的意願，那就盡量是以我們積極的態度，來詢問她要不要拒絕，像是「妳血氧狀況比較差，我們要幫妳插管哦，妳接受嗎？」「妳心臟的血管有點阻塞的現象，我們要幫妳安排心導管哦，妳接受嗎？」等等的問法，看看能不能讓家屬在看到奶奶的反應之後改變想法。,4.6,3.75
sentence_01840,sentence,我要讓自己看起來燦爛無比,7.0,6.0
reflection_01869,reflection,感覺病人與家屬（特別是妻子）並不完全能夠接受醫療團隊的這個決定，還是希望能夠儘早轉病房。,4.0,4.375
sentence_00997,sentence,火氣大了不起是不是,2.5,8.0
sentence_02337,sentence,這一詞我覺得較為妥當,6.667,5.0
text_00820,text,另外，還有一點就是隔音不是很好，我們入住的客戶有嚴重失眠，常被門外的腳步聲和喧譁聲驚醒！,3.0,5.667
sentence_02295,sentence,真是傑出的一手,7.4,6.5
sentence_01210,sentence,放過一遍後再也找不到二次回味的慾望,3.0,5.5
sentence_01236,sentence,底比斯最強大的神聖兵團,6.5,6.25
text_02663,text,中國電信裝置商華為被美國總統川普視為國安威脅，讓華為的業務在海外處處碰壁，川普也呼籲盟國拒絕使用華為產品。,4.111,4.889
reflection_00060,reflection,"回到這次的這個場景,我在想會不會以後我也會對這種離別的場景變的冷靜?甚至是無感?那如果是我自己的家人遇到這樣的離別時刻,我會是冷靜的還是激動的呢?",3.375,4.0
reflection_00779,reflection,描述事件具體發生了什麼事一位病患因肺炎入院治療，但因症狀未改善，且film array、自體免疫抗體、fungus culture都未找到原因，肺部呈現diffuse GGO，後來認為是post COVID interstitial lung disease，給予solumedrol抑制肺部發炎。,3.8,4.0
sentence_01449,sentence,其間會釋出有害物質,3.75,4.2
edu2021_00517,edu2021,教得很棒啊，讚讚的，收獲良多,8.142857142857142,7.083333333333333
edu2021_01337,edu2021,學到了新的知識，覺得有趣,5.916666666666667,4.428571428571429
edu2021_01061,edu2021,課本舉出的幾個例子，我覺得有幾個比較好理解，另外的就要好好研究了,5.785714285714286,4.357142857142857
edu2021_00648,edu2021,思路清楚，解釋淺顯易懂，好課,7.0,4.357142857142857
edu2021_00521,edu2021,有許多地方還沒有搞清楚，希望老師能再幫我們複習一下,4.785714285714286,4.0
text_02309,text,福智臺南分苑長許啟春說明，一旦經典智慧深植於內心後，不僅能提升良好的待人處事能力，同時長養尊師敬道、孝悌感恩、自利利人的良善美德，成為奠基祥和世界的力量。,7.375,4.333
reflection_00054,reflection,"描述事件一位59歲的黃姓男子在3/6因為出現胸痛和嘔吐的症狀而到小港急診,抽血檢驗初步懷疑為NSTEMI,給了藥物之後轉診到高醫,途中不幸發生呼吸衰竭,於是透過NRM給氧氣。",4.0,3.25
edu2021_00469,edu2021,這麼難的東西能用紙筆寫出來，我覺得真的很厲害,7.5,6.142857142857143
reflection_01406,reflection,病人詳細描述了中毒事件的發生經過，並說明為何他姐姐不馬上報案的緣由。,4.7,1.5
text_00929,text,行動設備提供保護，這也是對於設備內容的第一層實際屏障，應設置鍵盤鎖功能，讓螢幕閒置數分鐘後自動上鎖。,5.143,3.625
reflection_00919,reflection,反應為何其實他們一開始非常的抗拒這項消極的醫療處置，他們覺得爸爸既然眼睛張開血壓有HOLD住那為什麼你們會跟我們說這是不好的狀況呢？,3.75,4.7
reflection_00027,reflection,"我最先感受到的情緒是驚訝,病人發燒一週加上意識狀況改變已經三天了,為什麼這麼嚴重的情況可以放這麼久才來就診?",3.5,5.1
reflection_00256,reflection,可以怎麼做在臨床上經常遇到類似的情形，所以需要嘗試了解背後原因去同理家屬心情，在了解病人背景後同理家屬可能因為－病患為唯一女兒，也很年輕－平常身體健康沒有慢性疾病，對於突然被告之癌症無法接受－懊悔一開始月經量過多時，只用中醫調理－短時間内急性多重器官衰竭導致病情惡化讓他們措手不及而出現種種積極的做法。,4.0,3.6
text_01209,text,札幌的四大百貨公司，今年也首度攜手合作，由各店女性公關根據「本命用」（致贈真命天子）、「義理用」（致贈純友情的男性友人）、「朋友巧克」（致贈女性友人）、「我的巧克」（犒賞自己）、「家族巧克」（致贈家人）、「搞笑巧克」（特殊巧克力）等六大主題，推薦商品並共同宣傳。,5.333,3.714
reflection_01254,reflection,當下若只是一昧辯解這不是我們能控制的狀況，家屬可能會認為我們在推拖責任。,3.7,4.8
reflection_01148,reflection,而妹妹在討論過程中情緒常常波動較大，後來甚至需要其丈夫推輪椅帶她前來加護病房，溝通上常需為照顧其情緒而中斷。,4.25,3.75
text_00893,text,處理日常工作，上客戶處演示，連接高端服務器等，都非常夠用,4.111,5.429
text_02928,text,這是因為近期詐騙集團已經不再只是發詐騙郵件，而出現了一系列冒充蘋果客服的詐騙電話，這些客服電話會利用一些技巧，來盜取使用者的Apple帳號。,3.5,4.333
text_02250,text,研究人員發現，將監禁期間無能力犯罪的情況考慮在內，曾入獄服刑的人在被判決後5年內再次被逮捕/定罪的概率有輕微的下降。,6.0,4.857
sentence_01721,sentence,不過叫你心裡留神,5.0,6.0
reflection_01970,reflection,對於還沒值過班的我來說，內科重症病房就是我在醫院裡見過離死亡最近的場域。,3.6,5.1
sentence_00613,sentence,同時焦慮還會跑進來亂我真的4不知道該怎麼辦,3.0,5.5
reflection_02482,reflection,面對這些病人，如果他們尚未面臨多重器官衰竭，卻可能需要依賴呼吸器，我是否有決斷的勇氣和決心？,4.5,3.9
text_01146,text,陳揆承諾，未來會有所檢討。,5.0,4.5
sentence_01433,sentence,不能遵行主的要求與人和睦相處,3.6,3.8
text_01799,text,偏偏就是馬英九這個被認為親中反日的，日本願意和他解決台日漁權問題。,4.429,5.714
edu2021_01270,edu2021,其實最近上的我都聽不太懂，好不容易今天感覺好像聽得懂，結果才發現不是我想得那樣,2.928571428571428,5.083333333333333
sentence_01830,sentence,永隆前高層妻哭訴,3.0,5.333
text_02161,text,在日常生活中遇見一些貌似很蠢很不方便的設計，直到有一天偶然間明白設計師的用心之後，讓你豁然開朗，然後大呼過癮。,7.0,5.375
text_00285,text,那顆熱愛孩子、發現孩子的心去關心愛護巴學園的每一位學生。,6.778,4.625
sentence_02313,sentence,反悔也只有反悔之人聲望下降的效果而已,3.5,4.333
sentence_00375,sentence,只能聽諂媚不能聽良謀,3.0,4.75
reflection_02154,reflection,當下感受當下感覺其實有點慚愧，或許是平常有關醫病糾紛的新聞報導看得太多，導致病人發生狀況時會先預想到家屬會用不理性的態度指責醫療團隊，然其實大部分的人對於醫療團隊都是相當尊重跟感謝的。,4.375,4.7
reflection_00906,reflection,但當我再次回到Bedside發現病人嘴裡用來抽吸的suction tube已經被鮮血淹到滑脫出來，而且病人嘴巴裡面像碗一樣裝滿了血，伴隨有咕咕咕的聲音，當下覺得繼績幫病人做PE好像也是怪怪的，便回去再向學姊求助，結果這次才剛開口學姊就拉高音量回我：「他本來就是這樣，昨天就這樣了，你是想要我怎樣？我是還能怎樣！？」,2.6,7.5
sentence_02565,sentence,大量狗官攜鉅款外逃不敢追捕,1.667,7.667
sentence_01904,sentence,秦的軍團也會僵化,4.0,5.333
sentence_00718,sentence,中華人民共和國內政腐敗侵害人權,1.5,5.5
edu2021_01212,edu2021,我覺得處罰的方式可以改進，讓同學知道不足的地方就可以了,4.083333333333333,3.333333333333333
reflection_02037,reflection,然而在旁邊聽著家屬一直重複問著相同的問題，其實當下我心情是有點煩躁的，感到煩躁的原因可能是因為自己是一個很急性子的人，所以才會有這樣的感受，當然在當下我並沒有將自己的情緒顯露在臉上，只是就會思考如果未來自己當了主治醫師，若遇到一直重複問同樣的病人時，是否可以跟至宏醫師一樣這麼有耐心，還是會用較不耐煩的方式讓家屬可以盡快結束話題。,4.0,5.5
text_01313,text,昨天以三比一（五戰三勝賽制）打敗韓國AzubuFrost隊，拿下冠軍，贏得一百萬美元（約三千萬臺幣）獎金。,8.143,7.286
sentence_01893,sentence,民眾要在水深火熱中仰望著威風凜凜的總總統座車一行五六十輛通過,3.6,6.5
text_01802,text,條款提案人、民主黨參議員韋伯表示，條款強化美日同盟的重要性，是美國支持亞太地區重要盟國強有力的表態。,5.25,4.429
edu2021_00463,edu2021,有一些專有名詞，感覺聽了還是會從耳邊過去，因為連那是什麼都不知道,3.25,3.75
reflection_02417,reflection,從與其四姐的進行的病情說明的過程，我們可以感受到病人家屬對於病人狀況的失落，甚至開始感到不捨，也因此亦會開始詢問相對應治療對於病人的影響及痛苦度。,3.5,4.8
edu2021_01244,edu2021,這課很有趣，令我明白建構過程,6.916666666666667,5.214285714285714
text_01412,text,國三生獲最佳青年發明獎現年十四歲的最小參展者、臺中居仁國中三年級學生林定宏，以「智慧型電風扇」獲頒最佳青年發明獎。,6.333,4.556
text_01494,text,《英雄聯盟》Season2世界冠軍賽十月十四日的總冠軍賽，臺灣戰區代表隊「臺北暗殺星」纔在五戰三勝賽制中，以三比一打敗對手、韓國「AzubuFrost」，在全場歡呼聲中抱回一百萬美元獎金、與象徵最高榮耀的召喚師冠軍獎盃。,7.889,7.125
reflection_02053,reflection,老師解釋完現在狀況已穩定後續照會外科處理之後，女兒馬上接著問ICU是否是兩天抽一次血。,5.2,3.0
sentence_01257,sentence,結果延期到下下下週了,3.25,5.4
edu2021_00622,edu2021,老實說我也聽不太懂，在快速的進度壓力下又加上作業與考試，讓大家吃不消,1.714285714285714,6.166666666666667
text_01642,text,員警利用跟檢察官共用憲法規定的廿四個小時，讓酒駕者會失去自由，「現在就可以做」。,4.778,4.571
reflection_00249,reflection,他認為女兒應是原本的氣喘惡化，重複要求我們打營養針，網路上的資訊繞他以為給營養後病人就能自己呼吸了。,3.25,5.5
edu2021_00522,edu2021,對於目前上課的方式不太適應，很沉悶,1.916666666666667,3.416666666666667
sentence_02243,sentence,我與妳分隔兩地,4.667,2.0
text_02555,text,法官今於高等法院頒下判詞指二人行徑實屬橫蠻無理，目無法紀，諉過於人，故認為原有定罪絕對正確，駁回上訴並維持原判。,6.0,5.6
reflection_01063,reflection,一位72歲的男性，因right leg PAOD with cellulitis入院排PTA，PTA後來顯示右腿嚴重瀰漫性血管狹窄，前一次入住CCU時，病情解釋說可能會考慮wound debridement或截肢，照會整外進行評估，而這次由一般病房因胸痛又轉入CCU時，整外來評估後建議截肢到膝蓋以上，整外醫師和家屬解釋後，家屬了解截肢的必要性，提出了一個疑問：先前在排完PTA後，有醫師說可以再考慮清創，但後來一直都沒有人進一步做解釋，搞到現在要截肢？,3.8,5.6
edu2021_00928,edu2021,原來在這方面我的認知還不夠多，多謝老師幫我普及知識,7.642857142857143,5.6
reflection_02202,reflection,但病人大姊不但不參考醫師端的建議，還到處道聽塗說，堅信病人身上的一些反射反應就是病情好轉的跡象，進而讓醫療處置遲遲無法進行。,4.0,5.0
text_00795,text,“美林閣”餐廳在上海挺有名氣，特地去品嚐了一下，的確不錯，憑房卡還可以打8.8折。,7.0,5.778
reflection_01627,reflection,會客時，站在老師身後，一個第三人稱的視角，從長袍的背後，不由得也想像當自己往前一步，變成主治醫師的角色時，會怎麼向家屬解釋病情，面對這沉重卻不得做出抉擇的處境。,4.125,4.375
text_02782,text,一名日本旅客日前來臺旅遊，與其他車輛擦撞，原本愁於無法應對，沒想到遇到英文流利的女員警實習生出面解圍，讓日籍旅客如釋重負，最後還合影留念，留下難忘回憶。,7.5,6.143
edu2021_00259,edu2021,慢慢理解如何運用在生活中了,5.25,2.785714285714286
sentence_02309,sentence,凡事不要執著固守兩位老少個性難處,4.25,4.0
reflection_01527,reflection,隔一天與老師查房的過程中，老師提到吳先生的弟弟有表示希望在緊急關頭能積極治療。,5.0,3.25
text_00911,text,另外送的包質量很好哈，雖然薄了點，背起來還算舒服，功能口袋也多。,6.444,6.333
sentence_01017,sentence,考驗我軍必勝的決心,6.0,8.0
sentence_02459,sentence,被犯規很少有哨,5.333,4.333
edu2021_00634,edu2021,學到蠻多東西的，感覺越來越好玩了,7.666666666666667,5.928571428571429
reflection_00421,reflection,嘗試同理病患，為何10餘年來都拒絕治療，而如今願意治療？又為何在已知疾病惡化到無法逆轉的情況下，明知治療效益不高，卻仍選擇治療？,2.8,6.0
sentence_01978,sentence,極樂淨土之類的,7.5,4.0
sentence_00584,sentence,拍賣的錢若有超過,6.0,4.667
sentence_00125,sentence,我無論如何受之有愧,3.5,5.5
reflection_00918,reflection,可以怎麽做就像是學姐以自身為例，我就覺得這是一個非常好的方法可以告訴病人，我們也曾經這樣做過決策，然後把自身親人做了這樣醫療處置之後得到的效果或是在臨終前這種平順的狀態，跟他們訴說講給他們聽讓他們去改變心中的一些想法跟做法，當然這並不一定是全然正確的，但是我們可以分享經驗給他們聽因為有可能是他們一開始不太願意面對這樣的選項，另外我認為還是要給予更多的時間讓家屬去做抉擇，因為我們沒有權利要求家屬先把情緒常好做出明智的選擇，大部分的人的情緒都是很難在短時間之内被消化的。,4.0,2.5
edu2021_00703,edu2021,課程內容可以讓整體思考能更加有效率,6.785714285714286,3.642857142857143
edu2021_00412,edu2021,老師努力教導，讓我更明白課程內容,6.857142857142857,4.75
edu2021_01338,edu2021,今天上的很開心，老師又多說明了一些例子,6.571428571428571,4.785714285714286
text_02320,text,如同近期亞馬遜員工稱公司因為怕機器人冷而拒絕在高溫情況下開空調，面對類似的問題，我們該怎麼處理人類和機器之間的關係？,4.714,3.889
text_01100,text,張團長幫陳翁購買洗衣機、衣櫥、飲水機等物，並請曜愛協會幫忙送午餐，協助2孫課後輔導，讓他感受社會溫暖。,6.875,4.571
reflection_01047,reflection,覺得震驚的原因是因為初面對一個生命的盡頭時都會覺得相當得震撼與顫抖。,3.5,7.125
edu2021_00956,edu2021,這堂課最吸引我的就是期末專題的製作，一直以來都想用自己的力量做出一個可以解決生活問題的東西,6.166666666666667,6.142857142857143
sentence_01749,sentence,俊美的像個妖孽,6.667,6.0
edu2021_01197,edu2021,上課進度好快，一直跟不上，作業有些都看不太懂在幹嘛，有點心慌,1.75,6.571428571428571
text_00443,text,首先謝謝大家的回覆，讓我多了一項的知識起初我也想回toyota廠更換，不過報價真的太貴了。,5.125,5.75
text_02747,text,他上週前往東京宣傳時，在當地媒體的逼問下，承認其實拍攝過程中也是即興發揮，噴出了許多小孩不宜的臺詞，不過都不會收錄在電影裡。,4.125,5.0
text_00730,text,裝修上檔次，但價錢不貴，出品好，值得推薦。,6.667,3.75
sentence_01081,sentence,普選給予人民選擇的基本權利,7.0,5.25
sentence_00575,sentence,除了極個別選擇原諒她的,4.0,5.333
reflection_01072,reflection,設想如果是自己的親人，在還有積極手段可選的情況下可能也沒有辦法這麼乾脆的放棄。,4.125,4.1
sentence_01874,sentence,難道中國人的腳非得踩在陰森森的白骨上,3.0,7.25
text_02884,text,但是強勢的性格，也會帶來負面影響，別人可能會認為你是一個自負或傲慢的人，而你只是習慣了做自己，不想浪費時間取悅別人罷了，哪些跡象表明你性格強勢呢？,4.375,4.857
text_02471,text,義大利發生旅遊大巴翻車事故已經導致1人死亡杭州網據俄羅斯衛星網報道，一輛旅遊大巴在義大利錫耶納地區發生車禍，造成1人死亡。,3.125,5.889
text_00194,text,許多人一生都在忙碌尋找自己的幸福，卻忽略了在身邊的幸福!有人想尋找童年，有人想遺忘童年，無論那種情況，你都可以在失落園裏找到那種感覺，在我每次難過的時候，我都會拿出這本書來安慰下自己!在裏面能得到心靈的寧靜，我推薦這本書也是希望所有和失樂園一樣的朋友，能尋找開心，遺忘痛苦，請相信黑暗的背後一定會有光!,6.25,5.667
reflection_00551,reflection,其實我滿震驚但又覺得似乎不太意外，平常不少醫療處置都可以開好幾次家屬會議了，更何況人命攸關卻需要立即做決定的時刻，沒時間讓大家靜下心思考討論，大家都是無助、掙扎的，特別是在醫院現場，親耳聽醫師們沈重語氣講解的家屬們，更是難以下決定，而在電話另一端，對病患還抱著過去健康印象的親屬們，換作是我大概也會直覺想到當然要救，才五十多歲、才住院幾天，葉克膜新聞也常常報呀，還有機會怎麼就這樣不救了，至少要讓病患醒來自己告訴大家他想怎麼做吧！,3.375,5.8
sentence_00078,sentence,我倒希望你是仙人,5.0,6.0
text_00673,text,您的入住滿意就是對我們接待服務工作最好的肯定與激勵！,6.778,5.667
sentence_01364,sentence,黑暗中的一點螢火,6.667,2.0
text_02558,text,自從中國於2018年爆發非洲豬瘟疫情後，這個對豬隻而言無藥可醫、難以根除的病毒就迅速在亞洲國家之間擴散。,2.75,5.556
reflection_00803,reflection,這次談話，就在學姊的哽咽中告一段落。,3.75,3.8
text_02542,text,一名39歲的胡姓男子，疑似和65歲的父親發生衝突，一氣之下竟狂刺對方20刀致死，伴屍3天等到屍體發臭，再將其簡單包裹並載到溪洲橋下水圳棄屍。,2.0,7.0
reflection_01008,reflection,當下我的反應是生氣的，覺得病人都已經在急救了，而家屬竟然無動於衷，只想著要回家。,2.6,7.375
text_01826,text,真是很奇怪耶，佔領忠孝東路，核四還是繼續蓋啊想當年地方反對蓋焚化爐時，鄉民正統的)都直接擋路不讓工程車過所有反核人士直接去核四廠的聯外道路上躺平不就達成停建目的了?,3.111,6.571
sentence_01080,sentence,即使美國把中國產品的關稅全部提升到1,4.333,6.0
sentence_00390,sentence,雨兒便把他解開了,5.6,5.25
sentence_01797,sentence,哥哥們的立場真的為難,3.5,5.0
text_02186,text,2018年8月31日，劉強東因疑似性侵在明尼蘇達大學卡爾森商學院被逮捕，警局報告顯示，嫌疑人涉嫌罪行等級為重罪，涉嫌罪行為強姦既遂。,2.375,6.0
text_01063,text,但是，沒有飛航安全就沒有服務品質，旅客只有在安心的環境下，才能體驗我們不斷創新，物超所值的服務品質。,6.222,5.0
sentence_00886,sentence,連我剛剛去報案也處處刁難,3.0,6.0
reflection_01039,reflection,甚至可以適時的緩和家屬情請專業的社工、安寧共照團隊、宗教人員進行介入幫忙。,6.0,3.25
edu2021_00037,edu2021,可能是還沒徹底了解，所以上課一知半解,3.0,4.0
sentence_00158,sentence,一直擔心累到她,4.0,5.25
text_01224,text,但真的懷孕時，對方又能負什麼責？怎麼負責？怎麼照顧？目前他能充分照顧自己了嗎？恐怕很多時候，在懷孕後，如果對方也是青少年往往負不了什麼責任，貢獻出精子的這位男性也會很懊惱，不如在發生性關係前，就好好防範於未然。,3.0,6.143
sentence_01267,sentence,此舉非常不明智,2.5,4.667
edu2021_01223,edu2021,給同學壓力這個想法不錯,4.25,3.583333333333333
edu2021_00363,edu2021,老師今天心情感覺很好，哈哈哈,7.214285714285714,6.25
text_00252,text,第三者，逝去的四年的時光留下的也不會是愛情，只是對於年少的懷念。,4.556,4.571
sentence_00779,sentence,幼稚園時期的我,5.0,2.667
text_01779,text,既然核四不堪用，我在此提議，要不要把建出核四這麼爛建築物的工程師及相關包商送上斷頭台？國民黨實在讓我太失望了。,2.778,6.429
text_02874,text,員警的白目提問，包含要受害人比較性侵與過往性經驗的感受，問受害人有沒有努力反抗，還問她是不是在下意識中，知不知道受害人要是完全沒反應，性侵很難得逞。,3.0,6.125
text_02658,text,微軟安全響應中心的事件響應主管SimonPope呼籲，他們確信會有利用該漏洞的攻擊事件發生，呼籲IT管理員立即採修復行動。,4.0,4.25
text_00983,text,鍵盤挺舒適（可能本人的手也不大）。,6.0,4.444
edu2021_00219,edu2021,今天的課讓我相當有感觸,6.2,4.416666666666667
reflection_00987,reflection,肝醣儲積症也讓她有肝臟相關疾病、肌肉病變及低血糖等症。,5.0,3.6
edu2021_01312,edu2021,透過多次的親身經歷與比較，可以得知更多真實的學習,6.071428571428571,2.833333333333333
text_00750,text,太吵，最要命的缺點，一個賓館主要的功能時能提供相對安靜的環境，可是住在這裏實在吵得要命，聯繫前臺提出置之不理。,2.5,6.889
reflection_00001,reflection,"描述事件具體發生了什麼事根據病人的報告,他三天前開始出現呼吸急促,並伴隨輕微的左胸痛和乾咳。",4.375,4.125
edu2021_01028,edu2021,今天教的無法完全理解，希望老師能解釋的更清楚。,2.75,4.916666666666667
text_01205,text,許多粉絲在看完臺韓冠軍爭奪戰的網路直播後，意猶未盡，爭相在臉書上發表感言，甚至有粉絲提議，乾脆設個「英雄聯盟紀念日」。,5.429,5.0
text_00227,text,生相，悲苦的，樂觀的，勇敢的……厚厚的一本傳記，卻給予我們很多讀者很多的精神力量。,6.333,6.125
text_01996,text,難道他們不知道自己現在反對的東西在自己上臺後可能無法收拾?,3.444,5.0
reflection_01409,reflection,無法諒解的原因是為何第一時間檢察官提醒家屬要報案才能保留檢體時，病患的姐姐不馬上採取行動，明明是攸關釐清自己女兒死因，和追溯驅蟲廠商責任等事關重大的必要行動，卻隔了三天才報案。,3.875,5.5
sentence_01913,sentence,以市場脅迫換取技術,3.0,4.667
text_02026,text,5月13日，介面援引知情人士稱，2019年快手的營收目標為300億元，其中直播和廣告為主要收入來源，預計快手在今年將會實現小幅盈利。,5.571,3.143
reflection_01618,reflection,描述事件病患是一位47歲男性，有思覺失調症的病史，在靜和醫院追蹤，這次入院原因為十天不吃不喝，在肝膽胰內科時有診斷出急性胰臟炎，之後在8/29 出現shock情形，體溫低至31.7度C 加上低血壓以及意識改變(E4V5M6->E4V2M4)，之後轉加護病房治療及survey休克原因，主要照顧者為病患之哥哥，在入院期間一直堅持要給弟弟餵靜和開的藥，就算病患牙關緊閉也是會從病患的蛀牙當中塞藥進去，並且在照會精神科後有試著請他換用高醫的藥，但他還是比較堅持靜和的藥物對弟弟的病情比較有幫助。,4.0,4.4
sentence_00888,sentence,直面質疑中共政權,4.667,5.333
sentence_01700,sentence,感覺華人孩子在公共場合比較守規矩,6.6,4.75
text_00520,text,如果不常跑高速公路，比方說小黃如果後做不常帶小孩，或是只有偶爾載不熟的朋友那安全配備低一點無所謂，可以省很多錢台灣人命的值錢程度隨著國力不振早就成長有限只能說，不同產品有鎖定不同客層想要強調安全的，自然會去買其他車廠的或是進口車不然去買Lexus啊....安全氣囊或是ESP都少不了的便宜就是有便宜的做法，有錢能買汽車，誰想要騎機車去肉包鐵呢?,4.0,5.429
sentence_01111,sentence,我們會加以重視的,6.6,5.75
sentence_00776,sentence,把西方謹慎論調當侏儒,3.5,5.5
text_01197,text,林益全確定簽約後，比起去年月薪23萬元，漲幅高達96%，與他一開始的目標相去不遠，其實這已是他第二次加薪接近百分百，前一次在2009菜鳥年勇奪包括年度MVP在內5項個人獎後，隔年薪水就由11萬躍升22萬元。,6.4,5.125
sentence_00329,sentence,系統維護期間將無法登入遊戲,4.0,3.2
text_01230,text,如果自己是未成年學生，覺得要面對這些事情有些麻煩，真的不想要面對與處理這些問題，請男方不要當「小孬孬」，好好戴上套。,3.556,6.333
sentence_00282,sentence,不難看出像我同樣命運的人很多,4.5,2.5
text_01142,text,一口「臺灣腔日語」也一樣可愛，還開玩笑的說希望她們日文不要變得太標準。,6.25,4.0
edu2021_00464,edu2021,其實聽不是很懂,3.25,3.083333333333333
text_01931,text,災區正辛苦重建，臺灣朋友的支持及援助超過物質上的意義。,6.875,6.0
text_02243,text,據路透社報道，三星電子本週二表示，他們當前尚無法確認可摺疊手機GalaxyFold的具體出貨日期，並且就出貨延期向已經預定了這部裝置的美國消費者進行了道歉。,3.667,3.333
reflection_00928,reflection,我有想過自己家人DNR的相關問題嗎？,4.875,2.625
sentence_01158,sentence,就如同你信賴他嗎,5.0,4.333
reflection_00631,reflection,經過治療後，sepsis shock情況改善，endotracheal tube也順利拔除，隨後轉到腎臟內科病房做後續的觀察。,6.375,3.125
reflection_00583,reflection,有嘗試拔管讓她舒適一點，但又造成她呼吸的困難。,3.875,3.875
sentence_01194,sentence,狀況極差的我在床上昏沉的度過一整天,3.0,4.5
text_01862,text,陳院長指出，自由經濟示範區之規劃，係秉持自由經濟的觀點，以達成「參與區域經濟整合、「提升國家競爭力」與「釋放企業活力」等三大目標。,6.375,4.167
edu2021_01486,edu2021,大致理解內容，老師的自身經驗有趣,6.642857142857143,4.071428571428571
edu2021_00725,edu2021,這幾次上課我發現，原來老師其實只是上課比較嚴厲，其實人還不錯的,5.583333333333333,4.833333333333333
reflection_01255,reflection,你可以怎麼做：試著了解家屬的情緒單看病人狀況確實有好轉，家屬當然很樂觀，家屬可能以為已經用了後線的抗生素，病人理能應治癒，原本已經做好了心理準備，後來給予希望，但最終卻讓他們失望，治療病人期間，全家全新同入救治病人，承受了各式的壓力,4.1,5.375
sentence_01614,sentence,遠方留下的只有一種狂躁,3.333,3.667
sentence_02238,sentence,在盼與憂之間躊躇,3.5,4.25
sentence_00348,sentence,我他媽的怎麼會不懂你,3.333,8.333
text_00707,text,該有的都有了，無可挑剔。,6.111,4.429
sentence_01078,sentence,萬一中美談判破裂,3.5,5.5
text_02573,text,今日，該網友公開道歉，稱此前訊息建立在單方面訊息管道基礎上，且在未完全證實事實的情況下輸出了情緒，讓問題向更激化的方向發展。,3.714,5.143
text_01221,text,懷孕了，固然是好事，但在學生時期懷孕得面臨許多挑戰。,5.125,4.778
reflection_01295,reflection,老師透過釐清疾病的時序來讓家屬了解到這個事件並非照個X光就導致這麼嚴重的情況。,4.25,2.75
sentence_00183,sentence,孟晚舟保釋案進入第二天聽證,4.6,3.75
reflection_01801,reflection,不過，病患先生卻希望繼續積極處置拼拼看，而這決定和醫療團隊有所衝突，使醫師要再次與家屬討論，達成共識以進行後續處置。,3.7,5.25
text_00093,text,讓他練習手工的同時還有很多樂趣，超喜歡。,6.667,4.6
text_01366,text,王寶蒞說，不能以陳昱安砍殺父親幾刀而認定其犯罪層次，1名小孩如此傷害父親，「背後難道無更深層的原因？」，且針對刑法第57條科刑時須審酌的各項情狀，也還需盤點式調查。,3.667,5.5
text_00836,text,MM在做健美操，意外收穫：早餐比上次好很多，新加的番茄雞蛋捲很好吃。,6.875,4.333
edu2021_00887,edu2021,對我來說還是很困難，有時候比較難反應過來,3.083333333333333,4.416666666666667
text_01107,text,對華援助協會也對這一判決結果表示震驚和憤慨。,3.875,6.333
text_00180,text,有時候，一本好書的標準不是情節多麼跌宕起伏，場面描寫多麼宏偉，蘊涵的社會意義有多深，這些，在很多時候都不是讀書的目的。,5.5,5.0
text_02692,text,他昨天在Twitter再度發文，話鋒一轉，稱中方在談判受到重擊，警告勿奢望等到明年大選後與民主黨的總統談判，因為他將會連任，屆時協議內容必定更苛刻。,3.444,5.667
text_00878,text,京東響應速度很贊，第一天下午下單，第二天上午就通知到貨了，不錯；本本很好，就是在包裝的時候不太好，把表面的膜都弄皺了，好多灰塵；拿回貨之後是同事幫忙給做了些測試的，各項測試結果顯示本本很好，對於我這個不玩遊戲的人來說足夠使用了。,6.333,5.375
sentence_01446,sentence,或像你這樣含糊其辭一句帶過,3.6,5.25
sentence_00931,sentence,回個帖還躲躲藏藏在別人推下,3.5,4.5
sentence_02434,sentence,還記得團委從我手裡搶走的五塊錢,4.0,4.0
text_00150,text,有的文章純粹我覺得可能還是編的，比如說表姨媽的時候，說成了watchaunt，這可能嗎？？？除非開玩笑的時候故意的吧，任何一個學過英語的初中以上的人都難以犯這種錯誤吧？翻了幾個故事看了之後，積極性大受打擊。,3.125,6.0
text_02096,text,前不久，一位女子利用7天無理由退貨等服務規定，天天穿名牌新衣服，然後再申請退貨的事情在網上鬧得沸沸揚揚。,3.556,5.0
reflection_00195,reflection,"在這次急救的過程中,也學習到一些急救和ECMO相關的經驗,例如了解onECMO的流程、剛始runECMO後觀察缺氧血/充氧血並判斷病人狀態,還有CPR要讓自己在最舒適的狀態(不要穿白袍)等等。",5.875,3.6
sentence_01812,sentence,文貴沒吹出幾十億幾百億已經舊嘴上留情了,5.25,4.75
text_00908,text,附帶軟件比較充足，有送一年免費的殺毒軟件，驅動和VISTA光盤都有。,6.111,4.5
reflection_02321,reflection,已經有人同理、安慰她，也有人解釋現況給她聽，也有人給她看沒有波型的心電圖，和病人已經爛掉的屍身，也有人哄著她要一起幫媽媽洗澡換漂亮的衣服，但沒有一個方法有效。,3.5,3.875
edu2021_00842,edu2021,今天上課講解了一些例子，我覺得我更瞭解在說什麼了,6.083333333333333,5.142857142857143
sentence_02321,sentence,我給香港特首老同事的一句勸告,4.667,4.333
sentence_00273,sentence,導致王扣瑪罹患嚴重肺炎,3.333,4.0
reflection_01663,reflection,我才發現原來他 8 月剛被診斷為癌症，但做了許多化驗仍舊找不到源頭，都還沒開始療程，卻已經離世，難怪家屬的情緒會如此激動，我內心瞬間能夠同理家屬，並對於我上周內心的想法感到慚愧。,3.75,4.125
text_00429,text,三O幾年前爛車頂事件是一大敗筆，連我爸都受驚了!品質不良又不負責任，但它實在好開~T的話..行銷大過一切歌後或七速，完完全全適合多數國人買車的特性；但撇開一些該有的安全科技不談，至少在設計上使得維修容易又可以少花錢，問題少~希望台灣將來會有個真正競爭的市場!目前消費者真的很吃虧。,3.222,5.625
sentence_02334,sentence,是一種先入為主的刻板印象,3.333,4.667
sentence_00917,sentence,和高通起訴蘋果的套路一樣,4.5,5.25
text_01693,text,以下這段話更清楚：「我們會對怪手入侵農田義憤填膺，我們會對建商強拆民宅無法坐視，我們也會對公共媒體被資本家把持而憂心忡忡」。,3.333,6.222
sentence_02021,sentence,因為我是一個喜新厭舊的人,4.667,4.75
reflection_01755,reflection,我現在覺得滿難回答的，希望之後的某天，可以逐漸想得清楚一點。,4.5,4.625
edu2021_01343,edu2021,老師建議我們去摸索新的事物，這樣才能運用廣泛，增加自己的能力,5.333333333333333,2.083333333333333
text_02305,text,第一個問題我會從英語學科出發來解答，作為某知名培訓機構的集團培訓師，我會儘可能提供可操作的誠懇的建議，而不是打雞血的、傳奇的、勵志的故事。,5.875,4.714
sentence_01759,sentence,是在日本投降前兩三天!,4.0,7.0
reflection_02500,reflection,這次的突發事件不單使我多了一次急救的經驗，更重要的是他能夠讓我好好反思自己缺少了什麼，以及之後該怎麼樣更加精進自己的實力。,6.0,4.7
reflection_01250,reflection,家屬詢問：「可是他的⾎壓、心跳和呼吸看起來都很正常呀。」,5.0,3.8
text_01215,text,LINE臺灣官方11日緊急透過官方粉絲團澄清，建議使用者不要相信，指出「LINE官方從未跟任何一家公司或團體在該方面進行合作，並請留意勿洩露個人訊息。,4.75,5.222
text_01879,text,同意的朋友請來留言報到一下。,5.222,3.875
reflection_00248,reflection,我的感受當我在station被這位家屬詢問醫師查房時間和老師查房時，我感受到一絲絲煩躁，因為我覺得這位家屬很無理取鬧，無法正常溝通交流。,2.5,5.3
text_02845,text,今年歐洲歌唱大賽在以色列舉行，當地電視臺轉播準決賽時，駭客成功插播假的火箭攻擊警報畫面，負責轉播的單位把這起事件歸咎於好戰組織哈瑪斯所為。,3.4,4.833
edu2021_01202,edu2021,我真正學到的不多，但在下次上課前我會先預習，並努力克服想睡覺的念頭,5.083333333333333,3.583333333333333
sentence_02510,sentence,而今如履薄冰的句句諾言,3.333,5.667
reflection_00392,reflection,但是我還是有去詢問和家屬溝通的醫師當時他們討論的狀況，並且試著想去了解他的家屬做這樣的決定的原因。,4.75,2.8
edu2021_00872,edu2021,老師每天都好認真，好有趣喔,8.416666666666666,6.357142857142857
edu2021_00264,edu2021,終於教完了，但教的有點快,4.166666666666667,3.333333333333333
reflection_00442,reflection,4.可以怎麼做先理解家屬為什麼一直不想正面回答關於淋巴癌疾病的原因可能對於疾病突如其來衝擊太大，原本可能只是想說眼睛附近長一顆東西而已去看了耳鼻喉科，結果居然一檢查就發現是末期癌症。,2.7,6.5
sentence_01566,sentence,損壞是一件顯而易見的?,5.0,4.0
sentence_00759,sentence,這些人很可憐的,3.0,6.667
sentence_02180,sentence,連外表都變得不再討喜,3.0,6.0
edu2021_00337,edu2021,今天教的真的很棒，我覺得我會學以致用,8.75,6.142857142857143
edu2021_01348,edu2021,收穫良多，深入淺出的教法我很喜歡,7.428571428571429,4.5
text_01392,text,那沉重的心情，我相信很多家長也都曾感受。,3.111,4.0
sentence_01504,sentence,郭教主是低眉順眼,4.0,4.0
text_02868,text,馬幫以集物質主義、極權主義、民粹主義之大成的馬學，對官員們進行持之以恆的洗腦，摧殘了它們的善根和四端，然後把它們投放到充滿巨大利益而缺乏有效制約的官場上去。,3.0,5.8
sentence_02371,sentence,和其小助手幫我捏的人設們,5.25,3.0
edu2021_00546,edu2021,今天教的可以與很多東西結合起來，我覺得滿有趣的,7.071428571428571,5.142857142857143
edu2021_00460,edu2021,今天上的內容有以較貼近生活的事件舉例，更能清楚地了解課程內容,6.083333333333333,3.928571428571428
text_01577,text,另外，從美國駐利比亞使館遇襲案的調查結果看來，開打在北非國家的分支與其他武裝組織呈現出來的是另一個新面貌的恐怖主義，不見得受到巴基斯坦的開打組織高層控制，但卻極端反美。,4.625,5.75
text_01015,text,顯示效果好，很白很透亮。,6.625,4.5
text_01283,text,楊典忠議員表示，近日不斷發生讓人痛心的事情，今年8月27日在北屯區大坑發生7只小狗集體遭毒死案件，聽說還有10幾隻沒被發現，以及8月31日在清水區信義新村發生4只小狗、1只小貓遭毒死案件，去年大坑光西巷附近也有30只小狗慘遭毒死，今年9月21日在豐原區翁子派出所也接獲毒狗案件，9月15日在霧峰區中正路還有小狗遭捕獸夾夾傷案件。,2.778,5.333
reflection_02338,reflection,第二位病患為90/M ADL totally independent，入院使用抗生素和利尿劑針對肺炎和心衰竭做治療後，並沒有太多臨床或影像、實驗室數據上的進步，根據影像學和過去病史而下了IPF AE的診斷，因此在治療的策略上也在短短幾天內有相當大的轉變。,5.2,2.5
text_02391,text,天貓淘氣島旗艦店現有兒童棉綢睡衣套裝，原價22.8元，使用5元優惠券後，17.8元到手，近期好價，涼爽舒適，輕薄柔軟，親膚透氣，不掉色不起球，外穿防蚊。,5.5,3.2
text_00237,text,看到這些水結晶時的圖片，是震驚。,5.375,5.143
text_02436,text,維基解密在宣告中表示，阿桑奇在厄瓜多駐倫敦大使館待了近7年，期間他的健康狀況已經顯著惡化，他在貝爾馬什監獄的7個星期裡，健康狀況持續惡化。,3.571,5.286
edu2021_01242,edu2021,今天拿到課本後，終於可以更清楚知道老師在說什麼了,5.833333333333333,5.0
text_02274,text,據媒體報道，江蘇南京的陳女士一家去年6月通過自如租房，但是入住僅僅4個月後，2歲半的兒子就患上了白血病，11月4日住院到2月14日僅僅100天便不幸去世。,3.125,4.222
reflection_02012,reflection,而後來看到病人妻子相對其他病人家屬漠然的反應後，我發現自己不自覺地皺了眉頭，有些生氣她怎麼可以那麼無情，不顧丈夫的不適也不多留下來跟他說說話。,3.375,6.0
edu2021_01038,edu2021,我們要學習勇於告知他人的錯誤，這不但是在幫助他人了解自己的缺陷，亦是給他人一個學習的機會,6.642857142857143,3.666666666666667
text_00995,text,電池不是原裝，我懷疑是水貨,3.111,5.167
sentence_01243,sentence,是有什麼疾病麼,4.0,5.0
edu2021_01597,edu2021,雖然不是很好理解，但是再難也要搞懂,5.5,3.583333333333333
reflection_00647,reflection,所以向資深醫護人員學習溝通技巧，減少衝突事件的發生與嚴重程度是相當重要的一環。,5.125,3.9
text_01754,text,至於凱瑞，以色列也擔心美國外交政策在他主導下，將會使以色列在巴勒斯坦問題和約旦河西岸屯墾行動上面臨更多壓力。,4.111,4.444
sentence_00296,sentence,更不要說講牢騷話,4.0,6.667
reflection_01029,reflection,這句話雖然對於外圍的人來說很小聲，但我卻聽得非常清楚，因為女兒非常堅定不要氣切這個選項，而這個理由背後的原因在前幾天的會客時間她有向我們醫療團隊交代，十年前的中風就是因為有氣切過，所以女兒非常能夠理解老奶奶從氣切後到可以唱歌這段復健過程的辛苦，而且女兒說到這裡更是振奮的說：「十年前她的體力真的非常好！為了恢復說話的功能，真的非常努力」，然而講到現在的狀況就是話鋒一轉：「現在這樣的狀況即使氣切都不知道能不能恢復，我真的不想要她承受這樣的痛苦...」,3.375,7.0
reflection_01599,reflection,再情況好轉的幾天後，病人腎功能又開始惡化，如果想要穩定病情且延續生命，洗腎這件事就是必須做的事情。,3.875,4.0
reflection_00069,reflection,"反應為何當下做了什麼、想做什麼當下觀察醫師立即更正對病人稱呼並道歉,我也冷靜下來思考為什麼病人會有更正醫師對病人稱謂問題,並思考如果未來自己遇到類似情形應如何應對。",4.75,3.0
sentence_00370,sentence,每次看到梵谷兄弟相關的文章就很感動,7.0,6.75
reflection_01374,reflection,對於同樣的案件，有多種方式協調，倘若兩方態度過於強硬，那便無法在溝通平台上建立良好的基礎，那談判必然破裂，相對的，如果雙方拿出誠意解決，以不藏私的態度坦然面對，站在彼此的角度思考，就能讓醫病溝通更加順利，也更能推動醫病共享醫療決策的進行。,5.625,3.6
sentence_01547,sentence,在辦公室裡作為解壓工具被小便澆在精緻妝容的臉上,3.0,7.5
text_02807,text,20年間，騰訊的QQ從一個弱不禁風的小企鵝成為擁有超過8億使用者的龐然大物，生財之道也一直有聲有色，特別是各種各樣的會員、鑽讓騰訊賺得盆滿缽滿。,7.0,6.5
reflection_02119,reflection,因此面對願意積極治療的病人，我們盡我們所能給予醫療上最好的判斷；而面對已經準備好不去徒增病患痛苦的家屬，我們也去尊重他們、減輕他們的負擔，協助他們面對及渡過死亡的過程，幫助他們適應新的生活。,6.5,3.625
edu2021_00113,edu2021,今天大家感覺很煩躁，可能是因為考試考不理想吧，感覺沒精神上課,2.142857142857143,2.916666666666667
text_01705,text,不過由於臺聯黨團堅持反對，因此並沒有達成協商共識。,3.5,4.667
reflection_00849,reflection,"若病人的情況相對穩定,仍有時間讓家屬在沉澱心情,在漸漸地認知、接受事實後,做出重大的決定。",5.5,5.25
text_01275,text,由於李生堅持提告傷害，警方近日將傳喚吳宗憲等人說明。,4.3,3.778
reflection_00921,reflection,另外NP學姐還以自身經歷為例，學姐也是有親人在以往面臨這種接近臨終的狀況接近臨床我們所謂末期的狀況，那學姐一開始也是很捨不得，但仍選擇讓父親平順的離開是這個世界。,3.25,4.375
text_01561,text,報導說，印尼國會司法委員會迴應，已經質詢安迪（AndiAzhar），這個月將作出決定，輕則警告，重則解職。,3.571,5.75
sentence_00232,sentence,共產黨盜國賊壞,2.2,7.0
text_00399,text,一個車廠把安全配配省成這樣，還有人客要捧場?,2.5,6.167
sentence_00756,sentence,武漢這塊地界到底隱藏者什麼,6.0,6.0
edu2021_00635,edu2021,教的內容有點繁瑣，又一直重複，感覺像機器人,2.833333333333333,6.5
sentence_00832,sentence,您的孩子也會有突出的一面的,6.5,5.333
edu2021_00671,edu2021,昨天上課很多人不專心，我認為非常不應該，這樣不僅對老師不尊重，更本末倒置了,1.916666666666667,6.8
edu2021_00888,edu2021,學到了很多東西，感覺受益良多,7.4,3.142857142857143
reflection_01522,reflection,一名沒有住所的遊民，自高中畢業後長年流浪在外，現已56歲，每天靠著資源回收變賣得到的200元生活，他說「我每天都花100元，然後存100元」。,4.667,2.25
reflection_00833,reflection,另一方面，我也對女兒當下直接在加護病房裡歡呼與蹦跳的反應感到有些自私，可以理解身為女兒聽到媽媽終於有機會脫離呼吸器的雀躍心情，但是加護病房裡本來就是個幾家歡樂幾家愁的地方。,2.375,3.875
text_00108,text,由於本人也是剛讀這本書，暫時不能對這本書的全部情況做到完全把握。,5.0,4.286
text_02154,text,記者暗訪發現，目前仍有多家組織以愛心捐贈名義招募女性售賣卵子，並給予一定的營養費，價格從1萬元至10萬元不等。,3.875,5.125
sentence_02568,sentence,所幸櫃子看起來還是蠻牢固的,6.0,5.25
edu2021_00572,edu2021,老師在講解之中總會穿插許多故事，讓課程變得非常有趣，有感受到老師的用心,7.5,5.25
sentence_01501,sentence,他的話語簡直像鎮定劑一樣,6.5,5.5
text_00804,text,總提感覺還是相當不錯的，去揚州的朋友建議你們去住一下~哈哈,7.0,5.429
reflection_00048,reflection,"當下,我真的很想問她為什麼要那麼害怕,為什麼不多花點精力來了解我們是如何幫助患者減輕這些症狀,然後陪伴在不知道有沒有意識恢復可能的家人身邊。",3.75,6.625
reflection_00929,reflection,家屬的心情也很糟糕，但它並沒有指責我們，只是位老太太的離世感到很心痛...，看到這一目我也很難過。,2.7,5.75
edu2021_00224,edu2021,白板字太小又暗，看不到,3.083333333333333,4.666666666666667
sentence_00189,sentence,記得以前就有看到過談對捐卵傷害認識不足的文章,5.0,5.0
reflection_00675,reflection,"你可以怎麼做最後，在阿嬤失落的眼神中結束了這場""護欄之爭""，但我想除了與病患理性的溝通說明原因之外，也可以與病患多聊聊其他話題，透過聊天來轉移病患注意力，同時也可以去檢視病患當下是否有其他身體上的不適導致病患有這樣的要求。",4.25,3.875
text_02447,text,Faleemi最近就在香港推出M1這款體積細小但功能齊全的Wi-Fi保安IP鏡頭，相信應該十分適合在家居環境狹小的香港用家使用。,6.286,4.0
reflection_02059,reflection,老師強調，得以透過手術獲益的機率確實低，但只要家屬與病人想拚拚看，醫護團隊絕對會出最大的努力為病人爭取珍貴的歲月。,6.3,4.75
edu2021_01005,edu2021,今天老師以生動活潑的方式和我們互動討論，帶回很多值得我們詳加思考、探討更深入的內容,7.428571428571429,5.785714285714286
reflection_01440,reflection,如果未來能夠先釐清家庭之間的關係、整個事件發生的經過，最後再到家屬跟病人的反饋，對於病情解釋、醫病溝通會更有幫助。,5.625,3.7
text_01665,text,這個糾纏不休的議題創造理性解決、符合最佳利益的歷史契機」。,6.25,3.875
sentence_00397,sentence,美國人頓時呆了!,5.4,7.75
text_01994,text,自己執政時下的重大決定一下臺就否定?,3.5,5.375
reflection_01596,reflection,想起他們再討論室跟安寧專責的護理師的談話，我那時候也在一旁。,5.0,1.5
text_00125,text,力所承受的艱辛對安樂死也有些瞭解，最後章節的那句我們已經不再相信壞運氣了，壞運氣不存在，運氣不存在。,4.75,4.0
text_00530,text,此道路為單線道但是道路上並不有話單向或是行駛路線路邊無話黃色線道也無紅色線在整個過程中對方撞到我之後變成靜止狀態以機車量的距離與寬度大約是1.5臺車也就是說機車改4輪以人的話可以至少佔4個人所以你說你們說我氣憤不氣憤重點是看他服務那麼多年的環保局垃圾車既然會撞我車子會不會太誇張了再稍微些10~15角度轉彎處太誇張了只能說只想回他幾句髒話哈哈,3.222,6.875
edu2021_00958,edu2021,雖然有聽懂，但是還有模糊的地方,4.833333333333333,2.0
text_00709,text,感謝您對我酒店的關注與支持，期待您的再次光臨。,6.857,4.556
sentence_01367,sentence,一定就必須引進外來的,5.0,4.8
edu2021_00277,edu2021,今天上的感覺比較難,3.785714285714286,3.0
sentence_00605,sentence,也非常重視善惡有報的懲罰,5.667,4.333
reflection_00129,reflection,"醫師的能力有限,再經驗豐富的醫師對於病情已經進展至末期的病患,能做的事情大概也只有盡量減少病患痛苦,並且協助家屬陪伴著病患走完最後的過程。",3.5,1.8
text_02579,text,而之後又到了去年8月，與高通達成和解，除了和解前已經支付的27.3億元不記之外，之後高通就不用再繳納罰金。,5.875,2.75
reflection_00471,reflection,伯伯才71歲！不能稱上老，在這次生病以前的生活與自理能力都是好的，也有愛他的家人朋友在等他。,4.125,5.375
text_02730,text,嗯，是的，您沒看錯，上述三段充滿著詩意的編排比喻並非在描述某個出現在2029年的某個生化機器或者練出了庫裡式三分的揚尼斯，而是在說大衛羅賓遜。,5.0,4.286
reflection_02183,reflection,第一次跟老師查房時，看到這位阿公的印象是身形消瘦、骨瘦如柴，不知是否為疾病造成，或是生病之前，他的生活就相當困苦、營養不良導致。,3.5,4.5
edu2021_01259,edu2021,還是有一些沒有完全搞懂,4.071428571428571,3.285714285714286
sentence_02312,sentence,然後因為馬聲望下降民進黨攀升的政治能量,5.0,4.333
text_00544,text,樓海景不夠好，應該往上層更佳.,4.333,3.857
sentence_02339,sentence,再搭配有光澤的底妝,6.0,4.0
reflection_01616,reflection,當下除了想要跟家屬解釋精神病藥物的副作用與嗆咳風險之外，在照會過精神科之後也可以透過精神科醫師的專業建議與病患的家屬討論，雖然不一定要強迫家屬將靜和的藥完全停掉而換成高醫所開的藥，但是暫時性的停藥並重新評估之後劑量的給予是不可避免的，也希望家屬可以相信醫療處置並且不會自行塞藥至病患嘴中，而可以照著醫師的建議。,4.5,4.2
reflection_01165,reflection,不必替⾃⼰打分數，不必要求⾃⼰做到⼀百分，承認每個⼈都有無能為⼒的時候。,5.3,2.625
sentence_02032,sentence,英為能相見而毀掉翅膀掉入人間,2.333,5.667
text_02263,text,美國海軍飛行員需要接受最嚴格的訓練，但有些時候，他們也會剋制不住內心的調皮情緒，畫出一道少兒不宜的航跡。,5.5,5.143
sentence_01477,sentence,讓我感到一片哀傷,3.4,4.75
edu2021_00156,edu2021,今天有被點到問問題，跟老師有點互動，更能了解上課的內容,5.5,3.357142857142857
reflection_01487,reflection,一開始看到這樣的病人非常反感，大家都乖乖地接受治療，為什麼只有他覺得自己有特權，不過其實試著去同理他，可以理解為什麼他會有這樣的反應，大概是以前一直都沒有什麼症狀，生活一直這樣過、菸酒照樣不忌口，突如其來的大病一場，加上在急救過程中片段的記憶，對於他來說可能真的很難接受，病人的工作是飯店行政主廚，原本在工作領域上呼風喚雨，來到病房處處被約束和限制，大概心裡也不服氣，除了跟病人解釋我們目前的處置還有他疾病的嚴重性，與不接受治療的風險，對於病識感不佳的病人，也要讓家屬了解，和我們站在同一邊，這樣不僅能讓他的家人來說服他接受治療，也能減少敵對狀態造成的醫療糾紛。,5.3,4.9
text_02670,text,如果你喜歡整個旅程編排妥當，井井有條，去年推出的手機GoogleTrips可以幫到你，最近Google將這服務推出網頁版，更方便使用者在電腦編排行程。,6.714,4.833
reflection_00291,reflection,描述事件一位長期洗腎、糖尿病、雙下肢周邊動脈阻塞疾病的奶奶，這次因急性臑囊炎入院在一般病房使用抗生素治療時發生嚴重敗血性休克併發代謝性酸中毒而轉至加護病房，預計使用CVVH洗腎。,4.0,1.375
reflection_01230,reflection,到我們要向他們解釋病情的時候，看見老師不疾不徐地告知目前婆婆的狀況，與病患家屬們一起決定之後還能在位婆婆做什麼事情 ，我發現婆婆的子女們儘管都是醫師，大多數時間都是默默的聽著，沒有因為自己也是醫師，不停提出質疑這些醫療行為的狀況，最後也都會向老師說聲「辛苦你們了，謝謝！」,6.7,4.6
sentence_00267,sentence,美國校園槍擊案連發兩週內兩名學生捨身救人,6.5,5.6
sentence_00405,sentence,可能可以幫助改善消化系統健康,6.6,4.4
text_02669,text,他出席廉署第七屆國際會議致辭時表示，建立一個廉潔及公義的社會，香港視廉潔及法治為極度重要的基本價值，是香港繼續成為國際大都市的基石。,6.333,3.0
sentence_01832,sentence,評審都是女人和同性戀女權自助餐,3.0,6.0
edu2021_00625,edu2021,有些時候投影片跟課本常常對不到，還沒看懂老師就會跳下一張了,3.166666666666667,5.571428571428571
edu2021_01543,edu2021,今天的課程解開了我的一些疑惑,5.916666666666667,2.416666666666667
sentence_00716,sentence,還可以促進課金,6.75,4.6
edu2021_00265,edu2021,重複的講解讓我印象深刻，最後彙整的表格更是讓我能更進一步了解今日的上課內容,6.166666666666667,5.416666666666667
sentence_00728,sentence,每一次引爆都會造成巨大地震,4.0,3.75
reflection_00286,reflection,會有這種感覺的原因在於，每次醫師和女兒說明病況和分析不同決策可能帶來的利弊時，女兒總是表現得十分專注並時時表示理解和認同，隱忍著對於親人受病痛折磨的不捨，似乎想再為母親多做點什麼，但要做決定時卻堅定的表示不願有更多較高風險的侵入性處置或急救。,3.125,3.2
reflection_01239,reflection,加護病房是一個每天都會有生離死別的地方，我們每天都不斷地送走瀕死的病人，並迎接下一個狀況也不好的病人入院。,4.0,4.125
text_00828,text,感謝您對大連銀帆賓館的良好評價！,6.667,4.143
edu2021_01041,edu2021,今天上課很有趣,8.0,5.142857142857143
text_02509,text,比如看英劇的鄙視看美劇的，看美劇的鄙視看日韓劇的，看日韓劇的鄙視看大陸劇的，看大陸劇的鄙視看印度劇的。,3.857,3.857
sentence_01935,sentence,其實都是廢棄物而已,4.0,4.0
edu2021_01214,edu2021,我覺得應該多方面的學習，多多涉獵其他領域的專業，才能成為全方位的人才,7.357142857142857,5.083333333333333
sentence_01901,sentence,洩露太多的內情,3.667,5.333
text_01602,text,就在釣魚臺爭端正處於僵持之際，美國派遣航母進入釣魚臺附近海域。,4.667,3.625
edu2021_00157,edu2021,覺得獲益良多！,7.583333333333333,5.75
reflection_02221,reflection,當然最大的問題，還是家屬們要好好的花時間接受奶奶的情況，因為很多時候其實大家都知道答案是什麼，只是願不願意接受而已。,4.0,2.875
reflection_01471,reflection,因此我想同理很重要，病人對我們來說非親非故，卻是其他人的家人、支柱，在面對親人的生死上，本來就很容易感性大於理性，我們應該體諒這點，給家屬一些時間去思考、做決定。,6.3,4.875
edu2021_00515,edu2021,今天教的例子都還蠻好懂，都跟我們身邊的一些應用有關,6.857142857142857,4.833333333333333
sentence_01769,sentence,疲倦時靠一靠,5.6,2.75
text_02137,text,分手的成因始終是個謎，我們永遠不知道這天會不會來臨，它可能緩慢地隨著雙方的熱情褪去而到來；可能突然地發生，讓人措手不及；也可能來來去去、分分合合地拉扯著。,3.857,3.429
reflection_01723,reflection,例如糖尿病治療藥物而言，因病人的經濟、健保的限制，往往不能給予最理想的藥物治療，也有老師分享過一些好藥因國際政治阻礙，在台灣未能上市。,4.3,3.125
reflection_02488,reflection,旁邊的弟妹們也微微頷首，表示支持大姐的決定。,5.625,2.625
text_00862,text,生日禮物又送我一臺可是卻這麼不好～～我需要個解釋。,2.778,5.143
text_00943,text,最喜歡的是旅遊時可以隨時讀取ＳＤ卡，隨時上傳ＰＰ。,6.667,4.667
text_02665,text,旅發局主席彭耀佳表示，對於劉鎮漢決定離任感到惋惜，但會尊重其決定，並衷心感謝他多年來致力推廣香港為全球領先的旅遊目的地，並為香港旅遊業作出重大貢獻。,5.5,4.0
sentence_00967,sentence,中國人以這種樸素的價值觀,5.333,3.0
sentence_02489,sentence,一夜清寒侵幽巷,5.0,3.0
sentence_00785,sentence,廢墟上的重新站立,6.5,5.25
sentence_00055,sentence,痛失稚子的總統,3.5,3.5
text_00993,text,送貨慢，19號訂單，20號打款，28號到貨。,2.5,5.625
reflection_02101,reflection,當下的我覺得醫師已經那麼忙碌，而且也解釋病情兩次，從頭到尾都十分的詳細且淺顯易懂，把所有可能發生的風險都和家屬說明了。,5.3,3.0
text_02967,text,澳洲聯邦員警表示，警方在今天稍早搜索了澳洲廣播公司集團位於雪梨的總部，並鎖定3名參與兩年前一份調查報導的記者。,5.0,2.714
sentence_00621,sentence,人生沒什麼後悔的事,6.667,2.0
text_00177,text,廖亦武是在一年多前歷盡艱辛逃離，後來在德國受到庇護。,4.667,5.143
text_01801,text,據美參議院網站消息，參議院全體會議日前通過《國防授權法案》附加條款，指明美國對日本防衛義務的《美日安保條約》第五條適用於釣魚臺；該條款通過，意味中日一旦在釣魚臺海域發生衝突，美軍可直接武力介入。,5.143,4.25
text_02882,text,一名來自中部那空那育地區、60多歲的農民表示，自己過去也曾專程到曼谷參加前任國王蒲美蓬的喪禮，很榮幸也能參加這次加冕大典，衷心期盼十世皇能延續先皇功績。,6.5,3.75
sentence_00883,sentence,買菜買水果卻選次級品,3.6,5.75
text_01174,text,如今，南韓光靠遊戲產業，就賺了不少錢，電競選手也享有高額薪水與社會地位。,6.333,3.667
reflection_02082,reflection,由於當下的狀況很明顯的感受到家屬暫時不太能接受這個消息，老師在安撫他們的情緒之餘，仍十分清楚的重申目前的狀況，包括希望他們了解到手術的風險及極限，以避免家屬對於手術抱有不切實際的期待。,4.125,3.25
sentence_01919,sentence,畢竟我家庭美滿,7.333,5.667
sentence_02366,sentence,還在這洋洋自得,3.667,6.333
reflection_00724,reflection,再者，要維持生命除了呼吸器，也需要耗費許多醫療資源，應當將資源留給真正需要的人。,4.5,4.875
reflection_01304,reflection,切結書只在形式上、法律上讓我們站得住腳從與家屬的談天中強烈感受到家人濃濃的關心、不捨與對加入其他療法的渴望此時或許多一個嘗試家屬能免去許多遺憾。,4.4,4.875
text_01973,text,應考量國營事業的實際狀況及政策因素，反對齊頭式平等。,4.5,4.143
sentence_01272,sentence,母親為了孩子可以不顧一切,6.5,7.0
text_01088,text,兒盟表示，偏鄉弱勢孩子不僅吃不好、穿不暖、生活貧困，學習貧窮的狀況更令人擔心，包括學習資源、學習能力和學習機會也都相對貧窮，這樣的情況令人憂心，也擔心這些孩子的未來會陷入繼續貧窮的循環。,3.444,5.375
edu2021_01105,edu2021,我覺得今天講的東西特別好笑，覺得今天很有趣,7.583333333333333,7.666666666666667
sentence_02287,sentence,讓農地違章工廠取得永久居留權,4.0,4.333
reflection_01779,reflection,你可以怎麼做傾聽家屬的想法，了解家屬所顧慮的點，以及根據家屬對於病人的了解，是否告知此事會帶來重大的影響 。,5.125,2.25
reflection_01621,reflection,許醫師絕對也做到了這點，為了讓林0阿姨能不再受折磨的離開，然而相同的事件下會有許多面向的解釋與理解，而思考則可以轉變一個人所處的位置，在傾聽家屬的想法後，也藉由向家屬說明目前客觀情況及描述病情，分析不同的處置後可能導向的情形，提供家屬一個具體的想像，想像媽媽現在可能所感受到的感受，不論是身體上或是精神上的，再加上專業的醫療判斷，讓家屬可以知道怎麼做會比較好，人會對於不了解的事物產生不安全感甚至是恐懼，而在完整得到資訊後所下的決定，無論是哪一個，都可以盡量降低家屬在病患離開後，回想起來認為自己造成無可彌補的傷害，而後悔甚至留下陰影。,4.875,4.1
text_02526,text,德昌小兒診所院長蔡牧樵醫師提醒，寶寶細嫩肌膚出現特定部位反覆搔癢，如身側、臉頰、額頭，或關節皺摺處，且面板變得粗糙、增厚時，家長應特別注意！,4.833,4.143
text_01080,text,景氣差，經濟壓力大，單親家庭不能說的秘密不是父母離婚，而是經濟話題！,4.625,4.5
text_02206,text,當前IT公司為了爭奪優秀的技術人才，提供的各種福利都很可觀，除了極高的薪資，什麼免費餐飲、健身房、衣服清洗、桌上足球、各種下午茶與外出團建應有盡有。,6.778,5.375
reflection_00245,reflection,反應為何當下我很不耐煩，很希望他不要再講了，但是內心是期盼他能真正理解目前治療的狀況，以及我們都在盡力在我們能做的範疇內幫助病人度過難關，可以請他放心。,3.6,6.0
reflection_01086,reflection,每天11:30 CCU會客，病患的丈夫都會來看她，這位先生從見到醫師開始就強調自己有中醫資格，覺得CCU的環境不夠好，並且講話口氣不佳，聽到醫師要把病患轉到普通病房時，他開始質疑醫師的決定，認為妻子身體已經不好了，如果再到普通病房(這位先生說是「菜市場一樣的地方」)會加重病情。,3.2,6.0
text_02758,text,HKEPC讀者們只需要在5月17日前完成以下任務，即有機會贏取TP-LINKLB130智慧燈泡乙顆，價值HKD$399。,6.5,4.667
text_02930,text,多名美國專家學者批駁說，這種基於文明衝突論的觀點漏洞百出，過度誇大中國威脅，是對中國和美中關係的誤讀，凸顯了一些美國官員在對華政策上的傲慢態度。,3.667,4.143
reflection_00665,reflection,不知道到底是白天還是晚上、話也講不出來，只有一堆儀器在旁邊，完全沒有自主空間，心情肯定會覺得很糟糕吧，還不知道什麼時候或者會不會好起來。,3.7,3.8
reflection_02454,reflection,她明白治療是必然，但她的痛苦沒有依歸。,4.0,3.8
sentence_00676,sentence,最近才因為我隨意地使用弄破兩個馬克杯,3.5,3.0
reflection_00522,reflection,之後轉入肝內病房給予抗B肝病毒藥物治療，然而病情持續惡化，因為敗血性休克以及高血鈣而轉至內科加護病房。,3.1,3.583333333333333
edu2021_01483,edu2021,今天意外的忘了帶課本，以後一定不會再忘,4.75,5.5
sentence_01964,sentence,整場比賽看下來有夠過癮,7.0,7.0
reflection_00250,reflection,等到許醫師來解釋發生的情況，以及我們做出的醫療決策後，那位母親幾次打斷醫師也沒有理解醫師的想法。,4.0,4.125
text_00988,text,有外接顯示屏的介面，SD插槽對我來說很有用。,5.875,4.0
reflection_02004,reflection,她怎麼忍心做這個決定？,4.125,6.625
edu2021_01365,edu2021,雖然感覺速度還是有點快，不過還能跟上,5.583333333333333,3.666666666666667
reflection_01528,reflection,當時，一旁的我，看到家屬們因為吳先生急遽惡化的病情而震驚難過，心中也覺得十分不捨。,3.125,6.125
reflection_01902,reflection,婆婆跟我們說，剛剛她叫爺爺時他有睜開眼，當下我的印象是爺爺的意識狀況不好，我不確定他是否真的有睜開眼，但我還是肯定地回答婆婆，對呀他一定知道妳來看他了。,4.5,4.8
sentence_01537,sentence,再堅信的心也會被摧毀,3.0,4.333
sentence_01142,sentence,只是做個適性測驗怎麼這麼難,4.25,6.5
sentence_01571,sentence,老袁這期節目裡的那位在美國的狗屎中產階級怎麼那麼缺德阿,2.667,6.0
reflection_01778,reflection,如果家屬能理解並同意，但是對於與病人提及此是存有巨大壓力的話，或許能由醫師提起，但能以積極治療幫助病人為主體，把需急救列為最壞的狀況去考慮，讓對話 保持在相對正面積極上。,5.167000000000001,3.875
text_00321,text,建議一下目前因為你都還是吃住家中但是我覺得應該要將夫妻倆的所得提出一部份拿給家裡比較實在畢竟養一台車不是說有頭款有能力繳貸款就可以搞定的事情事後的保養費、保險費、油錢、稅金都是一筆開銷再說個難聽一點的話要是好死不死A到的話那筆開銷更會讓你頭大假使不需貸款可以直接購入的話當然我會建議你可以買假如要貸款的話買台機車給老婆比較好不會騎只好慢慢教他,5.0,4.857
sentence_02057,sentence,當心習近平的手段,3.4,5.75
text_00265,text,看了拉拉之後，我覺得聰明的女子更讓人心生憐惜。,4.375,4.571
text_01985,text,所以就情感以及理性面來講，偽FACE狗良養團體真的沒有存在的價值。,3.7,5.833
reflection_01798,reflection,我希望能將積極處置繼續做下去，期待病患身體將會變好。,6.8,4.75
reflection_00515,reflection,在當時下應該是符合醫療常規的，家屬在那時候是否有理解錯誤覺得在以前病房主治醫師的處理或溝通不良等等的情況發生。,5.125,3.5
reflection_00019,reflection,"ICU又是一個特別需要溝通的地方,不但分給每個病人的時間很少,家屬要做的選擇也很沈重。",2.75,4.7
sentence_01317,sentence,能做你爹的還不夠高貴,3.4,6.2
sentence_01082,sentence,檯面上爭吵不斷的各國領導人,3.0,4.0
edu2021_01525,edu2021,今天的課讓我受益良多，我希望能在聽更多,7.571428571428571,5.083333333333333
reflection_02439,reflection,說實在的，我認為這樣有點浪費醫療資源，我也認為這樣簽DNR根本沒意義。,4.125,5.0
reflection_00871,reflection,我的情緒與感受:我感到很震驚。,3.7,8.0
text_02324,text,一項新的研究揭示了兩種相對簡單的方法可用於欺騙大腦成像測謊儀，它使用功能性MRI機器而不是傳統的測謊儀系統。,4.667,3.833
sentence_00941,sentence,這是為了之後要拯救中國,6.0,6.0
sentence_02089,sentence,美干涉中國內政損人害己,3.0,5.5
edu2021_00892,edu2021,上完這堂課，我覺得受益良多,6.833333333333333,5.083333333333333
sentence_01266,sentence,最多隻能享有動物權,5.75,4.75
text_02472,text,現在，外媒放出了一組三星GalaxyNote10的渲染圖，外形整體上來說非常的激進，屏佔比在95%以上。,5.667,4.333
sentence_00588,sentence,但因為你的媽媽生病了,3.6,4.75
sentence_01993,sentence,有居民申訴整個週末信箱都開著,4.0,5.75
text_00112,text,我已經買了幾本分送給幾位朋友，頗受好評。,6.375,4.25
reflection_02087,reflection,你的感受為何(使用情緒詞彙)當下我覺得很難過。,3.25,6.375
sentence_00768,sentence,夾在雄偉的岩石之間,5.5,3.5
text_00533,text,爆胎就是鬆油門鬆煞車，全心對付方向盤,4.889,5.0
sentence_01786,sentence,手段卻極為粗暴,2.6,6.25
text_01715,text,我希望與各位州長坐下來談，我要謝謝四年來，支持國家的美國人民。,6.444,5.0
reflection_02106,reflection,3. 拔管安寧。,3.9,1.75
reflection_00891,reflection,三.反應為何※提示:當下做了什麼、想做什麼?,5.0,3.5
text_02175,text,微軟最近在Windows10中確認了一個新問題，具體表現在在安裝更新後嘗試執行系統還原時，某些裝置可能會發生BSOD，也就是藍屏崩潰。,3.667,4.556
sentence_01037,sentence,凍結沒收美國在華資產,3.667,4.333
sentence_01741,sentence,惡行招致異熟果,3.5,3.4
text_01544,text,臺灣防暴聯盟執行秘書張琳說，去年三月臺中曾發生一起駭人聽聞的兒童兇殺案，起因是一名十五歲的國三女學生與廿九歲朱姓網友交往，兩人疏遠後，朱嫌不斷騷擾女方，女學生事前雖曾向警方求助，卻無法獲適當保護，導致女學生弟弟遭朱嫌殺害。,2.444,6.0
sentence_00848,sentence,這衹是權宜之計,4.5,5.5
sentence_02198,sentence,一次一次又一次地遺棄,3.0,4.333
sentence_00009,sentence,原本過著和平的高中生活的兩人,5.667,5.333
text_01600,text,每次單一批判的論調起舞，陷入了「無解又無感」的困境。,4.143,3.857
text_00807,text,我只說說缺點，拿到手後發現風扇發出很尖銳的高頻聲音，安靜的時候很是不爽。,3.0,6.375
text_02822,text,zl01263軍用級矽膠皮面料，零重力新型合金架，電動帶USB~天貓此款待6月1日前300名到手價1699元包郵，直降好價，需要的值友可關注~,5.714,3.286
reflection_01243,reflection,5.其他:醫師也是人，也有情緒，沒有辦法總是客觀而不被情緒所影響。,4.5,5.125
reflection_00416,reflection,我的感受當下我感到無奈一方面是因為知道伯伯已經插過管、體驗過插管的感受才堅決拒絕，另一方面也了解家屬不希望親人過世的心情，然而躺在病床上受苦的是病人本人，伯伯的病情也在惡化中，身為醫師的我們也沒辦法拍胸脯保證再插管一定能治療到好讓伯伯安全的回到家，這樣的情形下夾在兩者之間著實無奈。,2.8,3.75
text_01915,text,他說：「我也很想瞭解祖父，但甚至不清楚他是否知道我的存在。,4.0,4.0
sentence_00256,sentence,農民插秧被雷擊倒身亡整段過程被拍下,3.5,5.0
reflection_01683,reflection,以病患為師，於臨床的變化下學習，相信此時此刻所做的治療，不僅僅只是為這位病人治療疾病、搶救性命，亦同時是在累積自身經驗、以為未來所遇到的病人們提供更加佳的醫療處置。,6.7,4.2
sentence_02326,sentence,爭做文明有禮蕭山人,5.5,5.25
reflection_01468,reflection,除了醫師盡到自己的職責去做病人照護和病情解釋，也可藉由團隊其他人員像是社工師、心理師等一同去了解並關懷病人家屬。,5.8,3.5
text_00515,text,但品質，品牌或省油的優勢是不是真的一直維持，2.5的銷量很快就能反映出來，,5.5,5.625
sentence_00168,sentence,東一榔頭西一棒子的到處惹事兒蹭熱點,3.333,4.667
sentence_00465,sentence,發表真理賜給人悔改的道,6.75,3.6
sentence_00201,sentence,鼓勵當地民眾學習,7.5,4.4
text_02275,text,無論發生地震、火災或是其他災害，只要我們所在的建築物變得不安全了且有可用的逃生通道，就需要從建築物撤離出來。,4.571,5.5
reflection_00606,reflection,女兒雖然有聽也有提問，但其實問題只圍繞在”爸爸狀況是穩定的吧？”，反應出他們希望爸爸的情況不會惡化，會恢復健康。,3.9,5.125
edu2021_00731,edu2021,因為對這方面還算有興趣，之後應該會選相關的課,6.4,4.0
text_01047,text,「少年Pi的奇幻漂流」也贏得技術成就天空3D獎，入選年度10大影片。,6.5,5.857
text_01716,text,另外，歐巴馬展現自己愛家的一面。,5.778,4.125
reflection_00265,reflection,4.我可以怎麼做：壞消息告知的方式並無標準答案，每個人有每個人的處理方式，現階段我們可以做的就是盡量觀摩老師們、學長姐們如何處理，並且從中找到一些自己覺得合適的方式。,4.0,4.25
edu2021_00916,edu2021,今天把之前的全都串連起來了感覺都通了,6.785714285714286,5.357142857142857
edu2021_01480,edu2021,講了好多問題，都沒有講解決的方式，我覺得蠻可惜的,3.583333333333333,3.583333333333333
text_00032,text,每次閱讀都會有新的感受，也決定了，不管什麼時候，看到學術講座的書都要買下來好好閱讀好好學習。,6.444,3.143
reflection_02073,reflection,若病人接受手術，因病灶範圍相當廣，同時牽扯到胸腔與腹腔，即便縫合橫膈與切除肺部轉移的部分，仍無法防止術後肝癌細胞再次快速侵犯肺部，手術價值令人存疑；又，癌細胞如何吃穿橫隔到肺不能單憑影像論斷，若病人在麻醉中與術中情況不穩，可能即刻與世長辭。,3.875,4.3
sentence_00164,sentence,這明顯是對匪自己不利才會選擇的行為,4.333,4.333
reflection_01853,reflection,同時暗示丈夫的心情可能需要多花點時間照顧與安撫。,4.375,2.625
sentence_00619,sentence,一致否決中國電信巨擘中國移動在美國的營運申請案,4.0,5.2
reflection_00025,reflection,"再來我感到有些憤怒,子曰:『今之孝者,是謂能養。",2.875,6.625
text_01928,text,外交部表示，其中100萬美元（約新臺幣2885萬元）經駐美國臺北經濟文化代表處與美方諮商後，將於華府捐給實際投入救災的慈善機構，其餘30萬美元（約新臺幣865萬元）則分別捐贈給受創最嚴重的紐澤西州、紐約州及紐約市各10萬美元（約新臺幣288萬元）。,4.875,4.875
edu2021_00001,edu2021,覺得需要多解釋,3.916666666666667,2.75
sentence_01630,sentence,剷除邪教伊斯蘭,2.5,6.75
edu2021_00974,edu2021,課本習題又多又難，晚上要查清楚題目的意思,3.166666666666667,5.285714285714286
reflection_01533,reflection,沒想到，過一兩天，吳先生就因肝腦病變陷入昏迷。,3.25,4.75
text_01861,text,行政院長陳沖16日召開政務會談，聽取經建會「自由經濟示範區推動方案」簡報。,5.111,2.75
reflection_00860,reflection,"然而,當唯一好轉的指標擺在眼前時,家屬仍鑽牛角尖地認為病情正在好轉,且無視於先前告知的風險與效益不成比例的研究結果,執意要醫療團隊繼續插管觀察。",3.4,5.5
edu2021_01354,edu2021,我要努力讓自己不會被當,5.083333333333333,5.25
reflection_00353,reflection,另一點是會客時間時，如果家屬可以順利地遇到老師，見面三分情，誤會可以先解決一半，後面靠慢慢解釋，也能再達標個三成；同理推廣到一般病房，未來要讓病人或家屬”親眼看到”醫師有查房!!,6.2,3.7
sentence_01726,sentence,濫用沉默在咆哮,3.0,4.667
sentence_02134,sentence,這樣的學生應該自覺退學,3.0,6.0
sentence_00520,sentence,甜甜的蜂蜜口感,6.5,3.5
sentence_02455,sentence,於是三重厚道就指著我說,5.0,6.0
sentence_01625,sentence,烈酒還是無酒精飲料,5.0,2.333
edu2021_01581,edu2021,我一直像無頭蒼蠅一樣找不到方向，實在是有點心累,1.416666666666667,5.583333333333333
text_00439,text,也希望政府拿出魄力，6SRS+ESP也該成為台灣的標準配備。,5.222,6.286
sentence_00248,sentence,還真是飛來橫禍不砸花花草草專砸我,3.0,6.5
sentence_02200,sentence,為當時前線的人民子弟兵敬禮,7.0,4.667
text_02734,text,警方指出，3位民眾疑似因拍照問題小孩打架引發大人爭吵，雖未影響小哥演出，但周遭觀眾被喧鬧聲驚擾影響，經工作人員處理下決定請員警處理。,3.4,5.556
sentence_02580,sentence,總有少量虔信的人不吃他們那一套,4.5,5.0
sentence_01386,sentence,他們是純真的反叛,5.5,5.0
sentence_02419,sentence,重慶市萬州區人民法院開庭審理了一起敲詐勒,4.667,4.333
sentence_01826,sentence,倒黴是一種傳染病,3.0,3.5
text_00278,text,它喚醒了我心靈深處的記憶，讓再一次體會學習和成長的快樂。,7.0,5.143
reflection_02264,reflection,就像我也看到後來的第7床拒絕大腸鏡。,4.625,3.2
reflection_01431,reflection,我對加護病房的印象，就是病人幾乎都插著管，意識不好，不能講話，首要照顧原則就是穩住vital sign，如果看到已經拔管、清醒可以跟我們說話的，大概就可以回普通病房了，無須在這重症之地多待。,3.8,3.9
sentence_01647,sentence,祝郭文貴安然入睡,6.5,5.0
sentence_02156,sentence,賢慧的星星像一片積雪,7.0,3.75
text_02303,text,房主卡倫‧阿爾法諾當時剛從外面散步回來，她看到鱷魚時並不驚慌，反倒稱沒有什麼事比在家門口遇到一隻鱷魚更酷了。,5.4,6.5
text_01199,text,電玩遊戲《英雄聯盟》總冠軍賽昨天在美國洛杉磯開打，臺灣代表隊ＴＰＡ贏得世界大賽冠軍。,6.333,5.4
sentence_02185,sentence,第8季第4集戰勝異鬼後的慶功宴上,6.0,4.333
sentence_01360,sentence,內心裡卻是豐滿的,7.0,5.0
edu2021_00026,edu2021,今天上的我還可以追得上，一切都快要步入正軌,6.25,5.583333333333333
text_01763,text,英文「中國日報」（ChinaDaily）本月稍早報導，黑格要獲得國會通過任命案，將面對一場艱難的戰役，但報導也提到黑格「顯然願意與中國合作」。,4.778,5.143
sentence_00663,sentence,滿心歡喜揮手像個孩子,7.5,6.0
sentence_02402,sentence,這趟旅程真的不怎麼令人盡興,3.0,4.667
reflection_00493,reflection,然而站在家屬的角度思考，或許他們沒有像我們豐富的醫療知識背景，而有知識背景的我們知道依照現在的臨床情況，應該要遵循何種治療流程，卻忘記看到病人遭受病痛折磨而感受最深的正是他們。,3.1,3.875
edu2021_00573,edu2021,有些內容都草草帶過，即便認真聽講速度也跟不上,2.75,4.785714285714286
reflection_02176,reflection,後來聽說，在更早之前阿公的兒子是有來會客過的，但後來因為意見總是和老奶奶不合，且彼此無法溝通，因此最後他就對處理醫療決策的事情不管了。,4.0,3.2
sentence_01871,sentence,狹小的家庭辦公區,4.0,4.25
sentence_02528,sentence,和聖徒洛中九老會,5.0,2.8
text_02719,text,火火的珊瑚缸裡最惹人厭的就是垃圾葵了，垃圾葵是鬼手葵屬的一類海葵，長得醜，增長速度還很可怕，被海缸養殖愛好者調侃為垃圾葵。,3.667,4.222
text_00918,text,唯一美中不足之處在於我離店之後發現手機充電器遺忘在房間，打過去電話詢問前臺居然不知道此事，後經服務生及清潔人員仔細尋找才找到（其實就在插座上）。,4.5,5.25
sentence_00477,sentence,但人口數則相反,3.5,5.5
reflection_01352,reflection,卻不知道如何實際去運用，而在 ICU 常常要告知病人家屬壞消息，因此在這段期間觀摩了非常多次，老師在醫病溝通上總是能講解得很清楚，明確的告知病人目前的狀況可能不樂觀，同時也讓病人家屬感受到同理心，讓我學到非常多。,6.5,3.75
sentence_02462,sentence,這比言論審查更退步,3.0,5.25
edu2021_00596,edu2021,容易了解，對未來很有用,6.5,4.642857142857143
edu2021_01373,edu2021,我感到有些無力，平常作業已經很多了，還有兩份報告,1.5,5.785714285714286
edu2021_01569,edu2021,基本是能聽懂，但有些地方有點跟不上，會思考得比較慢,4.3,3.714285714285714
text_02497,text,張建宗表示，希望部門首長對富爭議及重大課題，有充分掌握，尤其坊間眾說紛雲，會議純粹是解說、澄清並加深瞭解。,5.0,3.222
sentence_01787,sentence,碰撞的力道開始加速,5.0,5.5
text_00577,text,房間很乾淨的，住的朝南的房間，太陽照進來很舒服，現在可以上網了，網速也不錯的說。,6.889,5.556
edu2021_00303,edu2021,進入重點章節了，覺得有點緊張,5.083333333333333,4.571428571428571
sentence_00687,sentence,一款有魅力的新茶,6.333,6.0
reflection_02429,reflection,"這病人因為tumor的關係一直在發燒，目前在用氣切呼吸，上禮拜又有septic shock, 她的身體現在一定承受著很大的壓力。",3.25,5.875
edu2021_00771,edu2021,上了那麼久，還是沒有找到學習熱忱,2.166666666666667,3.357142857142857
text_01551,text,2012年十大新聞，由你決定誰最大條！,5.111,5.143
text_01461,text,許忠信說，過去鄉下孩子出生後，總要先養養看，確定活下來才報戶口。,3.778,5.286
text_00411,text,謝謝樓上兩位大哥的熱心回覆我已經去原廠詢問了原因就是戶外溫度低所以空調會自動調節車內溫度後來今天開回家時戶外21度我冷氣23度我把後座出風口關掉結果前面冷氣竟然不夠冷有點溫我馬上把後座出風口打開竟然吹冷氣想說這麼奇怪前後竟然顛倒馬上把溫度調低前面的出風口就吹出冷氣了今天去原廠就檢查而已還幫我洗車算是賺到,6.556,6.0
text_00630,text,早上連他們那所謂的早餐也不想去吃了.,3.429,4.429
reflection_00148,reflection,"如果以前面的角度來做,如果一個不小心有檢查沒做到,或有哪個流程出差錯,是不是就會有被告的風險?",3.75,7.0
sentence_01212,sentence,原因歸咎於只靠紅色權貴基因庫挑選,3.4,6.0
edu2021_00419,edu2021,上完有種融會貫通之感，非常有趣,7.5,6.0
reflection_01203,reflection,以上狀況所導致的結果，便是幾天內多次詢問病人，卻得到不同的答案。,4.625,2.25
reflection_00369,reflection,但因老師早上門診，上來MICU時家屬已經到Bedside約20分鐘，這段時間家屬向明頡學長抱怨一直未曾看到老師，且昨天老師與妹妹和媽媽的病解內容嚇到媽媽，後來明儒老師過來Bedside才慢慢緩和家屬情緒。,4.5,3.8
text_00241,text,她們最初相處的那段時間，薑士安心底是默默的非常喜歡她的，可是韓琳對他沒有相對的感情，兩人擦肩而過。,3.9,4.714
reflection_01505,reflection,"在家庭會議中間也可以感受到每個成員的情緒和可以接納的程度是不一樣的,例如感覺先生就是最放不下的一位,但是孩子們相對是可以理解的。",4.25,3.3
text_01324,text,平日非常疼愛方小弟的校長在致詞哽咽地說，「我們大人對不起你，沒給你一個安全的環境，讓你來不及長大，希望你在天上當個無憂無慮的小天使，從此遠離危險，永遠快樂。,2.875,6.143
sentence_02249,sentence,他是一個多才多藝的人,6.333,5.0
sentence_00224,sentence,所以許諾了高福利,6.0,4.25
sentence_00368,sentence,也有能讓青年的我有所共鳴的細膩處,6.6,5.4
sentence_00005,sentence,但看完你的留言感覺超弱,3.667,5.667
reflection_00213,reflection,"三.反應為何在目前經驗尚不足的階段,我選擇先多多嘗試觀察主治醫師或學長姐們如何向病況不佳的患者與家屬解釋病情,並且感受他們的情緒與想法,試著去感同身受他們的處境,以期在未來當自己遇上這樣的課題時,能夠與患者站在一起,協助他們一同做出最好的決定。",5.5,3.5
reflection_02168,reflection,接著便是一連串回憶當時狀況的描述，兒子不舒服，在媽媽催促下仍舊認為目前醫院人力吃緊且處於疫情期間而延遲就醫，說著說著便掉下眼淚。,3.5,4.875
sentence_01546,sentence,聖母婊就是裝成聖母的淫婦,2.75,4.25
sentence_01603,sentence,實施30分的警報發放,5.0,2.333
reflection_01966,reflection,這個小小的心願在經過一個周末後算是被實現了。,7.0,3.75
reflection_01677,reflection,或許，在一些病患身上，我們所作的處置或檢查，到最後依舊無法避免其走向死亡，但我相信，只要有千分之一，甚至是萬分之一的可能，在利弊權衡後認為值得一試，就不該主動放棄。,5.375,5.4
reflection_01294,reflection,此外，家屬也很著急地想知道病人有沒有好起來，而老師則說明目前病人的狀況還相當嚴重，不只一個器官的衰竭要處理，先等感染控制，血壓穩定。,3.75,4.5
sentence_01233,sentence,歡送臺華獎畢業生,6.6,5.5
edu2021_00435,edu2021,教得太快，部分板書還是看不懂,3.416666666666667,3.333333333333333
text_00903,text,6、裝XP後機器中的光盤都有驅動，好像不缺什麼驅動，裝XP時在客服的指導下很順利，就是IDE下裝的，不知道是否慢了。,5.222,1.75
reflection_01363,reflection,難道即使已經盡力治療了病人還是不幸去世，就不是適當的治療了嗎？,3.6,6.125
text_01919,text,我的夢想是，回到北韓，讓一切變得更好一點，讓人們的生活輕鬆一些。,6.111,5.286
text_01617,text,今（18）日是「國際移工日」，多個移工團體組成的「臺灣移工聯盟（MENT）」早上前往行政院陳情，反對政府將外勞工資脫鉤、增加外勞配額等政策規劃，並要求政府落實人權公約，對劉姍姍這類剝削外勞的僱主定罪。,4.75,6.0
sentence_02562,sentence,共和黨勝選的可能性渺茫,3.5,3.75
sentence_00533,sentence,難道變瘦之前都不能穿合適的運動內衣和排汗運動褲練,3.333,7.333
reflection_01057,reflection,後來家屬是覺得為了保命那截肢也是必要，但他們也認識自己的爸爸/老公，若身體不完全，他的爸爸/老公肯定不想要，即使截肢若保留到膝蓋以下，裝義肢他也是不會復健的類型，因此他們其實不是刻意想質疑好像少了一步醫療處置，要不然早就在前幾次會客就問了，反而是現在不知道要以活命為重，還是病人自己的意願，只好檢討無法改變的過去，當然整外醫師有補充說明原因，因病人血流很差清創也沒有療效，若當時是他來照顧這個病人，也是差不多的處置。,4.125,4.7
text_01558,text,西拉伊特說，法官的職責是保護婦女兒童合法權益。,6.0,4.0
text_00780,text,感謝您對國賓大酒店的認可。,5.889,3.75
sentence_02039,sentence,跟1930年代經濟大蕭條時代相若,4.667,3.333
sentence_02385,sentence,的理念奮勇向前,6.0,4.0
text_02918,text,一名住在美國明尼蘇達州的女子，前年在住家外面被員警誤殺，家屬與警方經過2年官司纏訟，以2000萬美元，摺合臺幣6.23億天價的金額和解。,4.125,4.857
edu2021_01012,edu2021,內容有趣吸引人,6.285714285714286,2.642857142857143
sentence_02304,sentence,卻被視為顛覆國家政權暴動事件,2.5,7.0
sentence_00151,sentence,V力讓聲音不出現異常,6.333,3.667
reflection_01049,reflection,家屬也從原先期待能夠度過難關的喜悅轉向討論後續的臨終處理。,4.25,3.8
text_00636,text,近期大連銀帆賓館主樓裝修改造工作已經完成，您所指的應該是康體俱樂部大樓的短期工程，現將儘快整修，感謝您在銀帆裝修期間一如既往的支持。,5.778,3.714
sentence_01195,sentence,蓮舫只會跟工作有關恩人,6.0,3.5
text_02701,text,一輛載水泥的槽車，從臺中送貨到新竹，在下交流道的時候，發現煞車失靈，趕緊轉彎槽身翻覆，車頭脫離衝上分隔島，翻車瞬間今天曝光！,2.857,5.2
reflection_00411,reflection,後續感染症的狀況已經控制穩定，但因為weaning呼吸器過程不順利而被轉來內科加護病房。,4.8,3.4
edu2021_00234,edu2021,今天所教的對於我來說是比較新的東西，非常實用,6.785714285714286,4.5
reflection_02151,reflection,三、能夠多以同理的方式去回應病患或家屬的反應，即使是比較冒犯的態度也不要與病患或家屬起衝突。,5.375,2.375
sentence_01259,sentence,為能捐獻高質量,6.0,4.0
sentence_00076,sentence,要是平成最後的聚會我還能理解一二,4.5,4.4
text_00931,text,小心軟體的定位功能，這種程式可以追蹤用戶所在位置，便於應用在行銷企業，但也可能被用作惡意跟蹤甚至行竊目的。,4.667,3.75
text_00425,text,討厭Toyota五年前開Altis，我後悔為何十年前要熱血買四安保養嚇死人的進口車。,3.75,5.333
sentence_01168,sentence,牠們才跪得心安理得,6.5,3.5
sentence_01544,sentence,李亞蒨腿斷變瘸腿,3.0,4.5
reflection_02456,reflection,後來我想起在風濕免疫科遇到的病人，一樣是SLE的三十幾歲女生，那時的她pancytopenia入院治療，以為是SLE flare up 打打pulse steroid血球就會上升，殊不知一直都沒有起色，那時候的我看著只有一萬的血小板和嚴重的leukopenia數據都覺得很擔憂，每次輸完血過一兩天就又掉下去，每天去看她時都沒有什麼表情，終於有一天我問她你對自己這次入院有什麼想法嗎?,4.5,3.25
text_02316,text,有研究顯示，吃比較多飽和脂肪食物會影響記憶力，例如肥肉、皮層、雞油、豬油，還有全脂奶品，以及部分植物油，例如椰子油和棕櫚油。,4.375,2.889
reflection_02145,reflection,我們已經做的、以及未來所能做的就是針對病病人的臨床表現以及CT上看到的影像去做解釋，因此對於病人咄咄逼人的語氣與質疑覺得不是很能夠同理。,4.0,5.625
sentence_01860,sentence,家人一分錢也得不到,3.0,3.667
text_01439,text,男友拋下天后光環，與錦榮走遍各大夜市高調曬愛，詹惟中稱Jolin蛇年感情運將比較不穩定，反觀錦榮的愛情運相當旺，會有較多的外在誘惑。,4.714,4.8
text_00696,text,您在入住酒店期間有不愉快的經歷，我們非常抱歉。,4.0,5.5
text_00642,text,不過也有好的方面：最近一次入住長話免費打，雖然我幾乎不打；早餐不貴，而且很多健康食品。,5.667,3.143
sentence_00738,sentence,並且可能是令人羞辱地,3.0,5.25
text_02879,text,去年包正豪聽山友提到苗栗南莊向天湖有一架著名的陸軍觀測機殘骸，也順道憑弔罹難的觀測中隊副隊長劉傳集少校。,4.0,3.143
text_00372,text,電子花車轉阿轉燈亮刺人也刺己車飄軟腳晃阿晃遇水則亂甩阿甩邊開邊看大螢幕好威好猛沒在怕省油就是第一名其實也沒省多少一條命多付點油省來省去只剩油不是說他很不好只是需要被探討造車邏輯要改進不要狂賺台灣錢然後不負些責任人家改款式進步你屌改款偷拿掉不要唬弄台灣人無敵話術騙騙去因為只要開慢慢一切都不會發生啦！,2.125,7.25
edu2021_00808,edu2021,我覺得上課就要有上課的態度應該好好向學,5.833333333333333,5.928571428571429
sentence_00565,sentence,一直勉強自己做不擅長的事,3.0,5.667
edu2021_00233,edu2021,覺得很有趣，比起專業的部分好懂多了,6.571428571428571,6.083333333333333
text_01177,text,如果政府有意發展電競產業，網友「BigOld」希望「無感官員不要外行充內行，又只把經費消耗掉，得到自己利益，又沒做出績效成果。,3.444,4.429
sentence_00739,sentence,我們在原則問題上決不讓步,6.0,6.667
edu2021_00230,edu2021,難到快炸掉了，根本快聽不懂，無法理解,1.25,8.583333333333334
sentence_00704,sentence,是你們支撐著我,7.0,6.667
edu2021_01298,edu2021,目前上起來，基本沒碰到太大問題,5.0,2.928571428571428
reflection_02309,reflection,這次來ICU看到很多重症的病人及他們家屬的表現。,4.4,3.9
reflection_00465,reflection,疫情之下病房探訪的規定真的讓人心痛，但也是為了保護更多病人所下的抉擇。,3.0,4.1
text_00919,text,是LINUX系統相當及其噁心，不知道這狗日的是什麼想法要強行逼我們使用啊買了兩臺電腦一個事VISTA系統一個是LINUX就沒見一個XP的網上銷售這東西最重要的是打架儘量不要涉及到售後服務這塊儘量是都搞好了相安無事其實網上的售後服務比沒有售後服務還差勁,3.0,6.714
text_01559,text,西拉伊特認定，安迪（AndiAzhar）所言反映印尼廣泛存在的一種觀點，即性暴力是正常現象。,3.667,4.571
text_00573,text,房間偏小，軟件應該能達到三星級的水準，硬體稍差。,3.778,3.286
sentence_00578,sentence,而俄軍根本不理會他們,4.0,5.0
text_00939,text,螢幕大，和上面交待的解析度不一樣是1680*1050的，散熱不錯，電池續航能力不錯光是瀏覽網頁不玩大遊戲的情況下曾經用了4個小時還有百分之10的電量，贊一個。,5.889,4.571
reflection_00723,reflection,最近看完netflix的新劇：村裡來了暴走女外科，其中一幕就是一個阿公asystole，因為病患簽署DNR，所以最後放棄急救，但阿公的媳婦希望阿公能為了醫療保險繼續用呼吸器維持生命，甚至是將腳趾切掉，就只是為了保險理賠。,2.9,6.25
edu2021_01546,edu2021,對於每一個部份的工作內容大致了解,5.333333333333333,3.0
text_01797,text,就直接可以抵達，不用再像過去一定得到忠孝新生或者是古亭轉車，同樣節省不少時間。,5.429,5.286
text_02661,text,有感社會對立嚴重，他火力更猛，罵韓國瑜，罵柯文哲，也罵蔡英文，說不討厭國民黨，也不討厭民進黨，只是痛恨共產黨。,3.143,6.889
reflection_00828,reflection,過去病史有失智症，右側泌尿道上皮癌，但因為疫情關係沒有定期追蹤，此次入院懷疑為慢性腎衰竭急性惡化，代謝性酸中毒和高血鉀症，不排除癌症復發。,4.1,2.0
sentence_00736,sentence,這顆破掉的水餃和這顆漂亮的水餃你要吃哪一顆,5.0,4.0
reflection_01512,reflection,"在前面幾次的病情告知時,面對無法做出决定甚至好像對病人的病情有一點狀況外的家屬,當下我是感到有點不耐煩的。",3.7,5.375
text_00551,text,不錯，周圍很熱鬧,6.25,5.556
sentence_01924,sentence,而通縮預期將縮減和延遲投資,4.25,4.333
reflection_02013,reflection,其實不難聽出醫師其實是傾向撤除呼吸器的，所以對於很少見到主治醫師明確建議病人家屬放棄積極治療的我來說是很震驚的。,4.75,4.5
text_02598,text,天文臺預測，本港地區今日天氣，大致多雲，有幾陣驟雨，中午前後驟雨逐漸增多及有狂風雷暴，最高氣溫約31度。,4.875,3.111
reflection_00433,reflection,或許可以在他字裡行間透露疾病相關事情之時，趕快拉回重要主題，或是趁停頓點，順接一句話再把話題導回來。,4.375,4.875
text_01583,text,福禱後，呼籲敘利亞結束暴力、以巴早日談判，以及中國新領導人尊重宗教貢獻、尊重個人，並協助建立一個友愛的社會。,6.778,5.0
edu2021_01333,edu2021,今天飆太快了，還沒聽進甚麼就講完了,3.416666666666667,5.071428571428571
sentence_02269,sentence,關於飾演各位國手的人選也一直懸而未定,4.333,4.0
text_01793,text,很明顯的國民黨是打算採取消耗戰的策略了要逼那些學生日久筋疲力竭之後,3.333,5.333
sentence_01838,sentence,然後覺得越到後面越難看的感覺,3.0,5.667
reflection_00924,reflection,四.可以怎麼做多看、多聽、多想、多學、多做。,5.0,4.0
edu2021_01251,edu2021,今天上課的內容有點難，聽不太懂，讓人備感壓力,2.9,4.083333333333333
text_02609,text,本週一，印尼總統拍板決定將印尼首都遷離雅加達，避免印尼的政治經濟中心隨著雅加達地層下陷問題加劇，在2050年一起沉入大海。,4.5,4.5
text_02205,text,英國當紅的重量級拳王喬雪2日大爆冷門，在紐約麥迪遜花園廣場被美國拳手小路易茲擊敗，而且是難堪的TKO。,4.0,5.889
sentence_01827,sentence,家家來學廣東話全場感人大合唱,6.5,5.0
edu2021_00696,edu2021,對於今天教的內容有深刻的了解,6.916666666666667,4.333333333333333
text_01784,text,國內網友也對此事熱烈議論，有人說，馬笨到獲得「國際認證」，也是臺灣之光；還有人譏諷，馬終於找到他的「歷史定位」了；另有人挖苦，經濟學人洩漏臺灣的國家機密；還有人反問，把經濟學人「買下來」不就結了？馬曾是萬人迷今光環盡失經濟學人在專文的副題中點出︰曾是萬人迷的馬英九，現在已經喪失光環。,3.111,5.333
reflection_02387,reflection,當死亡宣告後，我回頭想想，對於ㄧ位93歲躺在病床好長ㄧ段時間的病人，我剛剛第一時間想到的電擊與插管，對於病人來說，是不是比較好?,5.0,4.8
edu2021_01427,edu2021,後面開始聽不太懂,3.333333333333333,2.714285714285714
sentence_01117,sentence,這是完全被剝奪了人權,2.75,7.2
text_01250,text,記者會過程，臺聯立委林世嘉等和臺大醫院創傷醫學部主任柯文哲也到了現場，柯文哲接受媒體訪問時批評說，法務部越描越黑。,3.5,4.857
sentence_01858,sentence,我來不及等你認錯悔過了,3.5,6.0
edu2021_00251,edu2021,課本上的習題過於困難，同學們互相討論也不會寫，希望老師上課時能提示一下,3.857142857142857,5.416666666666667
sentence_00524,sentence,中共最受信任的危機管理者回到了政治前線,6.5,5.25
edu2021_00141,edu2021,對課程有清楚概要的說明，也鼓勵我們多去嘗試透過這些不同的方法來提升自我的能力,7.142857142857143,3.25
sentence_02575,sentence,一賢人進則望治,7.333,6.0
sentence_01473,sentence,不過幾百年的領先而已,5.0,3.0
reflection_01603,reflection,從第一天來CCU，看著她身邊的儀器越來越少，腫脹的身體也一天天地消腫，最後也只剩下ventilator和A line和一些pump。,6.125,4.75
reflection_00758,reflection,"這兩週在ICU跟著老師查房,我看到不少潛在可能會造成衝突的情境,也看到老師透過耐心、同理心及出色的醫病互動的技巧,避免了許多潛在的衝突發生。",5.875,6.5
reflection_00108,reflection,"在討論到末期急救時,家屬原本不願接受這種非常時期的到來,但老師說了一句話讓我印象非常深刻「醫療中我們總是盡最大的努力,但是要做好最壞的打算」是啊!",2.8,5.8
text_01071,text,長榮航空在二○一二年間，共獲得國內外各機構頒發十四個獎項，二○一三年初始，再獲得民航局頒發金翔獎及德國AEROInternational全球最安全十大航空公司的第六名，這些殊榮是廣大旅客對團隊努力成果的肯定。,7.375,6.125
text_02790,text,多家科技巨擘承諾採取新行動，以剷除網路極端主義內容，不過，美國白宮今天表示不參與這項國際行動，但強調華府支援倡議目標。,4.8,4.167
text_02937,text,很多人在生活中都會有一些自己的習慣，雖然經常得不到旁人的理解，但是真真確確地可以幫助自己提高生活幸福感或者工作專注度。,6.5,3.875
text_02379,text,財政司司長陳茂波說，政府近年推出多項不同資助計劃和獎學金，目標著重發掘年青人不同的志向和能力，幫助他們作多元發展及拓闊視野。,7.125,3.778
sentence_02330,sentence,不因大眾的注目而刻意獻媚,6.5,4.667
text_00203,text,這幾年，我對那些高中生之間的愛情，已經不敢興趣。,4.0,3.375
sentence_00746,sentence,連別人行房都逃不過他們那睿智的眼光,3.667,4.667
sentence_01735,sentence,但獨吞我們地方農產外銷的功勞這個我就不能忍受了,3.0,7.5
sentence_00199,sentence,就變得比較快樂,6.6,4.4
sentence_00361,sentence,我問你該如何達成目的,5.0,6.0
sentence_02247,sentence,將依公投廢止條文和廢核遊行兩件事並陳,5.0,4.0
edu2021_00502,edu2021,今天雖然只是淺談，但老師善用舉例讓我們更加了解,6.25,3.583333333333333
text_01104,text,據對華援助協會轉述，中國大陸盲人維權律師陳光誠近日對侄子陳克貴遭法院判處3年3個月的監禁，表達極大的憤怒與譴責。,2.667,7.75
text_00825,text,不過不怎麼喜歡他們的制服啦，花花的，很難看。,3.333,4.143
text_02923,text,報告顯示，當蘋果因與高通的齷齪，將首次完全依賴英特爾晶片時，出現了很多意外，計畫不僅延遲，成品也無法與高通媲美。,2.556,5.0
reflection_01416,reflection,先天就是本來就不太信任醫療，而後天者，本來和一般人都一樣，但是因為自己或身邊親人的醫療經歷讓他漸漸對醫療失去信心而變成對醫療處處苛責。,3.625,4.875
reflection_00890,reflection,"我的感受當下我認為家屬看起來很捨不得弟弟的情況,也是每天都會來探視他,但我認為他們在家裡一定有家庭革命,縱然不放棄還在壯年期的弟弟是道德上應該做的事,但家裡經濟狀況如果都賭在這不確定的未來,非常冒險,每天都在觀察病人家屬的表情,又看到自費albumin時一袋1700元*6那猶豫的表情,真的很怕「救弟弟」是違心之論。",2.375,6.375
edu2021_00250,edu2021,老師有時候講到一半會突然講另一個東西，讓我頭腦一時轉不過來,4.0,4.5
text_01890,text,很難想像，「如果以政黨協商方式、有條件特赦陳水扁，是可讓社會對立氣氛和緩」這句話竟是行政院長陳沖所說出口的，但也真佩服陳沖的真心話大冒險。,4.25,5.444
text_00113,text,星閃亮的是一片黑雲，黑雲不可能永遠阻擋星辰”如果你想讀書，這套書會是你讀過之後絕不後悔的一套書。,6.667,5.75
edu2021_00328,edu2021,這次課堂的內容聽懂部份較多，吸收較多不同的內容,6.333333333333333,4.75
text_00511,text,偷很多不是只有這部就開始了，但是還是很多人買，甚至更多人討論T牌的安全性不足的問題，不過買的人就是多，你放心！,4.75,5.75
edu2021_00427,edu2021,今天又學到了不少新的知識,6.25,3.416666666666667
sentence_01020,sentence,當值猶太裔惡人,3.0,5.0
sentence_01930,sentence,將成為淡而無味的東西,4.0,2.333
edu2021_00375,edu2021,越來越聽得懂老師教什麼了,6.428571428571429,5.0
reflection_00923,reflection,接著給出建議，站在醫師方的觀點，此時積極治療的意義已經不大，因此會建議做出減少病人痛苦的選擇，但也會跟家屬強調這不代表我們會什麼都不做，讓病人就這樣死去，凡是能夠讓病人舒服的藥物及處置都還是會做。,4.75,6.0
edu2021_00292,edu2021,今天學了很多實際應用的例子，很實用,6.916666666666667,5.583333333333333
sentence_01134,sentence,開啟一場美妙的約會,7.2,5.0
sentence_02465,sentence,可說是普世歡騰,8.0,6.2
sentence_01289,sentence,眼淚還是止不住,4.25,6.0
reflection_00389,reflection,我可以試著了解他們做這樣的決定的原因，同理他們的情緒。,5.1,2.75
reflection_00277,reflection,在家屬的情緒還沒來得及跟上急轉直下的病情時，在外科碰壁，好像直接斷絕最積極治療的嘗試，讓我感受到家屬們很大的失落與衝擊。,3.2,4.875
sentence_01287,sentence,又何必苦苦自責,3.75,5.5
edu2021_00227,edu2021,聽得還可以，可是有些比較艱深的不懂,4.6,4.071428571428571
edu2021_01118,edu2021,回家再看過課本一次，更加深了對上課內容的了解程度及印象,5.833333333333333,3.25
edu2021_00315,edu2021,上課時老師善用舉例，讓我有更具體的思考邏輯，對於整個架構也比較了解,7.0,6.916666666666667
reflection_01685,reflection,“阿北，等等打麻醉會痛一下喔”,5.2,3.25
edu2021_00149,edu2021,得到這樣的評語令人無法接受，太傷人了,1.166666666666667,8.214285714285714
sentence_02042,sentence,波蘭關係在政治議程之外甚至高於議程,4.5,5.0
text_01661,text,國民黨立委陳根德12日在立法院會中要求行政院長陳沖對是否要特赦前總統陳水扁一事表態，儘管陳沖強調，特赦是總統的職權，不過在陳根德再三逼問下，陳沖說，「是可以讓對立的氣氛和緩」；這句話，讓陳水扁的兒子陳致中13日在臉書上發文感謝，強調「陳院長一席話，讓我很感動、很感謝」。,5.889,4.889
text_01381,text,開羅法院本月26日公佈判處結果時，讓被害者家屬十分欣慰，覺得正義受到伸張。,6.125,5.0
sentence_00765,sentence,迷人的臺灣太魯閣風景引遊客參觀,7.5,4.75
text_00053,text,但對異地戀失敗的人，是一杯溫水，可以灌溉貌似枯死的愛的能力。,5.556,5.167
reflection_01932,reflection,你可以怎麼做我想家庭會議結束後，我可以向家屬表示同理，給予她們一些言語上的安慰，或是跟她們聊聊病人，因為這時家屬的心情是更需要受到照顧的，她們可能有遺憾、需要一個聆聽者，又或我也可以協助其長照的選擇，降低家屬產生醫生要放棄病人的誤解。,4.8,4.0
sentence_02370,sentence,都是望子成龍望女成鳳的,6.0,6.0
sentence_00111,sentence,為了抄近路踐踏草坪,4.0,5.667
reflection_01698,reflection,換月的第一天，家屬（兒子）問了R 學長PPM要使用單腔還是雙腔，並且多次重複敘述他的母親住進加護病房後性情大變，就算專科護理師學姊和他解釋已經在之前和他解釋過這是譫妄所造成的，他依舊和學長重複訴說，並且和學長重複闡述他被護理師告知，昨晚他的母親（病患）自行關掉TVP，然後詢問學長是否發生過這件事，在這之前他大聲斥責過他的母親（當時我在其他病床，都能聽到他的聲音）。,3.125,5.7
sentence_00959,sentence,還輪得到他們一天到晚在網上放屁,3.0,7.5
text_01726,text,習近平發表「準就職演說」，強調「打鐵還須自身硬」，承認黨內貪腐嚴峻，要下大力氣解決；對照由強硬任事的王岐山掌中紀委，常委排名往前靠，一場「肅貪風暴」可能就此掀開。,5.889,5.5
sentence_00174,sentence,你有種就堅持下去,4.25,8.0
text_01468,text,長子和丈夫一起罹難，後因火場只有一具屍體，曾撥電話找長子，但他的手機卻關機，且行蹤不明，警方試圖鎖定林嫌最後通話所在地的新豐、湖口一帶，漏夜訪查卻未有所獲。,3.556,2.857
text_02585,text,對於近日手機民調爭議，賴清德今受訪時表示，過去民調有嚴謹科學根據，若貿然轉為手機民調，是否有辦法完整代表整個真正的民意。,4.714,4.111
text_01322,text,校方已成立「方小弟弟愛心捐款帳戶」，接受各界捐款濟助方家。,6.2,5.75
reflection_00068,reflection,"可以怎麼做新發現了什麼有無新的認知或體認有無新的觀點在病解後半段病人有慢慢了解病人現在狀況和現在不適合進行肝移植原因,成功原因我覺得在於老師能用簡單易懂方式解釋病情且了解家屬不理解地方並在更詳細解釋。",5.375,3.75
text_02794,text,關於中共黨魁毛澤東通過發動各種運動殘害中國人、鎮壓信仰、破壞中國傳統文化等罪行，無疑是罄竹難書，而其主要幫凶周恩來的罪孽同樣深重。,3.125,6.125
sentence_00095,sentence,武吉知馬一帶擁有近40年曆史的老字號陳唱車行展銷室,5.333,3.333
sentence_00438,sentence,中國傳統文化是戰勝共產黨和專制的法寶,7.0,5.0
edu2021_00444,edu2021,今天上課的講內容覺得好複雜,3.0,4.714285714285714
reflection_01129,reflection,自己的反應身為醫學生的自己其實不能夠代表發言，可能只能默默聽取老師們或護理師向病患家屬解釋的內容，但我想當下可能會是以拒絕的心態來應對這一類的問題，因為就醫療的狀態或是規範都不允許這類的理由佔床於ICU。,4.3,4.125
text_01354,text,她因行動不便，只能半跳半爬躲往角落，幸好周某走出店外，未追殺她，但她至少捱了4刀。,3.625,6.286
sentence_00726,sentence,導致跑步完有點嘔吐,3.5,5.0
sentence_00056,sentence,竟獨自奔赴墓園,4.0,7.0
text_00422,text,車子的安全是很重要的，這些人等於是用無形的力量在殺人，新一代CAMRY一定會大賣的，但和泰卻可能讓台灣的消費者只能買到不安全的電子花車CAMRY。,4.125,5.5
text_00135,text,作出選擇就是結束，如果後悔，就很糟糕。,4.0,4.0
reflection_00624,reflection,描述事件在CCU的第一週，我接到的primary care是一位64歲男性，家庭狀況為離婚、大女兒找不到。,3.9,4.6
sentence_00684,sentence,談判有三大分歧,4.0,3.333
reflection_01931,reflection,印象深刻的 3個 case : Case1 89歲的男性，本身家裡也有個當醫生的兒子，在這個病人的家庭關係中，可以看出大兒子會是整個家庭中有決定權的人，當聽到自己的父親因為 Septic shock 而住院，當天就從北部直接趕著下來關心自己父親的狀況。,5.125,4.6
reflection_00842,reflection,"我當下的心情也很難過,但不太能理解為什麼病人長期可以忍受肚子的脹痛,我覺得醫療團隊做得很完整,把優點、缺點及風險都告知後,給予病人及家屬時間去思考這個困難的醫療決策,也向病人和家屬說明在這段期間,醫療團隊還是會積極的治療病人,一旦有狀況都會立即通知。",4.375,3.333333333333333
edu2021_00232,edu2021,今天的內容比較淺顯易懂，比起上次能懂得多,5.916666666666667,4.071428571428571
text_02745,text,又認為本案被告罪行重大，但監獄裡面可以提供的教化功能有限，因此判處無期徒刑，終身褫奪公權，並要求被告在入監之前，監護五年，治療期精神疾病。,3.375,3.875
text_00414,text,同學你說話好激動充滿了驚嘆號比我還像被撞的受害者哦我也強調我寧願相信我也沒針對臺本也許是日本本田本身決定不需要內鐵的有正當理由的COSTDOWN是很合理的)為什麼沒有後內鐵..這問題就留給日本本田去回答吧還有~這裡是牛頭版討論太多H的車子有點喧賓奪主了版友們單純把這案例當成笑話笑笑就好了嘛,4.875,5.571
edu2021_01013,edu2021,總結這學期也學到了很多東西，十分充實,7.0,5.857142857142857
text_00770,text,不過在人性化設置上要予以改善。,4.0,3.667
sentence_01928,sentence,更是無悔無怨的回饋報恩,8.25,5.0
sentence_01338,sentence,顏色卻還蠻協調的,6.667,4.5
edu2021_00348,edu2021,這堂課感覺提到了更多我們可以實際運用的例子，也有漸漸跟之後課程接軌的感覺,6.5,4.166666666666667
reflection_01147,reflection,你的反應為何: 後續經過了解後得知，這件事對病患妹妹造成了極大的壓力，再加之其婆家及其他兄弟同時也有照顧方面的需求，讓她疲於奔命，漸漸可以理解她對於未來病患的照護及負擔有所顧慮，也覺得自己一開始看待病患妹妹的方式有點片面而不客觀。,3.5,4.125
reflection_02409,reflection,醫療人員除了給予專業的建議之外，亦需了解其背景原因，適時提供必要之協助，減少病患家屬之心理層面的問題。,5.25,2.0
reflection_00152,reflection,"有次機緣在看六道外師(被排除在佛教外的宗教)的文章時,剛好看到裡面有一句話:無施,無受,亦無祠祀。",5.0,1.375
reflection_01286,reflection,由於持續持用呼吸器且狀況沒有改善，我們曾與家屬討論過關於氣切的可能性，家屬雖然同意，但對於醫療端的我們也提出了不少質疑。,4.2,3.5
text_01709,text,李桐豪說，他感謝馬總統對親民黨團的肯定，他也向政院和國民黨立院黨團喊話，「既然總統都認同親民黨的主張，希望行政部門、國民黨立法院黨團能夠認真看待問題！,4.857,5.0
edu2021_01456,edu2021,課程步調有放緩，有助於實作的進步,6.714285714285714,2.833333333333333
text_02725,text,2019年的InnoVEX有超過400家新創共襄盛舉，除了令人目眩神迷的高科技新創之外，有些新創則以聰明的方式解決日常生活中的棘手問題。,7.0,5.286
reflection_00414,reflection,可以怎麽做1. 嘗試了解家屬情緒 伯伯原本生活能自理，突然的急轉直下讓家屬難以接受 再插管只是維持生命的一個手段，實際上能不能恢復很難說 主要溝通者需與家裡其他成員討論，承受來自家裡其他人的壓力2.,4.2,2.625
text_00824,text,性價比高，服務也足夠周到仔細，反應也很快。,6.143,4.222
sentence_01223,sentence,原來我有受虐的傾向嘛,4.75,6.75
reflection_02359,reflection,希望以後能保持著作為醫師的初衷，凡事以病患為優先考量，在不影響病患的權益下，處置上也可以盡力讓家屬放心安心。,5.5,3.0
reflection_00735,reflection,當下覺得和至親的感情居然能差成這樣，為病患感到有點可惜和無奈。,2.9,5.7
text_00005,text,對於整個購書過程我很滿意。,7.0,3.429
text_02064,text,這可能導致，被隱藏的貼子，顯示資料載入失敗或載入中；貼數量無故減少；17年1月1日以前的@及回覆內容，無法進入檢視原帖。,4.125,3.0
edu2021_00706,edu2021,半小時就能學會，讓我吃了一驚,6.071428571428571,7.666666666666667
edu2021_00747,edu2021,今天我覺得老師教得很好，會適時問大家問題，講的也比較生活化，會讓我們比較融入比較抽象的世界,7.666666666666667,4.642857142857143
sentence_01138,sentence,而且為什麼尹尋的動作這麼熟練啊,5.5,6.0
reflection_00065,reflection,"在床邊有一位家屬一邊流淚一邊摸著病人的臉,口中不斷地叫喊著病人的名字要她醒來不要離開大家,另外兩位家屬在聽主治醫師說明病情,一開始尚能保持持<F>鎮定<F>,但當主治醫師提到恐怕這幾天就會有死亡的可能,請他們要有心理準備時候,他們的眼睛突然就紅起來,眼淚真的是用湧出來的,嘴角開始顫抖,本來還能用平穩的聲音講話,但此刻已經壓抑不住,用顫抖的聲音問說:「所以真的都沒有辦法了嗎......?」",2.0,5.0
text_01925,text,外交部表示，災區7日又遭挾帶強風及雨雪的冷氣團襲擊，各地積雪達數吋到1呎多不等，災情雪上加霜，美國聯邦及地方政府已積極展開救災及復原工作。,4.0,5.0
reflection_00040,reflection,"另外,家屬們的疑問,在我耳中聽起來就像是家屬在指責醫療處置不當,才會導致現在的狀況,而且是家屬自己誤會病患的狀況(送醫時就已意識不清,但家屬卻說送來的時候人都好好的)第一時間不只覺得生氣,也覺得很委屈,明明該做的也做了,怎麼好像反過來變我們的錯呢?",2.625,6.1
sentence_01511,sentence,義眼的軍務尚書只是一副學究般的沉著態度指出事實,5.0,4.0
edu2021_01437,edu2021,教的有一點快，還來不及吸收，這堂課就結束了,3.416666666666667,6.083333333333333
text_02654,text,訊息發出後，粉絲反應強烈，截至5月27日下午，B站動態評論過萬、點贊超過5萬，且已有玩家打趣表示公司出的遊戲，員工哪有出錢才能玩的道理。,5.143,5.571
edu2021_01059,edu2021,一開始有點聽不懂，可是感覺對以後很有幫助,5.75,4.333333333333333
reflection_00329,reflection,選擇合適的時間讓家人離開也是在疾病末期時需要面對的課題，安寧醫療的全人照護可以提供臨終病患適當的協助。,4.375,1.875
text_02262,text,根據明斯特大學的行星學家的研究，44億年地球與忒伊亞的碰撞不僅形成了月球，還帶來了使地球變得宜居的水。,5.333,4.286
reflection_02225,reflection,我看到前述畫面的時候，內心是有點氣憤、無奈的，雖然我可以理解女兒想要積極拯救她媽媽的心情，但我覺得女兒應該要問的是：「妳還想要繼續接受這些治療嗎？「想要繼續待在醫院嗎？」「想要繼續用呼吸器嗎？」「想要去做心導管嗎？」等等的問題，比較能夠讓奶奶自己決定，而不是問一些讓奶奶沒辦法表達意願的問題。,3.375,5.75
text_02000,text,真的讓人笑掉大牙無知還大聲說給人聽台灣農業在WTO後就死了真的是全趴,2.889,6.125
text_02568,text,也未考慮到每個既得利益的權力高位都有50%機會變成真空狀態，搶奪權力和資源的行為根本不會因為有半數人被殺而停止，搞不好還會更會加劇。,2.667,5.571
sentence_02230,sentence,這冰淇淋蛋糕有夠難吃,3.0,7.0
reflection_00076,reflection,當下覺得難過。,3.25,2.8
reflection_02460,reflection,而要說服病人家屬前，這也需要非常多的臨床經驗，才能夠堅定地做出判斷。,5.5,2.875
reflection_02302,reflection,這是我少數看到她眼睛都亮起來、如此開心的時刻，看來她很喜歡煮菜給家人吃吧，我心裡想著。,7.25,6.125
sentence_00180,sentence,新浪微博這個中國最大的社交及時平臺輿論的監控已經到了髮指的地步,2.667,4.333
sentence_00531,sentence,或者工作失敗咋搞,3.0,6.667
edu2021_01071,edu2021,完全沒有相關基礎的我，雖然認真聽還是覺得霧煞煞,3.25,2.928571428571428
sentence_01322,sentence,權的演技又磨練了不少收放自如,6.25,4.4
text_00941,text,外觀是藍色的，其實本人更喜歡黑的，只是沒有。,4.0,3.714
reflection_01112,reflection,三、反應為何我理解家屬的感受，畢竟在會客時間時，病人有精神的樣貌實在是很難讓家屬產生「病危」的實感，而所謂的血液檢查數字在未經訓練的人眼中，也很難呈現出問題的嚴重度。,4.0,3.8
reflection_01628,reflection,林曾阿姨的兩名子女，目測是一雙年約四十的姐弟，兩個人所持意見相左，姊姊覺得應該讓媽媽不要再受苦，可以好好地離開，而弟弟則是希望可以再繼續維持並延續媽媽的生命，但以當下腎功能正在惡化的狀況看來，若要維持生命後續很大機率可能得洗腎，就會在已經千瘡百孔的身體上再多開一個洞，同時增加管路感染的風險，更難以啟齒的是這樣做也只是維持了林阿姨的「生命徵象」，到底算不算是維持了「生命」呢？,3.375,5.1
reflection_00338,reflection,首先，需要考量患者的身體狀況，年邁的患者是否可以承受手術以及麻醉的風險。,4.75,3.125
reflection_00866,reflection,"2.承認與接受:為患者或家屬找到問題後,讓當事人認知到這確實是他的課題。",4.625,2.25
sentence_00314,sentence,螢幕在手掌包圍下的部分基本上都是可操控的,5.0,3.5
reflection_00033,reflection,"趕緊加入BZD、Keppra等來控制癲癇,但病人掂先依然持續發作,又合併呼吸酸中毒,插管後緊急收進MICU。",3.0,7.5
text_02061,text,進入5月報稅季，各家銀行刷卡繳稅優惠紛紛出籠，筆者整理了2019年度各家銀行信用卡刷綜合所得稅的優惠活動懶人包。,5.857,5.143
text_00033,text,一個人真正不想孤獨和寂寞，只有多讀書多學習。,5.429,5.429
reflection_02307,reflection,當我看到病人家屬選擇拔管後不重插我都覺得很寬慰，因為病人終於能善終；但是如果病人的function不佳且家屬又強迫病人用呼吸器維生時我就會非常地生氣，因為他們只在乎自己的感受，但是無可否認的，有些家屬的教育水平相對不足且又同時被傳統的宗教信仰束縛下無法做出最佳的選擇，也因此，我需要學習如何面對和解決這件事情，了解家屬為什麼堅持插管的原因後才能對症下葯，破除他們對生死的迷思。,4.7,4.5
sentence_01583,sentence,坐過牢的人都很固執的,4.667,5.0
edu2021_00844,edu2021,受益良多，感受到老師的用心良苦,6.5,3.25
sentence_01092,sentence,可以查到網站所有權已屬於基金會,5.0,2.0
sentence_00775,sentence,就這樣不知不覺為你著迷了,6.6,5.6
reflection_01761,reflection,不過，要怎麼在這樣的局面下溝通，並維持平衡，還是需要思考。,5.0,2.5
reflection_01841,reflection,在華人的普世價值中，似乎不救就會被冠上不孝的標記，我是不是也會做出與家屬一樣的決定。,4.25,4.625
sentence_01629,sentence,還要佔領別人的國家,3.0,6.0
text_01009,text,開箱即發現USB口一個是壞的，觸摸板左鍵也是壞的，惠普的質量控制體系可以用垃圾來形容。,2.333,6.556
reflection_01623,reflection,畢竟弟弟大概也不會是為了讓媽媽受到痛苦才那麼想要延續媽媽的生命的。,3.625,4.25
text_01462,text,有一天母親農忙後才發現，已經八個月的他還沒報戶口，由於鄉下人都是產婆接生，沒有生產證明，因此就隨便登記了一個生日，實際上他是五十三年十一月十三日出生。,4.222,3.25
text_02898,text,遠見雜誌最新公佈縣市長施政滿意度調查，臺中市長盧秀燕6都墊底，多位民進黨議員聯袂質詢時，批評市府施政毫無章法，前朝政策停擺，逢龍必反，無法獲得民心。,2.667,5.0
reflection_01920,reflection,在這個case上，我可以看見更和睦的兄弟關係，以及家人之間的聯繫。,6.3,3.5
edu2021_01579,edu2021,白板字依然是很具藝術感呢! 好吧，我們努力點看,4.0,5.785714285714286
edu2021_01139,edu2021,今天講很多，希望能更詳細,5.166666666666667,4.416666666666667
sentence_00036,sentence,直到你告訴我你感到壓力,4.0,2.667
sentence_02229,sentence,懶懶散散又一年,4.0,3.0
text_02395,text,十一種口味可選，味道鮮美，適口性強，狗子愛吃~京東目前售價12.9元，下單3件，可參加買3免1，實付25.8元包郵，摺合8.6元/件，需要的值友可以入手~,5.625,3.5
sentence_00234,sentence,主宰美麗的是心情,6.6,4.0
edu2021_00591,edu2021,我還是乖乖的按照課本一步一步念，可能會好一點吧，希望考試之前可以念熟,4.642857142857143,3.916666666666667
sentence_00330,sentence,?魚湧門市都休息一天,4.0,3.5
reflection_00368,reflection,家屬對於醫療端不信任，質疑病人剛入院時的治療態度不夠積極，並且質疑目前的治療是否已經放棄病人，也覺得簽立DNR是對病人不再救治的立場確立。,4.125,2.875
sentence_02281,sentence,甲骨文中國裁員內情,4.0,4.667
text_01277,text,警方調查，吳宗憲等人昨天清晨五時許，到南京東路五段陳家涼麵用餐，因鄰桌三男兩女講話太大聲，引起吳宗憲的不滿，於是要其中一人到店外詢問究竟談些什麼？對方向吳表達不好意思，願意替吳宗憲等人埋單，以示歉意。,3.875,3.0
text_01342,text,男友不滿女友要分手，趁談判的時候，拿刀挾持女友，並把跟女子一起去的朋友趕到門外，朋友報警，還聽到女子在屋內不斷喊叫，警方趕到現場敲門，男友在租屋處縱火，現場還發出巨大爆炸聲響，男女活活被燒死在屋內，雙方家人都不敢相信男子這麼殘忍，警方初步瞭解，死者雙方在女子工作的髮廊認識，男友常常暴力毆打女友，最終沒談成分手，引發悲劇。,3.143,5.375
text_01365,text,陳文禮指出，陳昱安行兇前寫下「殺人摘要」，預謀犯案許久，而非一時受到刺激，砍殺父親的部位也多是要害，行兇時生魚片刀甚至卡在父親胸前，殺意堅定，犯後並曾說「後悔不存在我心中」。,2.0,5.429
sentence_01198,sentence,九份的旁支小巷就留待有空時自己獨遊品味吧,6.5,4.0
sentence_01835,sentence,占上上風的一方以自己的形式奚落著下風的幾人,3.0,5.5
reflection_00056,reflection,"反應為何|當下做了什麼、想做什麼當下學長是不斷地跟家屬告知說病人在沒有會客的期間血壓以及血氧其實是非常不穩定的,而且能給予的藥物以及呼吸器的設定都有調整到極限了,並不是眼前看到血壓跟血氧好像不錯就是病人不會突然走。",4.875,3.6
reflection_02251,reflection,所幸現在安寧觀念有賴大家的倡導越來越推廣，會去指責這種不救的人越來越少，大家越來越能理解這種決定。,6.4,2.875
sentence_00598,sentence,我們便會去除一切的惡行,6.333,4.0
edu2021_01101,edu2021,考試有念所以對分數很滿意，之後得繼續再接再厲,7.071428571428571,5.071428571428571
text_02628,text,徐允文手中的心臟已經撕裂開來，泡在如同噴泉池的心包腔內，逐漸由快速跳動變成失去希望地抖動著，讓他的怒吼聲慢慢變成嗚咽。,3.5,6.125
reflection_00853,reflection,"我的腦筋全速運轉著,但能夠想像出的應對方法很有限,究竟是要依實說明而使前一機構陷入危機,還是只透露部分事實,幫助他們歸避責任,我的腦筋一片混亂,遲遲無法下決定。",3.625,5.0
text_01940,text,莫尼列太后對習近平前來看望表示衷心感謝。,6.0,5.143
sentence_01391,sentence,全跌落伊朗境內被俘,3.0,3.75
sentence_01646,sentence,需要向政府有關部門批准,5.0,3.5
reflection_00510,reflection,1.描述事件: 病人是正值壯年(51歲)的男性，沒有任何潛在疾病(除了可能有一點心臟的問題但家屬也不確定)，現在卻突然進入生命的尾聲，因為有肺炎合併ischemic bowel合併心內膜炎!,3.8,3.7
text_00444,text,或許外面的不是正廠零件。,4.333,4.2
sentence_02354,sentence,郵政傳情歡慶母親節,6.667,3.0
reflection_00747,reflection,反應為何當下有用言語安撫阿嬤，並希望能幫病患多做一點事情，症狀緩和處置或是積極治療，以減少痛苦。,4.8,2.75
reflection_01104,reflection,雖然如此，這位病患仍安裝了心臟支架並用TVP穩定其心律與周邊器官灌流，留在CCU持續觀察。,5.0,1.375
edu2021_00389,edu2021,感覺最近上的越來越深入了，跟得越來越辛苦了,3.785714285714286,4.0
edu2021_00222,edu2021,我會再多花一點時間去學習，老師很厲害,6.166666666666667,5.5
reflection_01198,reflection,然而事件中間有所波折，在於病人在某幾天時似乎有表達想氣切的意願，造成病人妹妹一度精神崩潰，我們看著她顫微微地從病室門口走出，無力地蹲下來哭泣，隔天只能坐著輪椅現身。,1.875,6.1
edu2021_01460,edu2021,望老師可以實際操作給我們看，這樣會比較好讓大家跟的上，並且更清楚,6.083333333333333,3.416666666666667
text_01672,text,若議員願意放棄言論免責權到法院說清楚，工信也很願意跟議員直接對質。,5.375,3.625
edu2021_00071,edu2021,有點不熟悉和了解，回家後要好好地複習和練習,4.571428571428571,3.583333333333333
text_02891,text,暫委法官練錦鴻判刑時批評，張健華的證供不盡不實，法庭不接納他的供詞，又認為女事主的口供誠實可信，在受淩辱後沒有即時求援，吻合她的害羞和內向的個性。,4.6,3.143
text_02045,text,禾馨民權婦幼診所陳思宇醫師提醒，常遇到女孩們因為生理期期間妹妹悶了一整天有異味，而使用一些清潔力較強的陰道盥洗用品，或用去汙力強的鹼性清潔用品清洗。,4.5,2.778
text_02122,text,全版的雙螢幕似乎總是在進入主流與不進入主流的邊緣上，無論是消費者還是廠家們對於完全拿掉鍵盤這件事還是沒有信心。,4.333,3.857
text_00913,text,這款是集成顯卡，我覺得夠用了，當時還在v450a－tfo和這款中猶豫不決，看到有搶購就一個衝動買下來了，現在覺得此舉很明智，呵呵。,6.0,4.714
edu2021_01206,edu2021,能把今天的課程學好，未來應該很受用,6.3,4.833333333333333
text_02272,text,幾年前，總部位於加利福尼亞的WillowGarage推出了一款名為PR2的雙臂輪式機器人，其被設計用於機器人研究，但不幸的是該公司已經停業。,3.6,3.8
text_02229,text,一個有缺陷的Windows更新或許會令人煩惱，但還不足以引起人們的恐慌，但是如果是數百名被警方監控的嫌犯或者有前科的罪犯突然失控呢？,3.889,5.375
reflection_01421,reflection,我想應該就是在病情解釋時要非常小心，如果狀況沒有變好，一定要事先說明病情不樂觀，不要給予錯誤期待以免真的變差之後家屬還沒有心理準備而產生潛在糾紛。,4.0,4.25
edu2021_01417,edu2021,今天上的雖然都是新的事物，但是感覺很快就可以吸收了,6.25,3.5
reflection_01482,reflection,雖然每次站在一旁看都因為他眼鏡的反光看不清他的表情，但其實看著他的呼吸，感覺似乎都在努力壓抑情緒。,4.0,3.75
text_01766,text,看到各個候選人大家汲汲營營於競選大家都希望能當選但我好奇的是當選縣市首長或立委會比打魔獸三國還好玩嗎?,4.25,4.857
sentence_01921,sentence,我覺得依然會有類似東南互保的宣告發出,5.0,5.25
text_01050,text,入圍倫敦影評人協會年度最佳導演的除了李安與麥可漢內克外，還有「00:30淩晨密令」的凱薩琳畢格羅、「世紀教主」的保羅湯瑪斯安德森以及「安那託利亞故事」的努瑞貝其錫蘭（NuriBilgeCeylan）。,5.444,4.75
reflection_00625,reflection,在病人的立場設想，病人一定有什麼原因而導致他產生自殺的念頭，等病人醒後，與病人聊天及詢問當天所發生的事，關心病人的感受，了解病人是否有depression的情形，而在適當的時機轉介精神科門診。,3.875,4.666666666666667
sentence_00142,sentence,你所得到的民主無非是過了一下嘴淫而己,3.4,6.5
reflection_00064,reflection,"我的感受情緒/為何會有這種感覺(信仰、態度、價值觀)/先入為主如何影響感受在看到床邊有一位這麼愛病人的至親如此悲傷,心中真的是百感交集,然後再看到其他家屬眼淚湧出來的時候,我其實鼻頭就一陣酸,自己的眼淚感覺也快要跑出來了。",2.4,7.75
sentence_01310,sentence,而送中國人滲透,3.5,5.5
text_01724,text,在芝加哥，我看到美國的美好前景。,6.444,5.571
text_02466,text,競委會至今收到3600宗投訴，當中約六成涉及合謀行為，其中涉及資訊科技和建築行業的投訴較多，期望裁決能警惕業界。,3.667,5.375
text_00870,text,1、完美屏，無壞點；2、音響效果很棒；3、外觀漂亮，很有面子；4、散熱很好，再加上九州風神N15的散熱架，不錯；5、裝了XP，跑起來飛快；6、介面豐富，超乎想像，連少見的紅外介面都有；7、沒什麼可說的了，希望聯想能夠替國人爭氣，不要辜負大家的期望和支持,7.0,6.0
sentence_00276,sentence,而是心中的鬱悶,3.667,5.333
sentence_01246,sentence,這種女生的心思本來就無足輕重,4.333,5.333
edu2021_00791,edu2021,大概了解在說什麼，不過還是要再讀幾遍才能完全了解,5.083333333333333,3.75
sentence_01776,sentence,是血腥共畜的走狗與鷹犬,2.5,6.0
text_01759,text,美國官員表示，德黑蘭的正面迴應，暗示今年美伊舉行會談的機會增加。,5.222,5.625
sentence_02232,sentence,但為什麼這麼難熬,3.5,6.25
text_02223,text,近一年來，Intel處理器缺貨問題嚴重影響了整個PC行業的發展，尤其是筆記本，市場需求旺盛卻得不到滿足，那是相當的憋屈，同時也給了AMD趁虛而入的良機。,4.556,4.556
sentence_02530,sentence,賢明女子學院高校生,5.333,3.667
edu2021_01559,edu2021,這門課是上課以來我最有興趣的，因為最貼近生活，最常遇到，所以我更加的專注在這門課,8.083333333333334,5.0
edu2021_00992,edu2021,感覺收穫特多,7.416666666666667,4.428571428571429
sentence_02037,sentence,指揮孫臏和劉伯溫攻佔它總部網管中心,5.0,6.5
sentence_00942,sentence,預言有提到中國拆教會和虐待信徒的報應嗎,3.0,5.0
sentence_00320,sentence,外媒中的官媒都挺認真的,5.667,4.333
edu2021_00854,edu2021,又學習到了不少新的知識,7.142857142857143,4.428571428571429
reflection_02395,reflection,從我接觸她短短不到一週的時間，阿姨從原本還可以對話到病情急轉直下虛弱的說不出話來，讓我感受到生命的無常之外，我一直都記得最後幾天他哭腫了雙眼並試圖揮舞著被束縛的雙手，我不禁想，阿姨是身體很不舒服，還是對於離開這個世界感到不捨?,3.125,6.625
sentence_01910,sentence,張先生的牲人論有點偏頗,4.0,4.0
reflection_00453,reflection,也要勇於向師長提出疑問，不要害怕提出愚蠢的問題就放棄問題。,6.0,4.666666666666667
edu2021_00603,edu2021,這次考試，我考得非常不理想，很糟糕,1.25,5.75
sentence_00236,sentence,你看敵人都真生氣了,3.0,5.5
reflection_01382,reflection,深入去了解病人入院前的狀況後，我才得知原來病人入院前 3 天才剛從普通病房出院，當時情況良好，誰能料到 3 天後病人突然病倒，甚至嚴重到需要插管並且進加護病房治療，這叫家屬要如何在短時間內接受？,3.25,5.6
reflection_01619,reflection,找到讓病患、家屬都能欣然接受也做到自己認為最好的處置的那個平衡，是行醫路上不會中斷的重要課題之一。,5.25,2.125
edu2021_00973,edu2021,無法引起上課的求知慾,1.75,3.166666666666667
text_00611,text,有那麼多朋友點評鑽石公寓，不妨再講兩句。,6.0,5.125
edu2021_01007,edu2021,大家都是剛開始接觸，希望老師可以用淺顯易懂的方式讓初學者們能理解這些專業的內容,4.333333333333333,3.071428571428572
reflection_00875,reflection,"覺得過了急性期之後,仍有機會可以醒過來如果sign DNR但其實親人仍有奇蹟發生的可能性呢?",5.0,4.3
sentence_02066,sentence,新奇的故事來包裝,6.0,2.0
sentence_02508,sentence,市長引咎辭個職先吧,3.333,6.0
sentence_00483,sentence,都改聽國外的流行音樂,5.0,3.2
edu2021_00278,edu2021,這章很快講完了，不過有些地方還是不太懂,3.916666666666667,4.333333333333333
text_00076,text,後來有朋友買了說好，那咱還是買一套吧。,5.556,4.0
reflection_01653,reflection,我看見被病痛折磨的病人忍不住會想活著的意義是什麼，難道是痛苦的被疾病折磨嗎，並且人隨著年紀的增長身體機能無可避免地會下降，我們積極的治療究竟能為病人帶來什麼好處，並且許多家庭對於生病的家人都有照顧上困難的地方，但是延長疾病會讓病人以及家人的幸福感降低，也許太過就事論事，忘記思考人們的感情不是說放開就能放開。,3.75,6.25
text_00214,text,其實在網上我已經看過N遍逃愛記了，但仍忍不住買了紙書來珍藏，非常喜歡逃愛記，顧正榮非常符合我們對愛情的想像，深情，溫柔的男主是每個女生都想要的，毫不意外，我也非常喜歡顧正榮。,6.25,5.111
sentence_00063,sentence,一幅畫作被美國高階鑑價師鑑價一千三百萬美元,6.0,6.0
text_01961,text,簡裕榮說有困難，同意戶隨即起身離開表示不滿。,3.143,5.8
reflection_00155,reflection,"三.反應為何從小我們就被教育,善有善報,惡有惡報,我們應該要努力去做善事,幫助這社會上每一個人,如此福報也會回饋到我們身上。",6.25,3.25
sentence_00054,sentence,久病床前無孝子,2.6,4.4
edu2021_00621,edu2021,今天聽完前面幾組報告，才知道自己的不足，感到深深的無力感,1.583333333333333,5.142857142857143
text_02413,text,匈牙利的多瑙河29日發生兩艘遊輪相撞事故，造成7名南韓旅客喪生，另有21人失蹤，過去幾週降下大雨讓多瑙河水位高漲，水流較平日湍急，要找到倖存者的希望渺茫。,2.6,3.857
text_01894,text,或許這是阿扁的脫罪之辭，但這番話在扁迷的耳裏確實是打從心裏相信不已，在他們的眼裏更是可帶領他們獨立建國的英雄，而這就是臺灣統獨對立的最佳寫照。,4.429,6.0
text_02806,text,記得當時，手術進行到一半，突然我的右眼視線變窄了，剛開始我還以為是眼睛腫起來，於是我問醫師，我的右眼是不是腫了？,3.444,5.1
edu2021_00624,edu2021,老師今天教得依然超水準，很棒很精彩,8.75,7.928571428571429
text_00621,text,滿意，在煙臺住過幾家酒店，這裏的服務最好提前聯繫酒店希望他們能到機場接我，總檯小姐一口答應，我晚上8點多到煙臺,6.111,5.333
reflection_00125,reflection,"描述事件具體發生了什麼事Aunderly Right buccal cancer,SCC with left neck lymphnodes metastasis rypT1N1M0, STAGE:3,平時有在規律治療中,這次入院也是要做chemotherapy,但後來突然有desaturation的狀況,因此被緊急插管並轉入MICU,但後續發現腫瘤已侵犯到氣管造成氣切的呼吸道阻塞並且有tumor bleeding的情形,主治醫師在與家屬解釋病情時,病患家屬在未經同意的情形下拿起手機錄影",3.1,4.9
sentence_02060,sentence,應該也沒膽量和機會造什麼孽,4.25,6.0
text_01095,text,朱男坦承殺害女友小弟，挾持女友本可行兇，但在員警到場後丟棄兇刀，顯見猶念舊情、良心未泯，且並非預謀殺人，是一時激憤，尚未達到非執行死刑不足以實現正義的餘地，審結後駁回上訴。,3.125,5.833
sentence_02212,sentence,我也就心灰意冷,2.667,4.333
sentence_01568,sentence,這千鈞的重擔壓在你們領導身上,4.667,5.333
sentence_02418,sentence,控告中央選舉委員會,3.667,5.0
sentence_00412,sentence,覺得自己的身體很老實,6.5,3.2
reflection_02480,reflection,體會迷茫的本質，或許也是一種新的觀點或體認吧。,5.75,3.5
sentence_02179,sentence,才是我最欠缺的武器啊,5.0,7.0
reflection_02331,reflection,所有的醫護人員心裡都知道她救不回來了，但是當脈搏消失的那一刻，還是必須執行急救流程，因為家屬積極全要。,4.0,5.625
sentence_01650,sentence,壞運氣快結束吧!,5.0,6.25
reflection_01878,reflection,你的感受為何當下聽到家屬含著眼淚說本來也是想說要放棄，但又曾經有反應導致他決定繼續積極治療，心中是感到非常無奈又不知所措的，不知道這樣的決定究竟是增加病人的痛苦還是能夠暫時減輕家屬的痛苦。,4.125,5.9
text_00798,text,有生以來入住過的最恐怖的酒店之一，可以跟印尼雅加達郊外的酒店媲美（笑）！,3.25,5.5
reflection_00608,reflection,然而，我眼前的四位家人，沒有太多的表情反應，也沒有我預期的情緒崩潰，除了妻子明顯處在驚慌中而有點心不在焉，其中兩個女兒則是很認真的在聽醫師解說並詢問問題。,5.0,2.625
reflection_00376,reflection,如果是作為一個病患，我能做的事情就是面對生命的終點，要跟家人保持良好的溝通，讓他們知道我最想要的是什麼，並且把握生命的每個當下不要留下遺憾，這樣若是遇上送別的時刻，大家也能夠安心的分開,5.5,3.4
edu2021_01426,edu2021,能夠結合時事講解，使內容更為生動有趣,6.642857142857143,3.0
reflection_01847,reflection,做為醫學生，能夠做的事情並不多，但至少能夠多花點時間跟病患聊天、安撫他的情緒。,6.0,4.25
sentence_01377,sentence,總有一些骯髒齷齪之人為了蠅頭小利甘願當狗腿子漢奸,2.667,7.0
text_00691,text,太小了，對於大塊頭的客人來說有點緊張。,3.571,5.111
sentence_00145,sentence,第一反應就是反抗,4.0,5.333
text_00651,text,打電話預定，沒看到以前住過的朋友的評價才住進來的，入住的時候已經10點多了，結果還等了20分鐘才辦好checkin，勉強住了一天，第二天一早就退房了。,3.556,5.714
text_00276,text,除了自己閱讀外，還大力推薦並送給給朋友。,6.143,5.0
reflection_02000,reflection,而她每天準時來探望丈夫，但丈夫意識不清醒也無法說話，她能做的也只有來看看丈夫，告訴他說她來看他了，又撐過一天了。,3.875,3.2
edu2021_00033,edu2021,身體狀況不太好，很睏,2.5,2.25
text_01700,text,剛開完一整天的會，好不容易抽空上來看了一下,5.143,4.625
edu2021_00879,edu2021,我一定會努力學習，讓自己不被當的,6.333333333333333,5.666666666666667
reflection_00228,reflection,但直到在會談中，了解病患在整個住院期間發生的事情，了解他們的處境、他們的想法，才慢慢能理解原來他們真的很在乎這個病人，他們也不是刻意與整個醫療團隊有衝突，而是迫切想知道一個合理的病情解釋。,5.375,4.4
text_00109,text,本人以後在閱讀這本書的過程中會就其的優點和不足及時與大家交流！,5.286,4.0
edu2021_01131,edu2021,最近的課不太吸引人，不太想去上,2.0,4.714285714285714
text_01248,text,潘振強則痛批，美國一方面壓制中國，一方面又想與中國合作，是「矛盾」且「精神分裂」。,3.556,6.333
reflection_00517,reflection,反應為何在當下我在一旁聆聽家屬的話，可以感受到家屬帶著無奈的心情。,2.9,4.625
edu2021_01292,edu2021,今天講的東西都特別淺顯易懂，讓人開心,7.583333333333333,5.0
text_02652,text,遙遙領先的Chrome也控制了標準的制定，主要瀏覽器如Opera和Edge現在都切換到Google維護的開源專案Chromium。,5.286,3.571
text_00043,text,珍兒與之心，從最初的愛上，到經歷了坎坷，抵制了誘惑，始終如一，只深愛對方。,6.222,6.0
text_01066,text,長榮航空自成立以來一直保持零失事件數及罹難人數之優良飛安紀錄，但因飛航時間僅二十一年，與其他航空公司以些微的差距名列第六。,5.333,4.167
sentence_00278,sentence,異性戀結婚也不用別人同意,5.6,3.5
text_01336,text,此外，他還獲得2012年世界發明家-化學發明獎章、2012年第一屆世界華人發明諾貝爾獎、2011年中華百業功勳人物大典-能源類學者專家、2011年中華民國國家創新科技獎等。,6.444,3.8
edu2021_01144,edu2021,聽老師上課是種享受,7.5,3.083333333333333
text_02333,text,為保證投遞效率，不少快遞員在未取得收件人同意的情況下，單方面選擇將快遞投入快件箱，由此引來不少消費者的抱怨和投訴。,3.375,4.5
edu2021_00283,edu2021,我從老師身上學了很多的知識,6.416666666666667,3.0
sentence_01129,sentence,我們在陳述的是你國人事實行為,4.75,5.0
reflection_01428,reflection,以69歲的年紀來說，其實也不算很老，但身體狀況看就知道非常差。,4.0,4.1
reflection_02098,reflection,她也可能不了解醫學方面有很多需要考慮的點，即便解釋了也覺得那些手術的風險可能不會發生，現在的她就只想要先生好起來，覺得手術就能解決所有的事情。,4.7,4.0
reflection_00719,reflection,只不過是延長痛苦罷了。,2.6,4.0
text_00016,text,當自己對幸福迷茫的時候，就會想到，不要將自己手中的幸福隨便就放掉，那樣，當自己發現那是你的最愛時，已經找不回來了。,5.111,3.667
edu2021_00724,edu2021,上課方式有點死板，後悔選了這門課,1.357142857142857,5.25
text_02727,text,實際上，人們更多關注於屁對於自身的健康影響，鮮有人關注屁對他人健康的影響，恰恰這種被人們所厭惡逃避的臭屁是對我們的健康有好處的。,5.857,3.75
edu2021_01384,edu2021,相當有趣且獲益良多,7.0,5.166666666666667
reflection_02457,reflection,在現今西醫主流的年代，竟會有人完全捨棄西醫治療，希望藉由沒有根據的宗教療法來治癒自己的疾病。,4.125,5.625
text_01301,text,自製標語、旗幟，祈禱臺灣隊守住冠軍，不要讓韓國隊帶走。,5.714,5.25
text_00466,text,誰友善，誰不友善大家都看得很清楚每次講到油電總是會有很奇怪的批評priusc沒開過不過個人經驗會覺得油電車力量不夠,3.125,5.875
edu2021_00261,edu2021,這堂課對生活上有一定的幫助,6.416666666666667,4.833333333333333
sentence_00488,sentence,學歷最高30分,4.667,4.333
edu2021_00296,edu2021,學習了很多基本概念，使我更容易去預習下一章,6.0,5.071428571428571
reflection_00990,reflection,四、你可以怎麼做：嘗試了解事發經過並找出問題癥結點。,4.875,3.5
edu2021_00438,edu2021,課程內容很重要，應該要好好學習,7.0,4.071428571428571
text_00462,text,如果坦克真的那麼便宜又那麼好，為何多數人都不敢用。,4.875,4.333
reflection_01488,reflection,"61歲男性，被診斷為NSTEMI，在急診時因為INCA有defibrillation,intubation，後來送至CCU接受後續治療，醒來很躁動，一直要求要把endo移除，評估拔管之後很激動地對醫護人員大罵，完全不能接受自己不能下床、onNG，覺得自己原本很健康為什麼要待在加護病房，完全沒有insight，讓人覺得他反應過度，不太能配合治療，家屬的想法也滿特別的，一直覺得聯絡主治醫師認識的人拉進關係，就能得到更好的照護品質，不過老師好像已經見怪不怪，當病人不配合、不了解本身情況，他把家人請到病房外面完整的解釋給他們聽，希 望家屬能支持我們的治療方案，不要因為聽到病人的抱怨，就與醫護站在對立面。",4.3,3.8
reflection_01387,reflection,我甚至不成熟地認為，為何其他病人家屬都能欣然接受 DNR，就只有你們不行？,3.8,4.4
reflection_02463,reflection,在會客時，學長就已非常明確的態度跟家屬解釋病情已經不樂觀，並且以我們專業的判斷對接下來的治療方向進行說明，然後也請家屬先做好準備並詢問依些關於病人後事的相關事項。,4.3,3.0
text_00902,text,1、配置足以滿足我的需要；2、螢幕完美，整機外觀不錯；3、發熱還行，沒說的那嚴重；4、聲音效果還行,6.625,5.0
text_01821,text,什麼都暴力就好了啊，談什麼民主你問過我嗎?,3.125,7.625
sentence_00020,sentence,不仔細看會以為這地鐵站叫,5.0,4.0
text_00379,text,無知吧!怎麼會有人說Altis好?,3.333,6.667
reflection_01262,reflection,單純就時間點判斷可能是急診出現的轉折點才會下此結論。,5.0,1.875
edu2021_00151,edu2021,介紹詳細，可以和以前認識的內容融會貫通,6.5,3.642857142857143
sentence_01961,sentence,久而久之演化為一種禁忌,5.0,4.0
sentence_01451,sentence,盡管當下仍然阻礙重重,5.667,5.667
text_00690,text,墊中間是凹下去的，沒辦法躺的舒服，又不敢再叫換房了，不知再會出現什麼問題。,3.375,5.857
sentence_00421,sentence,中共流氓政權是聖潔天使,4.6,6.5
sentence_02349,sentence,昨晚下了那樣的暴雨,4.333,5.0
sentence_02251,sentence,這種隨心的暢快,7.0,5.25
text_00674,text,酒店員工將一如既往，不斷努力，服務好每一位客人，提升服務品質，爭取更多的賓客滿意率！,7.556,4.714
reflection_02441,reflection,但病患想要自行出院的意志很堅定，因此在今日我們變讓他轉出到普通病房，而他也自行出院了。,4.8,3.0
edu2021_00102,edu2021,今天上的內容偏難，需要花更多時間去理解,4.083333333333333,4.214285714285714
edu2021_00598,edu2021,覺得老師講話速度跟進度很快，希望在跟同學們解釋新東西的時候能放慢一點,3.833333333333333,4.583333333333333
text_01374,text,涉嫌於山區盜伐珍貴牛樟木的嫌疑人，檢警和職棒球員對於許文雄的境遇一步輸全盤輸，感到不勝唏噓。,3.5,4.556
sentence_02132,sentence,但會持續在推特發一些生活瑣碎的事情,5.333,3.667
edu2021_01552,edu2021,比昨天更清楚了，感覺不錯。,6.0,3.25
edu2021_01463,edu2021,希望專有名詞能分開講清楚,3.916666666666667,4.071428571428571
reflection_00900,reflection,因此，面對這樣的臨床場景，不論是對於醫療端的我們還是家屬的決定，心裡都有些許倫理道德帶給我的不安，這層不安源於對死亡的害怕，也源於患者處於尚可救治的狀態卻不作為。,2.75,5.6
sentence_01229,sentence,新的非人格化的父親,5.0,4.333
reflection_00838,reflection,在事件之前，我本身就知道HFNC對於拔管後病人能帶來相當多的好處，而這些也都有實證醫學來支持論點。,5.875,2.0
text_01328,text,甫獲2012紐倫堡國際發明展銀牌獎殊榮的明道大學材料系吳信達助理教授，又拿下準世界發明家獎「化學發明獎章」。,6.375,4.857
edu2021_00003,edu2021,老師的筆跡有點看不懂,3.0,2.0
text_00996,text,而且實際使用後發現它的很多自帶的實用軟件非常出色，非常人性化！,6.714,5.25
sentence_00418,sentence,回去奔波辦完遇難親人的喪事,3.333,4.0
edu2021_01107,edu2021,有些專有名子不太熟悉，聽起來比較吃力,3.583333333333333,3.642857142857143
edu2021_00164,edu2021,教的超讚，讚起來讚起來,8.333333333333334,8.333333333333334
text_02397,text,辦公小小值可書寫可繪畫，花體字必備~筆尖輕微變換角度即可書寫/繪畫出線跡不同的線條，可用於書寫藝術字，繪畫等等。,5.375,3.0
reflection_02219,reflection,之後老師有示範要怎麼對此類病人做問診，覺得看老師做得很簡單，但自己行動起來又不是那麼容易，更多的是病人對醫事者的信任感，覺得在這兩個禮拜學習到最多的是醫病溝通，不只對病人，尤其是對家屬，如何對危急病人的家屬解釋病情，引導他們選擇適當的醫療行為，真的好難，有時候也很生氣，明明覺得伯伯在撐下去也無法恢復到一個理想的狀態，但家屬的媽媽就一直想救他，常常學長要跟他解釋病情，她就逃跑不想聽病解，一方面覺得他捨不得自己的兒子也是人之常情，必須給他更多時間釋懷，一方面又覺得病人再拖下去，併發症一直跑出來，雖然他不能表達但一定很痛，到底要救人還是救心，又或是這兩者的平衡該怎麼拿捏，真的好難。,2.8,5.875
text_01466,text,父親被活活燒死，他說很懊悔，「如果可以，我願代替爸爸承受被火焚身的痛苦」，林嫌正住院治療，警方將等他出院，再依殺人、公共危險等罪嫌究辦。,2.875,5.25
sentence_01606,sentence,得其善言不狂喜,6.6,3.8
sentence_02414,sentence,有時條裙條褲短少少,4.333,3.333
reflection_01062,reflection,我的情緒為何？為何有這種感覺？,4.25,4.1
reflection_01232,reflection,但中午的家庭會議時，這樣的想法卻大大的打臉了我對於人類情感的刻板印象，在面對親人離開的過程中，醫生也是活生生的人，我們沒有那麼堅強到可以理性的面對這一切。,4.125,4.1
reflection_00698,reflection,我的感受第一天聽到交班的時候起初是驚訝，越聽到後來甚至有點氣憤，不理解為何有人身患法定傳染疾病，甚至是兩個，卻都不願意好好治療。,1.375,8.0
sentence_01349,sentence,這幫傢伙就是內戰內行,3.5,6.0
reflection_01461,reflection,應該要嘗試同理家屬情緒，以適當之積極溝通，使家屬認同病患善終意願，同時去了解家屬做出此決定的背後原因。,5.75,3.25
reflection_01598,reflection,且因為病人的清醒又日漸穩定的病情，家屬決定放手的心開始動搖，在是否繼續洗腎這方面反覆猶豫。,5.0,4.6
sentence_02270,sentence,同樣不予以置信,4.0,5.667
text_02038,text,全國人大常委譚耀宗表示，政府有權提出何時恢復二讀，這是一貫做法，但立法會議員和內務事務委員會亦可提意見。,5.0,3.5
reflection_00177,reflection,"三.反應為何我認為對於臨床上的醫學生來說,雖然需要在臨床把握機會學習但要注意是以不影響臨床工作為前提。",5.2,2.625
text_02217,text,據索尼向美國專利商標局申請的檔案中提到，他們描述到一款有著震動反饋的VR手套，甚至會有移植到其他服飾上，像是帽子、褲、上衣等的可能，而且會有冷、暖感。,6.0,5.571
text_01127,text,總統馬英九今天發表除夕談話，除許下3個願望，也要大家放心，新的1年裏，「我們的經濟、我們的生活，一定會更好。,6.333,4.429
reflection_00151,reflection,"無善惡行,無業因緣,無異熟果。",5.0,3.5
edu2021_00902,edu2021,這一章有點複雜，覺得難度比之前的高,3.5,3.428571428571428
reflection_00612,reflection,嘗試同理病人的感受，對於此次住院發生的事有什麼想法，有沒有什麼不理解的地方,4.7,3.2
text_02946,text,篤信脫鉤和遏制來消除中國威脅的班農，因其知識結構的落後，價值觀的扭曲，以及個性的缺陷，時常處於自我分裂的狂躁狀態之中。,3.222,5.625
sentence_01645,sentence,別覺得孩子受罪了,4.4,5.5
text_00921,text,也請管量員不要刪了，給大家一個機會，大家好纔是真的好！,5.625,5.375
edu2021_01300,edu2021,由於之前並沒接觸過此類知識，希望能有更詳細講解,4.416666666666667,4.833333333333333
reflection_01476,reflection,或許對有醫學知識的我們來說，瞳孔沒有反射，人一直不醒，血壓不穩定需要以升壓劑維持等等，在我們看來是預後不好的表徵，但對於對醫學領域完全不暸解的家屬來說，這些詞對他們來說是抽象的，難以去連結這背後代表什麼意義，因此對於病人的情況可能會有跟我們不一樣的認知。,4.5,3.75
text_02624,text,小學時未手淫前在班裡經常是數一數二的成績，儘管學習很努力但就是因為萬惡的手淫，導致腦力大衰，記憶力理解力思考能力極大下降，讓我最終只上了一所大專。,3.0,4.625
sentence_01587,sentence,以及激進左翼政治人物桑德斯表示,5.0,2.8
sentence_00965,sentence,可別再冒充基督徒了,3.75,6.25
text_02270,text,過去，出於對大局和行業發展的考慮，儘管聯想承受了遠超想像的巨大名譽和經濟損失，但我們始終不願意過多地談及細節。,3.875,4.625
sentence_00861,sentence,我就真的辭職給他看,3.4,6.5
reflection_00458,reflection,病人本身和家屬的意願又何嘗不希望能減少痛苦呢？,4.5,5.2
sentence_00796,sentence,來自中國第一大電信運營商的懺悔,3.5,2.5
text_00107,text,有個別的拼寫錯誤雖然這本書美中有不足。,4.222,3.2
reflection_01296,reflection,而感染指數在一開始來急診時便已經到三百多，所以比較不太可能在急診時就立即發生，而是身體已經有發炎感染一陣子。,4.0,4.4
edu2021_01382,edu2021,還有一大堆功課要做，壓力還是有點大,3.083333333333333,4.833333333333333
reflection_02303,reflection,她這時才開心的說：我平常喜歡去菜市場買菜！,7.2,5.0
edu2021_01284,edu2021,才剛剛學習到了一些東西，確實還不太能理解它們之間的關聯性,4.0,3.833333333333333
text_01500,text,AZF雖然實力堅強，但並不受人尊敬，本次大賽AZF違反運動家精神條款，在比賽時偷瞄轉播大螢幕，作弊取得優勢，遭主辦單位沒收20%的獎金。,3.333,4.75
reflection_02326,reflection,在場的人都一直跟他說再壓下去，肋骨會斷掉，會出血等等，我們希望讓她漂漂亮亮地走。,3.75,5.0
reflection_00519,reflection,因為以我們的觀點來說，一開始病患先收治一般內的病房是符合醫學常規的，疑惑家屬為何會覺得不妥。,3.0,3.75
edu2021_00018,edu2021,今天所教的部分大致上都有辦法理解，同時也讓我知道了一些以前不知道的東西,6.571428571428571,4.285714285714286
edu2021_00575,edu2021,今天上課的節奏略快,4.6,3.714285714285714
text_00056,text,愛是得到一切再失去一切之後的一場記憶。,4.625,5.143
reflection_01684,reflection,過了幾天，阿北沒能熬過病痛的侵蝕，還是離世了。,3.0,4.5
text_00553,text,最滿意的是酒店提供的免費升標。,6.625,6.286
text_01059,text,小琳則覺得贊數愈來愈多時，表示圖與文都有人欣賞，「有被關心的感覺」，虛擬世界裏看不到對方，不在乎對方的動機，就算有不良動機，有網路當防火牆，大可不必理會。,5.375,5.286
sentence_01677,sentence,他在貿易戰中表現漏洞百出,3.0,3.6
reflection_00382,reflection,描述事件帶給我最大衝擊的是一位已經在這裡住了將近三個月的病人，狀況非常的遭，當時還沒有DNR。,3.25,6.4
sentence_01313,sentence,所以毛也是最為詭計多端的,4.0,6.333
sentence_02067,sentence,所以也不是真的安眠藥,5.0,5.0
sentence_01484,sentence,制止唔到架但係,4.0,6.0
edu2021_01027,edu2021,最近的習題都不太會寫,3.25,3.642857142857143
reflection_01965,reflection,儘管一開始還有些擔心病人的咳痰能力，但現下看起來還算穩定，也許再觀察個一兩天便能回到普通病房了。,5.875,2.9
reflection_02242,reflection,但我知道也是白問的，因為氣切的病人早已不能言語表達，而肢體又被束縛。,3.625,3.25
text_01850,text,那以後市長的重大決策做錯了是不是也說只是開玩笑就好了呢?,2.778,6.0
sentence_00291,sentence,黑龍江省大慶市薩爾圖區法輪功學員丁洪娟女士被薩爾圖區開發區法院枉法冤判兩年,3.0,5.0
text_02213,text,然而，對於發行商來說，這些服務似乎真的是有利可圖的，EA剛剛宣佈，依靠這些服務，公司在2018/2019財年的第四和最後一個季度實現了強勁增長。,6.889,4.0
edu2021_01093,edu2021,老師舉了非常多的例子，讓我獲得非常多的資訊,6.583333333333333,3.25
text_00220,text,這樣很累，我的這個想法也很天真，幾句話沒辦法改變什麼，但我還是會照著我從最初的路線前進！,5.556,5.222
reflection_01323,reflection,我很喜歡守護這兩個字，這兩個字一直是我在老師跟勝彬學長身上感受到的感覺，其實那天中午在跟老師說掰掰之後，還有在樓梯口聽到老師繼續在電話中跟其他醫師討論鄭軍人的病情的聲音，那時我覺得很尊敬，也更意識到以後自己的職業到底是什麼角色。,6.875,4.25
reflection_00552,reflection,2. 我的情緒與感受：原先我以為家屬會放手讓爸爸走，女兒要求見插著管眼睛也睜著的爸爸一面後看來非常難過，也想說服後來趕來的媽媽和弟弟放手，但媽媽說要問其他人，就被一個完全沒在現場的人做了決定。,2.7,5.0
text_01084,text,單親家庭加油打氣，讓大家瞭解單親家庭親子間的問題處境，單親家庭遇到困難要尋求協助管道，社會也要給予更多的包容與關懷。,6.375,5.857
reflection_00807,reflection,可以怎麽做新發現了什麼有無新的認知或體認有無新的觀點因為有可能產生醫療糾紛，我嘗試理解家屬的想法-前幾天狀況似乎有進步，為何會突然惡化到要氣切-似乎原本就對醫院有負面的想法-對於醫護的不信任經過這次事件，我了解到在對家屬病情解釋時一定要小心，即使目前情況似乎漸漸變好’仍要好好告知家屬背後仍有風險與不確定性，就算機率不高，還是要做好準備去面對’這樣才不會在狀況突然惡化時，家屬不諒解，且平時照顧病人就要盡力取得定人及家屬的信任。,4.0,4.7
sentence_00863,sentence,以及防水可以撐一整天的畫眉毛用具,6.0,3.2
reflection_01548,reflection,你可以怎麼做 嘗試了解病人有這種不信任心理的原因。,4.625,3.0
reflection_00316,reflection,於是病人也點頭答應，最後也是經過一番折磨才成功放好。,5.75,1.75
reflection_02268,reflection,但是其實我覺得有時候大家都被坊間謠言嚇到了，像我回家問我媽如果以後她老了生病了會不會想氣切，她就跟我說不想。,3.5,5.5
reflection_01872,reflection,雖然家屬簽署了DNR、老師學長們也有充分解釋過並使安寧團隊介入，但在周日阿嬤狀況急轉直下時，家人在電話中撤回了DNR，醫療團隊當下施以急救，包含電擊和CPR，花了一個小時的時間仍沒有把阿嬤帶回來。,3.625,5.2
text_02177,text,基隆市1位邵姓男子昨晚與妻子、友人聚餐之後，表示想獨自一人散步，便讓妻子先行返家，但邵男隨後卻被路人發現倒臥停車場內。,3.556,3.5
sentence_01638,sentence,放在一起更是引人注目,5.333,6.0
text_01886,text,例如澳洲，雖讓開放美軍進駐藉以圍堵中國，卻也積極鼓勵澳洲社會學習包含中文在內的亞洲語言，期望藉此參與即將到來的亞洲盛世。,6.222,4.875
text_02738,text,向來女兒的出生被媽媽們戲稱是”最強小三”的誕生，不過當了人家女兒這麼多年也確實有感受到爸爸對於女兒無條件的溺愛,6.0,4.0
text_02398,text,從相關車Cam片段可見，昨日傍晚6時許，一輛綿羊仔電單車，沿呈祥道東行，並駛至九龍塘支路，並打算由外線切入慢線時，因收掣不及而撞向倒塌在路面樹椏。,3.714,4.429
reflection_00082,reflection,"我的感受含情緒用詞為何會有這種感覺(信仰、態度、價值觀)先入為主如何影響感受當下自己第一是覺得很驚訝,怎麼會在一天後突然如此激動,第二是感覺有些生氣,明明醫療團隊都很用心在照護,每天會客也都有花時間好好溝通解釋,卻被質疑醫療團隊好像為了自己方便在故意害病人,十分無辜。",3.25,4.75
sentence_00355,sentence,誰就是那個低能兒,3.0,6.0
sentence_00998,sentence,這是臺灣最低階的小旅館,4.5,5.0
text_00166,text,王老師真得是很細心，很善於動腦去思考，這纔是真正的好老師，只是這樣的老師太少了，如果在我上學的時候能遇到王老師，我相信我的將來一定不是現在這個樣子，那些愚蠢的老師不知耽誤了多少代、多少人。,6.0,5.5
sentence_01412,sentence,之後開始走下坡,3.6,4.25
sentence_01954,sentence,儘管時間很充裕,4.5,4.5
sentence_00149,sentence,情緒亦有點燥動,3.5,6.333
text_01752,text,這會使美國及其中東主要盟邦以色列之間的緊張關係更甚。,4.5,4.5
sentence_01876,sentence,沒有因睡眠後減輕沈重感,3.5,3.6
sentence_00640,sentence,因為身處咒術協會很快被平息了下來,6.0,4.5
text_00341,text,也在原廠保養，遇到這事還真是第一次。,3.778,5.444
reflection_02336,reflection,此時，在會客時間跟在老師身邊聆聽並且學習如何清楚地做病情解釋，共情的給予適當的情感支持，是相當大的收穫。,5.8,4.75
reflection_00401,reflection,描述事件這名53歲男性因為喘和右下肢腫脹入院，一開始是在處理肺炎和右腳深層靜脈栓塞的問題。,4.75,2.7
sentence_00688,sentence,也可設定燈光亮度,5.6,3.0
text_02481,text,Facebook今天上午宣佈了一項新計劃，專注於利用其資料和技術幫助從事公共衛生工作的非營利組織和大學更好地繪製全球傳染病的傳播圖。,6.333,3.889
text_01699,text,明明就是一個人才國家沒辦法利用他真的是國家的損失,3.667,4.5
reflection_02193,reflection,若插管時間接近兩個星期我們就必須考慮是否撤除呼吸器的治療抑或是施作tracheostomy來延長呼吸器治療，在大三大四我們不會去思考現實世界中家屬可能會因為所謂的「放不下」而進入我們認為的最糟的路--- 不作任何決定，讓病患持續插管。,4.375,5.75
reflection_01189,reflection,我認為我應該要做更多與病人溝通的嘗試，協助他做出選擇。,5.875,3.8
edu2021_00860,edu2021,雖然有時候要花些時間想想，但是還算跟的上,5.416666666666667,4.071428571428571
sentence_01175,sentence,還振振有詞不知羞愧,3.0,7.0
edu2021_00329,edu2021,今天教的內容讓我有點概念，很不錯,6.416666666666667,4.916666666666667
edu2021_01308,edu2021,講得很好講得很清楚,6.428571428571429,3.833333333333333
sentence_01685,sentence,就會安於?體制,5.0,4.333
edu2021_01009,edu2021,聽到有許多作業後才大夢初醒，希望下禮拜能以最佳狀況上課,4.916666666666667,4.857142857142857
text_01598,text,當然，政府的責任最大，務必有效思考對策：一、救火救急，息怒第一：搧風點火不是人民之福，熄火重建纔是全民所盼！,6.0,5.889
text_00207,text,試試看的心情，買了一套，結果，女兒一看就喜歡上了，這套書的特色比較鮮明，每一本的主題對塑造孩子的優良個性都有,6.625,5.6
edu2021_01556,edu2021,上完課知道自己有很多東西可以繼續努力,5.916666666666667,4.583333333333333
sentence_00754,sentence,拿撒勒人被人出賣釘上十字架,3.0,4.25
text_02084,text,SensorTower稱，這款騰訊研發的遊戲在上線之後不久，已經成為當下iOS平臺最賺錢的大逃殺型別遊戲。,6.375,4.0
sentence_00136,sentence,他鬥來鬥去就是要控制局面,4.5,4.0
text_01378,text,由於江家經濟困窘，由嘉義地院員工所發起的十方慈善基金，也決定先撥款三萬元協助江家處理喪葬事宜，解燃眉之需。,5.571,5.571
text_01391,text,我能理解，我是一個無能的家長。,2.625,5.0
text_01847,text,挺貪汙阿扁還硬要裝成無黨籍就算了今天又講邵曉玲腦袋秀逗事後還說是開玩笑的台灣的首都真的需要這種市長?,3.125,6.857
text_02861,text,如果將牆上的紅色標語和路旁的標語牌，以及架在電線杆上的高音喇叭清除掉，倒像一個不知有漢遑論唐晉的世外桃源。,5.429,3.571
sentence_01522,sentence,顛倒是非黑白的品德郭文貴簡直信手拈來,3.5,6.5
reflection_00595,reflection,當下感受病人的肺炎、感染、呼吸狀況其實一直在改善，應該是有機會可以慢慢回復的，但可能因為好幾次的肺炎產生、需要反覆更換氧氣面罩的使用，而且病人日漸消瘦，營養狀態也不是很好，咳痰能力弱，常常一口痰嗆到就低血氧，所以才DNR 全拒加上撤除HD，能理解家屬的想法。,3.6,4.8
text_02448,text,身處反對婚姻平權核心，陳文珊挺同挺得很高調，但她強調，信仰不該只是個人和天父的關係，當心中有所持守的價值，就該在神的國度將真理進行到底。,5.714,4.429
text_00421,text,但是人家國外安全氣囊都9到10顆了，和泰如果真的最多只有4顆，那我真的會很鄙視決定把氣囊拿掉的和泰高層。,3.125,6.375
text_01003,text,昨天京東總部自提的，額滴神啊，很滿意。,6.125,4.833
reflection_01812,reflection,氣切一經切割後雖然傷口可以癒合，但留下的疤痕卻永遠都會在皮膚上扭結。,3.125,4.875
edu2021_00177,edu2021,我好像有點感冒，所以提不太起精神,3.428571428571428,2.833333333333333
text_00746,text,我正好趕上颱風沒有辦法只能在那住要不我不敢保證還會住那裏.,3.444,4.0
edu2021_00525,edu2021,內容生動有趣,7.214285714285714,2.416666666666667
reflection_00234,reflection,可以怎麼做這位病患在12/26當天下午就轉出至心臟外科病房了，在書寫這份反思寫作時，已經錯過了詢問詳細經過的時機；不過，從簡單的換為思考出發：如果今天病患是我的媽媽，換作是我，我想我也會同等焦急，在談到手術時，我可能會希望有一位專業的醫師能夠坐下，從頭到尾詳細地說明手術過程、考量、以及術中風險，好讓我一來可以安心並且有頭緒一些，二來比較能做出判斷，猜想這可能是當下家屬在抱怨的聲音背後，真正需要的。,3.125,5.875
sentence_00479,sentence,我會粉碎你的臉,2.5,8.5
sentence_01441,sentence,不逼迫他說話2,4.5,4.0
edu2021_00451,edu2021,上的太快了，課文還來不及看完，可能過不久又要教作業跟考試了，老實說有一點應付不來,2.5,5.571428571428571
reflection_00494,reflection,原因是因為氣管內管若一直放置，可能會因為其塑膠的材質而有硬化甚至脆化風險；另外，氣切的決定是在仔細考慮過病人的臨床狀況才做的決定，若只有增加病人的痛苦而無好處的話，醫療團隊也不會提出氣切的必要性；最後，因為家屬的決定，病人只能在left vocal cord palsy尚未解決的情況下進行高風險拔管，對病人來說何嘗也不是種負擔？,3.875,5.0
sentence_00499,sentence,所以到時候只是換人殖民罷了,3.5,5.333
text_00231,text,這本書帶給人許多思考，即使不是自己或身邊的親人正面臨死亡，依然是本值得一看的好書。,6.889,4.111
sentence_01004,sentence,蔡英文自己就是專制,3.5,7.0
edu2021_00852,edu2021,有些部分一時之間消化不了，會有點跟不上進度,3.357142857142857,4.214285714285714
sentence_02184,sentence,世界都認為伊朗戰敗了,4.4,3.2
text_02390,text,iOS–AppStore連結Andoird–PlayStore連結不過遊戲現在限時免費，裡面還是有一些內購要素，不過免費也可以很爽玩～一樣強烈推薦大家！,6.857,7.571
reflection_00227,reflection,三.反應為何當下會談完之後，心裡對他們先入為主的想法就逐漸解開了，每一天看著病人病情的變化，就會想到天天都來關心她的家屬們，總是準時來探訪、總是在主治醫師查房時間很關心病人狀況的變化。,5.625,2.125
text_00684,text,硬體不錯，相對於223的房價，絕對性價比一流；但是軟服務還有待改善，特別是有非正常情況發生時要多從客人角度考慮賓館反饋2008年7月25日：首先，感謝您的寶貴意見,5.0,4.625
sentence_01221,sentence,覺得還是要努力維持跟改善,6.667,5.333
text_00208,text,很大的幫助，女兒從弗洛格身上學會了愛心，學會了自信，學會了勇敢。,6.625,6.286
text_01487,text,昨於新加坡登場的第一屆《英雄聯盟》Garena超級聯賽最終決賽（ＧＰＬ），「臺北暗殺星」以三比一擊敗強敵「新加坡先鋒」再度摘冠，勇奪美金一萬元獎金、摺合新臺幣約三十萬元。,6.333,4.167
sentence_01559,sentence,郭董有什麼巨集大計劃也徒然,4.0,3.8
text_00890,text,裝個XP，結果好像是沒有安裝合適的驅動，所以打魔獸爭霸都卡的要命，打華碩售後服務，原來在官方就沒有針對XP的驅動，大部分都是VISTA下的驅動,3.375,4.667
reflection_02461,reflection,如果當時學長的態度稍微游移不定，可能會讓家屬覺得還有機會，若當時沒有先預判病情做好相關準備，在病人快不行的時候一定會措手不及。,4.125,3.625
sentence_01163,sentence,基本上任何涉及現實的文藝作品都能被粉蛆意淫歪曲,2.5,5.25
text_01679,text,當今的縣市長施政，綠營的比較有能、有感，藍營則無能、無感。,5.0,4.333
text_02291,text,據外媒NewAtlas報道，對於不喜歡前往自助洗衣店的公寓居民來說，可以使用緊湊型洗衣機-但洗好的衣服需要烘乾時該怎麼辦呢？,4.625,3.429
edu2021_01117,edu2021,這期間我努力調整自己的步調、適應，相信之後會有更好的學習成效,6.642857142857143,5.5
text_00120,text,個人覺得這套書合適小學低年級小朋友閱讀，幼兒園的小朋友可能需要家長陪同閱讀，對大人和小孩來講都非常長知識，非常不錯，贊一個!,6.75,5.286
text_02675,text,這個訊息一出，社會一陣嘩然，和不久前電視節目主持人Janet自曝曾患憂鬱症一樣，同樣都讓大家不可置信。,4.0,6.0
reflection_00790,reflection,根據病人家屬描述病人原本在病房期間已經快要可以出院了，把針劑的藥物慢慢調整成口服，在11月底突然開始解黑便，有一些Gl bleeding的症狀，Hgb開始掉，經過輸血和給藥處理，因為呼吸和腎臟問題轉上來CCU，病況起起伏伏，不過整體而言vital sign還算stable。,4.375,4.9
reflection_01354,reflection,最特別的我覺得是中午的會客時間，聽老師對家屬的病情解釋，可以學到許多醫病溝通，其中我覺得在 ICU 最特別 的就是告知壞消息的部分。,4.625,5.0
reflection_02114,reflection,事件描述：照顧的病人因為肝癌一直反覆復發，開刀多次切除肝不同部分，加上癌症的持續進展，導致liver abscess 並且往上吃破了橫隔膜，延伸到肺部，導致發炎感染問題且呼吸不適。,4.25,3.25
reflection_01993,reflection,醫療的進步讓人類的生命得以延長，而對於生活品質的注重促進了安寧照護的發展，當醫療達到極限，希望末期病人也能得到適合的照顧。,6.0,3.75
text_00275,text,番外篇更是絕啊~~最愛看冰依跟衛在一起（雖然好像有點對不起祈然），看到他們都有自己的幸福是很好的~~不過作者怎麼就不讓步殺也幸福呢~雖然現在看來也不錯，但是還是想看看步的愛情使~~*_*,5.625,4.714
edu2021_00159,edu2021,今天了解到很多問題，覺得非常有趣,7.083333333333333,5.642857142857143
reflection_01783,reflection,描述事件病患為末期胰臟癌患者，正在接受化學治療，原本的治療目標為希望以化學治療使腫瘤縮小進而可以進行手術切除，在後續追蹤的 CT上是發現原本的腫瘤有明顯的縮小，但是卻疑似有看到腹膜轉移的跡象，同時病患也開時出現腹脹、腹水積累的情形，腹腔感染的情形逐漸變的嚴重，伴隨 而來的包括腎臟衰竭、血壓不穩，目前已使用三線升壓劑，血壓狀況還是相對不穩定，也給予預防性的插管，病人整體狀況不樂觀 ，家屬希望全面積極搶救 對於是否告知病人整體情況 以及後續是否急救 ，家屬存有疑慮，怕打擊病人的求生意志。,3.3,4.7
text_01167,text,臺灣電競環境還未成熟盼政府協助MiSTakE也表示，自己從來沒懷疑自己選的路是否正確，或後悔走上電競路，只懷疑自己是否盡了全力，對於想踏入電競道路的玩家，MiSTakE說，臺灣的電競環境還未成熟，自己需先做好生涯規劃，兼顧自己生活，再儘可能去闖、去追夢。,5.444,3.5
sentence_00000,sentence,這是我觀賞過的最令人驚歎的演出,7.0,7.75
sentence_01915,sentence,吹牛造勢難自立,3.0,3.0
text_00697,text,我們會努力改正您提出的意見，加強員工的教育，真誠希望您的再次光臨！,6.429,5.714
edu2021_01256,edu2021,老師時不時的叫人起床的聲音有點讓人害怕,1.666666666666667,6.5
sentence_00840,sentence,鑽研社會福祉的菁英,7.0,5.0
sentence_01932,sentence,值超高典雅奢華歐式風格火鍋,6.0,5.5
sentence_02245,sentence,冀望能和長達九年的考試生涯告別,6.333,6.0
sentence_01807,sentence,閃爍散播出瘟疫,2.75,3.8
text_00805,text,很不錯的一家酒店，在當地來說是最好的了.,7.0,6.143
text_01326,text,學校除決定將他在教室的課桌椅保留到運動會結束後，還會在運動會時將他的椅子帶到操場與同學們在一起。,5.75,4.0
reflection_02436,reflection,而相反的，當病患兒子來的時候大多都是在一旁滑著手機，每當我經過時，總覺得好像有那裡奇怪，一種顛覆想像的畫面出現在眼前。,4.4,4.8
reflection_02459,reflection,ICU: 生命的反思這是一位四十幾歲的女性，過去病史有SLE跟ESRD 預計要洗腎，因為本身非常不想要洗腎，於是尋求宗教幫助躲進精舍，一個月並未服用藥物也未接受任何治療，在精舍被發現時已經意識改變，OHCA送進急診之後，CPR三次才救回來。,3.5,4.2
text_00477,text,整天想護衛隊也不知道是無聊然後幻想的還是怎樣?,3.625,4.889
edu2021_00462,edu2021,希望老師上課解說能多一些，讓我們理解課程內容。,5.083333333333333,3.142857142857143
text_01430,text,甚至微軟以併購方式買下Skype，並計畫將MSN帳號與Skype合併，但是失去的舊有優勢恐怕不是當初可以預料的。,4.0,3.857
text_00233,text,整本書由短小的有趣小故事組成。,5.625,3.286
reflection_01276,reflection,醫療上不可能每個病人都照著guideline治療便能順利痊癒，一定會有我們難以掌握的情況發生，自己的家人病情沒有改善勢必會引起家屬的焦慮和不滿，而此時我們不應反駁他們，而是用同理心去理解他們的想法，再表達我們的立場和努力。,5.1,3.5
reflection_00303,reflection,在病家，我看到他們不向生命屈服的毅力，身旁的家人甚至是竭盡所能要撼動老天爺原本的計畫。,4.8,6.25
reflection_00423,reflection,我的反應如何全面重新評估病人乳癌狀況，因病患的乳癌經過電腦斷層顯示已經多處轉移，即便此刻採積極治療效果也不甚理想，因此同時照會乳房外科以及家醫科醫師，討論積極或是安寧的醫療選擇，在不同角度判斷抗癌治療到底適不適合病人。,4.1,3.9
text_00831,text,希望打掃衛生的時候更仔細完美一些。,4.222,5.0
text_00191,text,索居，就是渴望內心的精神自由。,5.667,4.778
sentence_01809,sentence,都苛求彼此不得,4.5,4.5
text_00295,text,關於你的疑問，確實沒人保證開雙B就不會死，開T就穩死，但發生車禍時的存活率確實有差，單單為了出門時可能有十萬分之一發生事故，發生事故時的存活率差10%，這樣算起來只增加百萬分之一的存活率，有需要選購較安全的車款嗎?,3.875,5.375
text_02801,text,韓粉宜蘭後援會則發出警告，6月1日、6月22日兩場造勢大會均屬自主性，若有人招攬免費搭車、請客、吃飯、送錢，都是陷害當走路工影片，籲韓粉千萬別中計並歡迎檢舉！,4.143,5.778
edu2021_00909,edu2021,今天內容我都很有興趣，更加了解了各部份的細節，也增廣了更多知識,7.083333333333333,5.083333333333333
reflection_01020,reflection,具體發生什麼事:有一位病人因為插管的時間快要兩週了，和家屬討論要不要做氣切，家屬一直沒辦法決定說等遇到再看看，最後在老師的溝通解釋下終於願意一起討論這個問題，之前病患有提過不願意插管，當初認為拼一次看看所以才有插管上去，因此由此推測病患可能也不想要做氣切來維持呼吸，雖然家屬也知道這件事情，可是卻一直無法下決定，並且感覺得出來家屬是想要病患做氣切的。,3.875,4.625
text_02881,text,探險公司今天表示，世界最高峰聖母峰昨天好天氣，登山客大排長龍等著攻頂，山頂塞車造成風險增加，兩名登山客不幸喪生。,2.625,4.222
text_00834,text,地理位置極好，去會展中心很方便，不必太擔心堵車。,6.333,5.286
text_01835,text,聽完黨團幹部的說明，馬表示，不論哪種獎金，「都要與改革結合在一起，更是改革的一部分！,5.444,5.25
reflection_01137,reflection,類似的病人之前也在普通病房遇過，病人腦部Cryptcoccus感染，也是失去意識戴氧氣面罩，但沒有立即死亡，家屬連抗生素都拒絕使用，病人仍然此狀態堅持了一個禮拜多，覺得對於這類在模糊地帶的病人似乎沒有比較好的方式達到他們想要的，只能在旁邊看著自己的親人受苦。,3.625,6.1
text_01731,text,習近平強調中國取得舉世矚目成就，可自豪但不自滿，「絕不能躺在過去的功勞簿上。,6.0,4.857
text_00441,text,和泰今年EPS應該超過13元,5.75,5.556
sentence_01204,sentence,恭喜你出道1000天了,7.0,6.333
reflection_01912,reflection,你的感受為何（使用情緒詞彙）我覺得很難過，畢竟血液相關的疾病大多不是後天生活可控制的，而且陳先生有過 P E 的病史，其實這次 DVT 更加顯示他可能必須服藥很久甚至一輩子，更要一職抱著可能復發的風險，這對他會是很大的壓力,3.0,4.75
text_02922,text,英媒週一報道，美國未有向加國透露孟晚舟案的計劃，加上華府對加拿大要求協助改善中加關係態度模稜兩可，結果令到加拿大忍無可忍，甚至可能暫停和美國的主要合作。,3.556,3.714
reflection_00220,reflection,"描述事件這是位65歲男性,本身有recurrentsupraglotticcancer(rcT4b3bM1,stageIVc)的病史,於2018年初次診斷,在去年年底曾經因腫瘤壓迫氣管造成respiratoryfailure而進行氣切,也因為進食問題而進行了feedingjejunostomy。",4.625,2.6
sentence_00689,sentence,而且同步時不夠精確,4.0,3.4
text_01844,text,對於辨別這個團體遊很大的幫助。,5.375,3.556
edu2021_00861,edu2021,我覺得老師教的蠻普通的，沒甚麼特別,3.833333333333333,2.75
edu2021_01472,edu2021,今天的上課速度非常的快，課業也很重,2.0,5.142857142857143
edu2021_01595,edu2021,上完了這次的課程以後，讓我又更加了解了一點，真的是收獲良多啊,7.071428571428571,4.166666666666667
reflection_02200,reflection,個個數據、影像都告訴我們已經造成不可逆的傷害，希望能更理性的做出決定，而不是單單期待奇蹟的出現，反而讓病人承受更多不必要的傷害。,4.25,3.9
reflection_01978,reflection,“不喜歡麻煩別人”，現在得有醫護團隊、機械24小時不停運轉才能活下去，這般身不由己的姿態，我想王婆婆才是最難接受的人之一吧。,3.2,3.9
sentence_00649,sentence,還不快慎重的道歉,4.0,7.0
sentence_02193,sentence,會阻塞車輛通道,4.4,4.25
text_01594,text,迴應民意，上週一在一○二年度中央政府總預算協商時達成協議，油電糖水等四家國營事業一百年度經營績效獎金，不得超過一．二個月；一○一年度起，國營事業有盈餘者，始得發放績效獎金，但金額也不得超過一．二個月。,5.111,4.25
reflection_01888,reflection,雖然他們的說話方式都客客氣氣的，也對老師的病情解釋不住的點頭同意，還有拜託和感謝老師的救治，但是老師說到多重器官衰竭這個話題的時候，雖然家屬在點頭，但我感覺沒有對於阿公的病情建立起一個認知，雖然他們說他們懂了可以理解，但是那個反應給我的感受是沒有聽進去，因為家屬還是處在對於自己照護懷疑的階段，還在接受阿公生病這件事情，更遑論要放手。,3.75,4.8
text_02787,text,全瓷復形物成為假牙主流現代人對於牙齒美觀的要求越來越高，臨床上牙齒缺損的復形材料選擇，除了考量牙齒缺損狀況、所需強度大小外，也都會注意美觀上需求。,6.0,2.875
sentence_00086,sentence,如果你還如此平靜,5.0,2.75
text_00787,text,非常安靜，房間窗外就是山林，空氣很清新。,7.25,3.286
reflection_02253,reflection,但是到後來她也很堅強說她不要她爸爸受苦了，如果大概是好不了了她們就帶他回家。,3.625,4.5
reflection_00872,reflection,"若持續找不到該病患的資料並連絡上可以進行醫療決策的人,甚至必須考慮由醫院的倫理委員會決議是否撤除維生醫療。",4.375,2.75
sentence_02008,sentence,六七月份或蔓延至華北啃玉米,4.333,5.0
reflection_01451,reflection,此外或 許我們可以說數據會說話、反映出了真實；經過這個事件之後，我想他反映的只是部份的真實。,4.625,3.5
edu2021_00746,edu2021,真的是講好快喔，蠻出乎意料的就已經結束了,4.0,6.416666666666667
sentence_00228,sentence,我沒有讓新的生命來受苦,6.5,4.5
edu2021_01045,edu2021,要把今天老師講的學好並不困難,5.583333333333333,3.357142857142857
edu2021_00697,edu2021,我覺得學了不少東西,6.166666666666667,3.5
reflection_02334,reflection,我希望未來在遇到末期考慮移除維生處置的病患時，能在理智的判斷病情之後，根據病患的家庭狀況和家屬的性格給予不同的病情解釋方式，妥善的安撫生者的情緒，來幫助他們能盡快走出傷痛。,5.3,4.2
text_00339,text,大家的建議與分享的結論看起來沒啥問題，我想問題的解決因該不會有問題，或遺症。,5.286,3.556
text_02862,text,我們可以在自己的業務中看到Google廣告的效果有多好，而我們只是坐在那裡吮著大拇指，所以我們感到羞愧。,3.556,5.5
reflection_02371,reflection,即便我們心裡知道，這些檢查多半無法明確告訴我們是何處的病灶造成了意識不清，更殘酷的是，就算知道了，似乎以現今的醫學也力有未逮。,3.75,3.125
text_01691,text,民進黨前主席蔡英文上週在媒體投書「寫給2013的臺灣」，然而筆鋒流露老練的民粹修辭，委實令人擔憂。,3.0,4.625
text_01927,text,政府秉持人飢己飢、人溺己溺精神，並感念美國政府在臺灣遭受莫拉克風災侵襲時積極協助救災，捐贈130萬美元（約新臺幣3750萬元）救濟賑災。,6.667,5.143
reflection_02392,reflection,我很佩服阿姨的家人能夠接受他的病況並貫徹不插管與急救的醫囑，然而年輕如我，我更大的體悟就是善終不能賭在別人身上，而是個自己必須爭取的人權，DNR與維生醫療包含的範圍很廣泛，而且生命很無常，很感謝在MICU這段時間有機會了解DNR的內容，並且有探討自己對於臨終照護價值觀的機會。,5.875,5.2
text_02361,text,這些年來，網路上可取得資訊的數量和格式已經有了劇烈的改變，不論是影像、影音內容的大幅成長，或是增添了更多可透過擴增實境模式檢視的3D物件。,6.0,4.556
text_02062,text,因為以往IKEA的店面都比較偏遠，而現在主力年輕消費客群進入大城市，不太常開車，習慣在網上購物，雖然現在年輕人還是喜歡IKEA，但他們不想開車。,4.889,3.667
reflection_01797,reflection,3. 反思:當時病患發生二次ARDS後，很多器官都開始衰竭，呼吸器、血液透析、多線升壓劑也提供了，但病情還是沒有變化。,3.25,3.75
reflection_00191,reflection,"阿伯的病情並不穩定,張維安醫師請所有家屬到現場詳細說明阿伯的病況,經種種跡象評估洗腎對於病情的改善並沒有幫助,甚至會導致阿伯四肢水腫。",3.375,5.5
reflection_00314,reflection,在病人又拒絕放NG這樣的情景下，應該確認病人真正的想法，到底是因為疼痛不適，還是沒有很想繼續接受治療，本身的肝癌已經轉移到肺部，病人一定可以感覺到身體越來越差，有時感覺病人好像有點半放棄狀態，任由我們做任何處置，後來要做什麼都說好，還是因為很相信醫療團隊這我無從得知。,4.0,4.875
text_00402,text,altis的天窗似乎問題不少，甚至有網友回報會漏水，所以我和樓主相反，當初就是不想要天窗，所以才選E款而不是G款至於16吋鋁圈，建議直接先換上16吋，原來的15吋再便宜賣掉就好不過16吋鋁圈只是好看並稍微增一點穩定性卻換來較高的音噪、較不舒適的乘坐感，也比較耗油所以，建議先仔細想想再做決定好些,4.0,4.375
sentence_00464,sentence,保羅與火箭助教駁斥報導,3.5,6.0
reflection_00782,reflection,在仔細聽完老師與他母親之間的對話後，我發現過程中老師並沒加入太多的主觀意見，只是簡單講解目前的治療計畫及目標，以及向媽媽確認最終的想法，並且表示都會尊重其所做的決定。,4.75,3.333333333333333
text_01837,text,藍委推動補貼政策制度化對於國營事業員工反彈，指經營績效受政策性因素影響，有盈餘才能發績效獎金是不公平的；王金平說，國營事業盈餘計算是否包含政策負擔之虧損，立法院協商處理預算無法規範太詳細，只能規範最高可以領多少，這部分未來可以再研究。,4.444,3.167
text_02836,text,布拉德在香港表示，聯儲局需要謹慎行事，以維持美國經濟增長，貨幣政策任何調整都將是針對經濟資料作出回應，而不是利率正常化的延續，又預計政策評估不會出現根本變化。,5.143,4.0
text_02708,text,桃園市一名雷姓高職生，14日與女性友人合拍影片，卻在影片中將小貓高高舉起狂甩，嚇得小貓不停發出哀號聲。,2.143,5.0
sentence_00182,sentence,坦誠地與美方交換意見,6.4,3.75
text_00446,text,不會吧!!!我也是讀清華高中耶!更巧的是我也是高榮線我都是坐這台好幾百萬的車上下課喔哈哈哈車子很新，司機態度很好喔!是妳爸爸喔，重點是坐起來好舒服喔...每次要上課一上車挑好自己想要的位子，舒服的坐著。,7.333,6.571
sentence_02256,sentence,被角鬥士靈巧擋下來,5.0,4.5
text_02644,text,Facebook表示，能吸引使用者重複觀看的視訊會有更高的優先順序，同時觀眾會乖乖觀看最少一分鐘，甚至3分鐘的話，更會有更高的權重。,5.25,3.556
text_02104,text,無論在生活中或是職場上手推車都是不可缺少的，這裡很聰明的把電動平衡車加上傳統手推車，這下子人、車和貨一起送，真是簡潔的搬運方式。,6.5,3.5
edu2021_00679,edu2021,今天提早下課，真的超級開心的,7.833333333333333,8.071428571428571
text_00130,text,不停的抱怨，這真是悲哀。,3.111,4.286
edu2021_01494,edu2021,希望老師能不要咄咄逼人，因為教的內容已經很難理解了,1.5,6.833333333333333
sentence_02432,sentence,態度不是像川普直嗆文雅些,6.0,6.0
text_00663,text,他們的服務態度不錯，這點值得表揚.,6.889,5.5
edu2021_01161,edu2021,上禮拜沒讀書，今天去上課就完全忘記之前教的了,3.416666666666667,4.285714285714286
reflection_02520,reflection,一直到那個當下我才理解到醫師應該做的也許是透過更簡單淺白的流程圖來溝通決策，提供我們專業的知識供家屬參考，,5.0,2.8
edu2021_01545,edu2021,今天上的部分，覺得滿有趣的，如果可以每一節課都這樣，應該會比較不會常常想睡覺,6.75,5.5
reflection_00774,reflection,"治療期間除了控制肺炎,也不斷下調呼吸器的設定,朝著脫離呼吸器前進,但因為前進的很緩慢,治療14天仍無法達到脫離呼吸器的標準,因此醫師開始嘗試和兩位女兒提議氣切,但女兒們看起來非常猶豫,後面幾天的探視遲遲無法做決定。",3.5,3.75
sentence_01886,sentence,可是偶爾也會有兩個彼此熱戀而同時又彼此被熱戀的情況,5.5,5.0
reflection_01794,reflection,所以，在這種情況下，或許放手可能是一個不得已的雙贏選擇。,5.875,3.25
sentence_00420,sentence,豐富了我的記憶,7.333,5.333
sentence_00966,sentence,基督徒的名聲會讓你這種牲人敗壞的,3.0,8.0
edu2021_01309,edu2021,雖然我們目前只會些許，但我相信以後這些我都能夠運用,6.416666666666667,4.142857142857143
reflection_00855,reflection,"得知家屬一直認為病人是心臟的問題造成的INCA,但與醫療團隊當下已排除的病因有所出入,為了不讓家屬有所誤會,醫療團隊必須好好地跟家屬解釋比較可能的病因及比較不可能的病因有哪些。",4.25,3.9
text_01524,text,對此，小兒科黃瑽寧醫師表示，這種現象應該只會出現在男孩子身上，女孩子比較少。,5.111,4.125
text_00938,text,1、本商品最值得一提的就是性價比，hp的品牌，P8600的CPU，這就已經足夠了。,6.333,4.5
text_02310,text,近日，滴滴出行APP內出現特惠拼車功能；4月15日，滴滴順風車事業部總經理張瑞通釋出公開信，列舉了半年以來，滴滴順風車在安全事情上做的若干措施。,5.556,2.444
text_00263,text,看到兒子高興，我也很開心。,6.25,5.5
edu2021_00474,edu2021,光看上課的投影片有點跟不上老師,3.75,5.25
edu2021_00760,edu2021,今天上課有一段聽得比較不清楚，但是上課內容都很好,6.0,4.333333333333333
reflection_01146,reflection,你可以怎麼做: 從這個病患的案例我的體悟是，每個人都應該未雨綢繆，在身體尚且健康的時候自己思考且不要忌諱與家人討論，若遇到較為危及的狀況，想要接受怎麼樣的處置，充分討論後的結論便是病患本人的意志，其家人也應尊重並協助在需要時正確表達。,6.0,3.4
reflection_01695,reflection,我也感不悅，我覺得他沒有尊重學長姐，並且他的行為已經造成學長姐的困擾，也影響到醫護人員的心情。,3.6,6.0
reflection_01402,reflection,經過有法律背景的朋友再三勸說後他才願意報案，然而此時已經超過高醫保留檢體的期限了……。,3.875,4.2
sentence_02527,sentence,日久生情百年難遇,6.0,6.0
sentence_02480,sentence,無論既遂或未遂,4.333,4.333
sentence_00547,sentence,研究人員的性別可能影響實驗鼠的疼痛反應,5.0,3.75
reflection_00954,reflection,可以怎麽做嘗試理解家屬的心態醫師的角度往往會考量的是治療的效果好不好、病人的預後及存活率好不好，但除了這些之外，病人和家屬很常在意的點是生活品質，這也是為什麼很多大腸直腸癌的病人拒絕做人工肛門，因為造成生活上的不便。,4.0,2.625
text_02233,text,華為也將在遵守適用的法律法規基礎上，一如既往地積極參與到相關標準與產業組織中，通過不懈貢獻，與客戶和夥伴一起，構建良性健康、公平開放、可持續發展的產業生態。,5.875,2.875
reflection_01397,reflection,這兩個禮拜在大同MICU看了許多病人，其中我所接的第一位Primary care也是後續心得報告所討論的case是最令人印象深刻的，這位病人最一開始是因為ruptured appendicitis造成嚴重的sepsis，而在當下因為開刀醫師評估病人風險高，建議先採取保守治療打antibiotic加上引流的方式進行處理，後續因為病人abscess的範圍較大，無法引流乾淨，打的antibiotic要能滲透到abscess內也是一個很大的問號，雖然後續病人在轉出ICU的時候狀況逐漸穩定，病人conscious也有逐漸恢復，但後續轉到感染內科之後一週的時間病人狀況急速惡化，最後也是expired了。,3.125,4.5
text_02613,text,令人欣喜的是，中國民營商業航太公司的迅速崛起，讓國家隊不再形單影隻，這些商業航太公司正在向全產業鏈、全場景突圍和趕超。,6.333,4.444
reflection_02399,reflection,如果真的為了愛她所以才不給她任何藥物，希望她早日脫離病痛，但其實這些藥不正是為了緩解阿嬤目前的病痛才給的麼？,4.25,5.875
text_01971,text,中油、臺電、臺糖、臺水回溯自一○○年度便不得編列超過一．二個月的績效獎金；此決議引發國營事業工會的強烈不滿。,3.556,5.75
text_02418,text,這種首圖怎麼放都好像會得罪到粉絲的主題，只好犧牲一下如夢近期特別寵愛的平野??惹～反正這孩子的人氣也確實高到兩個排行榜都擠進前10囉。,5.857,3.286
sentence_00536,sentence,每次見面還是很新鮮呢,6.5,6.0
sentence_02566,sentence,而且不受防火牆阻隔,5.75,5.25
sentence_01505,sentence,土城四姨丈的手藝,5.0,2.8
sentence_01227,sentence,我是百分百的深有同感,6.0,7.0
edu2021_01470,edu2021,後半部有些還是搞不清楚，不過整體算是大致了解,4.666666666666667,3.285714285714286
text_00299,text,我比較擔心的是重機那天不會打滑失控迎頭撞上你至於一般小汽車路上開的有九成以上沒有循跡系統吧舊車不會有新車要高階車款才有)你真的天天在想在你四周那些國產車那天不會打滑失控迎頭撞上你嗎?,3.667,5.625
edu2021_01221,edu2021,上的有點太快，沒有很熟悉，因此覺得上起來更吃力些,2.916666666666667,4.25
sentence_01054,sentence,不必因缺錢而被驅逐,7.0,5.333
text_01219,text,避免打草驚蛇，義工們連續兩次上門假裝向吳嫌買狗肉，取得吳嫌信任；義工昨天下午再度喬裝顧客上門，以每臺斤一百六十元購買十臺斤，交易過程全被義工側錄下來，另一組義工會同警方、雲林縣家畜疾病防治所趕到現場，當場人贓俱獲，吳嫌只好坦承屠狗。,3.889,5.0
sentence_02096,sentence,紀念我軍英烈保家衛國英勇抗暴捐軀啊,6.5,6.5
reflection_00384,reflection,理解最終的決定權在他們身上的道理。,4.75,2.6
edu2021_00442,edu2021,教了很多東西，但希望可以聽到更多生活化的例子，增加印象,6.166666666666667,4.25
text_00281,text,哈哈這跟這主題有關嗎?,4.25,5.333
reflection_00305,reflection,病患的妻子更進一步表示，她想要去接受看護的訓練，當先生轉到一般病房時，她才有能力、才有足夠的專業去照顧他。,5.875,4.8
sentence_00845,sentence,非洲豬瘟病毒流入本港令市民人心惶惶,3.0,6.0
reflection_00435,reflection,另外，雖然決策是醫病共享，但醫療方適時提出建議是非常重要，因為家屬沒有醫療背景，可能會陷於道德倫理而不敢終止積極治療，要告知他們停止積極治療並不是放棄病人，反而會讓病人臨終時走得舒適。,4.5,2.25
edu2021_00461,edu2021,今天上課教室內的氣氛過於沉悶，學生的注意力到第二節課時已經消磨光了,2.166666666666667,3.166666666666667
text_01055,text,員警頭部有些許挫傷，將曾某依妨害公務逮捕移送。,3.889,3.857
sentence_01974,sentence,可是爹他傷心欲絕,2.667,7.0
sentence_01064,sentence,他們試圖將狹隘的,5.667,3.25
reflection_02499,reflection,我覺得在加護病房這種重症單位，照顧病人上跟一般病房有很大的不同，不只是病情相對複雜許多，病人大部分都意識不太清醒或穩定，要評估病人的狀況也比較困難些。,4.625,2.75
text_01863,text,有鑑於此，示範區內將放寬國內市場投資限制，配合土地、勞力與租稅的法規調適，以吸引投資、增加產值、創造就業並接軌國際。,6.0,3.875
edu2021_00755,edu2021,喜歡老師上課的方式，覺得開發這些東西的人真的很厲害,7.0,5.642857142857143
edu2021_00661,edu2021,發現邏輯都一樣，感到非常神奇,6.75,7.75
reflection_01306,reflection,而就醫療端，一天多兩次灌藥，除了改變原本會客時間規定我們對藥物的成分不清楚，灌藥後病情變化、急救可能甚至結束生命，都是風險與賭注。,4.25,3.75
edu2021_00571,edu2021,上課方式就像是照本宣科一般，讓我提不起勁學習,2.5,4.285714285714286
sentence_01498,sentence,是不是因為生育率持續低迷,4.0,4.75
sentence_01842,sentence,為什麼這一切的一切都徒勞無功,2.0,7.5
sentence_01071,sentence,說彭暴露了共畜主力,4.667,2.667
text_00985,text,鍵盤很好用，按鍵挺舒服的，但是空格鍵有點異樣的聲音3.,5.111,3.286
reflection_01914,reflection,外人常常只注意到結果，卻不知道搶救過程當中發生了多少驚心動魄的波折；在現今的社會裡患者及家屬的理解與體諒，才是對醫療人員工作最大的支持與安慰。,4.0,4.9
text_01652,text,他說，然而馬英九當年提出「六三三」，也勝選贏得總統，代表人民對他所拋出經濟成長的政策有很高的期待，所以如今纔有這麼大的失望。,2.889,5.778
text_00864,text,刪掉預裝系統後纔好安裝XP,5.111,1.286
reflection_00584,reflection,當下我的感受 病人目前插管治療，有進行約束，感受一定極為不舒服。,3.2,6.9
edu2021_00642,edu2021,這一章還蠻好懂的,6.25,4.333333333333333
text_01445,text,身分證明文件來臺，王鬱琦才承諾要「一週內」研議抵制辦法。,4.0,4.0
text_01158,text,2012年夢幻十隊，讓電玩迷讚不絕口。,6.444,5.667
text_01491,text,金錢與擊殺數都難分軒輊，直到一次會戰中，「臺北暗殺星」漂亮地連續擊殺對手，又重新掌握比賽節奏，最終以三比一贏得勝利。,6.857,5.286
sentence_00636,sentence,保證能吃的都吃膩了,4.0,4.2
reflection_02394,reflection,從每天的交班與會客對話中，稍微了解阿姨好像先前已和兒女討論過不急救不插管，阿姨的兒女們感覺也是孝順的，會客時間幾乎都會出現，甚至連遠在美國的大女兒也試著趕回來見最後一面，看著他們互動，雖然阿姨也是嚶嚶噎噎的哭著，我不禁想到其他床那些插著管子、眼神呆滯看著天花板的病人，赫然覺得阿姨離世前還能奮力揮灑他那最後一點生命力對兒女們表達情緒，這樣對當下的雙方而言是多麼寶貴的體驗。,7.0,5.8
sentence_01183,sentence,他為中國民主奮鬥了一生,7.0,5.0
text_01232,text,未成年懷孕學生身邊的大人，剛開始聽到這樣的消息，難免震驚，但當孩子願意跟我們說，代表的是孩子信任我們，此時真的需要我們的幫助。,6.0,4.75
sentence_01123,sentence,即使是責備勸勉,4.5,6.0
sentence_00542,sentence,那是我第一次跟他單獨會面的地方,5.0,3.333
text_01476,text,臺灣遊戲選手再度揚威海外，遊戲業者表示，臺灣遊戲人才豐沛，但社會對遊戲業的負面觀感，讓電競產業發展受限，希望政府帶頭正名並給予協助，幫助電競產業與國際接軌。,6.444,5.714
sentence_00006,sentence,歷史上我還真找不到有那一位成功者是每天開會,4.0,4.0
sentence_01392,sentence,更難堪的就是像馬前症腐的2009,4.0,4.0
edu2021_00406,edu2021,課本的圖片中畫圖解釋的很清楚，所以理解蠻多的,7.214285714285714,5.916666666666667
reflection_00996,reflection,但站在家屬的角度，又何嘗不希望能跟自己親愛的家人有多一點時間相處呢，雖然不是發生在我身上，但可以同理家屬的捨不得，那種愛的人離開了的感覺，我想大概跟失戀一樣痛苦吧，或是更痛徹心扉。,3.2,5.4
sentence_02396,sentence,她傳統文化的造詣,6.0,5.333
reflection_01687,reflection,於是，我抱著既興奮又忐忑的心，和學長推著治療車到病床旁。,5.1,6.5
text_01614,text,美國人也並非沒有意識到中國保衛領土完整的決心，事實上，此次美國航母進入釣魚臺附近海域除了震懾中國外,4.778,5.667
reflection_00452,reflection,家屬一直抱持著積極的態度，因此希望開始化療，但不幸的是，病人在診斷確定到計畫化療的短短一個月中，發生兩次呼吸困難到急診求助，也確診covid 19。,3.4,2.25
text_01938,text,國家副主席習近平15日在北京看望了柬埔寨太后莫尼列，對柬埔寨太皇施亞努逝世表示哀悼和慰問。,3.889,3.429
reflection_01125,reflection,大原則即是換為思考以及同理心的應對，在這樣正向的心態之下，雖然很多事情沒辦法完美的獲得全方面的解決，但是終究可以提出適當的解決方案，促使整體醫療工作順利進行。,6.125,3.9
sentence_01687,sentence,而且一直很陰沉,3.0,6.0
reflection_00852,reflection,"但站在病人或家屬的角度思考,若本身沒有醫療背景及相關的知識,會產生這方面的聯想好像也頗為合理。",5.0,1.75
reflection_00957,reflection,我想當下如果還可以多做什麼的話，或許可以嘗試了解婆婆兒子的想法。,5.25,3.125
reflection_00536,reflection,綜合來說，是一種很矛盾的感受。,4.375,2.7
sentence_00907,sentence,表示憂慮及關注,6.0,7.0
sentence_01623,sentence,我們憶起了那些我們忘卻的艱辛,5.667,4.0
reflection_00679,reflection,有一次去看這位病患，在幫她做理學檢查時，她不斷地以顫抖的手去拍打床邊的護欄，並要求將護欄放下想要用腳踩踏地板，在拒絕她的要求之後病患仍不斷要求，並以虛弱的手試圖去壓欄杆。,3.3,5.875
reflection_02486,reflection,在準備的空擋，學長們也不吝於分享經驗，「在早先時候，面對十字路口的家屬有八成會選擇繼續救治；現在因安寧善終觀念，選擇氣切的家屬只剩兩三成了，像他就是這個月的第一台…」,4.375,2.875
text_02490,text,被英國首相文翠珊辭退的前國防大臣韋廉信，再次否認洩露國家安全委員會會議的機密資料，指自己是受到政治迫害。,3.5,5.5
sentence_02053,sentence,如何履行主權在民的政治方略,5.0,3.0
text_00910,text,而且在節能上做的不錯，能夠自動調節頻率和速度，不開遊戲瀏覽網頁的時候，功耗降低的很明顯。,6.125,4.625
sentence_01941,sentence,國民黨徹底淪落為政治娼妓了,2.5,5.25
sentence_01999,sentence,她覺得我們出去會沒話聊的婉拒了,4.667,4.667
sentence_02144,sentence,凝聚成妳我的餘生,6.333,4.0
edu2021_01568,edu2021,又要寫報告好煩喔，但其實我心裡覺得這些對我以後還滿有用的,4.833333333333333,7.25
text_02650,text,日前一名阮姓老翁慌慌張張地走進萬華分局漢中街派出所，稱其中午前往郵局刷存摺後，便忘記與老婆約定會合的地點，希望警方給予協助。,4.1,4.333
text_02486,text,這最終成為了一個名為騰訊微信的創新與敏捷的商業案例，正式進入倫敦商學院戰略與創新課程，在本週第一次上課。,6.0,4.625
text_02752,text,蘇丹掌權的過渡軍事委員會3日動用武力，驅散在喀土木軍事總部外靜坐抗議長達數週的群眾以來，蘇丹醫生中央委員會先前統計，血腥鎮壓造成40人喪命。,2.0,6.75
edu2021_01034,edu2021,感覺難以理解,2.583333333333333,4.416666666666667
text_01590,text,反映國家經濟困境、迴應社會民意和改革聲浪，必須要做出的決定。,5.375,4.375
edu2021_00063,edu2021,明天就要考試了，希望能及格,4.75,4.916666666666667
reflection_01430,reflection,黃先生是文雄醫院RCW住民，潛在疾病有呼吸衰竭已做氣切、洗腎、末期肺癌。,3.25,2.875
sentence_00994,sentence,我跟弟弟很生氣,3.0,7.5
sentence_00523,sentence,換了你和他處於當年的白色恐怖之中,3.333,6.0
sentence_01179,sentence,虔誠無比的禱告無限,6.667,2.333
text_02798,text,OpenTelemetry成立的目的，是要為原生雲端應用程式，提供強健可移植的遙測功能，作為OpenCensus和OpenTracing兩專案的替代方案。,5.875,3.125
text_00701,text,酒店的泳池還不如比它小的酒店漂亮。,3.6,3.833
sentence_01291,sentence,虐童案引全臺公憤,2.5,7.5
text_00492,text,發泡體吃的下的衝擊非得直接讓硬質白鐵保桿傳去給車架硬吃傷到車架這樣裝外掛就沒意義了，所以一切都看原始設計...,4.556,4.75
text_00984,text,顯示屏沒有壞點、沒有亮點，在京東買的2檯筆記本都是完美螢幕哦.,6.857,4.429
reflection_00078,reflection,"因為SCC的治療有限,所以家屬希望可以有健保給付的免疫治療,但是病理報告出來PDL-1的比例只有2%,沒有符合健保規定的>50%",3.25,1.75
text_01681,text,幾乎所有的調查都看衰藍營的縣市長，據說國民黨已打算推出「形象改善計畫」。,4.556,3.667
text_00092,text,有些東西做出來“實用性”還挺強，像太陽帽，剛好能戴在兒子頭上，拖鞋，他也剛好能“穿”，兒子自己還說吶“大小正合適”，呵呵。,6.0,5.625
reflection_01417,reflection,有聽前輩分享過，對於醫療不信任者，就算我們都沒有疏失，他們還是會不滿，還是有可能提告。,4.0,4.1
sentence_01892,sentence,她搖搖頭坦率的說,5.333,3.333
reflection_00509,reflection,2.我的感受: 我感到很不捨<S>、<S>很震驚、很難過，一個正值壯年的人卻突然間就要離世，也感受到醫療的有限。,2.0,6.5
sentence_01937,sentence,依我說斷絕與中國,4.0,6.0
sentence_00857,sentence,但是數量多這一點你必須承認,5.0,5.25
edu2021_00859,edu2021,若在課堂上有實際使用板書推演說明會更清楚,5.0,3.166666666666667
sentence_02318,sentence,均勻度的火箭飛機都能造,6.4,5.25
reflection_00699,reflection,我們因而懷疑他的心包膜積液可能為結核相關（事後pus的acid-fast stain結果也確實為2＋）。,4.625,1.875
sentence_00335,sentence,吉他喝多了在狂笑,6.667,6.75
reflection_00192,reflection,"一開始家屬們認為要插管及洗腎,雖然不願阿伯這麼痛苦,但仍抱持著希望奇蹟發生的期待。",3.2,5.5
text_01469,text,最關心就是經濟，他要向大家報告，衰退了1年的世界經濟，已經慢慢露出復甦曙光，臺灣景氣也從去年第4季開始緩緩好轉。,6.6,5.714
edu2021_00111,edu2021,對這門課頗感興趣，如果有實際操作的活動的話，我一定會去旁聽,5.916666666666667,4.75
edu2021_00032,edu2021,之前有讀過一些，學到了不少,6.0,5.0
sentence_01968,sentence,無家可歸併不單指需要一個棲身之所,4.75,4.2
text_00074,text,現在人們的生活壓力很大，在很多時候自身的健康問題往往都被忽視了，特別是男性朋友，所以日常生活中多瞭解一些與健康和保健相關的知識還是必要的。,5.5,4.0
text_01273,text,高人氣與好口碑，入圍最佳智慧型手機，將與一季內銷售超過2000萬支的蘋果iPhone5、超過百萬支銷售量的諾基亞Lumia920，以及去年累積銷售量超過3000萬支三星GalaxyS3、超過500萬支的Note2，共同角逐此一大獎。,6.0,6.333
text_00809,text,的聲音，經過仔細觀察，是底殼和板子邊緣產生的，稍微處理一下接觸部位解決。,5.125,4.125
reflection_02308,reflection,從這裡可以發現每個家屬的的反應/做法都不同，有的家屬表現得很被動，從不決定病人是否拔管及拔管後要不要重新插回，所以有時候，身為醫師的我們在評估完告知家屬後可以幫病人先拔管，因為如果錯過最好的時機病人以後就沒辦法拔關管了，所以及早拔管對病人來說是件好事情；相反地，有的家屬很主動地表示說如果病人拔管後沒辦法存活那就讓他順氣自然地離開，畢竟有些病人的年紀也很大了，function也不好，所以讓他好好地離開可能是對他最好的一件事情。,4.5,5.125
text_02826,text,沒有了車水馬龍的吵雜，烏煙瘴氣的汽油煙，這5家隱身在臺灣的森林系咖啡廳，不僅餐點兼具視覺與味蕾的衝擊，綠叢環繞幽靜舒適的環境氛圍，讓人彷彿置身小清邁！,6.0,2.875
reflection_00809,reflection,你的反應為何：當下在先入為主的情緒下，應答的態度也比較隨意不慎重，措辭方面也多是社交上的禮貌之詞，對病患的煩惱並沒有站在同理心的角度思考，也沒有提出解決方案；往後每天探視病人的時間也越發越短。,4.0,4.125
reflection_02342,reflection,之後，等我有空的時候，我便回到討論事搜尋了一下這種現象，發現這種事情在加護病房並不少見，而且屢屢會造成病房醫師及護理師的困擾，但也有人深入去探討這種現象或這類人其背後的心理因素，而最後的結論不外乎是自責、愧疚於平時疏於照顧，抑或者是想要表現出自己又奉獻出一份心力的樣子。,3.5,5.3
sentence_02158,sentence,有?長者真係老馮得過份,3.5,6.333
edu2021_00191,edu2021,上課很有趣，收穫很多，讚讚，多多充實自己,7.333333333333333,4.75
sentence_00557,sentence,但在無形中其實大家都看得出來,5.0,4.667
sentence_01315,sentence,與那些寫快餐網文出名的所謂少年作家相比,4.0,7.0
reflection_01141,reflection,因此我覺得在倡導病患自主時，也應讓病患清楚理解自己的選擇，而這需要有充分的時間了解、思考。,5.5,2.75
text_00264,text,常常覺得聰明和智慧相比，我更喜歡智慧。,5.375,3.833
reflection_02422,reflection,Now what:但其實後來想想，不耐煩的情緒或語氣是沒辦法解決事情的，反而應該去了解家屬擔心的點在哪裡，用他能理解的方式去解決他的疑慮，這樣才能真正有效率的解決問題，當她的疑惑消失，也不會花那麼多時間每次問一樣的問題~,5.25,3.375
reflection_00722,reflection,雖然能理解媳婦的想法，畢竟經濟上面有困難，但如果這種方法是建立在他人的痛苦之上，我認為這種方法是很不道德的，況且病人本身也無法幫自己做選擇，所以這種作為我是很不認同的。,3.875,3.25
edu2021_01114,edu2021,今天的課程讓人有種比較緊湊的感覺，要看課本複習了,4.428571428571429,4.833333333333333
reflection_02365,reflection,許多疾病都有專家共識形成的診斷/治療的Guideline，但是否越接近疾病(或是生命?)末期，越缺少一致的標準？,4.3,2.5
edu2021_00012,edu2021,上課很生動而且可以學到很多知識,7.428571428571429,3.333333333333333
sentence_01180,sentence,不瞭解他的性情,4.0,3.667
reflection_01712,reflection,也讓其他家屬能諒解並共同完成媽媽的心願。,5.875,3.625
text_02848,text,當貨船其後停泊在屯門內河碼頭以東海面時，有船員發現船上一名姓邱男工人不知所終，遍尋不獲，懷疑他墮海，慌忙報警求助。,2.5,5.667
sentence_00720,sentence,但我還是接受不了他的土方,3.333,6.0
text_00644,text,酒店大堂環境不錯358的房價還是物有所值，辦理入住很快很順利，讓我心情級差的是前臺結帳時服務員的傲慢和冷漠態度讓人不敢恭維！,3.0,6.5
text_00829,text,近期的商務間升級推廣活動受到了很多客人的一致好評，這是對新房間的認可，也是對我們房間進一步優化的良好幫助資源！,6.556,5.667
text_00859,text,總體感覺很好，建議不進行大型遊戲和影響編輯的購買。,5.667,3.75
sentence_01069,sentence,是她的花招變更花俏,5.5,5.333
sentence_00561,sentence,平田博士說現在確實有問題,3.6,3.5
edu2021_00998,edu2021,今天上完課，覺得好辛苦,3.083333333333333,4.833333333333333
sentence_00527,sentence,國有化本身就已經拋棄了經濟發展,4.25,5.5
sentence_00290,sentence,另一方面也看到在中共統治下中國人民的愚昧無知,3.4,5.2
text_02709,text,喬媽生前長達7年時間看不到女兒一面，因此在臉書開設專頁，一字一句寫下思念女兒的心情，如今她的學生也在網路上曝光喬媽的真實模樣，讓不少人紅了眼眶。,3.889,4.333
text_00887,text,友達LED屏，獨顯，滿意，到手是完美屏，不錯,6.778,5.0
reflection_02471,reflection,但願本次加護病房學習所獲得的知識和經驗，能應用於往後的臨床實務，並且做為往後行醫知識的基石。,6.5,4.6
text_02018,text,談錢傷感情，在日常生活中，大多數人避免談論金錢，對你來說關於金錢問題是否也抱著負面、甚至是逃避的心態？,4.0,3.286
text_02033,text,因沉迷網路造成學業荒廢、生活失序、人際障礙的孩子愈來愈多，要協助這些孩子改善也有困難，主要因為缺乏病識感，孩子不認為有改善的必要。,3.333,5.0
text_02227,text,為了緩解壓力，Intel推出了22nm的B365晶片組規格的主機板，即把H270改成支援8、9代酷睿處理器，同時支援Win7系統的使用。,5.375,3.0
sentence_02307,sentence,近視眼都能看清,5.75,5.5
edu2021_01026,edu2021,沒有參與感，所以覺得沉悶,2.5,3.928571428571428
sentence_00171,sentence,美中兩國貿易摩擦加劇,3.5,5.5
edu2021_00752,edu2021,這禮拜坐起來比較不會像上次那麼擠，上起課來也比較舒服，讓我更容易聽老師的講解,7.571428571428571,4.666666666666667
reflection_01215,reflection,再繼續治療幾天後，感染情形又獲得控制，呼吸器條件便開始下調，然而病人的病況比較棘手，除了肺炎、肺結核的問題之外，在這次入院期間做的支氣管鏡，竟發現有疑似癌症的細胞，肺部的狀況並不理想。,3.5,4.375
sentence_01896,sentence,就是那種每天疑神疑鬼的人,3.333,4.333
sentence_00850,sentence,不然倒楣的還是投資者,4.0,4.5
sentence_01956,sentence,我要去跑個步發洩一下,4.75,4.2
text_02914,text,Google今天在美國東部發生伺服器壅塞情形，對Snapchat和YouTube使用者造成問題，網友紛紛上社群媒體抱怨這些熱門應用程式無法使用。,3.667,4.75
reflection_01495,reflection,ICU的工作複雜且繁重，而且稍不留神，可能就會導致嚴重的後果，所以醫療人員常常處於緊繃的狀態，常常無暇顧及細節，此外也因為看多了生離死別，對病人的死亡習以為常，讓一般的病人或家屬誤以為麻木甚至冷血，這種誤會對於醫病關係總是有害的。,3.25,5.75
sentence_00359,sentence,而拒絕更多讓步的中國國家主席習近平表示自己會負完全責任,4.333,3.667
text_01022,text,行政院長陳沖昨天表示，軟體產業很適合東方人，可將東方的歷史文化融入軟體設計，可以比照優秀體育選手服替代役方式來研擬。,5.556,4.143
text_00473,text,大部份人用車多是在市區走走軟懸吊適合台灣爛路。,3.375,4.429
reflection_01284,reflection,面對家屬的連環提問，甚至搬出法規來質疑，我感到錯愕且無力。,3.625,4.625
reflection_01852,reflection,思考若是站在老師的角度，也許可以花更多力氣在說服對方的可能。,4.875,3.7
reflection_01504,reflection,"同理他們的情緒,強調醫療端在過去兩個禮拜内非常積極的治療,但病人的數值和器官能不見好轉是事實。",4.0,3.375
edu2021_00058,edu2021,老師用了很多很有趣的例子來教我們,6.666666666666667,4.5
edu2021_00655,edu2021,這節課是我從開學以來最認真上的一節課，我覺得我學到了不少東西,7.5,6.5
text_01773,text,第二件惡毒的事情選贏李應元其實大家都知道李應元是當砲灰但是馬英九87萬票大贏李應元48萬多票一點面子都不給太惡毒了.,3.111,6.429
sentence_00396,sentence,人生的無常與虛華,3.0,4.0
text_02176,text,而且不僅僅是系統還原，清理安裝Windows10，建立系統還原，安裝更新然後嘗試還原裝置的使用者都可能會遇到故障程式碼為0xc000021a的系統崩潰問題。,3.6,4.714
reflection_01751,reflection,我做了什麼理解病人端覺得事情的發生的時間順序是發生在打了AZ疫苗之後，所以覺得可能是疫苗導致的，而醫師端認為跟疫苗關係不大，跟病人本身的體質和underlying disease有關，所以兩方在溝通過後病人端還是沒辦法接受老師們的說辭，一直在繞圈圈，而醫護端也覺得病人和病人家屬難以溝通，而走一步算一步。,3.875,4.7
sentence_00325,sentence,考慮外賣小哥違停實際原因,5.0,2.8
sentence_02410,sentence,報喜不報憂都唔係第一次?事啦,5.5,6.5
edu2021_01033,edu2021,感覺好難喔，對很多東西都是一知半解,2.357142857142857,5.285714285714286
text_00451,text,有很多人改燈就是改亮到別人眼睛刺眼和痛也不管..那種就是沒車品的...真正會玩改車的人沒那麼笨..只顧自我感覺良好..^______^,3.222,6.125
text_01068,text,飛航安全是一項只有起點沒有終點，且必須徹底執行的工作。,5.778,3.0
text_01257,text,父親又因有心臟病史，引發吞嚥困難，甚至休克，傅家在慌亂中決定進行氣切來急救，從此，父親再也無法脫離呼吸器，且要有人照料，而醫生建議送到呼吸照護服務中心給專人照顧。,2.667,3.625
reflection_01367,reflection,因此 這時就要面臨要不要簽 DNR(Do-Not-Resuscitate)的問題，還有需不需要繼續幫他洗腎、當病人心跳停止時需不需要去做壓胸電擊等等的問題，都需要去面對。,5.125,3.5
text_00318,text,樓主我只開過一次ToyataAltis我完全無法認同其造車理念整個軟角到不行如前面有人說它是一台無趣的車對許多人來說它充其量就是一台有鐵殼的移動工具但如果這是你的人生的第一台車長輩有出錢那就乖乖的買Altis...保值好養慢慢開練練開車技術努力賺錢以後直接換更好更安全的進口車在台灣只有進口車有國外公開抽測的撞擊測試報告國產車都沒有開Altis有鐵殼包著遮風避雨至少比騎車安全多了,4.625,4.875
reflection_00811,reflection,可以怎麼做經過這件事後讓我不禁思考，如果我們可以早期廣泛的推動DNR，這樣當事情發生的時候，家屬是不是就可以不用面臨到這些後續難以決定的選擇，這樣對家屬或是病人其實都是比較好的結果，病人也不需要繼續受苦。,3.5,3.9
edu2021_00493,edu2021,老師的講解依然使人容易理解課本的內容,5.916666666666667,3.25
text_01686,text,學位的傲慢加上迷信文宣，這乃是馬政府失敗的關鍵，也是國民黨新北市、臺中市、臺北市三個天王博士長掛車尾的原因。,3.5,4.714
sentence_02065,sentence,但彎曲不是後退,6.5,6.0
text_02159,text,為了修復不亞於Wannacry的RDP服務漏洞，微軟於今天面向包括XP在內的上述系統釋出了緊急修復補丁，要求使用者儘快完成安裝。,4.667,5.25
reflection_02276,reflection,但是怎樣去判斷已經盡力，病人還很年輕，會不會有奇蹟，其實我也會擔心如果更早一點談安寧會不會真的有種類似我殺了他的感覺。,3.6,4.8
edu2021_01134,edu2021,今天聽課聽起來相當的有感覺,6.666666666666667,4.928571428571429
sentence_00115,sentence,冰火問我怎麼區分知己,5.0,4.4
text_00428,text,我在奧地利坐朋友出廠四年的賓士柴油車。距離五十公尺。還沒看到車就聽到柴油引擎聲。不知是不是歐洲賓士都比較爛。賓士車或許比較安全。但不見得好開舒適故障率低。,4.0,4.0
reflection_00268,reflection,家屬可能由於狀況來得太突然，所以一開始的態度仍然偏向積極，不過隔天由於病況並無好轉跡象，因此家屬的態度也有轉變，後續也同意簽署DNR，病患也於隔天凌晨expired。,3.4,1.875
text_02784,text,面對紛繁多樣的物種，嬌美花朵，聽著浮雲的歡唱、飛鳥的低吟、山泉的傾訴、林木的心語......不禁想到創世主的無量慈悲與智慧。,5.889,3.0
sentence_01088,sentence,其次要擯除政治文明中的黨文化的謾罵攻擊,4.0,5.25
edu2021_01079,edu2021,上課老師講得內容雖然不是很懂，但是仍然覺得獲益良多,5.7,3.5
reflection_02175,reflection,後來的一個禮拜，老師也不再那麼強硬地要老奶奶做決定，而阿公的嘴裡就持續插著管。,4.375,2.8
text_02899,text,大聯盟認為，全面禁售加熱煙產品只會令私煙問題惡化，抹煞售賣正版煙的守法基層小報販生存空間，全禁加熱煙產品亦有違香港一貫的自由商貿政策。,4.375,4.2
reflection_01187,reflection,也期許自己未來在遇上類似問題時，能夠做出適當的處理。,6.0,3.7
reflection_00741,reflection,因此，我想更重要的是，如果能提早與病患家屬更有效溝通，並且將安寧照顧的想法更早傳遞給病患家屬，讓其瞭解病人完整狀況而同意放棄積極治療。,5.125,5.125
sentence_02048,sentence,真令人心曠神怡,6.75,5.75
sentence_02539,sentence,也會來問一句都感到很窩心,7.0,4.667
reflection_01770,reflection,現場除了由整形外科醫師向家屬分析手術利弊，許醫師也針對術後可能面臨的大面積補皮進行說明，讓家屬對於患者接下來可能會受到的痛苦有所認知。,3.875,5.2
text_00977,text,動項的時候，偵測震動的那個功能不要關，那個是保護硬盤的。,5.222,4.75
sentence_01465,sentence,0後就發各種小散文宛如已奪冠,6.333,3.667
sentence_00811,sentence,是種身心舒適狀態,6.6,3.25
text_00494,text,別有一番駕駛樂趣。,6.0,5.111
text_01147,text,經濟部長施顏祥昨出席「中小企業經營問題巡迴列車」時也表示，臺灣遊戲產業已具有很高水準，政府會持續輔導動畫及遊戲行業，並協助企業開發更好軟體，進而攻佔世界市場，盼各界共同支持這項產業持續發展。,5.625,5.75
text_00794,text,我住了5天，而且從沒提過中途退房，最後攜程告訴我酒店說我只住了2天就退房了，雖然最後是解決了，但很不爽唯一好得，酒店工作人員還比較熱情,3.875,5.625
text_00192,text,人性的昇華，人主宰自己的命運。,5.889,4.875
text_01965,text,對黨和首領的忠誠，是手握機槍的革命者的基本標誌。,5.444,5.0
reflection_00059,reflection,"我想,如何在解釋病情時,同時說明清楚醫學上的判斷跟給予人文的關懷真的是一門藝術。",5.9,3.0
text_00975,text,裝顯卡，裝完顯卡，電腦就沒聲音了，今天重裝系統四次，搞得鬱悶死了，，，第三次才發現顯卡驅動和聲卡驅動衝突，然後在官網下了前一個顯卡驅動，終於搞定了，沒有衝突,5.667,6.571
text_01908,text,劉耀仁表示，更可惡的是，交大還是依開單多寡發放獎金，交通局相關單位竟不是依工作好壞，而是「雨露均沾」全發，根本就是變相加薪，把人民當傻瓜。,3.0,6.875
edu2021_01577,edu2021,雖然有一部分有些不理解，但我會去好好去請教同學的,5.5,3.583333333333333
text_02458,text,多次對Google祭出重罰的歐洲聯盟競爭事務執行委員維斯塔哲表示，目前是打造數位時代遊戲規則的關鍵時刻，呼籲政府建立規範，迫使Google與競爭者分享資料。,4.625,5.667
sentence_02160,sentence,我的一個在上海做減低二氧化碳排放的環保,6.0,4.667
sentence_01925,sentence,我發現市面上也是一種榮譽,6.75,5.0
text_00387,text,所以，沒任何東西是完美的，勇於面對自己的缺點，不要老想操縱這些媒體，來欺騙這些消費者！,3.125,6.429
sentence_00815,sentence,掙扎明天要不要去乙女市集,5.0,5.0
edu2021_00692,edu2021,聽不懂，而且有時候會有點想睡覺,3.083333333333333,1.916666666666667
sentence_01540,sentence,李白最後背離官場,4.0,3.5
edu2021_00048,edu2021,今天學習狀況不是很好，需要調整一下,3.416666666666667,3.75
text_01593,text,立法院昨天休會前通過朝野協商結論，國營事業績效獎金確定維持上周方案，一百年度國營事業績效獎金不得超過一.二個月，一○一年起則須有盈餘才能發放，最高額度也不得超過一.二個月。,5.0,3.375
edu2021_00932,edu2021,感覺還是有地方聽不懂，希望能多加解說,4.083333333333333,4.75
sentence_01271,sentence,除非生活遭到重大的變故才會中斷,3.0,4.5
reflection_02320,reflection,過了一個鐘頭，在病人兒子的同意下才宣告死亡。,4.25,3.375
text_02913,text,被國際刑警發出紅色通緝令的印度頭號通緝犯文子星，印度政府向法庭申請引渡他回國，案件於東區裁判法院開始聆訊，裁判官彭亮廷亦批准免除傳媒報道此案件的限制。,4.8,3.833
edu2021_00944,edu2021,聽完課才知道原來我會的不多,3.666666666666667,4.833333333333333
reflection_00351,reflection,我覺得以這個Case來說，家屬是很希望自己可以做點什麼的，我有看到大女兒每次來，她都想要找一些她看得懂的東西來問學長或是老師，比方說她會問升壓劑、洗腎的機器，我覺得這些疑惑或問題都顯示著她很希望可以幫助到爸爸，她可能很需要被告知她能做什麼，很明確的那種。,5.1,2.625
reflection_00620,reflection,我的感受一開始接到這個primary care，我其實替病人覺得很倒楣，雖然本身心臟功能不佳、也有其他三高等慢性病，但入院時人還算好，還可以自己去掛急診。,4.0,2.375
sentence_00167,sentence,頑固的推行加贈關稅,3.5,5.25
sentence_00123,sentence,最討厭每年過年親戚間虛偽的拉拉扯扯,2.333,7.333
sentence_01926,sentence,卻支援卡扎菲這樣的嗜血暴君感到詫異,3.25,7.25
text_00041,text,書中64個例子，從不同的方面詮釋了“編程之美”，遊戲的樂趣，數字的魅力，數字的樂趣，結構之美，這樣的四個部分，最讓我感覺到印象深刻的是遊戲樂趣。,6.5,4.375
text_00476,text,你可能會得到新人獎其實你說的沒錯不過這必須運用到你的智慧與眼光做出你的風格應該會有收入我有認識2種業務一樣100俱樂部一個能折就折連年終都折下去苦哈哈一個一台車都有辦法留2w笑哈哈2w那個長的很老實說話穩有內容不單只是賣車是假專業汽車顧問這是他的本錢不過事實它是個很會包裝的人~我發現上面有人說訊息月曆電話送禮蠻會談判還能留錢)不做徒勞無功事情ps不會買的客人)祝大家民國100邁向100,5.0,4.143
sentence_01389,sentence,去年的我們舉班歡慶,7.0,6.25
sentence_01697,sentence,也佩服歐崇敬的預測神準,7.0,5.2
reflection_01705,reflection,但後來也很慶幸家屬雖然悲痛且有些無法接受現況，但也還是能理性溝通。,5.1,3.8
sentence_01395,sentence,之間更加撕裂與,3.0,6.0
sentence_01612,sentence,奉天命不敢為傲3,4.667,4.0
edu2021_00606,edu2021,今天的課沒有完全理解,3.0,4.166666666666667
reflection_01996,reflection,這讓我看到了整個醫療團隊除了照顧病人，其實也間接在照顧家屬，在家屬茫然的時刻給予支持。,6.25,3.625
reflection_00304,reflection,我的感受與反應當下的我，雖然感動，還是帶了一點訝異，還有一點苦笑。,5.5,4.2
edu2021_01258,edu2021,好像沒有那麼難，但是一看到書上那些圖頭就快昏了,3.571428571428572,4.357142857142857
sentence_01009,sentence,貧道首創的捏蟲龍爪手,5.5,5.5
reflection_02062,reflection,若當初否決了兒子的意思、堅決開刀，老伴是不是就不會錯失良機！,3.375,6.75
text_01438,text,詹惟中說：「女方事業很棒，與愛人互相幫忙，感情會加深，男方則是事業有向上提升的好機會，愛情事業兩宜，有工作就要接，勇往直衝。,5.667,4.0
text_00591,text,小寶寶們準備了塑膠的餐具，很周到。,6.625,4.25
sentence_01818,sentence,我會毫不猶疑的下嫁於他,5.5,6.2
sentence_02509,sentence,最近開始找回神魔的熱忱,6.0,5.75
text_00483,text,說真的新舊引擎又如何看上眼的還是一堆你跟他講新舊引擎的差異可能也只會回答差不多啦能開就好但是你跟他說這個新的走DVD瑩幕+衛星導航啥咪5.1環繞音效不用加錢一堆阿薩布魯的配備這套對很多人都是一大吸引力畢竟引擎看不到DVD可以在車上爽這就是車商把台灣人的胃口養大了沒有6個安全氣囊沒關係就是不能沒有DVD螢幕沒有ABSTCSVSD一堆電子配備也沒關係反正開出去自爽就好,3.667,5.444
edu2021_01514,edu2021,作業也很多，時間不夠用，頗為無奈,2.833333333333333,4.571428571428571
edu2021_00846,edu2021,對課程內容不是很了解,2.833333333333333,3.0
sentence_01299,sentence,某派主張壓制某派,4.5,5.5
text_01680,text,《新新聞》的調查使人想到今年九月，《天下》雜誌所做的「二○一二縣市長滿意度調查」，雖然名次有些小異，但大方向無差，在前面的是臺南市賴清德、宜蘭縣林聰賢、苗栗縣劉政鴻、嘉義縣張花冠，至於藍營的天王新北市朱立倫、臺中市胡志強、臺北市郝龍斌，已連續兩年分居第十九名到第二十一名，只比吊車尾的基隆市張通榮好一點點而已。,4.222,5.286
edu2021_00565,edu2021,還是有些不太懂，身邊的同學也無法完全了解，希望下次上課前能把問題解決,3.785714285714286,4.5
text_01791,text,台灣意識覺醒這沒什麼，也不是這一兩年的事情，每個人都愛台灣這對國民黨來說有什麼好擔心不安的，一時的激情難免,5.0,5.143
edu2021_00721,edu2021,各種新名詞解釋的還不是很清楚，感覺就像是在跟已經懂的人聊天,3.0,4.333333333333333
text_02629,text,1978年夏末正是卡特就任以來首度的期中選舉逐漸展開的時候，而輔選過程中，民主黨參議員甘迺迪挑戰民主黨總統卡特的態勢已經出現，兩人彼此敵視。,4.429,4.286
edu2021_01519,edu2021,我覺得今天老師講的有一個部份十分有趣,6.75,4.166666666666667
sentence_01729,sentence,而要遵從聖靈的引導,6.667,5.0
text_01150,text,人家常說：「有禮貌的孩子人人喜愛，守紀律的孩子不會變壞。,6.444,3.429
sentence_01740,sentence,光明磊落者不懼毀謗,6.333,6.667
reflection_02122,reflection,另外對於照會安寧或符合安寧收案的病人，有些家屬可能對於安寧療護有所誤會，因此我們必須傳達給他們：住在安寧 病房，並不是放棄病人，讓他們等待死亡，而是希望能夠讓他們不受到無效醫療的折磨。,4.375,3.9
text_01153,text,打敗韓國，拿下電玩比賽世界冠軍的這一刻，臺灣隊員高興狂歡，隆重的頒獎典禮，簡直媲美奧斯卡，臺灣代表隊「TPA臺北暗殺星」一夕成名，實力應該受到肯定，卻也遭受作弊質疑。,4.0,6.25
text_00714,text,9月30日我給朋友（從德國來湖南打算去張家界）預訂了2間房1晚，第2天早上結帳時服務員硬說房間少了1個衣架，我朋友只好上去6樓看，結果是服務員數錯了。,4.111,4.429
sentence_01730,sentence,也是第一次我覺得去韓國工作沒有獄禰O人厭倦,7.0,5.0
sentence_01988,sentence,猜疑和地緣政治競爭的加劇,3.333,3.667
edu2021_00453,edu2021,我覺得講師非常厲害，他利用不同的方式帶我們依序解決問題,7.166666666666667,5.142857142857143
edu2021_00918,edu2021,今天教的我還蠻有興趣,6.357142857142857,4.75
sentence_01438,sentence,而不是八面玲瓏的虛偽政客,5.2,6.5
reflection_02478,reflection,不論是媒體的報導投書、抑或是醫學人文相關的課程，又或是近來的影視作品，都謳歌安寧療養、拒絕急救與無效醫療、甚至是安樂死的善終相關概念，「對於癌症末期及不可治癒的嚴重疾病的病人，無效的醫療只會平添人生最後的痛苦」，曾幾何時我也深信不疑。,4.375,4.5
sentence_01582,sentence,中國傳統文化及乎無一可取,2.0,6.333
text_02679,text,事發在今日早上9點半，一名竊賊鎖定公寓先按電鈴確認住戶不在家，再爬陽臺闖入行竊，當時懷有身孕的住戶跟姊姊在房間沒有應門，聽到怪,3.625,4.0
sentence_00196,sentence,從來都是那些如同中國共畜坑騙,2.0,6.333
sentence_00188,sentence,講價值理念無效可以談經濟民生,4.25,4.75
reflection_01859,reflection,丈夫的角色和子女的角色畢竟不同，真正陪著對方走最久，一起攜手直到現在的老夫妻感情一定很好。,6.625,4.4
sentence_02358,sentence,表面上情投意合,4.0,4.667
sentence_02537,sentence,這樣的行為不容姑息,5.333,6.667
edu2021_01078,edu2021,今天的課程很有趣，可以從中多多學習,6.416666666666667,3.25
text_02689,text,東南亞國家緬甸覬覦外國投資，為本地增加工作機會，瞄準汽車產業鏈，推出一系列措施鼓勵外國投資，包括調高進口汽車關稅、縮減二手車進口量等等。,6.111,3.444
edu2021_00536,edu2021,老師說的一時間反應不過來,4.6,2.833333333333333
text_01645,text,要解決勞保基金財務問題，治本之道還是得調高費率，但不能一次調足，須逐步調整，把衝擊降到最小。,5.5,4.667
sentence_01881,sentence,喉嚨的根部被不存在的硬塊堵塞,4.5,4.667
edu2021_01332,edu2021,題目好多令我眼花撩亂,2.833333333333333,3.5
text_02469,text,但是許多DIY愛好者卻對遊戲本嗤之以鼻，認為它對比DIY主機價效比低下，傻大笨粗移動性也不見得比桌上型電腦好到哪裡去。,3.625,4.0
sentence_02383,sentence,靈苗尚自無均等,4.667,3.667
text_00111,text,如果看這本書的女生多了，優雅的女士會讓今夏風光無限。,6.4,5.286
text_00337,text,當然是包含技師、業務各種員工，這樣對台灣的經濟才有幫助...,6.0,5.286
edu2021_01145,edu2021,比前一天的內容更生動容易了解,6.916666666666667,4.416666666666667
reflection_00062,reflection,"可以怎麼做新發現了什麼/有無新的認知或體認有無新的觀點我稍微環顧了一下,發現其他醫療團隊的成員好像都很冷靜,不確定是不是他們已經看過很多這樣的場景,不過這讓我想到自己在實習這兩年來,自己看待某些臨床場景的看法也有一些改變。",4.6,2.8
sentence_02461,sentence,有大夫說是心血管痙攣,4.0,6.0
sentence_02555,sentence,建國你多擔待點,5.0,4.0
sentence_01550,sentence,終院駁回劉夢熊上訴,6.0,5.0
text_01929,text,外交部說，捐款正由駐美代表處及駐紐約辦事處與美方有關單位研商，擇適當時機透過公開儀式捐贈。,5.444,4.0
sentence_01877,sentence,鬥志還沒有消失,6.5,6.5
text_01783,text,針對經濟學人的批評，總統府強調，國內外政經局勢變化頗大，執政團隊將持續檢討，馬總統對於目前的成果也不滿意，執政團隊會上緊發條、積極改進、全力以赴，希望能早日帶領臺灣走出低谷，也盼全民能秉持信心和政府一起突破困境。,5.667,4.5
sentence_00107,sentence,私召車司機徒步追逐將近1公里,4.5,6.667
text_01845,text,其他國家民族暴力攻擊的對象。,3.556,5.0
edu2021_00561,edu2021,第一次聽到這種說法，越聽越有趣,6.357142857142857,4.083333333333333
text_01045,text,「好萊塢報導」指出，今天公佈的倫敦影評人協會獎，臺灣導演李安擊敗同樣入圍奧斯卡金像獎最佳導演的奧地利導演麥可漢內克，贏得年度最佳導演獎。,6.714,6.167
edu2021_00750,edu2021,需要細心的思考才能最清楚的呈現，這是我需要學習的地方,5.666666666666667,4.166666666666667
sentence_02381,sentence,手錶批發一件代發,5.0,3.0
reflection_01355,reflection,這樣的教學模式我覺得比起直接上課會更讓人印象深刻，而上課的內容也讓我對重症醫學更加的了解，課程的主題都相當的實用，最令我印象深刻的是葉東奇老師幫我們上的輸血醫學的課，他設計了一個情境：在凌晨4點的 ICU，然後有不同狀況的病人，讓我們判斷該做什麼處置和該不該輸血，這堂課讓我獲益良多！,7.1,4.75
edu2021_01431,edu2021,現在比較有概念了，同時對於此領域也有了興趣,7.0,4.142857142857143
text_02358,text,一名患銀屑病多年的31歲姓陳青年，昨日在大埔富亨?寓所墮斃，遺書透露自己不堪病魔折磨，加上財困而選擇走上絕路。,2.625,4.333
edu2021_00997,edu2021,中英文混著講，真的聽不懂,2.333333333333333,3.916666666666667
text_02813,text,澳洲聯邦員警表示，警方在今天稍早搜索了澳洲廣播公司集團位於雪梨的總部，並鎖定3名參與兩年前一份調查報導的記者。,5.0,2.714
sentence_00247,sentence,那些無法嘗試兩次的,5.0,2.0
edu2021_00524,edu2021,雖然有點難，不過還是勉強聽得懂,5.083333333333333,3.642857142857143
sentence_01912,sentence,告誡那餘下的將來,4.0,5.5
reflection_01916,reflection,或者這麼說，醫療只能治好一個病人的身體，但是有些心理層面的問題，後續的關心，恰當的處理才能為病人的長期生活帶來好處。,4.625,3.7
text_01016,text,以前本本就是三星垃圾屏。,3.625,4.75
edu2021_00135,edu2021,今天知道了不少相關的知識，收益良多,6.928571428571429,3.916666666666667
edu2021_01168,edu2021,老師上課內容講解清楚詳細，辛苦了，課程豐富,7.333333333333333,5.7
text_01834,text,據轉述，黨團幹部也說明，立院各黨團協商時，臺聯主張全刪，否則將杯葛總預算的審查與協商；朝野黨團達成績效獎金的刪減共識，過程中行政院長陳沖、主計長石素梅都有瞭解，也有事先溝通。,5.0,4.143
edu2021_00816,edu2021,才第一次接觸就感覺困難程度上升很多,4.666666666666667,5.214285714285714
sentence_01405,sentence,但依舊可以￣h,5.0,1.0
reflection_00424,reflection,我不了解她的想法，不明白為何她放著胸前如此巨大的腫塊而不就醫，但我想她此時此刻的哭泣，都代表了她其實也想活下來，也許正是太害怕了，才導致她不這些年來都在逃避，只要不看醫生、就不必接受現實，而一直到入住ICU、歷經了生死關頭，她才終於選擇面對、或是被迫面對。,2.25,7.0
edu2021_01194,edu2021,最近的功課好多，雖然時間很寬裕，但還是很繁重,4.0,5.416666666666667
edu2021_00072,edu2021,今天教的方法很有用，雖然是很簡單的理論，但是真的能幫到不少忙,6.5,4.583333333333333
text_00545,text,真是可笑，入住該酒店結帳時要多付一袋開心果的費用，他們點不清自己的物品數量，出了差錯，埋單的竟是消費者.,2.444,6.0
edu2021_01173,edu2021,今天雖然主要是複習，可是還是聽不太懂，可能是我資質不夠吧,2.583333333333333,3.916666666666667
reflection_01636,reflection,我們自認為在做對的事情，但不一定是病人真正希望的，或許能多傾聽了解病人。,5.2,3.375
edu2021_00782,edu2021,雖然有聽懂，但是還是會忘記,4.6,3.214285714285714
text_02378,text,新竹湖口一名甲保廠履車廠服役的徐姓男子，為了想要休假偷懶，竟然向連上長官稱說，自己的爺爺、奶奶和外婆相繼過世，企圖騙取每次8天、共24天的喪假。,3.0,5.25
sentence_00702,sentence,跟隨人民日報邏輯,4.667,3.0
text_02608,text,根據一些美國人的這種論調，中國通過操縱匯率導致了中美貿易不平衡，美中貿易逆差等同於美國送給中國的財富，中國的成功很大程度上是由美國在中國的投資所推動的。,5.0,3.667
text_00640,text,服務較好，前臺速度可以，行李生和免費電瓶車司機非常有禮貌。,7.0,4.714
sentence_01976,sentence,隨即豆大的淚珠從我臉上滑落,3.5,5.0
text_00814,text,房間非常糟糕，零亂不堪，瀰漫一陣腐黴氣味，傢俱極其陳舊，地毯髒臭，冷熱水不能調，龍頭漏水，燈罩不翼而飛,2.1,5.75
sentence_02329,sentence,連牛奶都未加熱,4.0,5.5
text_01351,text,九人的廂行車，被對向的酒駕車輛迎面撞上，整輛車翻落山溝，結果現在一人死亡，兩人昏迷，六人重傷，肇事駕駛也重傷昏迷中。,2.333,4.0
sentence_01584,sentence,只要不是蓄意的反動的言論,4.6,3.0
sentence_02328,sentence,倒也足以列入神作殿堂,6.333,5.0
sentence_01971,sentence,我是最瘦最敏捷的,7.0,4.6
sentence_01387,sentence,有的父母是嚴厲的管教孩子,5.333,3.0
reflection_00014,reflection,"可以怎麼做新發現了什麼有無新的認知或體認有無新的觀點但如果站在家屬的立場,當自己的親人被病情告知我想大多數的人都會比較難去接受這個事,或許我們可以透過多次的溝通,從一開始先提出安寧療法來看看家屬的反應,再慢慢去解釋我們醫生的看法,去分析利與弊給家屬聽,或許家屬就可以在一次次的溝通中去了解醫生的用意,當然也要顧及家屬的情緒,可以適當的去詢問家屬有沒有沒聽懂得地方或是有沒有哪裡不了解的地方,也可以適當的給予家屬安慰,讓家屬知道醫生是跟家屬站在同一線的,是在為病人以及家屬著想的,我想這樣對病人以及家屬來說是最適當的解決方法。",3.75,4.625
reflection_01042,reflection,我想我未來若有幸能走重症領域時能做的事是在每次的醫病溝通過程能夠態度謙卑謙卑再謙卑且不疾不徐、溫暖的解釋病情。,6.4,4.3
sentence_02325,sentence,是福氣而引起軒然大波之後,4.0,3.0
text_00826,text,說錯了，是虎丘，哈哈~~,5.5,5.286
text_02429,text,在今次事件之前，Google的Nexus6P、Pixel和Pixel3過往都出現過重啟、相機應用和資料備份問題。,4.375,2.875
text_01477,text,英雄聯盟LeagueofLegends，LOL)第2季世界冠軍賽今天在美國洛杉磯舉行，由來自臺灣的隊伍「臺北暗殺星TPA)」奪冠，贏得遊戲史上最高100萬美元的獎金。,7.0,4.0
reflection_01881,reflection,也許以我們的角度來說，家屬最佳的狀況是選擇讓病人沒有痛苦的走，是最好的選擇，當再多的介入治療已經沒有辦法對病人的癒後有任何的幫助反而是加重他的痛苦時，選擇安寧是一個對病人最好的選擇。,5.5,2.75
text_00554,text,預定的是商務標間，由於客滿，酒店給我們免費升到了高級商務標間。,7.0,5.429
edu2021_00366,edu2021,今天聽說又多了一個報告，報告那麼多，真的可以做完嗎，而且都不太懂呢,2.166666666666667,6.583333333333333
text_02339,text,首先它具備卓越的耐用性，不僅獲得了IP68防水防塵等級和MIL-STD-810F認證，而且能夠在零下10度的環境下正常工作。,6.5,5.0
sentence_02356,sentence,至今依然吃人肉民風猖獗,3.333,5.0
reflection_01011,reflection,夜間值班約11點時，一名病人因為cardiac tamponade而血壓低造成shock，CR學長緊急做tapping試圖搶救。,3.5,6.75
sentence_01518,sentence,我越發的像是一個無庸的雕刻家,3.75,5.75
reflection_00156,reflection,"會有這樣的想法,也是因為當初家裡的阿公、爺爺過世的時候,父母也都告訴我們不能哭,家人走了就要接受,但我真的很難過,為什麼不能表達出來?",2.625,6.5
sentence_01821,sentence,也是應了我一貫的讓暴風雨來得更猛烈一些所願,4.5,5.0
reflection_01631,reflection,希望自己未來真的能達到這個目標。,6.3,5.0
sentence_02140,sentence,才會輕視五四運動的重要性,3.333,5.0
text_01292,text,誰是世界上最強的召喚師？臺灣的臺北暗殺星（ＴＰＡ）隊，將於臺灣時間十四日早上十點與韓國隊Azubufrost在電玩英雄聯盟第二季世界錦標賽一決雌雄，誰拿下總冠軍，就有百萬美元（約三千萬元臺幣）入袋。,6.571,5.429
sentence_02362,sentence,跪成化石也沒用,3.5,4.75
text_02773,text,遭狙擊報告唱淡的平安好醫生，週二挫5.2%後，今早高開低走，一度高見38.65元，微升0.7%，現轉挫3.3%，造37.15元，成交金額1846萬元。,4.667,3.5
reflection_01886,reflection,今天看到兒子甚至帶有高度跌倒風險的媽媽來，坐在輪椅上不停地站起來想要幫阿公擦臉，擦身體，跟他說話，兒子站在房間外面隔著玻璃看著裡面，對著電話那頭的人不停的解釋他父親一定有聽見，是有反應的。,4.125,3.0
sentence_01488,sentence,地震來時伴隨著低沉的振動和聲響,5.0,2.333
text_00748,text,房間比較老舊，電梯果然如網友評價非常慢，所謂2003新裝修實際只是大掃除一下。,3.143,4.556
text_02780,text,這部劇最終塵埃落定成了什麼樣子，咱們不要過於動怒，就當整個第八季都是前七季的同人影視作品，我們掛念的還是劇中的角色。,5.0,4.125
reflection_01084,reflection,最後，醫師讓這位先生先靜下來看看CCU四周的環境，解釋在這種環境下病人根本無法好好休息，而且心理壓力會很大，醫院並不會因為轉到普通病房而疏於照顧，整體下來以醫師的觀點認為轉病房會是比較好的選擇，那位先生雖然帶點無奈但是也是接受了這個說法。,4.3,4.1
reflection_02350,reflection,該病人曾表示其是醫院附近鴨肉攤販的老闆，很多醫護人員也曾經去過那家店用餐，有可能該病人其實是想要趕快回歸工作崗位，也表示給家人看他的身體無恙不用擔心，故才急著想要出院。,5.0,3.625
sentence_01713,sentence,為什麼把摺疊傘收整齊那麼難,4.5,3.5
text_01206,text,您寫的太好了，讓人有興趣學會計。,6.667,4.667
reflection_01319,reflection,這句話讓我很觸動，也剛好這兩週在MICU見習，看到各式各樣的病人，每個都有著不同的背景與故事，看著老師與學長如何照護他們，並觀察他們的生活，不經思考著這些雖然跟醫學知識不相關，卻是生活的一部份的問題。,5.5,4.6
text_00469,text,我原本前一台車也是小鴨，你所描述的狀況我都知道，也經歷過,5.0,4.0
reflection_01337,reflection,自己身為一位女兒，很難想像在青春期就要經歷喪父之痛，是多難過的事情。,2.875,5.25
reflection_01007,reflection,我將我自己的情緒帶入目前的狀況，設想著這是一個多麼過分的行為，也為在急救中的病人感到可憐，如果我臨終前是這樣的狀況我一定會無比的難過和痛苦。,3.2,5.7
sentence_02102,sentence,我覺得家事適度就可以,6.0,5.0
reflection_01380,reflection,他們最主要關心考量的又是什麼？,4.875,2.9
sentence_00444,sentence,它讓你無暇顧及親情,3.667,3.333
reflection_01385,reflection,我當然也會希望他能夠康復，回到原本健康的模樣，那麼我不就跟那些無理取鬧的家屬一模一樣了嗎？,3.75,5.0
text_00083,text,我說這就是犯賤，這就是得不到了才更加愛。,3.125,6.75
edu2021_01598,edu2021,對於定義還是有點模糊，界定上會有灰色地帶,3.5,2.416666666666667
edu2021_00794,edu2021,今天上完了全部的課，想到之後尚不到老師的課就感到有些可惜,5.333333333333333,6.083333333333333
reflection_02084,reflection,你的反應為何由於重大的病情解釋不方便由clerk 開口，我們便在旁邊安靜的聽。,4.5,4.25
text_00213,text,你的快樂的波及範圍已經不是小小的一大片啦~~~~哈哈哈,6.333,6.167
reflection_00618,reflection,讓我不禁思考，若是我本人或家人發生這樣的事，有沒有可能會因此怪罪醫師及醫療團隊呢？,4.1,3.4
edu2021_00418,edu2021,老師解說詳細，很有幫助,6.333333333333333,3.833333333333333
text_00800,text,廁所骯髒，長年累積的汙斑，臭味，令人無法如廁。,2.0,6.833
text_01321,text,由於方家家境清寒，方父趕到殯儀館時，身上更只剩三百元，引起大批善心人士關切，一整天捐款救助電話不斷。,5.143,5.889
reflection_02404,reflection,之後很像有提到原來一開始插管是某個家族成員自己的決定，因為橫向聯繫沒有很好，所以才會插管後要求拔管。,4.0,3.0
reflection_01350,reflection,這兩周在 MICU 的實習雖然短短兩周，對我來說卻是一段非常寶貴的日子，過得非常的充實而快樂，也謝謝老師這兩周以來的教學！,7.875,6.875
edu2021_01023,edu2021,得知下禮拜要考試後有點震驚，或許是我還沒準備好，我最近會多看一下那些困難的詞彙,4.642857142857143,6.916666666666667
reflection_02367,reflection,我們仍然照會了神經科試圖評估張女士意識持續昏迷的原因，很顯然地，神經科也只能嘗試安排更多的檢查試圖找尋一些渺茫的蛛絲馬跡。,4.5,4.7
edu2021_00567,edu2021,有許多例子第一次聽到就有種很熟悉的感覺，讓我印象非常深刻,6.5,3.642857142857143
reflection_01309,reflection,極盡資源想要幫助奶奶，這初衷是大家共同的，既然西醫最多就是維持病患的一口氣、無力回天，為何不嘗試其他方法呢?,4.0,5.75
sentence_00972,sentence,不再拿來轟個幾次才是笨蛋,4.0,7.0
sentence_00447,sentence,這本身就代表著一份覺察力,7.0,5.0
edu2021_00825,edu2021,進度與考試有點趕，希望自己能跟上,4.333333333333333,5.083333333333333
sentence_00555,sentence,三點多回到家渾身無力,3.5,5.5
sentence_00618,sentence,?自在菩薩行深般若波羅蜜多時照見五,5.333,1.333
text_00251,text,強烈推薦給不喜歡速食閱讀的朋友，推薦給追求認真做事的朋友讀，推薦對插畫有高要求的朋友。,5.875,4.25
edu2021_00417,edu2021,今天的課程有些快，雖然跟得上但還是有一些些吃力,4.166666666666667,4.666666666666667
sentence_02479,sentence,女配壓倒性比原女主美,6.5,4.8
text_01447,text,「2012臺北客家義民嘉年華」昨14)日在臺北市客家文化主題公園舉行主祭大典，馬英九總統特別親任正獻官，與世界客屬總會榮譽總會長吳伯雄、客家委員會主任委員黃玉振、臺北市長郝龍斌等依傳統禮序行上香禮，一同感念義民爺保境安民的忠義精神。,6.125,3.857
reflection_02003,reflection,如果氣切後最好的情況是可以脫離呼吸器，為什麼不試試看？,5.2,2.75
reflection_02323,reflection,但我其實有被這句話嚇到，就算她女兒聽不進去，或是聽不懂，這句話還是不太恰當。,3.5,5.5
sentence_00633,sentence,妨礙了我們瞭解人物以及人物的行為,3.75,4.6
reflection_01238,reflection,因為我在大五時的自選科，曾經選擇過外傷加護病房實習過，原以為有了在加護病房的實習經驗，在這一次的實習過程中再度看見病人死亡時心中應該不會再有什麼大起大落，也應該更能調適在加護病房實習的心情。,4.875,2.875
sentence_01503,sentence,總之我有點沮喪,3.333,5.333
sentence_00251,sentence,的故事應該不陌生的吧,5.333,5.0
text_01382,text,正義妹事後到醫院縫合3針，受傷的她不忘回頭安慰被害人，饒婦感謝她的義助，送上紅包及水果，一度被婉拒，直到表明要給她壓驚、去厄運，對方纔收下。,6.0,4.5
text_02059,text,馬雲想表達的似乎是，要想在事業上取得成功，需要長時間勞動和學習的奮鬥精神，他的發言被解讀為肯定了義務加班。,4.0,4.5
edu2021_00099,edu2021,專有名詞聽不太懂，希望可以解釋一下,3.928571428571428,4.333333333333333
reflection_00651,reflection,學習調適心情及解決衝突的方法。,5.375,1.625
sentence_02576,sentence,貝勒爺您是已經被天霸的美貌俘獲了喲,6.333,6.667
reflection_00594,reflection,我的反應如何在審視病人的疾病進程中，因為病人本身的咳痰條件，而常常左右邊肺炎交替出現，治好了一邊就換另一邊肺有問題。,4.5,4.3
reflection_01325,reflection,"只是在此之餘，也有點好奇，是什麼讓老師和學長能在長期睡眠時間嚴重不足，肚子餓得咕嚕咕嚕叫的時候還能grounding,保持沈穩，然後腦袋還能接收的到訊息跟運轉的？",4.375,4.75
edu2021_01255,edu2021,初試水溫，大致能理解意思,5.166666666666667,3.071428571428572
sentence_01889,sentence,大雨洗淨後的重生,6.6,4.0
text_01901,text,憑什麼要大家相信你?,2.75,6.875
text_02895,text,天貓天昊書苑圖書專營店日常價59.8元，現領取滿59元減20元優惠券，拍下39.8元包郵，8本莎士比亞悲喜劇，感興趣的值友們不容錯過。,6.222,5.111
text_00957,text,路由器和一個像機，那位朋友有捲送我一張啊,5.111,4.429
reflection_02246,reflection,但是總會有這種問題，就算擴大了也還是存在。,4.3,3.5
text_01648,text,楊志良表示，不只民間企業，政府財政困窘，又不積極解決，提供給各部會預算一直不足，現在連公部門也大力撙節人事成本，增加約聘人員，主張保障勞工權益的勞委會，正是所有部會中最多派遣和約聘員工的單位，相當諷刺。,4.714,5.286
text_02927,text,陳姓女子在去年十月，偶然發現小女兒遭到同班的五名女同學透過臉書群組霸淩，集體以婊子、臭鮑魚等不雅髒話辱罵女兒長達三月，氣得提告五人公然侮辱。,2.444,6.875
edu2021_01022,edu2021,今天整個人昏昏沉沉的，非常的不舒服,2.0,2.833333333333333
reflection_00090,reflection,"當下想暸解為何個案及家屬為何堅持要出院,在仔細詢問家屬後,家屬表示已瞭解個案的病況不可逆,希望能辦理AAD(不遵醫囑自動出院),讓個案回到家中,和個案的兒女、孫子女等能見個案最後一面,一起在家度過最後的時光,而非待在醫院。",4.333333333333333,5.625
reflection_00827,reflection,雖然阿婆兒子雖然看起來很擔心焦慮，但人還是很客氣，他也一直強調沒有要責怪醫師，只是想釐清病情。,5.125,3.9
text_01001,text,遠不如以前的IBM，現在做工差，模棱角及邊緣有明顯的劃手，其次就是如細微觀察，就是兩個筆記（我買了兩個）質量有明顯區別，上次買個lenovoy430高配置，有問題，還退掉了，商品有問題，反正就是湊合吧！,4.0,5.667
edu2021_00428,edu2021,開始擔心期末考的題目會不會很難了,3.5,4.357142857142857
reflection_02152,reflection,二、對病患跟家屬的反應不要做預先猜想，以實際對方回應的內容跟態度去做應對。,5.25,2.875
sentence_00041,sentence,得到寧靜的力量等等,5.667,2.667
edu2021_01225,edu2021,比上一次上課更能跟得上教學的進度，但還是必須要自己預習才能夠充分理解課文內容,5.833333333333333,4.5
reflection_00444,reflection,我不是主要的會談者，但基於當時狀況，如果換成我，我會不知道怎麼在家屬一直離題的情況下，繼續解釋病情以及適當的在家屬的情緒與會談目標中達到平衡。,3.375,6.125
text_00350,text,偷裝備~~我覺得大大你搞錯了吧!!和泰怎麼偷?,3.5,5.714
edu2021_00806,edu2021,自覺還需要再加油， 自我勉勵,5.0,3.642857142857143
sentence_02344,sentence,老師們難免滿腹怨言,4.0,4.4
reflection_02021,reflection,回想起曾經到加護病房探視親戚的經驗，當時還不是個醫學生，對於醫師告知的病情，也只聽得懂狀況是在變好還是變差，僅此而已，對醫師最深刻的印象，其實是他的眼神、語氣、一舉一動，有沒有讓我們感受到足夠的信任感，願意把自己親人最寶貴的生命託付給他。,5.625,3.0
edu2021_00422,edu2021,雖然教的內容有點複雜，也有點不是很懂,3.857142857142857,3.571428571428572
sentence_01888,sentence,最終動搖華國鋒執政的理論基礎,4.4,5.4
edu2021_00564,edu2021,對於課程有了初步的認識,5.166666666666667,1.5
text_00525,text,瞭解到它是一部主動安全缺乏的機器！,3.625,6.167
reflection_00235,reflection,反應為何當下的我，站在主治醫師身後，沒有太大的反應；但在我的心裡，已經很直覺地將這位兒子歸類為不可理喻的家屬，根本不想聽他說話，甚至會想打斷他的話，如果真實以這樣的情緒面對家屬，我想在情緒的疊加當中，衝突很快就會發生。,3.5,6.0
text_00457,text,司機也是人沒人願意拿自己生命開玩笑司機道德早就被景氣給幹掉了這兒的官員有幾個是司機出身的法規多且很多是很不合理罰金又高一般人出事了大多同情小車這兒不講道理只講大小偏偏做大車司機也要養家收入一年不如一年下延長工時是必要的累錢又少又有表哥整天拿法規找麻煩是問道德是..........,2.889,6.333
text_02460,text,巴爾金為一個演說準備的講稿內提到，所在轄區內的企業認為，經濟表現穩健但不亮麗，企業無法加價，又對政治出現兩極化感到憂慮。,3.5,3.25
sentence_00403,sentence,會引起他人不適的部位全部遮起來,5.5,5.0
edu2021_01211,edu2021,成績不是很理想，我認為有很大的原因是不懂題目再說甚麼,3.333333333333333,4.785714285714286
sentence_00088,sentence,然後我下了公交進了地鐵就一直覺得眼睛疼,3.667,5.0
reflection_01883,reflection,今天要離開病房的時候又碰到了病人兒子，他不斷地感謝我們的照顧還有說著他母親的狀況其實不適合一直待在這裡，他的家庭看起來連結非常的緊密，很不捨他們要面臨這樣的情況，希望能夠將遺憾最終減到最低。,4.375,4.0
reflection_01248,reflection,某個時刻，家屬又再次表露積極治療的意願，此時主治醫師突然立場急轉，在我聽來咬牙切齒（但家屬⼤概聽不出來）地向家屬說「好，你放⼼，我們⼀定會救到底」。,4.375,6.5
edu2021_01025,edu2021,聽完這堂課，讓我對未來的思路模式有了一部份的轉變,6.5,3.166666666666667
text_01615,text,美國的這些舉動是對中國的挑釁，因此，中國也加大軍事部署來以硬踫硬，這纔是真正值得擔憂的地方。,3.125,6.111
sentence_01598,sentence,嚮往大城市的繁華,6.0,5.667
text_02204,text,分析稱，貿易戰既可以成為特朗普贏得大選的決勝籌碼，也可能演化成他的弱點，關鍵取決於貿易協議達成的時機和力度。,5.0,2.444
reflection_00483,reflection,而從病人角度，年紀大加上共病多，血壓有時會掉到比較低，因此是否捱的住檢查與後續治療也是需要考慮的。,4.5,3.875
sentence_01002,sentence,但是在欺詐作弊上可是老手,3.333,6.0
sentence_01972,sentence,才華洋溢會說八國語言,7.0,3.667
reflection_01969,reflection,我樂見於王婆婆的情況在往後的幾天終於明朗了起來，意識逐漸回復，老師也說差不多可以關掉鎮靜藥物讓病人開始呼吸訓練，也許過幾天就能拔管脫離呼吸器了。,6.25,4.7
reflection_00018,reflection,"要把複雜的病情解釋到家屬聽得懂,並且讓家屬知道整個醫療團隊都很努力地在照顧病人,真的是一門藝術。",5.0,6.125
text_02570,text,AWS的T3a例項提供了支援突發的效能需求的設計，適用於持續輸送量需求較低的工作負載，但會遇到臨時的使用高峰的使用場景。,5.667,2.0
sentence_00106,sentence,搭豪華私召車卻沒錢還,3.25,5.75
reflection_01605,reflection,我來了一個禮拜，看著他兒子無數次和他人說起她母親發燒找不到感染源頭，不知道為什麼就這樣了，看得出他對母親的不捨。,3.25,4.375
sentence_01354,sentence,原本有條不紊的編劇表演變成語無倫次的胡扯閒談,3.0,5.75
sentence_01159,sentence,是真的能夠撼動人心的,7.5,7.0
edu2021_00594,edu2021,今天的課又出現了很多我不懂的名詞了,3.571428571428572,3.416666666666667
text_01913,text,近來社會對捷運無差別殺人案同感震驚憤怒，卻對政府無視財政惡劣無差別發放年金津貼優惠利息莫可奈何.,2.556,6.143
reflection_02179,reflection,第一次聽到老師與老奶奶談話，就已經是在討論是否要為阿公氣切，老師耐心地解釋氣切的原因及好處，但同時也表達尊重家屬的決定，若家屬討論結果沒有表明要氣切，醫師端絕對不會貿然做氣切的處置。,5.125,3.5
edu2021_01138,edu2021,介紹的很詳細，讓我有更多的了解，讚讚讚,7.285714285714286,5.625
sentence_00119,sentence,因為他們的自卑群聚太重,3.5,5.5
edu2021_00711,edu2021,明天要考期中了，要好好把以前寫的功課好好讀過一遍，認真讀期中考,6.857142857142857,5.333333333333333
reflection_02332,reflection,某一天在CCU夜間學習的時候，有一個病人快要死亡（其實從當天下午她的生命徵象就不穩定了），已經用到第三線升壓劑，但是血壓還是越來越低，心電圖的波形也逐漸減弱。,4.25,3.375
reflection_02424,reflection,What:在ICU遇到一個家屬每次查房都會拿著一張白紙問著常常重複的問題，不管前一天跟家屬解釋的多清楚，隔天他還是有很高的機會再問一次，請很明顯地感覺到他很難接受醫師的解釋，一旦他認為可能是某種原因，不管跟他解釋在多次都沒用，所以每次花在她身上的時間幾乎是別床的2.3倍。,3.75,3.875
edu2021_00780,edu2021,鼓勵我們多多回答問題，很棒,6.5,5.75
text_00587,text,含雙早，種類比較豐富。,5.444,2.0
reflection_00357,reflection,最後不得不說，以上的檢討跟未來可以做的對我而言很紙上談兵，溝通還是得做中學，我最大的檢討跟進步應該還是在最後一段的第一點，要先對病況了解才能得到家屬的信任，有信任才能有進一步的溝通。,5.3,2.5
text_00662,text,我們忍了，但友情提醒以後來入住的旅客，對這裏的服務期望值不用太高。,3.25,5.625
reflection_01447,reflection,家屬聽完住院醫師的解釋後，沒有辦法接受高血壓急症找不出原因，不斷反駁住院醫師的解釋，指責是因為洗腎造成病人喘，而且越來越虛弱，最後還請住院醫師態度好一點，但事實上住院醫師已經耐心解釋臨床處置跟評估。,3.875,5.0
text_01541,text,父母和孩子相處時，不用隱藏自己的脆弱和缺點，也不用高高在上地用「大人」的眼光看待孩子，愈能站在孩子的立場理解孩子，愈能拉近和孩子的距離，讓孩子敞開心胸和你談心。,6.556,5.222
reflection_02483,reflection,越是因為見識過醫療和病人的可能性和未知性，越是在放開緊握的手前猶疑不決。,4.375,3.625
edu2021_01243,edu2021,我們這組一直被打槍，好難過，但我們不會放棄的，再接再厲,5.75,5.083333333333333
text_01554,text,高法院法官資格審查聽證，議員詢問高等法院法官安迪（AndiAzhar），是否應對強姦犯處以死刑。,5.125,5.429
sentence_00918,sentence,那跟希本人的意志無關,5.0,5.75
reflection_02118,reflection,我想要能走到這一步，之間還有許多值得我學習的課題吧！,5.625,4.125
reflection_00117,reflection,"當我首次面對到強勢的家屬(大姐)時,家屬那凌厲的眼神、質疑的口吻,讓我內心忍不住泛起滴沽「你一個禮拜才來沒幾次,每次都只有你的妹妹來,而我們每天都有跟妹妹說明病況。",2.7,7.3
sentence_01468,sentence,下一個遭殃的就是你自己,2.75,6.5
reflection_01213,reflection,也因此在這個時機點，團隊開始跟病人家屬討論氣切的問題。,4.5,2.625
edu2021_00160,edu2021,今天講解的速度比較慢，比較能有時間消化，好好理解,6.0,4.083333333333333
edu2021_01328,edu2021,有些觀念還是很模糊,3.25,3.285714285714286
edu2021_01429,edu2021,覺得自己應該要多方位接觸,5.0,3.714285714285714
sentence_00112,sentence,峨眉武術的剛柔並濟,6.0,3.0
text_00928,text,在下載應用程式時，應仔細閱覽並完全瞭解你所作出的許可聲明。,5.125,2.857
reflection_00813,reflection,我的感受我覺:得有點無奈，因爲先生對於病患的病情似乎一知半解，他一直認爲病情有改善，但其實並沒有，他依舊選擇讓患者靠呼吸器維持生命。,2.875,4.5
sentence_01825,sentence,英國可口可樂6月推出首創4款酒味可樂,5.5,2.5
sentence_01701,sentence,出遊的時間拿來健身以填補我這無法忌口的口腹之慾和內心空虛以免跟腹肌說再見,6.667,5.0
text_01872,text,蘇貞昌強調，新聞自由爭取不易，還有鄭南榕自焚犧牲，共產黨發覺臺灣人壓不倒、嚇不怕，竟改用買的，火大的臺灣人民要站出來嗆馬。,3.0,7.0
text_02225,text,許多使用者反映，自己莫名其妙被逾期了，即根據合同約定在還款日足額將款項打入小米金融APP內，卻收到了資金出借方——民生銀行的逾期警告簡訊。,3.714,4.444
sentence_00772,sentence,郭臺銘同時澄清說,5.0,5.667
edu2021_01273,edu2021,講得太簡略  英文聽不懂,2.916666666666667,4.357142857142857
text_00300,text,那你最好就不要出門，其實你自己的車先要有循跡系統才最實在，怎麼會跑去怪車廠某款車沒有,3.222,6.0
reflection_00130,reflection,"在面對這個場景時,總會感受到無力。",2.6,4.125
sentence_01182,sentence,英國和美國共謀把色情視訊和教學視訊放在谷歌視訊檔案裡面,3.667,5.333
sentence_01843,sentence,反同陣團堅毅不屈,5.0,3.75
reflection_00870,reflection,"居然真的會遇上這樣棘手的狀況,連病患基本資料都難以取得、甚至可能必須由一群完全不認識病患的人來討論是否要撤除維生醫療。",3.7,4.125
sentence_00607,sentence,我們必須服從歷史的不合理的力量,4.667,4.333
sentence_00343,sentence,夢見自己向別人道歉,4.333,2.25
reflection_01722,reflection,像這位病患就算先前預立了DNR，醫療端仍不能忽視家屬的意見，一方面是給家屬充足的時間準備後續的作業，另一方面則可能是醫療端沒必要自己增添麻煩，雖然違背家屬意見在法律層面上不會有問題，但現實層面上會帶來很多的問題，畢竟能惹事情的是家屬而不會是病人。,4.2,5.125
reflection_00611,reflection,描述事件此位病人是一位62歲男性，在某一天早上開始胸悶胸痛，然而在前往就醫的途中昏迷，心跳停止。,4.125,4.4
sentence_01637,sentence,但是我被自己囚禁了,3.0,4.0
reflection_01547,reflection,也許他的社經條件真的不佳， 才會一直在意這方面的事情，若是如此，可以幫他轉介社工師來輔導並尋求解決辦法；抑或是他曾經遇過庸醫並且對於醫師有不好的印象，需要透過更加深入的溝通來化解他的疑慮。,4.25,3.7
sentence_02497,sentence,主子們分贓不均吵吵架是常態,3.5,5.0
sentence_00461,sentence,那幾天我在網上看到許多來自災區的殘酷圖片,3.2,5.75
edu2021_00955,edu2021,聽完今天的解說後，又讓我有了更加一步的理解，而且我本身也頗有興趣的,6.571428571428571,6.25
edu2021_00931,edu2021,上半節上的聽得很清楚，下半節的有點沒懂,4.916666666666667,4.142857142857143
edu2021_00189,edu2021,要考試了，最近要努力複習,5.916666666666667,4.333333333333333
text_01424,text,HTC今（11）日以重大訊息方式公告與Apple達成專利訴訟的全球和解協議，雙方甚至還協議了一紙長達10年的專利授權協議。,5.0,4.5
text_02226,text,據兩位訊息人士透露，週四，特斯拉公司礦產採購的負責人在一次行業會議上表示，由於採礦業投資不足，特斯拉預計近期全球鎳，銅和其他電動汽車電池礦物短缺。,3.857,5.5
text_01262,text,「卡內」是一隻5歲多的柯基犬，主人卡內拔經常替他拍照，而卡內麻就負責在BLOG撰文，分享帶狗兒子吃喝玩樂的生活點滴。,5.667,3.375
reflection_00037,reflection,"2.要先想到下一步會如何進展,不要給家屬過多希望:同樣的疾病,在面對不同的病患及病況發展,可能走向各種結局,可能好轉出院,也可能惡化死亡,或是不好不壞,雖然度過急性期,但卻需長期仰賴維生機械,如何在急性期當下便想到未來可能的進展,並——向家屬說明,才能讓家屬有心理準備,也不會落下能構成提告的把柄。",5.0,4.0
edu2021_00163,edu2021,今天有點難懂，可能要再多讀一下,2.916666666666667,3.857142857142857
sentence_00712,sentence,人一無所有的時候最清醒,3.667,4.667
edu2021_00143,edu2021,課堂中，老師用了很多簡單的例子教導我們，感覺到了老師的用心。,6.7,4.928571428571429
reflection_02216,reflection,到了那一天，她先生要走了的那一天，說實在有點突然，畢竟是在病況看似平穩的時間點，突然血氧就掉了，血壓也跟著掉了，那時他太太來到他身邊，雖然還是看起來一如繼往的平靜，但就是默默地掉眼淚．,3.0,4.7
sentence_02332,sentence,所得稅生涯免除,6.5,2.8
sentence_00699,sentence,還是會默默付出,6.0,3.5
reflection_01050,reflection,在住院治療後因為情況惡化被轉入內科加護病房進行後續治療與觀察。,4.125,3.4
edu2021_00399,edu2021,這方面我都有相關使用經驗，所以非常熟悉,6.166666666666667,4.416666666666667
reflection_01789,reflection,強調自己就是因為病人進到ICU當然會非常擔心，這樣是很正常的。,5.25,4.0
reflection_02066,reflection,三人都很努力地不在醫師面前失態，也壓抑、制衡著彼此的情緒，令我五味雜陳。,4.0,5.5
text_00390,text,如果立法強制規定要有ESP跟氣囊各數要求那些賣不好的車廠會死得更慘.....換個角度想如果F牌國產也只有兩氣球無ESP....那會賣得更好還是更壞?,3.625,5.429
sentence_01206,sentence,他真的是萬能的,8.333,5.5
sentence_00147,sentence,真的不太會注意到跟他不那麼熟的人,4.4,4.0
reflection_02381,reflection,由於患者本身的意識狀況和表達能力都還算正常，跟他聊了一下，才知道說他害怕的點是因為之前劉真過世的消息，再加上有認識的人因為做類似的手術而死掉，心裡一直有陰影在，所以才一直猶豫，談話的過程中，病患也有跟我說他其實也知道醫生是為他好，但他真的還是會擔心，當下其實我的感覺是還蠻不好意思的，因為患者講的這些，完全推翻了我之前心裡的預設，我太先入為主了，病患並非不知道風險，但心裡的害怕還是使他遲遲無法下定決心。,3.25,5.6
sentence_00445,sentence,這就很能說明問題了,6.5,5.75
text_00920,text,外觀時尚,5.0,1.444
edu2021_00669,edu2021,今天講了許多東西，收穫良多，回家得開始寫作業了,6.25,3.714285714285714
edu2021_00447,edu2021,參加比賽令人畏懼，實作難度也是一個考驗,4.214285714285714,4.416666666666667
text_02557,text,美國國土安全部在週一釋出的一份警報中警告，不只是中國製的手機可能會偷傳資料回中國，中國製造的無人機也可能會向中國的製造商傳送敏感的飛行資料。,3.75,4.714
text_01548,text,受此刺激影響，大陸股市昨非但未受波及，軍工上市企業反倒應聲上揚，一路領漲。,5.0,5.167
reflection_00697,reflection,明明吃藥就能治癒的，卻要放任它肆虐，不僅染疫期間可能增加傳染給他人的機會，且也給自己帶來更多的不適到最後嚴重到需挨刀。,2.625,4.3
sentence_01038,sentence,宋專門寫了一封電報給蔣經國,5.0,3.5
text_01855,text,國營事業有各種型態、種類及業務性質，尤其部分國營事業是在市場上和同業競爭，能否獲利，必須考量是否具備和同業競爭的條件因素。,5.125,2.714
text_01137,text,立委會質疑官員心態落後，是拿世界主要電玩大賽做借鏡，臺北暗殺星參與的美國英雄聯盟第二季比賽，史上獎金最高，美金100萬，摺合臺北2900多萬，但光是英雄聯盟這款遊戲創造的產值，就超過10億。,5.25,5.571
sentence_01444,sentence,川普繼續在推特上挑釁,3.25,5.5
reflection_00364,reflection,從周一看到病人開始，我每天都很擔心病人遲遲未簽署DNR，到需要急救時病人的肋骨會斷幾根，所以每次病解時我其實是很著急的，一方面心疼家屬，另一方面又覺得家屬一直要求醫可惜，因為家屬應該都是孝順的孩子吧，太太應該也很捨不得吧，但好像都沒有努力替爸爸跟丈夫做出一個好的決定，或是去”努力地”跟哥哥或家裡不了解病情的人去溝通DNR的可能跟重要性，我看來會覺得家屬不夠堅強，也不夠勇敢，用一種比較鄉愿地方式在表達對病人的愛，同時去對照病人在病榻療團隊要積極與強調病人自己很努力，但家做好，我看起來覺得很上屬沒有把自己可以努力的事情努力呼吸的樣子，其實有點矛盾跟諷刺。,2.0,4.375
edu2021_01478,edu2021,讓看到一些龐雜數據便感到頭痛的我，有了更多的認識,5.857142857142857,5.583333333333333
text_01463,text,值得注意的是，目前逾期未兌獎最高金額是2008年4月14日開出的威力彩，頭獎達2.5億元，其次則是2011年4月26日開出的大樂透，頭獎1.99億元，同樣也沒人出來領獎。,5.333,5.875
text_02221,text,搭載新一代旗艦SoC驍龍855，4800萬畫素加OIS光學防抖拍照，全功能NFC加持，補足了16th上的不足。,6.333,3.286
sentence_01648,sentence,可惜他的這張嘴,3.6,4.75
edu2021_00644,edu2021,今天上的有點難，有點跟不上,3.6,3.714285714285714
reflection_01082,reflection,換做是我，我可能口氣會直接變得很差，講話也會變得要聽不聽隨便你，甚至講幾句話就走了。,3.75,5.375
reflection_00472,reflection,在我原有的世界觀裡，沒有不能控制的infection，只能接受癌症末期病人因為cancer progress去世，或者久病厭世、或者年紀真的很大了老死等等。,4.1,4.375
sentence_00141,sentence,世界上沒有第二個國家如此成就,7.0,6.75
text_02846,text,在多項金融資料中，以廣義貨幣供應量表現較好，4月按年增加8.5%，符預期，比去年同期高0.2個百分點，反映流動性充裕。,6.375,3.875
text_00034,text,這是我多年看書的體會。,5.667,4.0
edu2021_00586,edu2021,學習這方面的專業真的要不停充實自己，才不會跟不上世界的變化,6.5,5.214285714285714
edu2021_01527,edu2021,有時候上得太悶，會昏昏沉沉的,3.214285714285714,3.071428571428572
text_02461,text,他在一次訪問中透露，給老婆做飯的好處是，不管做什麼，她都說好吃，而自稱吃東西很刁的劉詩詩也盛讚老公手藝真的很好，顯然兩人很享受廚房裡的夫妻生活。,6.625,3.875
reflection_01160,reflection,經救護車送至本院急診，EKG呈現VT/Vf故去顫，懷疑是AMI於是接受PCI，並於術後收治CCU。,4.5,3.5
reflection_01000,reflection,55歲男性，被初步診斷為雙側肺炎、胰臟炎、敗血症而住進加護病房，他的呼吸狀況持續惡化，HFNC(High Flow Nasal Cannula)越調越高到78%-80%，且因他之前有動過Tongue cancer手術，臉部帶氧氣罩無法密合，因此不能使用NIV，醫療團隊擔心若呼吸狀況仍無法改善可能會需要插氣管內管，因此與病人及家屬討論簽同意書的意願，病人因之前有放過鼻胃管很不舒服的經驗因此拒絕插管，醫療團隊與他溝通許久，病人還是不願意，但家屬們都希望可以積極治療，與家屬討論，醫療團隊的立場是希望能尊重病人意願做處置，若他們堅持要積極治療，就需要請家屬們去說服病人，後來在病人女兒的勸說下，病人終於同意簽同意書。,4.5,4.375
sentence_01775,sentence,兩個人之間走到盡頭原來不是咬牙切齒的恨意,4.667,4.667
text_02578,text,英國名廚JamieOliver的餐飲集團兩年前就出現經營問題，但一直苦撐下來，最終還是因找不到買家宣佈破產收場。,3.125,4.714
edu2021_00559,edu2021,這堂課讓我感覺很有趣，這是我第一次那麼詳細的了解,7.714285714285714,6.833333333333333
sentence_01644,sentence,警方追截可疑私家車連開三槍,4.667,6.667
text_00588,text,是我在北戴河附近住過的的比較舒適的飯店，是凱萊管理的，從服務到設施都比較正規。,6.429,5.0
sentence_02394,sentence,我也感到與有榮焉,6.5,5.2
text_01414,text,智慧電風扇則是從同學家的XBOX360Kinect體感遊戲機獲得靈感。,5.0,3.25
text_02289,text,北京時間5月27日訊息，據國外媒體報道，我們的大腦非常發達，現已進化至可以構建人造大腦的程度，通過人造大腦有助於科學家更深入地分析人類大腦。,6.143,5.429
sentence_01573,sentence,每天都在極度睏倦中度過,3.333,4.333
edu2021_00368,edu2021,並無感覺太大困難之處,4.916666666666667,2.785714285714286
reflection_00702,reflection,如果是院內員工就可以探視自己的家屬，但如果跟這個醫療體系毫無瓜葛的路人，就只能透過電話聽到自己至親的消息，甚至連他現在長什麼樣子都不知道，我覺得身為家屬的多少還是會有點難以諒解，人生的最後這條路一生就只有一次，但其實我也不知道怎樣做能讓這件事好一點，或許能考慮放一台螢幕在旁邊讓家屬能隨時看到病人，而且可以跟他說說話，幫他加油打氣。,4.125,3.0
edu2021_01387,edu2021,今天上的很多都還蠻有趣的，但是課本還是要多看才會比較了解這些概念,5.642857142857143,4.214285714285714
text_01888,text,釣魚臺若真成戰場，除了中日彼此敵意更加難解之外，日漸整合完成的東亞經濟圈更將蕩然無存，對於區域發展甚至全球經濟復甦皆是重傷害。,3.9,4.5
text_00716,text,電視搖控器不見了，後來在我強烈要求下，酒店人員可能動用百度搜索到搖控器，這才罷休！,3.5,5.0
edu2021_00352,edu2021,最近的課我都有聽沒懂,2.714285714285714,4.5
text_01395,text,大火伴隨濃煙，像魔爪揪住一家10口，感情好的一家人，即使女兒大多出嫁，還是常常回家陪伴父母，幫忙自家早餐店生意，還會在孃家小住。,5.222,4.0
edu2021_01240,edu2021,真的是收穫良多，又是一堂很棒的課程,7.25,6.166666666666667
reflection_01552,reflection,你的感受為何（使用情緒詞彙） 1. 當下我感到憤怒2. 原因是我認為他應該要對於自己的疾病嚴重度有所了解，應當知道現在攸關性命，當務之急是趕緊穩定身體狀況，而不是討價還價。,3.375,6.0
reflection_00777,reflection,"4月6日,病人出現desaturation並且有hypoxia的情況,懷疑是感染或阻塞進展所致,因此使用了BiPAP與Fi0270%來幫助呼吸。",4.4,2.625
sentence_01225,sentence,一家旅店員工在客房發現三具屍體,3.0,4.0
reflection_00555,reflection,兩天後為了確保呼吸道，他同意預防性插管，沒想到又過了兩天在做支氣管鏡時，血氧跟血壓開始掉，升壓劑全上血壓還是只有60 幾，因此找了家屬討論是否要裝ECMO。,3.625,4.875
text_02101,text,美國司法部長巴爾，出席國會參議院司法委員會聽證會，巴爾對特別調查官米勒完成的通俄調查報告，沒有就總統特朗普有否妨礙司法公正的問題作出結論，感到驚訝。,4.0,5.4
sentence_01508,sentence,本來清國也能從中獲利,4.333,3.667
sentence_01596,sentence,電視臺我只認攻勢,5.4,6.0
reflection_01305,reflection,病危的場景每個決定都可能影響甚深甚遠；除了清楚家屬動作的內容目的、理解情緒與告知利弊外在清清楚楚立定切結書的前提下我想我會尊重家屬的選項。,5.4,2.875
text_00512,text,真的!!不怕死的就買TOYOTA;安全配備極差，開船上路還亂開的不少，要小心被撞~怕死的就買FOCUS;版金好,3.5,5.333
edu2021_00873,edu2021,我認為可以稍微補充以及多舉些例子，好讓我們比較容易理解,4.833333333333333,3.642857142857143
text_01922,text,「四代世襲」的主人公，但二○○一年金正男持假護照入境日本遭驅逐，後來就傳出他被剝奪接班的資格。,4.222,5.25
reflection_00113,reflection,"可以怎麼做新發現了什麼有無新的認知或體認有無新的觀點以上的描述只是當下很直覺的反應,但醫學教育有訓練我們要有同理心。",4.875,2.0
text_02842,text,在三腳督對戰情形下，之前民調始終領先的高雄市長韓國瑜的支援度竟輸給臺北市長柯文哲，兩人呈現旗鼓相當態勢。,5.0,4.889
edu2021_01232,edu2021,作業內容有一點深，導致作業做不出來,3.416666666666667,4.071428571428571
text_02173,text,新時代的供應鏈不只需要充足電力，還必須是符合環境標準的綠電；然而綠電不包含核電，在美國環境保護局的定義中，核能算是傳統能源的一個分類。,5.0,3.143
edu2021_01441,edu2021,哦...感覺老師教得有點快，然後希望字可以大一點,3.0625,4.357142857142857
sentence_02352,sentence,如夢般迷離又明晰,6.0,4.667
reflection_00310,reflection,更重要的是，精進自己放NG的技巧，最好能在給予病人最少痛苦中結束置放，類似的事件也不會再發生了！,5.5,5.125
sentence_01144,sentence,從國中知道他是臺中人就覺得特別有親切感,6.333,5.0
sentence_01474,sentence,最使人頹廢的往往不是前途的坎坷,3.5,6.0
edu2021_00477,edu2021,課堂上老師舉了不少生活化的例子讓我們理解，真是太棒了,8.333333333333334,7.416666666666667
reflection_00663,reflection,在這兩週當中我盡量多去看看病人，一方面去觀察病人的狀況的改變，另一方面希望病人看到我多幾次的話會比較放心。,5.9,5.5
reflection_00185,reflection,"就如同張維安老師所說,若無全員達成共識,做決定的那人往往會被當成間接造成親人死亡的兇手。",3.75,4.6
edu2021_01279,edu2021,考試要加油，收穫良多,5.416666666666667,4.25
reflection_00709,reflection,描述事件我的primary care是一個肺癌治療的病人，這次因為肺炎造成敗血性休克而病情急遽惡化，原本病人已在健保卡上預立DNR，但因為配偶希望能拚一下於是進行插管，在ICU治療後病況並沒有好轉，因為呼吸器持續使用的關係甚至惡化成ARDS，因為插管插了一段時間，所以要轉成氣切，但配偶不希望違反病人之前的意願，所以不希望進行氣切。,3.5,4.375
reflection_00926,reflection,第一個案例是病人家屬不願接受病人離去的事實，在病人已經沒有Vital Sign的情況下，甚至還想要親自幫病人CPR，當時老師同意讓該家屬上去壓胸30分鐘，自己則在旁邊用聽診器測量心跳，這個舉動其實不是在治療病人，是在治療家屬，相信在這麼做之後，家屬也更能接受病患離去的事實。,4.75,5.125
reflection_00448,reflection,2.我的感受在會談過程中，我深深覺得溝通不良，並且認為家屬似乎沒有想要解決疾病問題，只是一直在做情緒抒發，過程冗長而且一直鬼打牆，有點不耐煩。,3.3,5.875
sentence_00469,sentence,他這種文風是智商隔離,4.0,4.667
reflection_01540,reflection,吳先生一開始來的時候，意識狀態清楚，除了心跳快之外其他包含血壓、呼吸次數以及血氧濃度都在正常範圍內。,5.5,2.3
reflection_02187,reflection,對醫療的現實面來說，延長插管治療不僅增加病人併發症風險更是一種資源浪費，然而受到法規的規範，我們也不能擅自為家屬作決定，只能等待家屬下定決心的那天到來。,4.125,4.875
text_02482,text,這是西安的陸家嘴和中環，是整個大西北富人悄悄前來朝聖的奢侈品天堂，這裡象徵著財富、階層與品味，閃爍著煤炭黑金的光芒。,5.333,3.5
reflection_01582,reflection,我沒辦法回答，好難。,3.875,3.8
sentence_01467,sentence,他是從泥淖奮力往上爬,6.333,5.5
text_01909,text,劉耀仁指出，所有與直接執法無關的人員都不應領取罰鍰獎金，因此，明年共編列一億六千一百多萬元道安獎勵金預算，應刪除交通局所屬單位四千八百多萬元預算，交通大隊分食二十八％罰鍰獎金的內勤主管共三千一百多萬元也應刪除，如此一來，市庫將增加八千萬元收入。,5.889,3.857
sentence_00777,sentence,我們只是落向廣袤大地的無數雨滴中那無名的一滴,4.0,2.75
text_00315,text,爛到最後，大家都一起爛了！,3.25,6.143
text_01962,text,過春節，而且過節氣氛比過去濃厚，但北韓的黨政軍也沒有忘記，利用老百姓過節時，加強灌輸對金正恩的忠誠度。,4.714,4.0
sentence_01445,sentence,唯恐天下人人不知,3.667,4.667
edu2021_01440,edu2021,已經比以前還要能把握重點了,6.714285714285714,4.333333333333333
reflection_02288,reflection,但是到沒有辦法的時刻，又不得不放手，這時候又讓我覺得生命很輕，白天走的病人到了下午會有後面滿滿等床的病人排上來，每天都沒有空床，好像這樣離開的病人彷彿只是轉院出去。,3.75,5.75
edu2021_01518,edu2021,使用的比喻很生活化、淺顯易懂,7.0,4.666666666666667
text_00720,text,我住的是2樓，窗戶不能上鎖，不夠安全.,3.625,5.429
edu2021_00078,edu2021,我發現這個應用非常廣泛，令我印象深刻，也從中獲得很多資訊,7.0,4.285714285714286
edu2021_01591,edu2021,剛開始有點不適應，加上作業與小考，讓我更吃不消,2.642857142857143,4.333333333333333
edu2021_01092,edu2021,今天再次講解了各種形式的算法，也複習了昨天的課程，對內容更了解,6.571428571428571,2.5
text_00994,text,沒有一部可以直接打得通的電話，有一部聲訊電話，打10次。,3.429,6.75
sentence_00794,sentence,實際上紐約慈航基金與慈善沒有半毛關係,4.667,3.75
reflection_01544,reflection,當下我覺得錯愕，因為此病患病情並非惡化到無法治療，再多搶救也只是徒勞無功的狀況，若經過醫療團隊妥善照護後或許有機會好轉，雖然可能無法完好如初，但並不會很快進入到需要臨終的情形，並且觀察家屬的情緒，想必與病患感情深厚，所以不太能理解家屬放棄治療的想法。,3.6,4.9
sentence_01097,sentence,形象吹的神勇無敵,5.0,5.0
text_02816,text,5.286,3.875,0.452
reflection_02047,reflection,看到這幾幕讓我當場十分震驚，也深刻感受到醫病關係上的緊張與衝突。,3.625,6.375
edu2021_01330,edu2021,今天教了許多未來的趨勢，希望能在這章多了解相關知識,5.916666666666667,2.5
edu2021_00183,edu2021,讓我對於計算過程更清楚明瞭,6.416666666666667,3.928571428571428
reflection_02495,reflection,我目睹了拔管的過程，看著學姊細心的操作各個步驟，一邊鼓勵病人「你拔管以後要靠自己呼吸咳痰囉」,4.0,5.1
text_01666,text,陳致中強調，「從陳沖最近幾次的發言（包括不贊成不運動就是懶、四大基金虧損不改善他願負責等）讓我們看出他應該不是無感，他應該有理性的思維、獨立的判斷，也知道大多數民意的期待與想法，儘管內閣滿意度很低，但我在想如果他能夠獲得更多授權與施政空間，我相信他可以把工作做得好一點」。,4.375,4.556
sentence_00386,sentence,則不可得志於天下矣,4.0,4.2
reflection_02509,reflection,離站前的最後一天，因為前天晚上急插管，在與安寧護理師的協助之下，主治醫師進行了病情解釋，這一週以來，其實病情並沒有好轉，既定的腹水因為血壓問題無法處理，血壓對升壓劑的反應又有限，因為病人意識清楚，對於積極處理要到什麼樣的程度以及是否要讓病患知道自己的狀況的問題壓迫著家屬們以及醫療團隊，在一旁旁觀的我們也可以感受到那扼住脖子的兩難，在醫療走到如履薄冰，我們能做的只能盡量與家屬溝通解釋，並且與他們一同面對，傾聽每一位家屬的意見，不僅是給他們的不捨一個宣洩的出口，也是從他們與病患日常的相處之中，萃取出對病患最好的治療方式。,4.125,3.5
sentence_01150,sentence,被持槍搶劫130萬女官員,3.0,5.0
sentence_00388,sentence,總有一種不祥的預感,3.5,5.6
sentence_01361,sentence,他們之所以囂張跋扈,3.4,5.0
text_02342,text,近期好價，有需要的值友可以入手~PE全材料，點斷連卷式，平口垃圾袋，質地厚實，韌性強，簡潔方便，耐磨不易破損。,6.6,4.833
text_00756,text,賓館一半的房間都沒有陽光、不通風。,3.222,4.5
text_00719,text,房間較大，住的滿舒服的。,6.556,4.857
sentence_01936,sentence,畫的最偏心的四人,4.0,4.5
sentence_01691,sentence,除了哄騙部分無知之人為其捐款之外,3.25,5.75
edu2021_00349,edu2021,教得非常之好，今天的課程真的很棒,8.25,6.357142857142857
text_02404,text,不可避免的，這種模式容易出現騙局，雖然從業者都是精明人，但欺騙者通過長時間的正常交易獲得信任之後他們也可能會麻痺大意。,4.0,2.875
reflection_00739,reflection,這一切都是需要自己更多學習且不斷精進累積。,6.5,3.375
reflection_00714,reflection,畢竟靠呼吸器維持vital sign對我來說不能真的叫做活著，即使我有意識，我還是只能被困在床上，生不如死，那還不如早點拔除管路，貢獻身上的器官，用自己生命的盡頭來延續他人的生命，豈不也是功德一件?,4.5,4.2
reflection_01992,reflection,身為醫療工作者，我們該做的就是努力提升自己的照護品質，提供所有可能的選擇，然後尊重每個決定。,6.125,3.4
reflection_02248,reflection,其實這次來見習也聽老師講很多ICU病房的抉擇，就誠如之前提到的，急診還有很多人在等，病房也有人會有變化，我們該怎麼辦？,3.75,4.8
sentence_01430,sentence,優雅的公司名字可以使到他國放下成見和戒心嗎,4.4,6.25
sentence_00456,sentence,當你選擇看過程的時候時間已經悄赤滷q你身邊溜走啦等你反應過來頓悟啦已經是兩鬢斑白啦那還是算是智者嗎,2.667,7.667
reflection_00447,reflection,我方不斷的想要讓家屬理解往後治療的風險，但是家屬卻一直在說阿公很辛苦要經歷這些疾病等等的，並沒有給予適當的回應，提到治療風險，只是點頭，好像並沒有完全了解，甚至給予一些文不對題的答覆，讓人非常困擾。,3.875,6.625
sentence_01278,sentence,瑞巖溪野生動物重要棲息環境,5.333,2.667
reflection_00798,reflection,另一個問題即是面對病患時，我們往往希望對方能夠如應聲蟲，當個yes man，沒有太多主張不會反驳，也就是所謂的好溝通，但這真的是件好事嗎？,3.125,6.75
text_01836,text,據轉述，馬指出，有的國營事業屬於獨佔、寡佔，有的則要面對自由競爭，情況都不相同，他支持改革，「行政院也支持這樣的改革！,5.556,4.375
edu2021_00410,edu2021,今天上課的內容覺得蠻有趣的，而且今天能吸收的內容較多,6.583333333333333,4.083333333333333
text_02783,text,很多人在生活中都會有一些自己的習慣，雖然經常得不到旁人的理解，但是真真確確地可以幫助自己提高生活幸福感或者工作專注度。,6.5,3.875
edu2021_00110,edu2021,今天講的覺得滿神奇的,6.416666666666667,6.083333333333333
reflection_01224,reflection,我想究竟該將病人放到如何的地位，每位醫師應該都有不同的看法，從以前剛進大學時，各種醫界的前輩總是時時刻刻告誡我們必須要「視病猶親」。,5.3,3.125
reflection_02054,reflection,在急診做了一組CT後，的確肝臟附近有一包明顯的abscess，但急診醫師判斷此次腹痛原因應與先前的手術無關，所以並沒有把病人送到泌尿外科，而是上來MICU。,4.125,2.25
edu2021_00034,edu2021,今天講的東西很明確清晰,6.416666666666667,4.071428571428571
text_02635,text,今天淩晨，在納木錯開展的第二次青藏高原綜合科學考察研究中，由中科院空天資訊研究院研製的繫留浮空器成功挑戰海拔7003米的高度。,7.0,4.125
text_01694,text,其實「國是會議」的意義，是當現有體制的正當性有所不足時，用以在體制外召喚「國民意志」，藉以補足重大改革所需的正當性來源。,5.333,4.875
reflection_01442,reflection,我了解到會客時間除了是在跟家屬解釋病情外，從中也可以知道家屬對於病人的積極度，對這些疾病發生的感受，這些雙向的溝通，也能夠讓醫療端知道怎麼樣去協助這些病人及家屬，例如：讓社工介入低收入戶，避免病人因為經濟狀況不去治療；又或者家屬因為病人的疾病突發事件情緒崩潰，ICU護理師也常常會很熱心的安慰病人家屬。,5.625,4.875
reflection_01229,reflection,沒有對我們投以任何不理性的舉動或是語氣。,6.0,3.6
text_00490,text,保養買車容易養車難...騎機車很方便油錢保養都便宜停車也不用收錢只是辛苦了點下雨天麻煩天氣太冷或天氣太熱都不方便那又怎樣反正只是上下班而已忍耐一下嚕!幹嘛為了那一點爽度而去浪費辛苦賺來的錢呢!!!體諒老婆是好男人的行為!!!但是請量力而為吧!,4.875,5.143
sentence_02215,sentence,能掀起什麼大風大浪呢,4.667,4.667
reflection_01838,reflection,為此台灣催生了病人自主權利法，保障病人知情、選擇與決定的自主權利，此法立意良善，已上路三年，但在我看來依舊推廣不足，不僅僅是病人本身，包括家屬、整個社會、政府機關、醫療院所都該做好教育宣導，讓大眾建立善終概念，對於未來不論是預立醫囑或是為家人做決定都能更有方向。,5.5,3.9
edu2021_00038,edu2021,真是的! 舊的都還沒學精，現在又要我們學新的，覺得好累,1.928571428571429,6.833333333333333
reflection_01903,reflection,我們請婆婆不要站起來走動，這樣危險，她說我們不要管她，她只是想幫爺爺擦手。,4.25,5.75
sentence_01875,sentence,你那無家可歸飽經風波的人們,3.0,6.0
sentence_00682,sentence,資訊多到數不清的世界,5.667,5.667
reflection_00907,reflection,往後面對任何的病解，我可以更同理一點家屬為何在做決定之後幾天可能會有立場反覆的狀況、以及為何家屬遲遲無法做一個很危急的處置決定，因為對於醫師來說，我們大可以就事論事的治療疾病本身，失敗就下次再努力。,4.5,2.75
text_01562,text,北韓核試後，環球時報總編輯胡錫進發表微博稱：朝鮮走在錯誤的路上。,4.375,3.875
reflection_01326,reflection,"這兩週，看著勝斌學長跟家屬病解、處理病人的complaint,打病歷，有條不紊、沈穩地將一件一件事情完成，就覺得很佩服，覺得老師跟勝斌學長都有一樣讓人感覺到沈穩的氣質。",6.0,4.25
edu2021_00237,edu2021,老師講了些應用，增加了我對這方面的認知,6.833333333333333,3.928571428571428
reflection_00431,reflection,描述事件病患為一52歲女性，左胸前有一15*15公分巨大的突起糜爛腫瘤，但10餘年來從未就診。,2.375,5.5
sentence_01148,sentence,他富有我不覺得自己高攀,6.0,5.25
sentence_00567,sentence,管理層太商業化到無底線,3.6,5.0
text_02078,text,與此同時，Cortana也由搜尋框中分離了出來，不過這似乎更多是個介面上的改動而已，而不是真的將兩者做區分——你依然可以在搜尋框中執行Cortana的工作。,5.0,2.0
text_00470,text,我也從沒買過toyota的車不是toyota不好純粹是預算剛好不在那個階層;除了老婆曾在加拿大買了一台yaris;但我從不認為別人買toyota就是不懂車或啥的青菜蘿波各有所好如果你的車被說成是垃圾/會撞死人的車.,3.667,6.375
text_00866,text,挺快的，這個價錢這個配置很值得,6.75,4.667
edu2021_01521,edu2021,講的並不太清楚且速度偏快，讓我沒有足夠時間去消化這些東西,2.916666666666667,4.333333333333333
reflection_02346,reflection,社會上的人百百種，每個人都有不同的想法和顧慮，除了醫療上的評估外還需要更多的醫病溝通，不但要讓病人盡可能了解我們醫學上所需要的檢查和處置，也要盡所能去了解病人社會上生活上所擔心和顧慮的事情，才能在彼此的溝通上更加順暢。,6.125,2.5
text_01149,text,兒童職能治療師張旭鎧說，要教導孩子有禮貌的家長，第一步應該反問自己：「我對孩子有禮貌嗎？」所謂身教重於言教，孩子會依循爸媽的模樣去學習待人處事的禮貌，所以爸媽更不能忽視自己的責任，必須提供孩子良好的示範。,6.444,4.857
text_01403,text,難以忍受、醫藥無法治療的身心痛苦。,2.889,4.286
sentence_01093,sentence,1說是制度悲哀1說是人悲哀,4.0,4.667
sentence_01407,sentence,由於特權階層社會法則就是這樣教會中國人的,4.0,5.0
text_01496,text,因此在他們前進美國爭取世界冠軍前，很多人並不看好TPA能有亮眼成績，甚至臺灣內部都有很多質疑的雜音。,3.75,4.444
edu2021_01146,edu2021,發現原來這麼麻煩，不過真的很有趣,5.5,4.5
reflection_00659,reflection,二、你的感受為何：當下我感到憤怒與疑惑。,1.5,7.3
reflection_01721,reflection,家屬會客時，老師不會強調媽媽已簽了DNR，法律層面而言應遵照本人意願，而是盡量不給家屬太大的壓力，只適度的提起媽媽的心願、以及少讓媽媽受苦，家屬後來也慢慢看開，同意簽署了升壓劑下調、不再上調，然而，隔天家屬看到病人低血壓後，似乎開始猶豫，詢問血壓低會不會怎樣，老師則解釋這樣算是低血壓，而不再提起升壓這件事，我思考後，認為老師的作法值得學習，因為若再提到升壓劑，家屬可能會覺得是自己的決定導致，而感到後悔及自責。,4.7,4.0
reflection_00513,reflection,並且可以做個大致上的總結，可以回問家屬我們的理解是否與家屬想法有出入。,5.0,3.0
edu2021_00402,edu2021,說實在昨天教了什麼有點忘記了,3.666666666666667,3.285714285714286
sentence_01127,sentence,你們如果不饒恕別人,4.5,7.5
sentence_00042,sentence,獨處還需要花學費學習,4.0,6.5
reflection_02527,reflection,我覺得我在學習怎麼平衡medical跟paramedical的考量決策上還有很需要學習的部分，而醫病溝通也是我認為在加護病房裡非常重要的學習重點，不管是告知壞消息、討論要不要氣切、討論DNR，每一次的對談與回饋都值得我去想想到底怎樣做才是最好的決定。,5.375,3.125
reflection_00554,reflection,來的是女兒、兒子與太太(前妻？)，老師和CVS 的學長向他們說明了葉克膜的用處及併發症，像是雙腳壞死、身體各處出血、感染等，用了也不一定救得回來，畢竟目前還是不知道咳血原因，反而可能讓病患走的痛苦，也不好看。,3.7,5.25
text_01008,text,一點不足的是鍵盤不是很滿意，如果用慣了ThinkPad，尤其不適應，不常用Notebook的可能就不會太在意了，比某些國產的品牌還是稍好的.,4.5,4.571
reflection_00072,reflection,"描述事件具體發生了什麼事一位65歲女性因為Hepatic failure,原本在肝膽內科病房因為Shock而轉至病房,原定計劃是穩定後進行肝移植,但vital sign一直不穩定,甚至最後用到三線升壓劑。",2.625,6.5
reflection_02129,reflection,這其中的分寸拿捏，還需 我們來評估斟酌， Do no harm這件事，可不僅僅體現在開藥、手術等重大醫療決策上，而是應融入照顧病人的每個行為之中，時時思考什麼才是對病人最好的。,5.375,3.5
text_01794,text,要抗爭不就是大聲說拎杯反對你這個無能立委快點出來面對結果找人割闌尾怕被抓還要宣稱自己是路過絕對沒集遊這回事到底哪國的抗爭這麼孬?,2.556,7.556
text_02799,text,不料2人心生歹念，聯合另外2名男子偽造哥哥是某公司董事長的假像，還偽造1張1億元的本票，想趁機詐騙自己的父親，最後詭計被識破。,3.111,4.375
reflection_01180,reflection,死亡對我來說應該是莊嚴、安寧的，大家應該放下手機，向婆婆做最後的道別。,4.8,4.375
sentence_00799,sentence,回國無門且官司纏身,2.5,5.75
text_01537,text,他愛孩子卻不知如何表達自己，更不知如何面對屬於父親的軟弱、焦慮和哀傷。,3.0,5.375
text_02249,text,隨著美國禁令逐步生效，越來越多的企業選擇與華為停止合作，其中包括谷歌、英飛淩、ARM等等，現在華為幾乎每天都會迎來一個壞訊息，令人心揪。,3.222,4.556
text_01739,text,我建議警方要注意點就算學匪在怎麼無理攻擊學匪的老娘也是無辜的.,4.0,5.0
reflection_01717,reflection,我的感受我覺得很難過，因為媽媽本人的意願其實是不想被插管，但目前失去意識的她，卻需因家人於情不忍，而違背他之前的心願，繼續承受各種管路的痛苦。,3.625,5.25
edu2021_00507,edu2021,幾十年前的人的想法竟然還能適用於現在，他的高瞻想法實在難以想像,6.916666666666667,7.916666666666667
edu2021_00688,edu2021,上課使用的譬喻法跟例子很難懂,2.583333333333333,3.333333333333333
sentence_00748,sentence,可惜沒有奶只能靠召喚石輔助,3.5,4.0
edu2021_00539,edu2021,上課內容有點聽不太懂，但還跟得上,4.666666666666667,4.416666666666667
sentence_01118,sentence,也不會惡言相向,6.0,4.0
text_00503,text,事後我已經去裝原廠後內鐵了拍賣店家有進HONDA原廠後內鐵裝到好大約10張小朋友有找)Altis放馬過來吧當然是說說而已..希望所有車主小心開車~安全第一啦!)我在VtecSpirit的ID跟這裡的一樣啦~請多多指教),5.333,4.0
reflection_00396,reflection,我和老師、學長們都覺得都一樣是要做侵入性的處置，為什麼只同意一半呢？,4.25,4.625
text_00007,text,兩代人之間的鴻溝在優美的文字中慢慢地彌合，讓我回味、思考了很多。,6.4,4.571
reflection_02104,reflection,醫師表示：「外科醫師一定是會盡可能減少手術時間，因為時間越長風險一定越高。,4.7,4.0
sentence_00466,sentence,過了整整一天才有進去救援,3.25,4.4
text_02171,text,雖然該建議不包括基於該缺陷可能網路攻擊的任何詳細資訊，但BSI警告說，駭客只需向其目標傳送包含特製檔案的惡意電子郵件，在某些情況下，甚至不需要開啟該檔案。,3.0,6.0
reflection_02444,reflection,過程中病患明顯表達不滿。,3.0,5.5
edu2021_01094,edu2021,我今天學完後，就想體驗一下,6.642857142857143,4.75
sentence_00352,sentence,會期待別人依照他們的準則做事,5.75,5.75
text_02779,text,土耳其搜捕101名未遂政變涉案嫌疑人-新華網新華網土耳其搜捕101名未遂政變涉案嫌疑人---報道說，土耳其警方在全國至少18個省同步展開抓捕行動。,4.5,5.0
edu2021_01327,edu2021,已經快到學期末了，一直都覺得老師很認真地講課,6.833333333333333,4.416666666666667
sentence_00374,sentence,所以其施政剛猛直接無謀無畏,6.5,6.0
sentence_01011,sentence,總是非常滑稽且激烈的進行,4.8,7.5
text_01132,text,他希望，在這1年中最特別的時刻，每一個家庭，都有溫暖的團聚；讓親人的愛和溫暖，帶來最深的祝福。,6.143,4.5
sentence_01209,sentence,附十合一專業寵物清理配件組,6.0,4.0
reflection_01558,reflection,描述事件：一位入院 ICU 病人有 acute kidney injury with severe metabolic acidosis，腎臟功能曾惡化到有需要進行洗腎的可能性，近幾天腎臟功能有緩慢好轉， 但在會客時家屬想讓病人服用一些健康食品，雖然主治醫師當下解釋目前病人狀況並不適合後家屬同意不使用，但隔天主治醫師查房時才發現家屬後來還是決定給予病人此食品,4.0,3.375
text_01982,text,支援FACE的，應先推動終身監禁不得假釋配套再提FACE。,4.444,5.556
reflection_00436,reflection,而在講解後續處置風險時，應適時停頓，眼神與家屬交會，確認家屬的理解程度，如果看似無法理解，可以換個方式說看看、放慢速度再重複說一次或是適時的向家屬提問，以避免無效率溝通。,5.0,1.75
sentence_01790,sentence,製造過最觸目驚心的饑荒,2.5,5.333
text_00272,text,並不後悔當初的選擇。,5.5,3.857
reflection_01245,reflection,4. 你可以怎麼做: 嘗試了解家屬情緒：家屬對於突然的病情惡化毫無預期，在混雜著錯愕、慌亂和悲傷的激動情緒之下，無法理性的思考與討論。,4.25,5.875
reflection_00701,reflection,他在外院時便已先被診斷出massive pericardial effusion卻抽不出來，因此轉至高醫做後續的處置。,4.8,3.75
reflection_00174,reflection,"對於這樣的無力感,或許現在的我能做的事情並不多,我認為這兩周在ICU很幸運可以好好跟維安醫師學習如何向病患家屬說明情況不好的病患的病程,不強迫家屬做決定,以溫柔且安定的語氣討論病患未來的計劃。",3.625,2.625
text_02364,text,很多上了歲數的朋友們一定還記得經典的蘋果ImaMac系列廣告，妙趣橫生的二人轉既讓人會心一笑又能準確突出Mac產品的賣點。,7.0,5.857
text_00159,text,朋友看到我有一套《我的路》也很想要，所以讓我幫她買。,5.4,3.444
sentence_00235,sentence,不論是辦報紙還是鬧革命,4.75,5.25
reflection_00630,reflection,我們與不過在MICU期間，為了釐清methemoglobinemia產生的原因，病人家屬通話詢問時發現病人房間有一罐打開過的威猛先生，但病人房間並沒有衛浴，且家屬表示他們平常沒有使用威猛先生的習慣，加上做PE時有觀察到病人的雙腿有切割傷，疑似自殘的痕跡，所以我們懷疑病人是想飲用威猛先生自殺，choking後造成昏迷，而留在體內的清潔劑造成methemoglobinemia。,4.0,5.25
reflection_00233,reflection,而家屬的兒子可能於週五看著母親在半夜收上加護病房後，在這樣的焦急裡度過了一個週末，因此在週一會客時，各種不安的情緒便一股腦地在見到醫護人員時宣洩出來。,3.5,5.625
reflection_02410,reflection,醫療過程不是單單指照顧病人，亦要感受其家屬的感受與壓力。,3.75,3.8
reflection_00868,reflection,"無最近親屬者,應經安寧緩和醫療照會後,依末期病人最大利益出具醫囑代替之。",4.5,2.25
reflection_01087,reflection,這是在跟著主治醫師會客查房時發生的事，病人是一位老阿嬤，這次因為MI入院做心導管，住院期間發生Sepsis，懷疑源頭是pneumonia，由於心血管方面的問題已經穩定下來，準備轉入普通病房控制感染。,4.2,2.5
text_02327,text,這座城市有一群野心勃勃的人，他們不但可以將房子搭建得有趣、有顏、又有料，更打算將明天也塗上屬於自己的顏色。,7.0,5.375
sentence_01578,sentence,最奇特的就是都是簡體字呢,6.0,6.0
text_00616,text,我是出差在瀋陽，本來我以前已經買過一個，這次的本本是幫朋友買的，比原來的性能和配置有所提高，但是價錢反倒降下來了，提高的地方主要有兩處：一、N270提高到N280，六芯鋰電的容量從4400毫安培提高到了5200毫安培，很值得購買，我用了兩個月，樣樣功能都很好！,7.0,4.857
edu2021_00722,edu2021,今天上的好像比平常自己在學得要更接近了,6.333333333333333,4.785714285714286
sentence_02571,sentence,雖然他說這當消遣,4.4,4.75
reflection_00273,reflection,我心裡想著他們從台東遠道而來，不知道什麼時候，他們會希望回到部落善終。,3.875,4.9
text_01974,text,王金平也說，行政院將在二月底前擬具績效獎金的覈算辦法送立法院備查，立法院屆時再來「深入探討」。,5.333,3.714
text_00645,text,可能這位小姐心情不是很好對我即是嘆氣又不耐煩，可是在與老外交談時態度可以同5星飯店比較一下了。,3.143,4.875
reflection_00835,reflection,但我應該需要去區分醫療端能做與不能做的事情（在見/實習的時候多吸收知識、並清楚自己擁有的工具並熟練），與在面對不同狀況的病人時醫療端所能夠達到的極限（盡力硏究自己的病人與老師的想法），以盡自己最大的努力，剩下便聽從上天的安排。,5.0,4.5
sentence_01472,sentence,充滿了女性的嫵媚,6.0,5.0
text_02446,text,即使我們承認胚胎是一個人，這也不表示女性就不能墮胎，因為女性對自已的身體有自主權，而這個自主權，並不會因為我們承認胚胎是一個人，就可以剝奪走的。,5.375,4.857
text_01875,text,蘇貞昌指出，馬政府讓年輕學子惶惶不安、國家沒有希望，自己不覺得難過嗎？過去一年來大家都過得不好，物價一直上漲，年輕人不敢結婚、生子，微薄薪水買不到幾瓶奶粉；馬英九是「好命子」，跟人民完全脫節，不知道什麼是飢餓。,3.222,4.889
edu2021_00988,edu2021,今天的課感覺變有趣了,6.75,5.071428571428571
text_01393,text,求求你們，向我們這些無助的家長伸出援手。,3.375,6.5
text_01714,text,雖然選戰很激烈，我們都基於對國家熱愛而出來投票。,5.667,5.167
sentence_00484,sentence,可是說謊就不同,4.0,4.2
edu2021_01181,edu2021,對於課程有稍微的了解，但還是需要老師多示範,5.5,3.75
sentence_00497,sentence,如果供產商的產品隨時可能被課以高關稅就會影響他的銷售價格和自己的利潤,5.0,6.0
reflection_00531,reflection,每位醫師其實都很努力想救病患。,5.5,6.625
reflection_01832,reflection,但當安寧照會師以及其他家人（阿公、二兒子）也加入family meeting的時候，我看到了爸爸捨不得放手，以及二兒子抱著一丁點不符合實際情況的希望，也從女兒口中得知人在澎湖的大兒子希望能續命搶救。,3.75,5.5
sentence_01398,sentence,綁架了中國人民,3.0,4.667
text_01189,text,老實說，小孩不笨，他們知道去資源班會被歧視，我聽過其他孩子稱呼資源班的小孩是「資源垃圾」，小孩不願去、家長不承認孩子有狀況，一直拖，拖到最後就變成這樣：國小畢業，卻可能變成文盲。,3.0,5.222
edu2021_00552,edu2021,很多是我以前沒聽過的東西，感覺很不錯,6.714285714285714,4.0
sentence_00238,sentence,內心罵了幾百遍還是默默坐下校稿子,4.667,4.0
reflection_01940,reflection,- 這些決定(如插管)，會影響她丈夫後續的治療計畫，同時他也要考慮到她丈夫的意願，其實蠻複雜的。,4.2,4.3
sentence_00902,sentence,不然只能用暗示的,4.0,3.333
sentence_01725,sentence,精疲力竭的絕境,3.0,5.667
reflection_00862,reflection,"試著先尊重病人家屬的想法,再請團隊中的社工師、醫療爭議處理的團隊一起介入,慢慢緩和家屬情緒,並讓家屬有一個情緒發洩的出口,也才有機會與家屬理性溝通。",4.875,2.5
text_02900,text,糖尿病剛開始可以透過藥物、飲食控制及減重等方式治療，若不好好控制，體內負責分泌胰島素的胰島細胞失靈，就得長期倚賴注射胰島素了。,3.556,5.667
edu2021_00021,edu2021,雖然課本都是用原文，但課堂的講解都有讓我更了解一些,6.0,4.583333333333333
reflection_01006,reflection,但後來在冷靜下來後，我反思整體情況。,5.25,2.3
edu2021_00256,edu2021,在課程中舉的例子有些複雜，不過蠻吸引人的,5.583333333333333,4.416666666666667
text_00728,text,覺得服務員有點冷淡。,3.556,3.857
sentence_01305,sentence,但令我心動的是他看我的眼神,6.0,7.0
reflection_01247,reflection,2.你的感受為何（使用情緒詞彙）:當下我感到憤怒，感到憤怒的原因是我可以感覺到主治醫師當下的妥協，並不是充分溝通達成共識的結果，而是選擇了放棄溝通。,2.7,7.1
sentence_01703,sentence,整天都會滿臉紅光,6.5,4.5
text_00371,text,喇叭這一代還是差勁透了。,2.778,6.143
text_00386,text,其實，大蟒也並非這麼完美，還是有很多缺點的！,4.333,4.375
sentence_02279,sentence,民主制度是一臺設計精巧的機器,6.667,4.667
text_02242,text,彭博社的一篇新文章強調了一些客戶和員工對蘋果零售業務狀況的挫敗感，特別是在前零售業巨頭安吉拉·阿倫茨引入變革之後。,4.0,4.222
reflection_00887,reflection,"在交談中,醫護人員可以傾聽家屬的意見和感受,並確保他們的問題得到解決。",5.75,3.2
sentence_00865,sentence,不少部員表現的很出色,7.5,6.25
text_02590,text,一名在學術期刊等公共平臺發表了高達200多篇論文的日本麻醉醫師──藤井善隆，被抓到長期偽造資料，並有高達183篇論文遭到撤稿，且數量仍持續增加。,3.143,5.0
text_01809,text,美國在中日釣魚臺爭端中「選邊站」，不僅將損害中美關係大局，破壞亞太地區的和平穩定，而且使美國在亞太地區的戰略利益受損。,3.667,5.286
edu2021_01435,edu2021,今天真的領悟很多,7.0,3.642857142857143
sentence_00093,sentence,大小不一奇形怪狀,5.0,3.0
sentence_01483,sentence,為歷史特級教師點贊,7.0,3.667
reflection_02273,reflection,相對應1號的要求積極治療，20和21就是很典型的希望家人一路好走的家屬。,4.625,2.5
edu2021_01204,edu2021,對於老師的期許，有些惶恐，但也有被激勵的感覺,5.333333333333333,5.166666666666667
text_02853,text,北京大學原校長周其鳳校長髮表致辭，周校長表示品牌日對我們國家將來可持續的繁榮昌盛是非常重要的，因為一個好的品牌是可以代表一個民族的精神、自豪、驕傲和價值。,6.625,3.875
text_00549,text,酒店位置挺好，服務生態度很好，早餐很好。缺點:房間居然不能上網，酒店工程師說是swtich壞掉了，從下午到晚上11點都沒有修好，失望。,3.4,5.625
edu2021_01516,edu2021,很大量的知識，豐富的教材，上課十分有趣,8.333333333333334,8.166666666666666
reflection_00656,reflection,三、你的反應為何：當下我想要換個地方繼續打病歷，待事件結束再回station，但轉念一想這種狀況也許我以後也蠻有可能會遇到，不如就留下來看他們之後是怎麼處理這種類型的問題。,5.25,3.7
text_02321,text,香港豬肉行總商會理事長許偉堅表示，若發現豬隻受感染，不會反對屠宰所有豬隻；但豬隻是業界財產，若沒有問題，應該盡快放行豬隻。,5.0,3.444
edu2021_00796,edu2021,老師多講了幾次之後才有漸漸聽懂，不過沒有完全懂,4.083333333333333,3.071428571428572
sentence_00449,sentence,西醫治了多家醫院,6.75,5.25
sentence_00658,sentence,翻了一下電腦意外找到以前去社團表演編了一個口水歌的組曲,6.333,6.0
sentence_02103,sentence,獨創韻雕添歷史新篇,6.5,3.333
reflection_02126,reflection,過程中很多家屬也許表態不希望病患那麼痛苦、但如果要拔管也是屬於高風險拔管的病人會很擔心拔管後離開人世，而為此感到猶豫不決，會需要多幾天的思考時間 ，我們也會給予他們足夠的空間與時間好好評估，如果有萬一，也能在家屬有共識時讓他們與病患好好道別。,3.625,4.2
text_01542,text,根據調查，國內大學生有將近兩成透露，曾遭受交往伴侶暴力對待；國高學生，也有一成有遭親密伴侶拳腳相向，立委推動修法，要將《家庭暴力防治法》保護範圍擴及交往情侶，希望有效減少因情侶爭執引起的社會案件。,4.429,5.5
sentence_00867,sentence,過敏體質人深有感觸,4.667,6.0
reflection_00110,reflection,"只要有任何看似好轉的現象,例如CRP降低、WBC降低,對家屬來說都像是湍流中的浮木,或許抓住就能順利上岸。",6.0,2.8
reflection_01648,reflection,當我離開世界時不知道是幾十年後的事情，只願當時身邊的人能夠理解並且不要太過傷心，因為來世界走一遭會發現很多是該放下就該放下，強求不來。,4.7,4.0
edu2021_00333,edu2021,對整體架構有了更進一步的了解,5.928571428571429,2.875
reflection_02250,reflection,也越來越少人會來指責醫生，是不是你們故意不想救了，至少我進醫院到現在沒有聽過任何人這樣說。,4.75,4.6
sentence_01026,sentence,不給最後的答案難道要盲目跟媒體風向,3.5,7.0
text_01807,text,美國有關「歡迎一個強大、繁榮、和平的中國」的立場以及要和中國探索構建新型大國關係的表態，值得肯定。,6.5,4.857
sentence_01634,sentence,將護膚重心放在舒緩鎮靜上面,6.0,1.667
sentence_01737,sentence,國家就是個空洞的概念,4.0,3.0
sentence_01940,sentence,侵吞和挪用公款,3.0,4.0
reflection_00805,reflection,而且以他在icu的花費，一天至少要3萬元以上，如此沒有意義的治療何嘗不是在浪費醫療資源，讓真正需要的人得不到應有的醫療資源呢？,3.875,5.25
sentence_00923,sentence,鄭伊廷不講信用,3.25,5.5
sentence_00419,sentence,重光暨安香科儀圓滿,6.0,2.0
reflection_02029,reflection,而由於一開始家屬不希望患者氣切，但又希望能盡可能的積極治療，提升存活率，並且還提出能不能用更強的抗生素、更頻繁的拍痰治療等疑問，殊不知，患者已經用上對付院內感染的兩種後線抗生素，以及高階的震動拍痰背心。,4.25,3.9
reflection_02299,reflection,在阿嬤走了的時刻，是我剛吃完午餐回來，照常打開病歷系統，想看一看她的data，還盤算著跟學長討論要給阿嬤一些營養輸液，沒想到映入眼簾的是學長打的note: ……. expired at 13:13。,2.5,7.0
sentence_00916,sentence,我不爽的是我感覺冷了,2.75,5.667
text_00654,text,打電話到酒店，總臺和服務員分別肯定地告訴我沒看見，哎，只好自認倒黴嘍。,3.444,5.0
reflection_01784,reflection,四、你可以怎麼做1. 同理家屬的感受，並盡量保持耐心與溫和的態度雖然已經和家屬解釋過許多次，但很明顯家屬的激動情緒來自於她對病人情況的擔心及焦慮，這時如果告訴她你的擔心是無用的，有可能會激怒家屬，不如換個說法同理家屬的情緒，向她表明我們了解你的擔心和顧慮，尤其是在這種病人進入加護病房後意識比較混卓的情況下，但我們目前的治療方案就能解決你所擔心的問題點，我們也會持續去監控病人的情況，所以可以稍微放寬心。,5.1,4.3
reflection_01743,reflection,雖然不知道詳細情況，但是我才發現，其實有些民眾認為「休克」一詞，是沒有呼吸心跳、或是死亡需要壓胸電擊的意思。,4.75,3.375
text_00146,text,這本書非常棒，無論從故事構思，還是從表現手法都無不顯示出作者非凡的文學功底，兩個悽美的愛情故事被演繹得淋漓盡致！,6.444,6.0
text_00087,text,我一直相信，關於生存技能的書籍每一個人都應該看一看。,5.778,4.0
edu2021_00254,edu2021,今天上的也是頗精彩的,6.928571428571429,5.214285714285714
text_02179,text,在本月補丁星期二活動日中，微軟面向所有Windows10系統釋出了累積更新，但是使用者的升級之路並不順暢。,3.667,3.75
text_00738,text,賓館在小街道上，不大好找，但還好北京熱心同胞很多~賓館設施跟介紹的差不多，房間很小，確實挺小，但加上低價位因素，還是無超所值的；環境不錯，就在小衚衕內，安靜整潔，暖氣好足-_-。,6.444,4.714
text_02072,text,友好日期是一個新的Windows功能，微軟原本考慮在檔案資源管理器中用會話格式描述日期，使用更為簡單直觀的格式，例如一小時前，而不是建立或修改檔案的實際日期。,6.0,2.571
reflection_00930,reflection,我的感受我當下也震驚，昨天看完病歷跟老師査房而已，隔天就走掉了......,3.1,6.75
reflection_00137,reflection,"主治醫師當下是非常冷靜的,沒有被家屬的情緒帶著走,再對大女兒解釋醫療上會診的意義,在照護傷口上哪個科的意見我們會列為優先,整型外科為什麼會這麼建議,及我們一開始的想法是什麼等等,完整的解釋前因後果,雖然病患家屬有不斷責怪前面兩位醫師的說詞不明不白,但老師還是很耐心的講解了兩三次大女兒所在意的醫療決策原因。",4.4,2.5
reflection_00350,reflection,描述事件一位88歲女性病患，這次因為呼吸會喘而住院治療，現有疾病包含了CHF、bradycardia。,3.5,3.6
sentence_01335,sentence,那是政府富裕的標誌,6.0,6.0
edu2021_00923,edu2021,今天精神狀態比較差，所以沒有好好仔細聽,3.916666666666667,3.785714285714286
edu2021_00709,edu2021,今天上課讓我收益頗多，也讓我了解到我從開學到現在所學到的東西,7.357142857142857,6.583333333333333
sentence_01250,sentence,莫斯科製定作戰計劃,5.0,1.5
sentence_02563,sentence,也可以在一定程度上抵消更高關稅所帶來的成本,6.333,4.333
edu2021_00133,edu2021,令我感到有些困擾，但是早點接觸也是好事,4.166666666666667,4.083333333333333
reflection_01890,reflection,"對這位阿公印象很深的是他的家屬，阿公septic shock伴隨多重器官衰竭，kidney不好到需要CVVH, 肺有aspiration pneumonia, P/F ratio around 200, 腦部有嗜睡和之前的dementia, 心血管要用升壓劑才可以維持血壓，消化系統也不好，老師說的腦心血 肺肝腎 都有衰竭的問題，加上年紀，要做再積極的治療對於病人來說都是一種負擔，而且看不到希望。",3.625,4.375
text_00965,text,IBM的本本我用的最多，也是感覺最好的本本。,6.444,4.75
reflection_00244,reflection,當下我沒有做出何反應，只是默默地聽那位家屬、覲察老師如何溝通與應對。,5.0,2.8
sentence_00934,sentence,老子脾氣火的很,3.0,8.25
reflection_01331,reflection,我們在病房與病房之間流轉，可能在我們耳裡只是主治醫師的一句：預後很差，應該快不行了。,3.25,4.8
sentence_01746,sentence,西亞某國也是不斷被騷擾,3.6,5.0
reflection_00793,reflection,今年的大港開唱在三月舉行，我猜想這位病人也和我一樣都是個熱愛音樂祭的年輕人，沈醉在舞動的音符中忘卻所有的煩惱同時也為自己的生活充電。,6.5,6.125
sentence_01327,sentence,完全不顧形象的跟哭給你們看是嗎,3.333,6.333
reflection_01413,reflection,描述事件一位病患和他的姐夫、姪女因為磷化鋁中毒來高醫急診，姪女不幸於急救後expire。,3.375,5.0
reflection_00449,reflection,討論過程中，家屬不斷迴避病患有lymphoma的事實，只是一味認為可以積極就積極，最後是CV CR解釋處理AMI風險，以及學長告知家屬一些化療風險，家屬才打住積極的念頭。,3.375,5.5
text_01623,text,在美國已觸犯人口販運法令，但劉姍姍在臺灣卻被判無罪，而臺灣的《人口販運防治法》公佈至今，由於認定條件嚴格因此沒有1位法官引用該法定罪，更讓臺灣的人口販運防治政策沉淪,3.8,4.857
text_00495,text,如果要off-road，該擔心的不只是動力來源了至於環不環保、省不省錢？抱歉，我幾乎沒考慮過這些問題！,4.111,5.875
edu2021_00382,edu2021,老師生動的講解，讓我有了更深入的理解,7.071428571428571,4.785714285714286
text_00486,text,有錢歸有錢...可是我實在不懂有錢然後拿Camry來這樣玩有什麼意義?,3.444,5.857
sentence_02423,sentence,南華早報才是黨內派系的傳聲筒,4.6,5.5
text_01534,text,當老師是一個工作穩定的鐵飯碗，縱使她大學聯考的分數能輕易上臺大外文係，自己對社會、心理等科系也比較有興趣，仍敵不過父母的期盼而填選師大，走上教書的路。,4.556,5.286
reflection_01728,reflection,在內科加護病房實習時，有一位50歲末期肺癌的女性病患，腫瘤已擴散至雙側肺臟及淋巴腺，而且遠端轉移至肝臟、骨頭，因此，長期接受過多次的化療，療程中也因效果不理想換過多次化療藥物。,4.625,3.375
reflection_01674,reflection,我原本以為她是中午甫離世的 A 床病患的家屬，心理暗自慶幸剛好是在會客時間，家屬來得及把握與病患最後在塵世相處的片刻。,5.5,2.625
reflection_00629,reflection,2. 當下我的感受我的感受是憤怒的，因為自殺是一件非常不可取的行為，原因：第一，會導致家人，朋友們永遠的遺憾、傷心，第二，若被救回來而造成身體永久性的殘疾，不僅造成家人們的負擔，甚至可能因為沉重的照顧壓力而導致無法挽回社會事件，而造成社會成本的增加。,3.0,6.2
reflection_02208,reflection,後來在重新想想這件事，覺得或許只是對他媽媽的關心和放不下，讓他有了太多的情緒．也只是太愛了，才會有些偏執。,4.5,4.1
text_00286,text,在小林老師心裏，每一個孩子都是天真的，每一個孩子都是善良的，每一個孩子都有自由享受生活樂趣的權利，但我們現今的教育環境卻很難給予孩子他們真正需要的~~~悲哀~,2.889,5.444
sentence_01215,sentence,整個官僚機制和國民內鬥的齒輪咬合咬合,3.5,6.0
text_02903,text,臺北榮民總醫院桃園分院面板科近期治療一62歲的男性病患，因左手中指指甲增厚並從指甲下不停的流出化膿樣的分泌物至醫院門診就醫。,4.167,3.167
text_01589,text,臺聯立委許忠信會後受訪表示，績效獎金大砍一.四個月後，以國營事業員工平均薪資約七萬元計算，每位員工將少領約十萬元年終獎金，立法院已適度展現改革誠意。,4.667,4.875
reflection_02234,reflection,先經歷過一次插管、拔管，之後接回BiPAP，意識狀況有變比較好一點。,5.75,3.9
sentence_01543,sentence,即使沒有人為你鼓掌,5.5,3.5
sentence_02342,sentence,三者合一便構成如此風流雅緻的姿態,7.0,6.0
text_01387,text,有趣的是，現場還臨時上演一段粉絲見面會，陳美鳳也熱情迴應，給予庇護員工「愛的抱抱」。,6.125,4.286
reflection_00020,reflection,"我覺得自己照顧病人的經驗還不夠多,不像老師們可以「以小見大」,從很細微的地方去知道整題情況。",4.875,1.625
edu2021_00689,edu2021,先預習再聽這堂課特別有感覺,6.857142857142857,5.428571428571429
text_01808,text,但構建中美新型大國關係，不是嘴上說一說就管用；美國必須學會尊重中國重大核心利益，少做表裏不一的「蠢事」。,4.667,5.375
sentence_00797,sentence,為祖國效勞是我的榮幸,7.0,6.5
reflection_02481,reflection,面對若有似無恢復的可能性與後續的無盡痛苦，我是否應該讓他的生命止步於此？,2.625,4.875
reflection_01379,reflection,這樣才能促進醫病關係。,6.6,3.0
text_01858,text,但這隻針對今年的績效獎金，至於明年的情況要再看。,5.0,3.125
reflection_00253,reflection,可以做的就是在面對家屬那些醫療建議時耐心聆聽並細心解釋利與弊可以減少家屬的疑慮讓他們安心將女兒交與我們照顧。,5.5,4.3
edu2021_01574,edu2021,真的聽不懂某些東西,3.214285714285714,3.857142857142857
text_02886,text,臺南一名蔡小姐一直想擁有健美感的密桃臀，看到醫美診所打出廣告決定一試，沒想到術後大腿卻浮腫、產生硬塊，還感染蜂,3.0,5.0
text_02056,text,1988年，在美國麻省波士頓，有位40多歲的女性柯雷雅做了心肺同時移植的手術後，出現了許多微妙的改變。,5.429,3.5
text_01970,text,但部分國營事業在?額虧損下，每年仍可領三、四個月的獎金，引發社會高度質疑。,3.333,5.25
reflection_02510,reflection,但是惡化的事實怔怔地擺在眼前，拉不起來的血壓，停不下的CVVH都在宣判著這場拉鋸戰的戰況，參與了治療這位病患的一週，從對家屬的不諒解，到想要與他們一同攜手奮戰，到現在除了鼓勵與支持，更重要的是協助他們做好最壞的準備。,3.375,5.875
reflection_01602,reflection,1個禮拜，從積極，到最後決定走安寧。,3.9,4.3
text_02723,text,民建聯李慧瓊表示，不支援動議，她說對領袖提出不信任是十分莊嚴的事，但民主派未有審慎用權，動輒提出，回歸以來4任特首，全部曾被提出不信任動議。,4.0,4.857
edu2021_01377,edu2021,如果每種都會，那真是太厲害了,5.333333333333333,3.416666666666667
text_01604,text,美中在釣魚臺爭端中的對抗逐步升級，釣魚臺局勢再現緊張態勢。,3.25,5.778
sentence_02517,sentence,只是比起波瀾壯闊,4.333,4.333
sentence_01371,sentence,逆境和業障是有,3.75,3.8
text_01082,text,高達八二％家長希望單親孩子要更懂事，但僅五一％子女感受到父母的這份期待。,4.25,5.667
text_00328,text,這是為了讓普通男孩、女孩有幻想的空間。,5.333,4.571
text_02276,text,倫古在信中說，坦贊鐵路紀念園的建設是贊中建交55週年友誼史上的標誌，顯示了兩國堅定不移的友好關係，尚比亞人民將永遠感激並銘記中國的無私與慷慨。,7.0,4.667
edu2021_00287,edu2021,利用上課教得內容，可以容易發現問題所在，今天上課蠻有趣的,6.75,5.357142857142857
sentence_02504,sentence,當時的臺灣太富饒,5.0,4.2
reflection_01788,reflection,兩人之間的氣氛有些緊張。,4.5,4.7
text_02948,text,關於中共黨魁毛澤東通過發動各種運動殘害中國人、鎮壓信仰、破壞中國傳統文化等罪行，無疑是罄竹難書，而其主要幫凶周恩來的罪孽同樣深重。,3.125,6.125
text_01026,text,電玩「英雄聯盟」第二季世界大賽冠軍戰，由6位臺灣選手MiSTakE、Bebe、NexAbc、Colalin、Lilballz、Stanley與1位香港選手Toyz組成的「臺北暗殺星」（TaipeiAssassins，TPA），以3比1擊敗南韓隊伍（AzubuFrost，AZF），抱走百萬美元獎金（約新臺幣3000萬元）,6.5,6.429
text_02332,text,為保障使用者自由選擇權，兩部門在通知中要求運營商嚴禁限制老使用者選擇新套餐等行為，切實增強使用者獲得感。,5.625,4.0
sentence_00284,sentence,寂光院最為著名是院內的日本庭園,6.0,5.0
text_02759,text,由於收購瑞典汽車公司薩博失敗，導致在鄂爾多斯的造車槓桿落空，置換的煤炭資源懸停，最終使多方陷入同一僵局當中，而今這一僵局仍然難解。,3.667,3.333
text_02824,text,桃園一名鍾姓男子穿著刑警背心，還配戴BB槍跟無線電，長期在釣蝦場裡滋事擾民，結果來了個真員警當場被識破，他邊發抖一邊辯稱只是在玩角色扮演！,3.857,4.667
sentence_01977,sentence,卻狂風驟雨急奔呼嘯,3.75,6.0
reflection_01414,reflection,聽說本院某外科有位醫師的刀工不慎精湛，但病人都很喜歡他，也鮮少惹上糾紛，這是為何？就是因為他醫病溝通做得非常好，懂得同理、體恤，可見醫病溝通的重要性不亞於醫學知識和醫術。,5.667000000000001,4.9
reflection_01877,reflection,你的反應為何身為一個醫學生，我想我的反應就跟當時的家屬一樣，因為病人彷彿又有了一些起色而重燃希望，尤其病人才67歲，我當下既是贊同家屬的決定，同時理性也告訴我這樣或許對於病人是沒有幫助的。,4.8,3.375
sentence_01495,sentence,自以為是時代裡保持清醒並不懈吶喊的那部分群體,3.75,6.0
sentence_00922,sentence,從0到100億的創業黃金公式,6.4,4.2
reflection_00029,reflection,二.我的感受※提示:含情緒用詞。,6.5,3.75
reflection_01396,reflection,針對這個病人所能討論的點在於何時該為病人進行手術，若是剛開始因為開刀風險高而先不開刀，那是否在病人後續穩定而轉出加護病房的那個時間點建議病人手術處理呢？,5.0,3.125
text_02238,text,在本屆Computex上Dell給出了答案，新發布的XPS132-in-1堪稱是品牌現有最漂亮的筆記本之一。,7.0,4.0
reflection_01455,reflection,但與其說這件事讓我開始不相信醫學、統計、科學…，倒不如說看見了另外一面，我仍然認為數字是精確的、實驗是詳實的。,5.625,2.8
sentence_00462,sentence,定期來賓的村上佳菜子,5.0,2.0
text_02085,text,鼓勵身心障礙學生不畏困逆、勵志求學，中華醫事科技大學154位身心障礙學生獲教育部頒發3百多萬元獎助學金。,7.286,5.143
sentence_01255,sentence,臺灣能存活下來只有靠靈活的外交,5.5,6.0
text_00377,text,不知道就別在這唬爛了~這跟那些說網路慢然後說甚麼美國速度慢歐洲速度慢澳洲速度慢...沒根據就說，結果被住在國外的說你真的出過國嗎?,3.375,6.444
sentence_02456,sentence,怎麼了有什麼地雷嗎,4.0,5.0
edu2021_01461,edu2021,作業交不出來，考試又沒考好，對這學期感到絕望,1.166666666666667,7.916666666666667
reflection_00641,reflection,病人的女兒開始提出了疑問，像是之前的醫師說可能是紅斑性狼瘡惡化導致的休克，為什麼我們這邊是說敗血性休克？,4.0,5.6
sentence_02061,sentence,這並無益於大量批次編輯,4.0,4.0
text_01187,text,他的程度有多差？寫一句話十個字，大概會錯七八個字，我覺得他有閱讀障礙，發過通知單給家長，希望送他去做資源鑑定。,3.286,4.875
sentence_00847,sentence,川普總統認為美國吃虧上當太久了,4.5,4.75
text_02419,text,假如你恰巧是品牌或通路的經營者，那殘忍的瞬間，代表原本屬於你的顧客被對手狠狠攔截，線上上與線下區隔日漸模糊的今天，這是大家正在面對的困擾。,3.875,5.286
text_00247,text,希望我能夠永遠有童心，永遠在夢神奧列傘的世界裏遨遊！,6.5,5.714
reflection_00333,reflection,可以怎麽做透過這位個案，實際體會到善終以及尊重信仰的重要性。,5.375,2.6
sentence_02445,sentence,傾倒出異香盈室的酒液呈現烏金色,5.333,4.0
text_02044,text,這一樁樁被商業社會銘記的案例裡，也讓我們看到，作為最頂尖的中國投資人，信念與女性直覺如何成為她最不可或缺的力量。,6.667,5.333
edu2021_00666,edu2021,我覺得教的有點快，而且作業的量有點太多,2.916666666666667,5.214285714285714
reflection_01202,reflection,病人一開始對於氣切是點頭同意的，不過到後來幾天改成拒絕。,4.5,2.25
text_01789,text,今年六月馬決定調漲電價，民怨爆發，雖說臺電虧了很多錢，但很少人理解,3.778,5.625
sentence_00913,sentence,不知道當年他們是怎麼把校歌寫得這樣簡潔,6.0,5.0
sentence_00829,sentence,永遠都很耀眼的兩人,7.0,5.667
reflection_00969,reflection,反應為何當下老師跟家屬說明了病人實際的狀況、不洗腎會有什麼後果、重新插管會造成病人痛苦等，並且請家屬們討論好共識，以便後續的決策。,4.5,2.25
sentence_02080,sentence,今天的淚水會使明天的你更加茁壯,7.333,6.0
edu2021_00220,edu2021,上課東西累積到現在好多，好累,1.916666666666667,4.428571428571429
text_02512,text,衛生間、可變換的多功能餐廳、睡臥、壁櫃、吊櫃、灶臺、上下水、空調、電視，一應俱全，跟大型房車功能一樣。,5.667,4.5
edu2021_00236,edu2021,課程一開始比較煩躁乏味,3.333333333333333,2.916666666666667
sentence_00984,sentence,但我人真的很手賤,3.6,6.25
sentence_01519,sentence,可以多一個默默守護的牽掛,6.6,4.0
edu2021_00269,edu2021,對於課程內容還不太熟悉,3.916666666666667,4.75
edu2021_01183,edu2021,老師在上課時講的很詳細很棒,7.25,4.166666666666667
reflection_00742,reflection,後來，病人也是走安寧路線，我在bedside 幫病人拔處femoral CVC時，病人的皮膚已經是非常乾皺(宛如一撕就破紙張)，儘管我非常小心翼翼，但在移除管路上的膠帶過程，仍能見病患痛苦的表情，且當時病人有 hemocath ，PCN，femoral CVC，pigtail， A-line 等眾多管路。,3.125,4.8
text_01717,text,「今天在這裏，必須要感謝20年前與我結婚的女子。,6.857,7.429
text_01859,text,對於國營事業工會的強烈反彈，國民黨團幹部私下表示，這是經過立法院長、各黨團黨鞭協商所作出的決議，「不可能再變了！,4.0,5.625
text_01676,text,童稱有直接證據︰要告去告童稍晚透過簡訊迴應「要他們直接去告好了，我有直接證據、證人，監督市政不受威脅。,4.0,6.0
reflection_02431,reflection,"我知道Famotidine是H2-receotor的blocker, 但是我不知道我的病人有ulcer。",4.75,2.25
edu2021_00090,edu2021,對於電腦內的結構和演變過程有了更多的了解,6.083333333333333,2.714285714285714
sentence_01323,sentence,激動處青筋爆現,5.0,5.75
reflection_02070,reflection,在老師說明病情並比較開刀或不開刀的預後之後，我們目睹病人家屬之間鮮明的態度與互動關係。,4.8,2.75
sentence_00856,sentence,今天缺席家族聚餐的,4.0,5.0
text_00979,text,一、最顯著的優點是電池使用時間長；二、配置比較齊全，藍牙、攝像必備的都有；三、做工還不錯，烤漆的也比較漂亮；四、小巧便攜，就一本雜誌大小，一般書包就能裝下；五、品牌還可以，網上的資料相對較全；六、一般情況下硬盤和風扇聲音還不算太大。,5.5,5.0
sentence_01780,sentence,但這8位有4位落選,4.0,4.0
text_01619,text,近50名外勞與移工團體代表高喊「反工資脫鉤，要同工同酬」、「反血汗長照，要家服立法」，要求政府正視移工面臨的問題。,2.875,6.0
edu2021_00434,edu2021,白板上寫的字還是有點看不太清楚,3.571428571428572,1.833333333333333
reflection_00317,reflection,反應為何當下大家也是沉默一陣，等病人情緒稍緩之後才繼續勸說，告訴病人他現在吃不好，身體很難獲得需要的營養，放NG是為他好，鼓勵他放NG，於是我跟病人說：「阿伯，我們再試一次好不好，這次給很有經驗的護理師來放。」,3.5,5.333333333333333
edu2021_00100,edu2021,無法融會貫通，希望能講慢一點,3.416666666666667,5.166666666666667
reflection_00737,reflection,老師雖然幫病人做了支氣管鏡確認了氣管內有出血的狀況，礙於家屬已簽屬DNR也無法做太多的處置，只能告知家屬病患情況並不好。,4.0,3.7
sentence_02038,sentence,委內瑞拉政局的動盪仍在持續,3.667,5.0
edu2021_00570,edu2021,這堂課我聽得十分投入,6.3,3.5
sentence_01690,sentence,您的大腦由於硬體問題無法相容國際版韌體,4.0,4.0
sentence_02483,sentence,如果你們沃草連手機民調的弊端都看不出來,2.5,6.75
text_01497,text,8強賽，TPA首先要對抗世界排名第4的韓國代表隊NajinSword,5.444,4.0
reflection_01450,reflection,我們看待世界的方式有很多種，不只是數據而已，還有我自己、我們所關心的人的生命經驗為出發點的視野。,5.375,2.75
sentence_00747,sentence,一定要把這個邪惡的體制徹底消滅,6.5,6.5
text_01465,text,嚴重燒傷忍痛一晚燒傷自己引發大火林嫌供稱，他月薪2萬多元，請父母每月幫他定存5000至1萬元，日前他檢視存摺，卻未見幫他存款，生氣問父母，並和父親發生激烈口角，前天下班，他一度不想回家，後來聽魏姓老闆的勸才回家，途中跑到新埔河濱公園，抽取自己機車的汽油，用1公升裝的汽水寶特瓶盛裝。,3.5,4.5
edu2021_00267,edu2021,把這科學好就可以有好的工作了,5.833333333333333,4.214285714285714
edu2021_01190,edu2021,今天教了很多種方法，希望下次能試試,5.642857142857143,3.583333333333333
reflection_00030,reflection,"收上來病房才發現這個病人不是chillness,而是GTC seizure發作,同時外籍看護表示這個情況已經快一個月了,每天都至少發作五次,而且這段時間都沒有使用藥物治療。",4.0,1.875
reflection_02026,reflection,如果有這樣錯誤的認知，難怪家屬會抗拒氣切，只有讓家屬明確了解氣切的好與壞，並破除那些錯誤的迷思，才能幫助他們替自己的家人做出最適合的決定。,4.25,4.9
reflection_01529,reflection,此外，儘管希望渺茫，他們仍向老師表達希望能照會外科的王醫師過來看一下吳先生的情形並評估是否還有開刀的機會，同時也拜託老師不論是否自費，所有能使用的藥物希望能盡量使用。,4.6,4.625
reflection_00026,reflection,"子女在急診時也沒有主動交代有癲癇的發作,這麼關鍵的訊息竟然還是外籍看護提供的。",1.9,6.375
sentence_00019,sentence,市長的工作都沒有做,3.5,6.5
edu2021_00582,edu2021,這次感覺聽得懂一些了! 還是希望能稍微複習上次的，這樣會比較清楚,5.916666666666667,4.785714285714286
text_02931,text,也正因為如此，有人要下山摘桃子了，美國一些人就大言不慚地聲稱在過去25年裡我們重建了中國，這種論調不僅毫無常識，而且格外離譜。,3.0,6.25
reflection_00571,reflection,不過，遺憾的是在IABP的協助之下，病人的血壓還是不見起色，而休克的原因卻還是無從得知，後續只剩下一條路：利用ECMO替病人多爭取一些時間。,4.0,3.8
reflection_02224,reflection,我的反應我和老師討論，是不是能在女兒面前詢問奶奶的意願，結論是要講這種話必須要很小心，才不會讓家屬不滿。,5.125,3.25
edu2021_00125,edu2021,我只要把基礎做好，慢慢進步就可以了,5.5,2.416666666666667
reflection_02256,reflection,順便再問一下器捐，因為這也是一個本人沒什麼差別但是家屬會很有差別的決定，我本人也同意器捐，但是我家人可能希望我保有完整的肉體回家，所以也會有分岐。,3.5,4.4
reflection_01170,reflection,這部分或許需要更多人討論，才能引導出大家的真實想法（或許有些護理人員特別介意但沒有說出來，或是其實不會介意？）以及後續是否需要規定介入之討論。,5.0,2.125
edu2021_01125,edu2021,今天的內容比較有趣，但是後來講考試的事感覺有點難，希望會寫,4.75,4.333333333333333
edu2021_01369,edu2021,覺得十分有心得，希望能將所學發揮至所用,6.5,5.857142857142857
reflection_01054,reflection,這次主要是因為持續性的呼吸困難而入院。,4.875,2.1
edu2021_00302,edu2021,老師人很好，時常關切每一位同學的上課狀況,6.333333333333333,3.428571428571428
reflection_01253,reflection,應該告訴家屬說我們能理解他們的心情，遇到這樣的情況也並非我們願意，我們也曾經試著救治病人，但最後的結果卻令人遺憾，如果需要的話我們也可以安排社工或心理諮詢師等團隊來緩和家屬的情緒，並在後續重新檢討團隊是否再解釋病情時的描述可以更客觀，不讓病患家屬的情緒這麼起伏。,5.75,4.0
reflection_01976,reflection,兩位女子輕輕的點頭道謝，並和老師討論後，決定如果拔管後情況仍然不佳，就不再插回管子。,3.0,4.75
text_01089,text,項圈原本都是主人賦予貓狗的信物；原本承諾要照顧牠一輩子，而今卻送到收容所，12天之後若無人領養只能安樂死，最後留下一條破舊不堪的項圈。,3.125,5.667
sentence_02464,sentence,由於水果價格浮動,4.0,4.333
reflection_00002,reflection,"可以怎麼做我覺得真的可以找他們聊聊家中狀況,或多聽多看病人在字裡行間透露出什麼訊息,不過我想家人真的是不想放棄才會答應心臟移植,但也需要為家中其他健康的家人著想,如果弟弟真的回天乏術,放棄也何嘗不是一個選擇,但看到病人正努力回復LVEF,如果慢慢得到好轉,讓家屬看見希望,進行心臟移植的意願應該也會隨之提高,因此醫療方盡全力做到最好,若病人的生命力旺盛到真的有機可行,最終可能也會有一個好結果。",5.3,4.2
text_01710,text,國家安全和發展利益逐漸超出傳統領土、領海與領空範圍，不斷向海洋、太空、電磁、網絡空間拓展，形勢將要求軍隊必須提高保護「利益邊界」的能力。,5.6,4.625
sentence_00208,sentence,覺得中國因此經濟會崩潰的,4.0,4.667
edu2021_00674,edu2021,今天講解的沒昨天詳細,3.714285714285714,2.416666666666667
text_01134,text,臺灣電玩隊伍臺北暗殺星在世界電玩大賽中奪冠，政府不僅考慮替代役等優遇辦法，經濟部也說要協助企業取得世界市場，但立委翻出經濟部推動遊戲產業政策要點，經濟部連舉辦遊戲玩家大賽，首獎都規定不得超過10萬塊，立委批評政府心態落後，經濟部說會檢討。,3.333,4.25
sentence_00087,sentence,不願做奴隸的人們,5.5,6.333
sentence_00131,sentence,美國升級關稅舉措不僅將損害美中兩國經濟,3.0,4.5
sentence_00609,sentence,惟當權貪婪的瞳孔,2.75,4.25
sentence_01166,sentence,造假於一身的黑中藥企業會不會走向它應有的末日,4.0,5.667
edu2021_00123,edu2021,必須和前面章節融會貫通，才能對這個領域有更全面性的理解,6.571428571428571,4.75
text_01020,text,螢幕15.4的，寬屏16：10看電影不錯內存一個G鍵盤我就不說了，IBM的鍵盤是世界公認手感和質量最好的硬盤250G，我一般是下載的480p的mkv格式的電影，一部電影也就1.5GB左右，哈哈，這個硬盤裝了一百多部電影是綽綽有餘的CUP是雙核的1.6G主頻，雖然是比較低端的賽揚系列，但是只要不是運算大型的專業軟件什麼的，同酷睿、奔騰的差距是基本區分不出來的,5.5,3.375
text_01629,text,無庸贅言，不管蘇貞昌此行還會晤日本其他任何政要，只要蘇貞昌與石原慎太郎會面，就會讓外界產生「民進黨支持日本右翼軍國主義觀點，反對兩岸聯手保釣」的聯想。,3.889,3.857
text_00812,text,酒店的接待人員還是很熱情，就是餐廳的餐太難吃，服務很好，知道我們要一早去酒泉，餐廳還在沒開餐前給我們打了包，很感謝！,6.667,4.5
text_02594,text,沉默的大多數從小我對講出來的話就不大相信，越是聲色俱厲，嗓門高亢，我越是不信，這種懷疑態度起源於我飢餓的肚腸。,4.125,4.5
reflection_00568,reflection,2. 我的情緒與感受：我當下在旁觀察老師與病人家屬的互動時，心中很是難過，一方面我能理解病人家屬心中的掙扎，因為其實在兩天前病人還是意識清醒，呼吸也算平順的轉入加護病房，短時間內病情惡化的如此迅速，且情況危急還要馬上做出決定，我想任誰都沒辦法在一時之間接受，甚至做出最好的判斷。,2.4,5.75
text_00959,text,外觀做工，外觀我很喜歡，或者說我就是喜歡thinkpad的外觀，做工紮實。,6.556,5.75
text_01123,text,送禮禮物或新年紅包，把歡樂的氣氛與好運氣與親朋好友一同分享！,6.667,5.429
reflection_01659,reflection,那時的我總有一種不太踏實的感覺，依然有些不安，想知道這些在晨會被問過無數次、我至今也許也還在學習指認中的各種處置是否能在病人身上起些作用，又該如何觀察出來呢?,4.0,4.5
sentence_02547,sentence,平心靜氣太難了,4.0,5.667
text_01052,text,蔡女覺得兩人個性和背景差異頗大，上月提出分手，但曾某不願意，軟硬兼施希望女友回心轉意，卻都沒有進展。,4.1,3.667
reflection_00642,reflection,和醫院的社工團隊進行討論，或是由他們處理情緒方面的問題，或許能讓醫病雙方的溝通更加流暢。,6.125,2.5
sentence_01588,sentence,我看他們這輩子難分離,5.5,4.0
reflection_00644,reflection,或許在解釋病情上能夠套用家醫科、精神科做病情告知的方式，來引導家屬先把情緒抒發一下，再來討論下一步該怎麼做，有哪些要再跟其他家屬達成共識；如果病人一直困在情緒當中，我們也不斷要求他們趕快做出決定，這樣兩邊沒有交集可能會變成各說各話。,4.75,3.5
edu2021_01459,edu2021,覺得期末要好好拼一波了，希望我能快快完成作業,4.916666666666667,6.75
text_01024,text,這次電玩遊戲英雄聯盟世界錦標賽，代表臺灣出賽的臺北暗殺星TPA)勇奪冠軍，也終於吸引到政府對電競的一些關愛眼神，像是替代役方案、獎助學金、升學等，至少對於電競或者電玩遊戲，也多了一些正面的聲音。,6.5,4.875
reflection_01095,reflection,反思之後，我感謝陳先生讓我在這兩周有機會向他本人與他的疾病學習。,6.25,4.4
text_02016,text,可以感覺到，他有些難以啟齒的地方，但又知道問題很痛，想用一支筆，畫那幾張圖，告訴世界，我知道你受傷了，我能做的不多，但想給你一點安慰，好不好？,5.0,5.0
text_00136,text,這本書倒挺適合那些做選擇時前思後想的女孩閱讀。,5.778,3.625
sentence_00007,sentence,民主先生們該好好思考了,5.667,4.667
sentence_02030,sentence,雪覆滿白山又漸變成鬱鬱蔥蔥,5.25,4.5
edu2021_00763,edu2021,上課內容聽的蠻吃力的，有些術語聽不太懂,2.928571428571428,5.583333333333333
text_02142,text,我們在做安全教育的過程中也發現有不少的老師認為倒立控水是對的，民間的辦法裡甚至還有對溺水者掐人中施救的。,5.0,3.75
text_00101,text,平凡的記錄不平凡的費德勒，有過輝煌，有過失落，有歡笑有淚水，相信他的路途依然精彩，勝也精彩，敗也精彩，他的完美在於追求完美......過去喜歡，現在喜歡，將來也一直喜歡，這麼一個人，創造完美，贏了多少，輸了多少，付出多少，收穫多少，ROGER將繼續完整他的人生，讓他更加美麗，我們將依舊支持，默默注視，看他怎樣打出完美比賽，畫出完美人生。,6.444,4.714
text_00293,text,相信這才是車廠需要思考的方向。,5.75,4.714
edu2021_00604,edu2021,基礎很重要，有空需要複習回憶一下,5.642857142857143,3.714285714285714
sentence_01676,sentence,深圳特區的奠基人,6.0,2.5
sentence_02372,sentence,只要我們宣傳得力,6.0,5.75
text_01966,text,北韓中央通訊社在報導中強調：包括北韓領導人金正恩和勞動黨、政權機構、以及社會團體，在春節之際，就前往平壤「萬壽臺」，向「金日成和金正日父子」的銅像前，獻花拜祭，表露了真情和忠誠。,6.111,4.25
text_00917,text,跑起來還是不錯沒有衝突。,6.125,3.857
sentence_00724,sentence,某地發生一起少年惡性傷人事件,3.0,5.0
sentence_02192,sentence,是一個地方的無價之寶,7.5,6.5
text_01603,text,強硬反應，中國軍方不僅隨後舉行大型軍演，還在近日派遣7艘軍艦穿過沖繩海域駛向太平洋。,4.125,5.5
text_01117,text,關西福祉科學大學從3年前開始，每年提早在開學前舉辦新生聯誼會，協助準新鮮人先找到「學友」，安心享受大學生活。,6.333,4.0
text_00575,text,地毯有點髒。,2.9,5.143
reflection_00535,reflection,反應為何當下我很想跟家屬發自內心的說聲辛苦了。,4.3,4.583333333333333
sentence_01798,sentence,廣華醫院發生棄嬰疑雲,3.5,4.5
text_02298,text,但這項研究無疑是一大突破，將會對愛滋病患者的生活產生巨大的影響，因為如果正確服用藥物他們不會影響伴侶了。,6.778,5.0
sentence_01197,sentence,只是妳得設法忽視他背後那根情緒反應變化既強烈又明顯的隱形尾巴,5.0,3.0
reflection_02217,reflection,我的primary care是30床，一位因肺炎反覆住院的病人，他的太太每天都會來看他，來的時候總是看起來很平靜，也不會多問什麼問題，總是帶著一點點的微笑來回應我們．,5.875,2.875
reflection_01211,reflection,不過妹妹不希望病人進行氣切。,4.0,3.9
text_02818,text,5月17日，有網友分享一個奇葩故事，一對深圳情侶吵架，一氣之下把兩個人存的買房款捐給騰訊公益祭奠愛情，但是過了兩天卻又反悔想退款，令人大跌眼鏡。,4.75,4.333
edu2021_00601,edu2021,從這些課程可以學到很多不一樣的知識,6.583333333333333,3.928571428571428
text_00517,text,其實討論就好，也別針鋒相對...唉，說太多，等等我也會冠上護衛之名.,3.333,5.125
edu2021_00554,edu2021,很多課本上的英文專有名詞不了解，也希望可以解釋一下,4.333333333333333,4.214285714285714
sentence_01192,sentence,華文世界的人能活得這樣體面,6.0,2.5
sentence_01891,sentence,有時還會與鄰居幫賴辯解,3.0,5.0
text_02356,text,美國密西西比一個州議員，嫌老婆脫衣服脫得太慢，他等行房等得不耐煩，把老婆痛打一頓，他吃上家暴罪，議會同僚和州長都要他辭職。,3.0,6.0
text_01630,text,數典忘祖，背棄民族大義的動作，而對臺灣保釣也沒有任何意義。,3.667,6.0
sentence_01205,sentence,我又要讚美泰國電影,6.75,5.0
sentence_01453,sentence,除了衍生難民之外,3.0,4.5
sentence_01124,sentence,有時他們罵得不中肯,4.0,5.0
text_00435,text,不知對不對，有錯請指出，謝謝^^,5.556,4.375
reflection_01591,reflection,但是聽著聽著開始覺得有些不是滋味，原因是感覺有些過於去著重強調地在說“你們希望她是這樣沒有生活品質的生活嗎，還是你們就是希望你的家人還在，無論病人是以怎麼樣的形式存在，這樣至少還在身邊陪著你們。”,4.25,5.5
text_01375,text,勒斃母親的江進盛，十四日被檢察官以殺害直系尊親屬且有逃亡之虞，向法院申請羈押；惟承審法官審理後以江嫌還留在現場近五小時，之後去學校接女兒，並通知妻子返家，最後前往派出所自首，顯見無逃亡的打算，而犯罪現場也沒有被破壞，認定江無滅證之虞，諭知五萬元交保並限制住居。,3.556,4.286
sentence_01295,sentence,回答問題說話有點分心,4.0,3.25
text_02430,text,近日，很多使用者了收到了三大運營商發來的相同的簡訊息，在這條安全提醒的簡訊中，運營商呼籲使用者抵制騷擾電話。,5.0,2.625
reflection_02289,reflection,感覺對每個家人，及醫療人員在處理每個病人的當下，都把改善病情當成第一義務，這時候生命的重量很重，大家都是盡力在搶救一條生命，一個活生生的人，死去後就再也不會出現在這世界上，這可能是一個家庭裡的經濟支柱，家庭有可能感情很深厚。,4.5,5.6
reflection_02102,reflection,解釋病情當下我覺得患者的妻子似乎沒認真聽醫師解釋，有點搞錯重點，且一直想要開刀，似乎沒有想到手術的風險以及患者本人的痛苦，這讓我覺得她有點自私。,3.25,5.625
reflection_02131,reflection,但很多情況下若是不將病人束縛，最後受到傷害的仍會是病人本身。,3.75,4.3
text_02425,text,無可避免的，當肝功能失調，身體會出現許多症狀，如牙齦流血、水腫、腸胃不適等，除此之外，其實失眠有時候也可能是肝功能不好的徵兆。,4.125,5.0
text_01804,text,文章向美方喊話，指釣魚臺問題事關中國主權，美國必須充分認識到這一問題的高度敏感性，從地區和平穩定大局出發，謹言慎行，不要介入釣魚臺主權問題，不要做任何可能激化矛盾和令局勢更加複雜的事情。,5.0,6.0
reflection_00269,reflection,知己知彼，才能在病情、經濟、家庭社會支持，中評估出對病人最全面的平衡點。,5.5,2.8
sentence_00081,sentence,男兒何不帶吳鉤,5.0,4.0
reflection_02532,reflection,之前有時候會遇到比較critical或甚至是terminal的病人，明明我們都知道到了該放手的時刻，也詳細跟家屬解說情況跟急救到底會給病人帶來的不舒服跟痛苦，但很多家屬卻還是堅持要救到底，以前我都會在心裡小小的譴責家屬，覺得因為他們的強求讓病人在臨終階段還要承受壓胸電擊的痛苦，這並不是一個明智的選擇。,3.25,5.375
sentence_01135,sentence,比小學生的智力都不如,2.5,7.333
text_02284,text,從目前電影版的故事來看，像是典型的我來拯救地球的影片，而反派DoctorRobotnik還找來金凱瑞。,5.4,3.111
sentence_00868,sentence,來試試創業?挑戰同埋刺激,6.0,6.25
sentence_02268,sentence,寒塔興致沖沖的跑來找我,6.0,7.0
reflection_00549,reflection,受醫學教育的期間，被教導了無數次同理心的重要，臨床上我也總嘗試去同理病患和家屬，但第一次面對要做這麼重大決定的瞬間，才發現我的同理心也可能會讓我變得手足無措。,3.5,4.0
reflection_02226,reflection,我覺得奶奶可能自己也知道狀況不好，所以不想讓家人再這樣費心費力，但這些也都只是我自己的想法。,4.625,4.2
text_02917,text,畫框裡有時是綠色苔原，襯著冰山；下一分鐘，來到一片雪白大地，無邊無際；有時遍佈黑色的火山熔岩，還以為來到月球表...詳全文,5.375,3.875
edu2021_00792,edu2021,今天講的內容比較深入一點，我有點亂了，尤其是上課最後講到的地方，覺得邏輯有些怪怪的了,3.75,5.833333333333333
text_02671,text,看到不少學者乃至儒家學者懷念讚美五四，為五四反儒派辯護，感覺頗為滑稽怪異，就像看到一群子孫向弒父滅祖的仇人致敬或為之辯護一樣。,4.0,4.0
sentence_02183,sentence,與前次的鬆散組織不同,6.0,3.0
text_02576,text,勇士在上一場以4比2勝出火箭，拓荒者則是以4比3險贏金塊，拓荒者與勇士的第1場西區決賽賽事可於15日早上8點30分在LINETODAY線上直播直接觀看。,5.5,3.9
text_02188,text,在耐性用測試視訊中，Pixel3a憑藉著過硬的做工通過了UP主ZackNelson嚴苛的測試，所以近期打算購買該機的使用者不用擔心是否耐用了。,5.833,3.667
sentence_01044,sentence,手腳指都發炎了,3.4,4.5
sentence_00853,sentence,商界已無助力可借,3.333,5.0
sentence_00324,sentence,福建南平一位外賣小哥在路口違規停車,3.4,4.0
sentence_00947,sentence,都拿來咀嚼感慨,3.667,5.5
sentence_01254,sentence,雖然知道砲口應該要朝向上級,4.6,5.0
reflection_01760,reflection,在新聞媒體的播報及閱聽人的揣測下，民眾經常會對於施打後所出現的各項症狀感到恐慌與不滿，也容易認為這些病徵都與疫苗相關，這時要進行有效溝通，就必須要有足夠證據來證明與疫苗無關。,5.0,4.1
edu2021_00429,edu2021,以前雖然有學過，但今天才發現要表達清楚不容易,4.666666666666667,5.583333333333333
text_00955,text,玩WoW的設置多調試幾次，可以開到不錯的水準並保持流暢（全屏1366x768哦）。,6.25,5.875
reflection_01816,reflection,了解父親的心情：由於工作的原因無法每天都到醫院探望女兒，並非一味否定醫療團隊的想法；我不該第一時間就否定父親對女兒的關心程度。,4.0,5.25
text_02684,text,從現場閉路電視片段所見，遇劫男子手持黑色手提袋行過，車內埋伏疑匪隨即落車，不久返回車上開車離去，遇劫男子的頭及手受傷，送往伊利沙伯醫院治理。,3.5,5.667
sentence_02305,sentence,其不過是牲畜惡共的殉葬品,2.0,6.5
reflection_00748,reflection,我的感受當下會有種難過的感受，會思索自己還能多做甚麼嗎 ?,2.4,4.3
reflection_00844,reflection,"因此我們建議病人開刀,至少症狀緩解後,希望可以進食,但因為病人心臟功能差、血壓不穩、共病多(ESRD,Af,ischemic heart disease,decompensated heart failure,DM,liver cirrhosis), 麻醉風險高(peri-operative mortality rate:82%ifliver cirrhosis,childC),當外科醫師及MICU團隊和家屬告知麻醉風險及後續治療時,家屬哽咽流淚。",3.7,4.5
text_01857,text,立法院朝野協商前天大刪國營事業績效獎金，據瞭解，在做成決議前，陳沖曾致電立法院長王金平，指各國營事業情況差異很大，希望能有各自不同的處理。,4.75,4.2
sentence_00742,sentence,甜心自己挖了個坑,4.25,4.0
reflection_00219,reflection,"5/3,患者進入shockstatus,意識開始drowsy、且jejunostomy引流出coffeeground,懷疑可能為septic shock或hypovolemic shock, 因此在onCVC、給予輸液、升壓劑、輸血與PPI後轉入MICU進行進一步評估與處置。",4.625,2.25
text_02535,text,日前，知名爆料網站slashleaks曝光了一張魅族16Xs多彩塑膠外殼照片，並給出了100%的可信度。,5.375,3.75
edu2021_01513,edu2021,有些比較專業的地方還是有點不懂,3.416666666666667,2.75
sentence_01029,sentence,坊間建議不可行,4.333,4.0
text_01782,text,生活不見改善，薪資停滯、房價高漲、出口衰退，馬的民調支援度創歷史新低、僅剩十三趴，使得全國似都同意︰馬先生是個沒用的笨蛋（Mr.Maisanineffectualbumbler）。,2.875,6.0
reflection_01030,reflection,主治醫師陸續提出包含氣切和呼吸訓練的選項後，女兒非常果斷地講出：「我們不要氣切！」,4.5,6.5
text_02820,text,秒殺007時尚涼快~當前售價99元，湊單6.9元膠棒一個，可在我站領取100減30值友專享優惠券，實際支付75.9元，近期好價。,6.111,4.0
text_01474,text,今年跟往年一樣，他在年前陪媽媽去傳統市場買菜，每年這個時刻，看到菜市場攤販，在寒冬中用冰冷的水洗菜洗魚、整理年貨，心中都會有一種感動，每一個父母，每一個孩子，在準備年菜的時候，一定會想到自己最親愛的家人，都希望把最好的菜，最溫暖的關懷，奉獻給家人。,7.333,4.75
sentence_01279,sentence,香港人要全部出來抗爭,5.5,6.0
text_00307,text,今天接到肇事者他媽的電話...說他們家經濟不好...兒子剛退伍...爸爸聽不見...聽到這些我只希望我的車趕快修好就好...其他就算自己倒楣了...晚上去辦出險...一切就交由車廠跟保險公司處理吧...唉...開快車真的一點都不帥...看他小女友都快嚇哭了==能夠轉彎打滑還撞我這麼大力想必速度一定不慢...只希望我的車車能快點回復原狀了...,2.667,5.0
sentence_02389,sentence,仲要為自己日日加班忙碌引以為傲,5.333,6.0
edu2021_01544,edu2021,我覺得今天上課的內容比前幾次還要難懂一點,3.857142857142857,3.857142857142857
sentence_00311,sentence,我一句話不行要推翻重談,3.5,5.0
text_01983,text,只要沒看到支持FACE先推動配套，都是偽FACE狗良養團體。,3.0,6.5
reflection_00768,reflection,"如果可以的話,我認為開一次家庭會議是有幫助的。",5.2,3.875
sentence_01381,sentence,卡塔庫裡的唯一致命傷就是自己戳了自己一戟,4.0,5.5
text_01515,text,完整的輔導資料尚未送進市府，可能因此導致蔡副市長有所誤解，校方今天將儘速上呈整份資料。,4.875,3.875
sentence_00912,sentence,而自己心生怨恨,3.0,5.0
sentence_00105,sentence,冰箱等傢俱損毀後,3.0,3.667
sentence_02070,sentence,不求自己的益處,5.667,4.0
sentence_01428,sentence,腐蝕我們的心靈,3.333,4.667
reflection_01690,reflection,故到了最後，按照原定計畫，在學長的細心指導下，我順利地幫患者抽了要送驗的腹水。,5.75,4.375
reflection_00296,reflection,在病患與家屬的一連串掙扎之下，遇見太多人倫的慘劇，甚至我們看到生命是一種被摧殘的方式作結束，所以近幾年來不斷的提倡善終。,3.0,3.375
text_00676,text,~~~~~~總之跟服務檯說什麼他們都不答應，都不能得到解決。,3.111,6.625
text_01669,text,郝龍斌妻子高閬仙和李永萍昨均嚴詞澄清，高閬仙透過北市府發言人張其強表示，童仲彥濫用議員身分，躲在言論免責權的保護傘下，做出毫無根據的指控，她個人非常憤怒，今天上午將委請律師提告，並要求連帶損害賠償。,3.556,6.6
reflection_00325,reflection,3. 反應為何(當下做了什麼、想做什麼)在當下，學長很有耐心的與病人解釋，與他分析為什麼要事前問得這麼詳細，這些治療處置目的是什麼，理解他，同理他，並解決所擔心及疑惑的原因，學長跟他說’我知道你不清楚，所以我現在讓我好好跟你解釋’，在旁邊聽到的我覺得病人被體恤到了，也可以更有效地進行溝通，在病人無法下決定時，學長也會中立的分析給病人聽，分擔焦慮感。,6.125,4.0
text_01747,text,面對災難，生命的脆弱，親人驟逝之痛，災民需要的是寧靜和平，而不是纏鬥不停的藍綠喧囂，中央計劃災區重建，復興高雄經濟，地方安置災民，檢驗地下管線，重新檢討「重工業都市轉型計劃」，痛定思痛，記取教訓，唯有「同舟共濟」，放下怨念，面向未來，「藍綠共治」的政府才是真誠為高雄同胞祈福！,4.444,5.714
reflection_01310,reflection,事後回顧卻也不難想像家屬的情緒。,4.375,3.375
text_01599,text,最關切的議題，不外乎是景氣與就業，也就是對飯碗與生活的憂慮，與此密不可分的正是物價之波動。,5.5,3.714
sentence_00400,sentence,都是本身擅長廚藝的母親,6.4,5.25
text_02164,text,不太像我們熟悉的亞洲社會，關係進展通常是從單一方好感開始，接著追求，經過幾次的見面及瞭解，才發展成為男女朋友的關係。,5.0,2.857
reflection_01842,reflection,從沒有受過完整的醫學訓練？,4.5,5.25
reflection_02496,reflection,經歷過嚴重的敗血性休克和暫時心跳停止後，他雖然仍插著管，但是呼吸器設定不算高，拔管測試也屢屢通過；他雖然血壓起起伏伏，但是也慢慢脫離升壓劑和CVC；他雖然無法完全清醒，但是也非完全昏迷，擁有一定程度的互動能力；他的檢驗數據肉眼可見的進步。,5.5,3.9
text_02151,text,天貓荷灣生鮮專營店本款產品現售價19.8元，領取10元優惠券後實付9.8元包郵，價格實惠，酸爽下飯，脆嫩爽口，佐餐佳品，喜歡的值友不要錯過。,6.111,2.875
text_00250,text,所以英諾森提的插圖本身就是宏偉圖畫，值得慢慢品味。,6.333,5.25
reflection_02376,reflection,家屬一開始也無法接受如此快速的病程轉變，但隨著治療時間拉長，也開始面對總有必須要放手的一天…這是第一個無法跟我溝通的病人，隨著前幾天的狀況好轉到後期的DNR，我的心情也隨之由上而下，尤其是在病人太太希望能降低鎮靜讓他能跟孩子說說話及交代後事，一時頓為鼻酸；ICU 的工作環境時常面對病人的生死，將重症病人救回當然令人開心鼓舞，但頻繁的面對不可逆的末期疾病也會令人低落，在此感謝堅守於ICU 工作的學長姐們。,5.75,5.3
sentence_01365,sentence,悲慟的心被溫情包裹,6.0,5.5
text_02835,text,巨集達電近年在智慧手機市場競爭節節敗退，連續3年大虧5個股本，受惠去年出售Pixel團隊給Go巨集達電連3年股利掛零後，今年終於可以發股利了！,7.167,6.2
text_01892,text,政壇的敏感神經，而結論不就是希望阿扁能夠保外就醫，最好是能夠獲得馬英九總統的特赦，恢復阿扁的自由之身。,3.875,5.625
text_01238,text,遊戲基地總經理江文忠：「像電玩打怪，就會經驗值就有錢，可以立即得到一些成就，那在工作上如果有機會變成這個樣子，在工作上有機會，做每件事情都有評核的標準，他就會知道怎麼去努力得到他的獎賞。,5.714,5.0
edu2021_00882,edu2021,覺得今天上課的速度有一點快，還沒有抓到今天的重點,4.285714285714286,4.083333333333333
reflection_00103,reflection,"我的感受含情緒用詞為何會有這種感覺(信仰、態度、價值觀)先入為主如何影響感受一是心中為學長打抱不平,明明當初也有向家屬詳細解釋早上所發生的狀況與處理方式,也有講到只是因為病況相當不穩定,這些東西可能都可以先想好免得實際發生太突然來不及討論,但家屬當下也表示理解但卻仍誤以為學長錯誤解釋讓他們白擔心一場反而跟主治醫師抱怨二是家屬本身為外院病房護理師,應該對於家人的病況有基本了解,對於醫病溝通應該也知道大概的對話模式與講解內容,會對病情解釋有如此誤解讓人感到有些錯愕。",4.0,3.75
text_01186,text,結果，他在課堂上大發脾氣，還兇那個補救教學老師說：「妳看過學生殺老師嗎？」把那個老師嚇得不敢上課，也不想再教他了。,2.25,7.286
text_02575,text,他們挖出了一批三年前埋在地下進行處理的生物可分解塑膠袋、普通手提塑膠袋，發現這些塑膠袋都沒有被完全分解，有一些甚至還堅韌得很，可以繼續裝載約2.3公斤的雜物。,2.75,5.875
text_00736,text,本人已在該酒店經歷了多次可怕的預訂過程，攜程的協調能力始終使客人深感失望,3.0,5.375
reflection_02345,reflection,這是發生在我primary care的事，這位病患是位上了年紀的先生，此次住院是因為靜脈栓塞的緣故，平時會客時間定期會出現的是他歲數相差不多的妻子，基本上，我的老師在會客時間都會來加護病房向家屬解釋目前的狀況以及未來的處置方向與建議，而他的太太聽完後也都表示理解並遵從我們的建議去治療她先生。,5.5,2.125
text_00449,text,這次終於安全配備大升級，頂級兩顆變四顆，那些老是看不懂的英文縮寫，至少還有保留ABS.,5.75,4.0
sentence_02178,sentence,就是他!拿行李擋住逃生路,3.5,7.0
sentence_00521,sentence,美國和中國都處在政治上最黑暗的時代,2.5,5.75
edu2021_00864,edu2021,我覺得很有趣，聽的滿清楚的，也知道一些運用方式,5.916666666666667,5.5
text_01443,text,視國家主權尊嚴於無物，令人失望透頂。,2.222,5.857
sentence_01249,sentence,凡得此症的人都以得病為榮,6.0,6.0
edu2021_00407,edu2021,知道這個算法，真的對我們的知識幫助很大,6.916666666666667,6.0
sentence_00509,sentence,連飯都不肯自己吃,3.5,5.5
text_00347,text,目前新一代CAMRY的旗艦定位車款就只有2.5G車型可以擔任了...搭載於CAMRY上的足踏式駐煞車是機械式的，踩第一次鎖定，踩第二次就能釋放駐煞車了非常感謝大家的熱烈回應，小編必須要做的是盡量將新車的細節分享給大家，當然每個人都有所偏好，有些人若是不喜歡送他也不願開...買車是看需求，各種級距車型鎖定的客層與定位也不盡相同尤其現在安全防護意識抬頭，CAMRY此次改款能否持續擄獲人心？相信之後的銷售量會給大家答案的～,5.778,5.0
edu2021_01287,edu2021,不是很清楚這次作業要我們做什麼，不過還是學到了一些東西,5.333333333333333,3.833333333333333
edu2021_00473,edu2021,最近的內容有比較聽得懂，覺得滿不錯的,6.285714285714286,5.333333333333333
edu2021_00069,edu2021,今天課程內容講得很快,4.666666666666667,2.416666666666667
sentence_02206,sentence,支那一點壞處都不會有的,4.4,5.75
edu2021_01282,edu2021,聽老師提到幾個例子，覺得十分新穎,6.666666666666667,4.666666666666667
reflection_01154,reflection,因插管的時間也不短了，在繼續治療一段時間後病患狀況較為穩定後，便要開始與病患及其家屬討論是否嘗試再次拔管的問題，以及第二次拔管若仍失敗，是否要做氣切?或就順其自然，不再插管及積極治療。,4.125,3.9
sentence_01104,sentence,而是純粹為了用自己的理論來諷刺,3.0,5.75
edu2021_01219,edu2021,下午第一堂讓人有點昏昏欲睡,3.666666666666667,2.5
sentence_01494,sentence,幸虧美國之音把你開除了,5.0,4.0
sentence_02082,sentence,總覺得有點誇大了,4.0,4.25
edu2021_01316,edu2021,今天的課幫助我有更多了解,6.071428571428571,3.428571428571428
reflection_02148,reflection,上來到加護病房後，醫師向家屬告知懷疑為腹內感染，且抽血也並非固定兩天一次，而是依據病人情況做調整。,4.625,2.5
sentence_02273,sentence,我一點都不隱密,5.333,3.667
sentence_00387,sentence,我在嘉興遇到郭大哥和蓉兒,5.0,3.25
text_00967,text,優點多多，不一一贅述，主要是速度，製作工藝，堅固性和品牌偏好度。,6.333,5.6
sentence_01041,sentence,還有他是美人魚,5.6,3.6
text_02475,text,目前有越來越多的證據表明，許多年輕的遊戲玩家在玩電子遊戲時出現了上癮行為，並因此面臨著極大的心理壓力。,3.286,5.429
sentence_01879,sentence,就會變得乏味枯燥單調,3.5,4.667
reflection_00721,reflection,我的阿嬤本身也是靠呼吸器維持了一年的生命，我父親告訴我，雖然阿嬤沒有意識了，但他還活著，他活著對他就是一種心靈上的寄託，每週去看看他，自己的心理就能得到慰藉。,4.6,4.375
sentence_02425,sentence,還會脫力到直接昏倒,4.0,5.5
sentence_00573,sentence,如釋重負般的舒暢,7.0,5.0
sentence_00030,sentence,一樣孩子般的笑聲,6.0,3.0
text_00430,text,這樣講就會有人說命只有一條要買就要多花點錢買安全的車如果有錢可以買好一點的進口車開起來操控好爽度又夠又拉風誰願意開國產車?,3.778,6.667
text_01856,text,陳揆強調，各部會所屬國營事業績效情形差異甚大，負擔的政策任務輕重也不同，應相對給予不同考量，包括考績與考成獎金是否重迭、同一機構內績效獎金差異及政策性因素的合理性等。,5.111,4.625
edu2021_00769,edu2021,覺得上課速度有點快，希望能慢一點,4.083333333333333,4.25
sentence_00597,sentence,山川不改人情異,4.0,5.0
edu2021_01453,edu2021,考試快要到來，今日的課程變得更加專注,6.666666666666667,5.357142857142857
text_02444,text,可惜的是，胡適談佛，永遠就只能談其五分之二，他這個實用主義者，對那個不實用的五分之三，他也就不信、不修、不悟了……。,4.333,3.333
edu2021_00947,edu2021,感謝老師和我們分享一些訣竅，很好笑也很實用,6.666666666666667,5.071428571428571
reflection_00615,reflection,也看到這次病人發生ICHA後，做導管的醫師及加護病房的團隊都非常努力挽救病人的生命，最後也成功度過危險期。,6.2,3.8
text_01143,text,立法院質詢話題，行政院長陳沖昨答詢說，經濟部有數位發展計畫，涵蓋遊戲軟體的推廣、外銷等部分；教育部長蔣偉寧則允諾三個月內提出電玩人才甄選升學輔導方案。,5.286,4.143
sentence_01431,sentence,與人相處不再是難題,7.0,4.0
sentence_00378,sentence,利益這東西說不準的啊,4.0,6.667
sentence_00424,sentence,做出來的都不一樣呵呵,4.0,6.25
reflection_02223,reflection,而且老師其實有跟奶奶的女兒講過奶奶的意願，但女兒就是聽不進去，仍然會用一些不相關的事情來當作希望。,4.0,3.875
sentence_00929,sentence,郭文貴的態度已經很明確了,5.0,6.333
sentence_00695,sentence,是總在革新傳統,6.0,6.0
reflection_00676,reflection,你的反應為何因為安全上的顧慮，還是拒絕了她的要求，儘管她仍一遍遍要求，還是與她解釋護欄能保護她免於受傷跌倒，也與病患強調她目前身體狀況沒有能力自行下床，以及若她執意如此可能會受到的傷害。,4.0,3.0
reflection_00680,reflection,與阿嬤互動的過程中，時而會聽到說著對兒子的牽掛，時而會聽到她抱怨身上的不適。,4.0,4.375
edu2021_00828,edu2021,這一學期來學了非常多的東西，也很感謝老師的教導,7.583333333333333,6.666666666666667
text_01719,text,同時他感謝了他的女兒，「你們是世上最美的少女」。,6.889,5.667
text_02802,text,抑鬱症會影響許多人的生活，雖然目前有許多治療方法可供選擇，但多數見效緩慢，需要數天甚至數週才能讓人感受到好處。,4.889,3.556
sentence_01530,sentence,我國企業發展活力充沛,8.0,7.5
text_00823,text,謝謝您長期以來對我酒店的關心和支持，我酒店即將申報四星級酒店，我們在硬體的改造的同時，軟件服務上也加強和提升，爭取讓每一位賓客都滿意。,6.714,4.286
sentence_01450,sentence,甚至干擾人的荷爾蒙分泌,3.0,6.667
reflection_01121,reflection,透過這次加護病房的學習，不只我的primary care，我認為最重要的就是跟家屬建立良好的關係，並且完善的溝通! 例如每天跟病人家屬解釋病情變化，而當病情有重要的改變的時候，我們必須坦然面對，然後提顯給予家屬建議，包含未來的治療方式的選項，並適時請其他團隊 (例如安寧團隊)的介入，給家屬們多一點選項，也給他們多一點時間可以面對。,6.0,3.5
edu2021_00834,edu2021,教科書不是中文，很痛苦,2.571428571428572,7.1875
text_02123,text,-中新網中國新聞網一年前，耶路撒冷陰雲密佈，美國遷館引發巴以血腥一日；一年後，中東海域戰雲籠罩，美國伊朗對抗加劇隔空喊話。,3.429,5.625
text_00418,text,原廠要有能力及意願來主動研究及保修它，車主遇到這個問題已經很不舒服了，請原廠用最大的熱忱來處理。,3.222,6.333
text_01182,text,他對學習毫無動機和興趣，上課都在睡覺或鬧同學，我寫過很多次聯絡簿，也打了無數通電話給家長、去家訪，家長說她都知道，小孩打也打了，罵也罵了，送去安親班還被退貨，人家不收。,4.0,5.667
sentence_01532,sentence,結果在經濟趨緩時來不及煞車,3.5,5.0
reflection_00650,reflection,雖然衛服部說醫療暴力零容忍，但是根據現行法規我們不能拒絕治療有言語及行為暴力的ICU病人，且實務上我們也不可能每件醫療暴力事件都請假跑法院上訴到底。,3.2,4.7
text_01911,text,當然是下地獄啊所以囉，這個基督教徒之所以會這樣講，純粹就是怕因為自殺而下地獄所以牽拖掌權者，把自殺硬拗成他殺，他就心安理得，自以為可以進天堂了不過話又說回來，這人的所作所為挺貪腐/挺黑金/無腦反核/挺學匪)就算不是因為自殺而死，也絕對進不了天堂啊,4.0,5.25
reflection_02519,reflection,老師也曾在其他的場合下告訴我們，對患者的家屬生氣或憤懣是沒有必要且無意義的，正因為我們是專業人士，更應該透過自己的專業協助他們引導他們做決策，若是有情緒的話，很難把工作做好。,4.375,4.5
sentence_00440,sentence,若報導牴觸受眾的核心信念,3.5,4.0
text_00017,text,學會愛，抓住愛，把握愛，珍惜愛，那就會有幸福。,7.222,4.167
text_00652,text,更可怕的是3日淩晨小偷竟兩次光顧我的房間，而且有鑰匙打開房門，幸虧我上了防盜鏈，沒有進來。,2.556,6.333
sentence_01370,sentence,我們的絕熱板的效能達不到英國和日本的絕熱板的效能,4.0,4.0
reflection_02133,reflection,也許這時候我唯一能做的僅是去床邊陪陪他，告訴他：「我知道你不舒服，但我們同時也擔心產生更嚴重的生命危險，希望你能配合和忍耐」。,4.3,4.7
sentence_00928,sentence,非常下流無恥危害世界安全,2.5,8.0
edu2021_00865,edu2021,可以跟得上，只是有點難,4.7,2.666666666666667
reflection_01412,reflection,當日檢察官直接到檢體室說要取走檢體，因不符合行政程序而被拒絕。,4.875,2.7
text_02439,text,日本和韓國長久而來因著戰爭和殖民歷史而有矛盾，雖然近年日本官方極力阻止軍國主義勢力抬頭，但民間仍然會出現這些聲音。,4.375,4.111
text_02707,text,清代康熙初年，有個人名叫李太學，他的妻子妒忌殘暴，常常虐待丈夫李太學的妾，發怒則扒妾的褲子鞭打，幾乎沒有一天不打。,2.375,6.25
reflection_01035,reflection,結果晚上突然的，老奶奶呼吸困難並且失去意識長達30分鐘，因此被緊急送來我們急診。,3.875,6.375
text_00598,text,韓日旅遊團住這裏的很多，前臺服務冷淡。,3.667,4.0
text_00176,text,痛批莫言是親共的國家詩人廖亦武接受德國「明鏡週刊」訪問時，毫不忌諱地批評莫言是親近共產政權的「國家詩人」。,4.375,4.714
edu2021_00057,edu2021,雖然說課有點趕，有些東西還沒搞得太清楚，但也了解了一些基礎與原理,5.0,3.583333333333333
text_02098,text,據外媒報道，一項新研究警告稱，如果允許氣候變化以目前的速度繼續下去，到2100年海平面可能會上升6.5英尺。,3.0,4.5
reflection_02055,reflection,最後一天查房時，目睹了一個景象讓我印象十分深刻。,5.0,5.375
sentence_01352,sentence,17世紀就被外科醫生用來治療外傷口的癒合,6.0,2.5
text_01058,text,她不否認PO美照及文章，某種程度也是滿足虛榮心，看到贊數不斷累積，代表曝光度越來越高時，很高興。,5.889,5.0
sentence_00492,sentence,我媽現在催婚的手段越來越高明瞭,4.0,5.75
sentence_00268,sentence,在毛澤東剛去世時,3.5,6.0
text_02795,text,時事評論最最最最最最最/東海一梟最最最最最最最對於儒家來說，最不幸、最可怕、最痛苦、最痛恨、最不可饒恕的事，是言論自由被剝奪。,3.571,6.143
reflection_00109,reflection,"再加上大姐是大學教授,更會以自身的邏輯推理來評斷醫療處置。",4.875,4.0
reflection_00328,reflection,基於宗教及民俗信仰的考量，使用維生儀器以便於讓阿嬤撐過農曆鬼月，或許除了延續生命之外，同時可以滿足病患及其家屬心靈的寄託。,4.375,1.375
sentence_02420,sentence,剛進去的時候全家呼天搶地地喊冤,2.5,8.5
text_01525,text,另外，也不要講出做不到的處罰，與其用「你再不乖就把你丟掉」，還不如實際一點，例如直接警告他說：「你再不聽話，等一下就不能看卡通！,4.75,4.778
reflection_01335,reflection,一直到那時候，才了解，他們其實沒有那麼堅強，頓時心揪了一下。,3.5,4.5
reflection_02497,reflection,另外，會客時病人的太太情緒時常比較低落，老師在解釋完病情後都會關心一下家屬，提醒她也要照顧好自己的身體、天涼了要多加件外套，我覺得這舉動很貼心也很簡單，但往往容易被忽略，這也是我要牢記在心以及學習的部分。,6.4,4.0
sentence_00327,sentence,其他日本婆媽小聲議論,4.333,5.333
sentence_02218,sentence,30即將要開採囉,5.0,4.333
edu2021_01436,edu2021,我覺得上課的內容比較淺,4.416666666666667,2.666666666666667
text_02960,text,記得當時，手術進行到一半，突然我的右眼視線變窄了，剛開始我還以為是眼睛腫起來，於是我問醫師，我的右眼是不是腫了？,3.444,5.1
edu2021_01184,edu2021,課堂中的解講，讓我對於這塊領域有了更深的了解,6.416666666666667,4.214285714285714
text_02921,text,偏偏那些為自己私利收巨額回傭的、為自己豪宅裝潢僭建的大官、虛假資歷學歷的、私通調查物件的議員，卻平安無事。,2.5,6.556
text_01736,text,其次，不願罷免與馬總統的施政表現無直接相關，純粹只是不願意看到罷免案所引發的政治動盪，會讓臺灣的經濟發展更加每下愈況。,3.5,5.143
edu2021_00654,edu2021,老師漸進的教學，一開始先大略的點出，再一步一步的講解，讓我充分了解,6.928571428571429,3.25
reflection_00402,reflection,我反思後覺得我們其實也可以嘗試詢問看看病人的意願，雖然可能會很難溝通、要花很多時間解釋，阿伯也可能會很難表達他內心的想法，但這樣意識清醒的病人也有權利參與自己的醫療決策吧，或許透過這樣的溝通也可以給家屬下決定時更有力量、更堅定，因為作為家屬，要負責做這些決定的人其實也是背負著很多壓力，要擔心之後會不會家族裡其他的人責怪，也要擔心不知道病人能否接受等等，可能因此會陷入猶豫想要保持現況，我覺得這個或許也是當初可以嘗試的方向之一。,5.375,6.125
reflection_00043,reflection,"剛到加護病房時,病人仍意識不清,並於4/11一早因呼吸窘迫進行插管。",3.625,3.75
text_02255,text,所以各種出清建議、出清政策、出清要求的檔案隨之而來，我最早見到的一份是2018年8月28日下發的某車型追加銷售獎勵公告。,5.0,4.667
reflection_00358,reflection,另一方面，大女兒似乎很擔心自己被認為是不孝順的兒女，我不太肯定，但就從她不敢決定DNR，不敢跟哥哥溝通，叫老師跟哥哥溝通，到媽媽看起來完全不知道發生什麼事，大女兒好像是這樣；所以也許面對這種特質的家屬，我們可以強化她孝順的部分，也增強她”簽DNR”或”組織家中成員”與孝順之間的連結，讓她盡可能地不要去承擔這種自責或是罪惡的感受，也許在溝通上可以再順利一點。,4.5,2.375
text_00081,text,對心理方面的書籍一直比較感興趣，有朋友推薦我看這本書，於是我就買了，覺得很不錯，裏面的內容很實際，讓我找到自己的人生中不好的模式，並在慢慢改正中，第一次看一口氣就看到了底，但是這樣雲裏霧裏的，後來又慢慢看了一遍，終於悟懂了，而且現在還推薦我的很多朋友都看，並堅信只要你相信，只要你願意去改變你自己，你很可能就可以改變命運！,7.0,5.625
reflection_00322,reflection,幸運的我終於有機會第一次放NG，病人也很配合我，跟我說他以前也被放過，於是我就勇敢地開始放。,6.625,4.5
edu2021_01056,edu2021,今天教了很多東西，不過覺得上得有點快，一下就帶過了，有點消化不良,4.166666666666667,4.75
edu2021_00949,edu2021,作業繳交希望可以用上傳檔案的方式，印出紙本多少會造成不便,4.833333333333333,3.083333333333333
sentence_00332,sentence,為了慶祝花了一個蛋糕錢,5.5,4.5
sentence_02078,sentence,症狀是傳遍全身的水泡型潰瘍,5.0,4.0
text_01806,text,美選邊站損中美關係提到中美關係，文章指出，中美同是太平洋國家，寬闊的太平洋也有足夠的空間容納中美兩個大國。,5.0,4.375
text_01138,text,但是壹電視發掘的少女團體「WeatherGirls」（氣象女孩）卻選擇在這個敏感時刻進軍日本，將在10月發行首張日文單曲，搶攻宅男市場。,5.375,4.625
text_02476,text,現在，瑞士洛桑聯邦理工學院、伯爾尼大學和瑞士生物資訊學研究所的研究人員發現了一種控制腫瘤是否能夠擴散的特定蛋白質訊號通路，使其成為未來藥物的良好靶標。,6.625,4.111
reflection_00140,reflection,"二.我的感受聽到資訊的當下覺得有點錯愕,因為消息的來源是從護理站的電話來,明明剛剛才解釋完同一床的病情,為什麼還要再解釋一次,是不是家屬間沒有互相信任,或是家屬間有地位的高低區分。",3.4,5.375
edu2021_00092,edu2021,課堂中老師舉了許多的例子讓我們去理解其不同之處，今天的課程算蠻有趣的,6.571428571428571,4.833333333333333
text_02741,text,斯特拉赫承認做錯，行為愚蠢及不負責任，但並無違法，反駁自己是受害者，被政治暗殺，澄清自由黨並未收到這名女子的任何金錢支援。,4.0,3.556
sentence_00275,sentence,最使人疲憊的往往不是道路的遙遠,4.0,5.5
sentence_02449,sentence,熱切期待盡早實施,6.5,6.4
reflection_00252,reflection,在會客時間時，病人母親來探望，並且不斷詢問護理師「醫師為什麼還沒來」，也走來station問正在打病歷的我「請問你是xxx的醫師嗎？」。,3.625,4.2
text_01790,text,前行政院秘書長林益世涉嫌貪汙，馬清廉形象受損，黨內要角連勝文批評馬是丐幫幫主，暗示全國在他領導下都是乞丐。,3.0,5.571
text_02095,text,幾周前，MicrosoftEdgeforMac的第一個版本被洩露，今天，該應用程式收到了它的第一個更新。,4.857,3.0
edu2021_01396,edu2021,今天學的讓我收穫頗多,6.666666666666667,5.083333333333333
reflection_01153,reflection,病患本身雖意識清楚，然因插管不能說話，且有重聽的問題，溝通不方便，需用書寫方式，請病患閱讀後點頭或搖頭表示意見。,5.0,1.625
sentence_01542,sentence,埋怨老天的不公,3.0,6.75
edu2021_00640,edu2021,很有趣，但白板上的字偏小,5.916666666666667,3.071428571428572
reflection_00021,reflection,"對於醫師的建議也大多答應,沒有隨便應付或是很有自己的想法的情況。",5.1,4.3
text_00003,text,書今天朋友已經收到了。,5.333,4.286
reflection_00399,reflection,另外因為病人一直無法脫離氣管內管，因此也和他的家屬討論氣切。,4.875,2.7
edu2021_00108,edu2021,今天沒有像之前講的那麼快，講解的速度剛好,5.25,2.416666666666667
text_02718,text,多發於北方夏季的飄絮，由於在飄揚過程中夾雜了花粉、塵埃，確實讓有些人在接觸後，會產生面板瘙癢、蕁麻疹等過敏症狀。,4.25,3.375
text_02642,text,因此，資本主義和加速主義邏輯將渴求一種新的社會管控方式，一種超越996制度，甚至超越二元式的人類生理邏輯,5.625,5.778
sentence_01997,sentence,導致事故有五導因,4.0,2.25
sentence_00893,sentence,有啥資格嘲笑俄爹,3.0,7.25
sentence_01481,sentence,看到這個訊息的時候真的很氣憤,2.667,7.5
reflection_00947,reflection,同時我對於老師面對家屬的應對進退十分佩服。,6.75,4.5
reflection_00806,reflection,因爲預後不好、病況危急，我們於11/02進行了家庭會議，討論後續的方向及目標。,3.75,2.875
reflection_00293,reflection,當我們開始不耐煩想要消極溝通的同時，應提醒自己，也許家屬並不是那麼的無知與頑固，但在生死關頭，勇敢的面對這些，內心想必掙扎也不少，多的是我們無法體會的家屬與病患之間的情感連結與束縛。,4.25,4.25
text_00314,text,還有，最不期望的就是這種比爛的砲火！,2.5,7.5
text_01848,text,能想像首都市長挺一個貪汙貪腐搞爛台灣還死不認錯的陳水扁?,2.714,6.143
text_02771,text,該國總理拒絕提及嫌犯姓名，以免擴大犯罪宣傳效應；5家主要新聞媒體簽訂自律協議，謹慎處理審判報導，避免鼓動仇恨。,6.167,4.286
sentence_00399,sentence,鄧屠夫和姚依林那樣的共產黨領導人才是明白人,6.5,6.0
sentence_00260,sentence,我們被通知由於中國的一個國家購買了大樓,5.0,1.667
sentence_02007,sentence,消防車有瑕疵沒辦法供應水滅火,3.4,3.0
edu2021_00739,edu2021,聽說這章可以輕鬆上手，聽到這樣我覺得相當安心,6.857142857142857,3.25
sentence_00504,sentence,我為何不先存檔是智障嗎,3.0,7.5
reflection_00313,reflection,但我個人覺得病人有接受自己的現況，也知道身旁的這些人在對他好，之前病人剛好跳短暫VT被護理師看到，一群人馬上衝過去看他是否需要急救，幸好不需要。,5.75,1.375
text_01178,text,而若政府想協助遊戲產業的推動，網友「小豬Ted」則建議「先從減少代理韓國遊戲開始。,5.625,4.143
sentence_01814,sentence,裝作若無其事可以嗎,3.75,6.5
sentence_01671,sentence,所以感覺時間過得格外的快,4.75,5.5
text_00284,text,經歷了，就會愛上這本書！,7.0,6.143
sentence_01863,sentence,當歐洲兩極分化已經到達空前絕後的程度,3.25,5.5
sentence_01353,sentence,有個要考詩大的男孩在和我調情,4.667,4.333
reflection_01479,reflection,仔細想想才覺得可以理解病人家屬的放不下。,5.3,3.0
text_00775,text,我相信我的同事她連睡衣放在什麼位置都不知道.,4.111,4.778
text_00627,text,超級可怕的旅館，進門後根本不是45平方米的大房間,3.0,6.0
text_02915,text,麥美娟表示，爭取在青敬路聖保祿村、漁民村增設無障礙設施，包括建議平整在毗連青衣公園旁山坡，改建成無障礙設施。,6.375,4.125
edu2021_01266,edu2021,很多專有名詞方面聽得不是很懂，投影片也是不能完全了解,3.5,4.666666666666667
text_01368,text,警方指出，兇嫌目前仍行蹤不明，正積極追緝中，並透過管道策動兇嫌出面投案，不要一錯再錯。,4.125,3.833
text_02887,text,該證型的患者常有五心煩熱、頭暈、耳鳴、失眠多夢、腰膝痠軟等症狀，或伴有口乾舌燥、舌紅少苔等問題，此證在臨床也最為多見。,4.167,2.167
sentence_02019,sentence,而不只是做一個記錄施暴過程的相機,4.0,6.5
edu2021_00388,edu2021,整節課都有點頭暈，吸收的很少,2.75,3.571428571428572
sentence_00197,sentence,欺凌本國人民的腐朽政體,2.5,5.75
sentence_01420,sentence,讓他未來的歲月全部耗費在司法訴訟中,3.0,6.667
text_02809,text,AMD的7nm產品矩陣已經蔚然成形，雖然Intel仍舊慢半拍，但NVIDIA方面似乎不願再被動挨打了。,5.333,3.143
text_02155,text,翻譯棒的選擇五花八門，先前我們已經針對市面上最貴的翻譯棒、最便宜的翻譯棒以及一般人只要有手機就可以用的免費翻譯方案三種方案，比較在日文上面各種方案的不同。,5.0,1.6
sentence_01789,sentence,一些人藉助網路表發一些不實言論,3.5,5.0
text_01399,text,更諷刺的是，挪威人民已經兩次公投反對加入歐盟，因此挪威總理史託騰伯格在恭賀歐盟得獎之餘，也不忘表示挪威目前仍無加盟計畫。,4.375,5.429
edu2021_00914,edu2021,有時會斷麥，聽起來稍微有些吃力,3.785714285714286,3.6
reflection_01185,reflection,這次會客時，病人恰好心跳停止。,4.125,4.25
text_00937,text,優點就是便宜這款機器不帶操作系統是在是麻煩，還好自己懂點電腦知識要是個不懂電腦的這個非要被氣死,2.444,6.667
sentence_00294,sentence,崇拜的其實是權力,3.8,6.25
edu2021_01103,edu2021,總算都上完了，開心呦,7.583333333333333,7.5
reflection_01767,reflection,接著，談到後續可能面臨的透析，雖屢次提到「患者清醒時曾表達不願接受透析」，但家屬們情緒難以平復，仍然希望老師可以使用各式方法，全力救治。,3.7,5.125
text_00595,text,象其他評友講的，亂七八糟的電話接連不斷，讓你不得安生，可怕！,2.667,5.5
reflection_02437,reflection,看到外籍看護在一旁一隻手輕撫著病人的臉，一隻手握住病人被約束的手，輕聲地在病人耳朵旁，叫著名字喚著加油，不停地鼓勵著病患，雖帶點異國口音，但卻可以從聲音中感受到那種強烈的盼望，那種人性中最善良的表現。,6.25,5.25
sentence_00909,sentence,畢竟給國人信心也是一國吉祥物的工作,6.0,5.25
edu2021_00965,edu2021,還算聽的懂，感覺滿有趣的,5.916666666666667,2.916666666666667
reflection_00005,reflection,"但最後又聽說他們家的經濟狀況其實不太好,病患本人又是做工的存款也沒有很多,也無妻兒,因此重擔落在哥哥身上,自費albumin時一袋1700元*6都非常猶豫,矛盾心情全透漏在他們臉上。",2.4,4.583333333333333
sentence_02094,sentence,是全世界人類的恥辱,1.5,7.75
text_02659,text,美國政府官方披露關於UFO的資訊一直很少，從而導致各種陰謀論滋生且經常被指責掩蓋事實，美國空軍基地第五十一區事件更是令民眾對UFO充滿好奇。,5.0,4.625
edu2021_01170,edu2021,開始有點了解了，但還有不懂的地方,5.083333333333333,4.416666666666667
text_01774,text,這麼惡毒的人一點機會不給民進黨你叫民進黨怎麼能不恨他?,3.0,7.125
sentence_00015,sentence,而手的姿勢又可以表達很多不同的感覺,6.0,5.0
edu2021_00589,edu2021,不斷的挫折，澆熄了我學習的欲望,1.5,5.857142857142857
reflection_01348,reflection,我的感受為何（使用情緒詞彙） 當下當然是為護理師的苦心感到不值，但因為被罵的不是我，沒有直接憤怒的情緒。,4.3,4.875
text_01310,text,對現在臺灣電競玩家來說，除了有很多很好的贊助商，而雷蛇也針對玩家量身訂做許多電競設備，讓玩家可以發揮完整的實力，還有一個很好的環境，像是TPA、TPS的戰隊可以互相觀摩與學習，是追求夢想是最好的時刻。,6.444,4.667
text_01967,text,此外，北韓的將領、軍官和士兵以及老百姓們，從大年初一就開始，前往各地所設的「金日成和金正日父子」的銅像前，和大型壁畫前拜祭，以表最高的敬意。,5.5,5.25
sentence_02448,sentence,但你一輩子都是殘廢,3.0,6.0
reflection_01638,reflection,事後的反思：其實這幾天照顧蘇伯伯的過程中，常常都感覺他想要跟我們做溝通，但是礙於插管以及約束，沒辦法做出有效的對話。,4.375,4.6
edu2021_01475,edu2021,增加了我對課程的興趣,6.0,5.8
edu2021_00937,edu2021,之前了解的都很少，上完課後獲益良多,6.6,3.785714285714286
sentence_02266,sentence,不至合意於米中協議,3.667,4.667
edu2021_01124,edu2021,課程內容對於我們的學習與工作方向有極大幫助,8.0,4.428571428571429
edu2021_00490,edu2021,經過老師風趣的介紹，我更加喜歡上這堂課,6.357142857142857,5.714285714285714
sentence_00170,sentence,而且將阻礙全世界的穩定和繁榮發展,3.0,5.5
text_01429,text,另外微軟與Yahoo!雖然也在即時通訊平臺合作，讓MSN與Yahoo!Mssanger可以跨平臺服務，但是也遭遇到市場上如Skype的挑戰，但是雙方決定以合作來對抗Skype時，局勢也已經失去主導權。,4.0,4.0
edu2021_00626,edu2021,今天的課程滿有趣的，但對於一些新的東西還需要一點時間去消化一下,5.714285714285714,4.071428571428571
text_00132,text,和日本語的版本相比，翻譯後的文筆平淡如水，情節發展如同夏日中的找吃的狗----無精打采。,3.778,4.0
sentence_01506,sentence,被孕妻趕出再婚,3.0,5.0
text_02082,text,早在2017年1月，美國聯邦貿易委員會就指控高通通過一些不公平的競爭行為來維繫其在全球智慧手機晶片市場的主導地位。,3.5,5.143
edu2021_01395,edu2021,感覺很有趣，教學方式活潑又生動喔，棒棒,8.333333333333334,6.571428571428571
sentence_01491,sentence,它獨有它那粗獷,5.667,3.667
text_01846,text,華人在外面太低調了，以致失去自我，缺乏獨立的人格，民族品格和國格，不夠維護自己的尊嚴。,3.222,4.5
text_01898,text,花了點時間看了賤民解放區的文章，不得不說，這是目前我看過批判力道最強的反服貿，不，正確來說是反經濟全球化的論述。,4.5,6.625
reflection_00340,reflection,接著，女兒解釋是因為傳統習俗的緣故，不希望家人在鬼月中離世，才比較可以理解家屬選擇醫療處置的苦衷。,4.875,3.2
reflection_00912,reflection,這個團聚也許可以讓雙方反省這些年來的行為、態度，是個重新凝聚這個家的好機會。,7.0,4.2
edu2021_00023,edu2021,對於作業我覺得有點困難，畢竟以前都沒碰過,3.416666666666667,3.642857142857143
text_01644,text,馬英九說，他對酒駕議題關心很久，希望從嚴、從速來面對。,5.667,3.333
edu2021_00054,edu2021,經過老師實際例子的講解有比較清楚，練習後希望能更融會貫通,6.0,4.166666666666667
text_02092,text,今年3月份，Google釋出了自己的雲遊戲平臺Stadia，而按照慣例，這類定製化產品對於硬體配置都不肯公佈詳細引數，只會說個大概。,5.0,3.857
reflection_00617,reflection,另外，病人要轉出CCU當天我有去找他聊天，他提到他住院這麼久，他的家人都沒有要來看他，那種微失望的語氣也讓我感到尷尬與難過。,2.875,6.125
reflection_00619,reflection,沒想到做心導管後竟然鬼門關前走一遭，如果運氣再差一點，說不定真的會直著走進、卻橫著走出醫院…。,1.375,7.75
reflection_01113,reflection,但同時我也常常看到他解血便時，那鮮血幾乎要流滿床鋪的樣子，實在是很難想像他瘦弱的身軀中，究竟還剩多少血液能讓他像這樣流出來……,3.25,5.0
text_02489,text,美國聯準會降息呼聲再起，振奮股匯雙漲，3日新臺幣兌美元勁揚1.09角，創7個月單日最大升幅，臺股逆轉勝日K連四紅。,7.0,7.0
sentence_00962,sentence,你們是中國最沒良心的混蛋,2.0,8.0
edu2021_00059,edu2021,雖然老師說這些內容其實大同小異，但我都聽不太懂,2.7,4.833333333333333
sentence_00448,sentence,你也許會很失望,3.5,5.5
text_02517,text,卡通帆布包，土酷嘻哈~淘寶精選當前售價35元，現可領取5元優惠券，實付到手價格30元，2款可選，趣味可愛。,5.571,3.875
reflection_01675,reflection,在我在加護病房的第一周星期四，有一個新病人轉入加護病房，只見會客時，那個病患的阿姨抓著老師頻頻流淚，護理師默默替她搬了張椅子來讓阿姨穩定情緒。,3.875,5.125
sentence_00371,sentence,講得內容越複雜越長,4.0,4.75
text_00706,text,住後感言：同樣的服務，他們更驚喜；同樣的微笑，他們更真誠！,6.875,5.143
sentence_01868,sentence,雖然乃乃性格消極內向,4.333,3.667
text_02844,text,其過程不僅重視學生品德，更建立起學生的健全人格，因此攀登玉山的山野教育也成為水商108新課綱的特色課程，是每一位來到水商學生的必修學分。,6.714,4.714
sentence_00239,sentence,現在差的是政府,3.5,5.75
text_00403,text,這篇文章跟福特有關係嗎？孤鴻海上來你真的很會硬凹捏各國強制安裝的安全配備，如同安全帶一般只有台灣政商牛步，還是說你跟他們有一腿？擁護T牌到這種程度，也真有你的畢竟花錢買Toyota的是別人，也不是你對吧？別人家的小孩死不完如果因為你一句話讓其他消費者對安全性有了錯誤的決定甚至間接導致未來事故的發生那業報是一輩子都還不完的,3.0,6.444
reflection_02343,reflection,雖然我並不是主要照顧病患以及解釋病患的人，但當下，我的心情是感覺有點荒謬的，為甚麼只出現一天的家屬會這麼理直氣壯地覺得她因為無知所以我們就必須把所有的事情重複一遍給她聽，病患住進加護病房也不是一兩天的事，如果要重複全部的事並不是短時間可以完成的，加護病房還有其他床需要老師去解釋，更何況病患的太太每天都有來，她都知道我們在做什麼也都能夠同意我們所做所為，結果你一來就打算全盤否定我們的專業，這是不是有點太武斷了呢?,3.5,7.375
sentence_00025,sentence,詢問後才知道他是被用某個特定稱呼喊到厭煩,3.6,4.0
reflection_01534,reflection,但當他們在討論時，吳先生似乎也還不太能接受自己短期內病情急遽惡化的情形，所以當下沒有明確的結論。,3.5,5.0
reflection_02188,reflection,在陳醫師照顧病患的時期，大女兒似乎已經逐漸可以接受病患的疾病進程嚴重到某些功能已經不可回復，卻因為心中的捨不得無法決定病人是否接受氣切或是安寧治療。,3.875,5.0
reflection_00851,reflection,"反應為何當下老師不慌不忙,先是關心病患家屬的狀態,請她進到房間慢慢討論、說明病人就醫後的醫療歷程、處置的必要性及可能發生的各種風險,如何應對處理併發症、處置後的觀察重點等等,並再三表示醫療團隊在每個環節都有盡心救治病患,而整個過程口氣都非常柔和溫暖,語速慢慢的內容卻十分清晰、邏輯清楚。",5.125,2.125
text_01165,text,從韓國手上拿走冠軍證明臺灣實力隊長MiSTakE接受記者訪問時表示，奪得冠軍最大的意義不在於愛國情操，而是能從韓國政府投下大量資源培植電競運動的電競大國隊伍手上拿到冠軍，證明臺灣選手自己的實力。,6.625,5.0
edu2021_01345,edu2021,受到老師讚美，真的很棒,7.916666666666667,7.083333333333333
edu2021_00687,edu2021,有點難以理解，希望多練習有幫助,5.0,3.9
text_02336,text,iFixit猜測底下的微關開可能也有被改動到，採用新的合金或熱處理方式來延長壽命並減少誤按，但對此並沒有太明確的證據。,5.0,2.714
text_00394,text,又怕意見欄打太多，以後回去保養，會被車廠貼上標籤，真為難阿..,3.625,4.125
edu2021_00871,edu2021,教的東西有些少，練習有點無聊,2.5,2.666666666666667
reflection_00994,reflection,從這個案例我思考了病人及家屬對於醫療決策意見不同時，該如何互相尊重溝通，同理對方，也延伸到生命末期時，要選擇什麼方式或心態面對死亡，讓我對尊重病人意願及善終有了更深一層體會。,6.0,4.3
reflection_00759,reflection,"我的感受我當下的衝擊蠻大的,腦中閃過一個想法,覺得可能這起事件若處理不好,很立即的可能會有醫療上的糾紛。",3.5,6.7
text_01689,text,如果說抗議就是拍照打卡上傳~如果說抗議就是吃光人家的東西~如果說抗議就是偷行政院的錢如果說抗議就是把行政院當成自己家，也當成觀光區那....回家好嗎?,3.333,6.286
reflection_02284,reflection,我那時候才知道水腫起來整個都會變形，連包皮都腫到我找好久才認出來怎麼撥下來。,3.875,4.0
reflection_00795,reflection,面對哥哥希望再繼續積極治療，讓病人醒來，我覺得很為病人感到不平，你平時該講的不講，現在已經命危插管了，就因為你想要跟他講話，所以病人昨晚要插管撐過去，等你來現場聽你說，為什麼就因為你自己有話想說，病人就做下違背平時意願的決定，那麼病人的自主權利放到哪裡了？,2.375,6.6
reflection_00267,reflection,2. 我的情緒及感受：雖然不是第一次參與告知壞消息的部分，站在醫師的立場會覺得不知要如何開口，站在家屬的立場則是會覺得很錯愕與坐立不安，兩方面的情緒互相拉扯讓我覺得內心十分糾結。,3.25,5.625
edu2021_01506,edu2021,今天學會了很多知識，獲益良多,6.916666666666667,4.642857142857143
sentence_00097,sentence,醉漢出口辱罵女郎,2.25,4.333
text_00851,text,整機顯得做工很精緻，外觀也很漂亮。,6.5,5.286
text_00127,text,水說愛的語言，水能結出很美麗的結晶，哪麼要是人與人之間都說好話，我想我們人類就能很好的控制自己的情緒，人有了一個好心情，幹什麼都能成功。,6.375,5.857
edu2021_01400,edu2021,今天教的好複雜，回去要好好慢慢看一下,4.416666666666667,4.666666666666667
sentence_01752,sentence,辯證法的始祖是伊甸園那隻蛇,4.5,2.5
text_02604,text,然而，在中美經貿談判中，美方卻誠意不足、居心叵測，動輒揮舞關稅大棒、一再進行極限施壓，妄圖靠施壓迫使中方接受漫天要價。,3.571,4.714
text_01512,text,無論是對家人或朋友，張芸京總是習慣報喜不報憂，久而久之也變得不知如何表達，「大家都會看張芸京的外在，好像是很堅強的、感覺是打不倒的。,6.125,4.286
text_02588,text,張建宗在網誌中表示，隨著本港人口高齡化及勞動人口萎縮的趨勢，對本港經濟增長和長遠發展將造成一定的壓力。,3.778,3.75
edu2021_00155,edu2021,今天收益良多，學到很多平時無法聽到的,6.833333333333333,5.166666666666667
reflection_00218,reflection,"轉ICU後,患者的vital signs相對較穩定,然而患者卻不時地表現躁動極痛苦的神情,懷疑為腫瘤轉移造成的急性疼痛,因此給予fentanyl止痛。",4.5,4.25
sentence_00616,sentence,所簽署的約定!,5.5,7.0
sentence_02429,sentence,為了突顯自己的清高,3.667,6.333
text_02068,text,律師又強調，申請人不能將個人對婚姻的認知強加於政府和社會大眾上，政府有酌情權決定是否在法律上承認同性伴侶關係。,5.4,3.167
text_01235,text,寒假檔佔樂園全年2成業績，今年假期長，觀光局預估造訪樂園人數可達135萬人，增加4成6，從北到南拚優惠，新竹業者春節期間，120公分以下免費入園，其他時間動物姓氏買票100元，等於打1折，碰到蛇年，苗栗樂園除夕前屬蛇免費，過年期間140公分以下也免費，屏東業者同樣推不到115公分的小孩不用錢，看準家長省錢心態。,5.625,3.143
sentence_00310,sentence,現線上條有些清晰了,5.5,3.5
text_00122,text,花樣年華中的往事一幕幕浮上心頭，多麼慶幸我們擁有過那麼美好、恣意的青春。,6.889,4.375
text_01490,text,「臺北暗殺星」迎戰「新加坡先鋒」的前兩場比賽都獲得勝利，全場一片歡呼，當冠軍獎盃將要落袋之際，怎知第三場被對手以精準選角取得優勢，「臺北暗殺星」受挫敗陣。,3.375,5.0
sentence_00070,sentence,柴門反關無俗客,5.667,4.0
text_00089,text,當在使用對身體有幫助的物品時，請相信它，感受他，感激它，身體會吸收的更好。,6.5,4.143
text_01478,text,電玩選手贏得國際競賽冠軍，對於電競選手有激勵作用，並期盼政府能協助電競發展，以及帶頭扭轉社會對遊戲產業的負面印象。,5.143,4.429
text_01464,text,前天發生的新埔林家大火，在場消防員束手無策，導致受困的62歲林榮茂等不到救援，在妻子眼前活活被燒成焦屍，宛如八掌溪翻版，無能政府又添一筆；更令人震驚的是，死者的長子案發後失蹤，昨被逮後才承認縱火，理由竟是氣父母未依承諾幫他存錢。,3.429,5.375
text_00740,text,推薦給節約消費的自助遊朋友~比較划算，附近特色小吃很多~,6.5,5.429
text_00565,text,感到特別安全。,6.375,4.571
text_02724,text,"戒邪淫網-戒邪淫論壇-戒色戒淫戒邪淫年輕時放縱任性，現在飽受不孕苦果，婦科病纏身我在20幾歲以前,按照世法還算個循規蹈矩、純潔的女孩，沒有什麼大過失。",4.286,3.0
reflection_01583,reflection,我不禁換位思考如果躺在床上的是我，我希望別人問問我的意見，讓我下決定嗎？,5.0,2.75
text_01133,text,小龍迎春、旋乾轉坤、平安歡喜、新春如意。,7.143,5.5
text_00513,text,之前在汽車百貨看到這隻司柏奈)德國油在台分裝在特價188，想說俗俗買來用用看~起步輕快引擎聲變小但太黏尾速縮掉了還有清潔性不佳聽朋友介紹下~用了力豹仕~真的好用~拉轉力道猛爆~可惜油耗差了些跟其它牌10w40的機油比)後來看到倉庫賣的agip5w40~忍不住又想買來玩玩看~還蠻省油的~倉庫賣的比汽車百貨便宜好多~好賣家^^這幾隻油是我用過還不錯的~貼上來讓大家看一下,6.75,5.625
reflection_02056,reflection,我覺得，面對兩難的問題，醫方如何用淺白的話語為病方分析利與弊，並有經驗地安撫家屬、與其一同經歷困難的時刻，治療病人更治療與之牽絆的心靈們，正是科技時代從醫者的價值所在。,6.125,2.875
sentence_02015,sentence,成年後鍾情文學,5.333,2.333
edu2021_01053,edu2021,老師挺幽默的，大大增加了我們的興趣,7.083333333333333,5.166666666666667
sentence_02035,sentence,就他還在悲憤選不上市長,3.0,7.0
sentence_00414,sentence,00向所有的母親們致以衷心的問候,7.0,6.0
edu2021_00500,edu2021,我覺得老師講的有一點快，需要時間消化,4.5,4.0
text_00922,text,1整體做工精細2白色的基本不會有手印的困擾，這是我選擇白色的主要原因3鍵盤的手感好；觸摸板的多點功能會有驚喜4電池續航能力確實很強，很滿意5cpu沒有想像的那麼差，日常文案工作和上網絕對夠用。,6.6,4.857
text_02288,text,知名YouTube硬漢兄弟成員之一的黃包包近日與網紅女友閃亮亮的不雅片3度外流，除了尺度較先前兩部外流片大上許多，兩人均正臉入鏡，引爆網友熱議。,3.444,4.444
text_02834,text,就當一般人沒有鄭若驊的法律知識水準，但12名現任及前任德高望重的大律師公會主席呢，難道她/們都是容易遭人瞞騙或誤導之輩？,3.889,4.8
sentence_00116,sentence,有了喜事和人分享,7.0,5.667
reflection_00993,reflection,我時常會跟父親一起探望阿嬤，幫他拿棉花棒潤濕口腔，陪他說說話，雖然做這些事並不會讓病情好轉，但看著親人還活著，或許真的對有些人來說是很重要的。,5.125,4.125
text_02405,text,該項研究專門研究了低脂肪飲食，除了發現潛在的健康益處外，研究人員還發現低脂肪飲食結構不存在負面影響--能夠大幅降低因患乳腺癌而死亡的風險。,6.556,5.125
sentence_01218,sentence,我看不懂把宗教理由推動的暴行,4.0,5.0
edu2021_01324,edu2021,最近的課程讓我覺得很親切，特別感興趣,7.285714285714286,6.0
sentence_00822,sentence,是人類歷史上絕無僅有的存在,6.333,6.667
sentence_00737,sentence,同時性格刻畫鮮明,6.0,4.75
sentence_00362,sentence,我不在乎那些流言蜚言,6.0,2.667
sentence_00169,sentence,這樣也是變相幫他開口,4.5,6.0
edu2021_01252,edu2021,今天的課有點聽不懂，而且報告好多呀,3.666666666666667,4.166666666666667
text_02380,text,一個朋友和我說，自己也嘗試過單獨出國旅遊，但旅程中真的覺得很寂寞，完全不像想像中那樣豐富精采，懷疑是不是自己做錯了什麼？,3.333,3.444
text_02271,text,在第一家瑞幸咖啡店開門營業不到18個月後，在2019年第一季度虧損掉5.3億人民幣後，瑞幸在美國正式上市了。,4.714,5.286
text_01772,text,真的很簡單馬英九這輩子做過四件最惡毒的事情，第一件惡毒的事情選贏陳水扁，重點是讓他沒連任太惡毒了.,3.0,5.5
text_00971,text,這個筆記本性能好的，適合女生用，而且是粉色！,7.0,6.286
text_01812,text,熟悉我的人都知道，我反對死刑.,5.0,4.25
text_01183,text,孩子就是不愛讀書，她也沒辦法。,4.0,4.143
edu2021_01340,edu2021,課程開始前老師稍微複習了一下昨天的內容，很期待上到下禮拜把這章節的東西都弄懂,7.0,5.285714285714286
edu2021_00994,edu2021,今天講得比較少一些，但還是非常清楚,5.583333333333333,3.5
text_00141,text,熱愛生活，熱愛生命。,6.667,3.857
edu2021_00890,edu2021,老實說聽過之後依然一知半解，還在努力理解中,4.083333333333333,3.75
reflection_02455,reflection,她嘴角的弧度像是乘載著十幾年來的無奈，說著我還能夠怎樣，她已經對醫學失去信心，她很認真在服藥治療，為什麼這些事情會一再發生在她身上，每每她跟醫師說類固醇的副作用皮膚變薄全身水腫讓她不勝其擾但醫師總是從未願意仔細聆聽。,3.375,6.0
reflection_01521,reflection,今年初，因為不想要繼續活了，便去超商買了一把西瓜刀往自己的肚子裡刺了三刀，沒有想到被路過的人發現，最後成功救了回來，至那次自殺未遂之後，終日不進食單靠飲酒過日子，「我不知道活著要幹嘛」從單純但是毫無盼望的表情中說出。,2.625,5.5
sentence_01133,sentence,色戒的一個缺憾,3.25,2.5
reflection_00088,reflection,"2.在ICU中多重管路及限制,不論是身體的活動自由度、生活起居都不如在家來得輕鬆及自在。",4.5,3.875
reflection_02238,reflection,就算挺過來了，脫離呼吸器，下次的呼吸衰竭又來，就繼續回到這樣的日子，而阿嬤已經這樣許多次了。,3.7,5.2
reflection_02419,reflection,但由於其兒子長期在北部工作，因此來探望者主要為其四姐(暫時待在高雄)，也由於地緣位置關係，因此一開始有請其四姐作為法定代理人，協助醫院相關治療或文件上的簽署。,5.0,1.875
text_02050,text,在英國準備為華為開綠燈的決定遭洩密後一週，英國首相特蕾莎·梅在當地時間5月1日突然開除了被指為內鬼的國防大臣加文·威廉姆森。,3.667,4.429
text_02785,text,想要改善家中的空氣品質，除了挑選優質的機型，也必須建立正確的使用觀念，定期更換濾網才能達到過濾髒空氣的最佳效果，髒濾網不但讓造成二次汙染，也讓機器耗損更快！,5.375,4.1
text_02119,text,沈佳宜安全穩固不影響訊號天貓精選現售價10.8元，可疊加5元優惠券，折後5.8元包郵，近期好價，有需要的值友不要錯過了。,5.75,3.0
sentence_02453,sentence,照耀著所有陰霾,6.5,5.5
edu2021_01352,edu2021,讓我更了解發展風向，也燃起了熱忱,7.0,6.214285714285714
text_02014,text,人一生約花1/3的時間在睡眠，倘若躺在床上卻輾轉難眠，看著窗外天色慢慢變亮，真的有一種無語問蒼天之感！,4.0,3.833
text_01767,text,老實說我個人是寧願整天打魔獸三國累了就玩LOL也不會想要當縣市首長跟立委之類的耶畢竟中路司馬玩得好的話一次星落可以打到對面五個英雄算是很好玩的遊戲當縣市首長跟立委感覺競選很累之後公務繁忙,5.0,3.167
sentence_00577,sentence,根本無心力再去關心什麼大事,3.0,5.2
reflection_01752,reflection,我的反應當下我的反應就是先去把病人的病歷給瞭解了一遍發現病人是一個DVT且是塞在proximal的病人，怕progress到compartment syndrome，於是做了fasciotomy和thrombolytic therapy，在此背景下我覺得病人在這麼痛的情況下並且被關在ICU好幾天不見天日，且家屬一天只能來半小時還不一定會來，難免會有煩躁的情緒，而身旁的人確是以不耐煩的態度去照顧我覺得不太妥當。,3.375,5.5
edu2021_01329,edu2021,今天我主要都在鑽研一些很難懂的題目，或許是因為我英文不好吧，有些題意令我感到困擾,3.666666666666667,5.083333333333333
edu2021_00284,edu2021,如果老師不要一直撈叨的話會更好,3.642857142857143,4.7
reflection_00713,reflection,從ICU到自己自身的經歷，大家對於要不要撤除呼吸器都有不同的看法。,5.0,4.1
reflection_00558,reflection,3. 我的反應：在旁聽的過程中，儘管認為家屬選擇了一個相對錯誤的方式，但思考到如果換做我今天是家屬，也不了解醫療上太多複雜的情境，會不會在兩難之下依舊選擇積極治療我的家人，我在旁細細地聆聽著嘗試感受家屬的心情。,4.5,3.0
text_01484,text,結果12局上老虎隊掌握契機，先是Cabrera遭保送上壘，接下來Young再打出超前的二壘安打攻下1分，AndyDirks也打出直擊投手的強襲球，DavidPhelps空手想接球卻無法順利完成出局數，讓老虎隊再下一城。,5.333,4.833
text_02352,text,感謝這些人讓我們知道被珍愛、被重視是一種什麼樣的感覺，從此你才有能力不去妥協接受那些不足夠在意你的人。,7.0,5.333
text_02690,text,上了年紀身體變差，為了增加便利性，過去民眾都會購買昂貴的輔助器材來使用，但如果買到不合用的，卻又沒辦法退錢，只能再買過。,3.556,3.889
text_02637,text,這顆被稱為J005311的恆星似乎已經從它的宇宙墳墓中死而復生，這是仙后座星座中兩顆死亡恆星相互碰撞的結果。,5.333,4.429
reflection_00761,reflection,"當下若只是強調這樣的決策是對病人傷害最小的,家屬很可能無法接受,甚至加深彼此之間的隔閡。",3.25,3.375
text_02163,text,RewindCinemaVol.60FreeSoloPrologue設想一下，有一項奧林匹克運動，如果得不到金牌，你就得死。,3.375,6.75
edu2021_00310,edu2021,學習所獲得的這些經驗、訊息相信對未來一定有幫助,6.083333333333333,3.666666666666667
text_00060,text,情感，你去試，你就會有收穫---要麼幸福、快樂，要麼痛苦、遺憾。,5.625,3.875
reflection_00577,reflection,再次聆聽為何家屬想要治療的目標，同理家屬，並且適時地安撫家屬的情緒。,5.0,3.0
text_01033,text,相關新聞：史上最高金額「英雄聯盟」電玩賽「臺北暗殺星」奪冠！,6.714,6.375
sentence_01077,sentence,絕不承擔法律責任,5.0,5.75
sentence_01435,sentence,都立刻歸榮耀給神和他人,6.4,5.0
text_02850,text,如果中國人每一年的紀念六四的活動都只是年復一年地譴責、咒罵兇手，歌頌、讚美死難者及其家屬，這樣的紀念究竟有多大的價值呢？,3.0,6.75
edu2021_01227,edu2021,都講得很詳細，但有時候聽不清楚說了什麼,4.416666666666667,3.5
reflection_01539,reflection,但，在幫他安排了腹部CT之後，赫然在右肝發現一個很大的肝癌腫瘤，並且這個腫瘤已經侵犯到周邊血管甚至有破裂的情形！,4.125,5.7
reflection_02384,reflection,當時候只是聽老師講，也覺得這很合理，可當第一次遇到這樣實際的例子的時候，才知道做這樣的決定是不簡單的事情，不論是對病人家屬或是醫生來說都是，學會放下，不要給病人不必要的痛苦，我想這是我在加護病房中對於放下有了新的認知與體悟。,4.125,4.5
sentence_01760,sentence,地理隔絕的環境加上日本國內大多數權勢者和民眾都是保皇派,5.0,4.0
text_00336,text,Toyota賣了這麼多車，是否要釋出多一點的利潤給旗下的員工?,4.286,5.75
reflection_01525,reflection,這次吳先生的病情變化以及老師與家屬的會談過程，讓我了解到置身於醫療場域的我們，平常因為面對許多不同病人並學習到各種疾病的進程，可能心裡多少明白哪些病情屬於不可挽回的。,3.875,4.3
text_01764,text,中國日報報導，政府控制的上海復旦大學國際研究中心教授沈丁立表示，黑格是位好的人選，「反對伊拉克戰爭」，是位「溫和且可敬的共和黨員」。,5.5,4.333
sentence_01802,sentence,撒著散漫沉醉的光芒,5.0,4.333
sentence_01794,sentence,那麼美方就會大受鼓舞,6.0,5.75
edu2021_00130,edu2021,越來越喜歡上這門課了，希望可以把接下來的學好,7.666666666666667,6.833333333333333
reflection_02171,reflection,我期許自己在未來行醫路上，能時時刻刻提醒自己保持同理心，同時輔以適當的溝通技巧，讓醫病共享決策不只是口號，而是實實在在地發揮其精神，最終讓病患得到最好的照顧。,6.5,4.875
reflection_01667,reflection,等我下次注意到他，已是第二周星期四的早晨，他被壓著 Bag Valve Mask 急匆匆的離開 MICU，病床內迴盪著莊嚴肅穆的宗教旋律。,4.8,2.625
text_00235,text,尤其在辦公室工作時間很長或者想思想上逃離辦公環境的話可以偷偷的看一兩則小故事，那種感覺真爽，同事都不知道你在笑什麼。,5.778,4.875
reflection_01609,reflection,從書上、新聞不斷聽見的鼎鼎大名的儀器，這是我第一次親眼所見。,5.8,3.625
text_00349,text,大哥～～有空直接開過去吧.....明顯就是在拖時間～你確定你的維修更換沒時間限制？直接殺到他們營業所比較快～最好還是在他說高雄交車時！,3.571,5.571
text_02510,text,第一次發文，給大家介紹的一臺旁軸，奧林巴斯35dc先說說這臺相機吧，很經典的日本旁軸相機的風格，方方正正的，體積也不大，至於為什麼說它是傻瓜式的旁軸呢。,5.0,4.833
reflection_01600,reflection,而本來做了不再洗腎的決定，呼吸器也決定要慢慢weaning掉，原已成舟的決定，也開始翻轉。,3.875,3.125
reflection_02490,reflection,眼下病人因意識不清、難以自主咳痰，難以脫離呼吸器，在十字路口前，一條路是安寧拔管，另一條路則是進行氣切，從氣切口送氧、抽痰，免去重複插管之苦，但是相當可能長期依賴呼吸器。,4.1,3.9
edu2021_01416,edu2021,希望老師稍微講慢一點，我們需要一點時間消化,4.416666666666667,3.928571428571428
text_01734,text,即寧可忍受短期罷免案可能帶來政治動盪的痛苦，換來政府施政效率提升、經濟生活改善的中長期好處，誰曰不宜。,5.143,5.0
sentence_00253,sentence,雪崩的時候發生了不幸,3.0,5.75
sentence_00241,sentence,已經觸及到中國文化傳統的核心,5.0,4.0
edu2021_00301,edu2021,白板字也有點看不到，不過還跟得上,4.75,3.75
reflection_01080,reflection,確實，如果當下決定和家屬硬碰硬，結果肯定是不好的，或許隔天查房會越演越烈、或許會被病人投訴、又或許自己會被病人以及周遭冠上「脾氣差」或是「對病人差」的標籤，這都不是我們樂見的。,4.0,3.75
text_00283,text,如果你是自己帶寶寶就會覺得有信心處理好，在你看來意想不到，但對於寶寶來說卻是非常自然的生理情況。,4.875,4.5
reflection_01351,reflection,而我認為安寧團隊的護理師也非常厲害，她在進行家庭的安寧會談時，總是能夠向家屬表達同理心，也會適時地運用一些肢體動作，同時也努力勸說家屬簽 DNR，讓我非常佩服！,6.125,5.1
reflection_02522,reflection,但是當某次家屬用紅腫的眼睛看向老師、問老師是不是有任何好轉的可能，並提到家中長輩對於氣切管路存在著一些可能的誤解，老師鉅細靡遺的用紙筆畫出患者進行氣切後可能發生的問題，以及嘗試讓患者自主呼吸後可能產生的風險評估，,5.125,4.6
reflection_01290,reflection,"這是一位48歲男性，過去病史有aortic dissection和severe MR, moderate AR，這次因為喘了兩天以及發燒咳痰來到本院急診。",4.7,2.0
sentence_02350,sentence,每一條都是特許中國,4.0,6.25
sentence_00463,sentence,令人厭煩般的找碴又無理取鬧呢,3.0,7.25
edu2021_00304,edu2021,今天聽的東西很有趣比較貼近生活,6.875,4.142857142857143
text_02007,text,亞洲即時互動媒體龍頭17Media自2015年7月成立以來，在亞洲交出亮眼成績單，憑藉深厚的即時互動技術底蘊，致力提供使用者最佳體驗、流暢不中斷的直播內容。,6.5,4.4
sentence_00835,sentence,巨大的自豪感以及他在板球場上的巨大技能的巨大滿足感,6.0,4.0
edu2021_01439,edu2021,這堂課還是有些地方不太懂，我會好好回去看課本,4.916666666666667,4.416666666666667
sentence_00820,sentence,為何區區一個政治庇護都需要申請,3.333,6.333
reflection_00164,reflection,"並且後續持續conscious disturbance,做他的基礎檢查反射也都很微弱。",4.375,4.625
text_00149,text,寫的有多好看呢，唉，真是個“用心良苦”的作者吧，貼滿了大量我們中國人錯誤的英語圖片，笑沒被笑死，丟臉死了。,3.375,6.25
text_02569,text,立法會祕書長陳維安昨主動解畫，重申祕書處一直以來恪守不偏不倚的原則，惟部分人的批判言論近乎欺淩及滋擾，對祕書處極不公道，望有關人士停止攻擊。,3.375,5.75
sentence_00864,sentence,第一次來萬國紀念公園,6.0,4.667
text_00410,text,「真奇怪，明明就是有很多人有這個問題，卻還是有人要護航」你也真奇怪，我的RAV4就真的沒問題，啥護航不護航！,3.125,6.111
reflection_00983,reflection,我的感受  跟著主治醫師查房時，充滿了疑惑及不解。,3.625,5.375
sentence_00691,sentence,本藥是激發人體荷爾蒙產生壹種互相吸引力,5.333,4.667
edu2021_00129,edu2021,今天的課程我覺得非常重要，所以希望可以把這些學好,6.416666666666667,5.0
reflection_00683,reflection,不過後來轉念一想，如果我只是一般民眾，通時完全沒有醫療相關知識，可能也會心有不滿，而不滿的情緒在無可宣洩的情況下，有可能就會像身旁最近的護理人員發洩，同時畢竟對醫療情況的不了結，自然會認為護理師應該要知道自己的情況，為什麼還要問那些有的沒的問題。,4.0,5.125
reflection_00179,reflection,"對於家屬(特別是在這樣情況下)的疑問我們無法擅自進行說明,也怕直接面對家屬,自己一不小心就說錯話影響到老師好不容易建立起來的醫病關係。",3.6,5.0
text_02638,text,澳洲DJAdamNeat4日和朋友在印尼峇裡島度假，未料卻傳出失血過多身亡的意外，公司也在5號在臉書上證實了這項訊息，讓粉絲相當痛心。,3.0,5.111
reflection_00478,reflection,突然明白有人說，也許死亡正是最自在的解脫。」,4.5,2.375
text_01702,text,立法院朝野黨團日前協商達成共識，要求自101年度起，國營事業（含官股銀行）有盈餘纔可發放績效獎金，但不得超過1.2個月，引發國公營事業單位的不滿。,3.375,6.286
edu2021_00045,edu2021,今天教的覺得有點複雜,3.666666666666667,4.25
text_00949,text,螢幕是完美屏，但色彩稍差。,4.625,4.0
text_01706,text,我們是中性的看待，試圖提出合理解決的方案，創造合理討論問題的空間」。,5.556,3.571
edu2021_00201,edu2021,今天的課程，雖然都聽不太懂，但我會努力去學的,5.083333333333333,5.0
text_00762,text,太差，根本不夠四星級。,2.6,5.571
sentence_01434,sentence,祂為你的修行消除障礙,6.4,3.8
text_00721,text,入住客人少，因此未發生與他們的衝突，此於他們說要接待一個團，,4.444,3.143
reflection_01699,reflection,另外，若病情有機會緩和或好轉我會傾向做可能的心臟功能方面檢查，除了醫療照護上需要外，對家屬來說能得到一個可以接受為何事件發生的答案也是十分重要的。,4.875,4.5
sentence_01411,sentence,夜夜回春人激昂,6.333,6.667
text_02474,text,而這，就是天津海昌極地海洋公園短視訊營銷的日常動作，比起那些苦心經營官方號企業團隊，天津海昌公園用自家網紅員工的賬號傳播，顯得非常輕鬆有效。,6.0,4.0
sentence_01105,sentence,一個萬人唾棄的紅色通緝犯和一個被邊緣化的所謂,2.333,6.667
sentence_00938,sentence,看電影拿會製造噪音的零食,3.4,5.0
reflection_00664,reflection,雖然醫療團隊每天多次去觀察病人的狀況去調整treatment，但是確實有技術上的limitations。,4.1,4.75
text_02897,text,近來臺灣虐童案件頻傳，為了防止更多悲劇發生，立法院會今日三讀通過，未來若淩虐18歲以下兒童或少年致死，最重可處以處無期徒刑或10年以上有期徒刑。,6.0,4.625
edu2021_00982,edu2021,好複雜，我覺得有時候可以再稍微慢一點點,3.5,3.916666666666667
reflection_01972,reflection,隨著時代推移，我感覺有越來越多人開始認為DNR(Do Not Resuscitate)也是愛的一種體現，“救到底”不再是唯一的聲音。,5.625,3.75
reflection_02156,reflection,事件描述一位因呼吸衰竭跟GI bleeding住進ICU的病患因為情況皆趨於穩定所以預計轉出到一般病房，然在轉出到一般病房的當天晚上突然跳VT因此進行了電擊去顫跟CPR才救了回來，且馬上再度轉回加護病房照顧。,4.2,5.25
text_00467,text,說真的買到最便宜的我真的會很開心，買到很貴的會嘔個老半天可能是我比較不同吧!!我買東西都希望買到便宜的，不想買貴被當盤子敲耶~回想起來，家中從以前到現在已經買入1X台車子，只要交完車付完錢後，再也不見業代蹤影..屢試不爽喔!幾乎各大汽車品牌都有過經驗，所以從此再也不相信業代口中的服務價格便宜給我，對我來說才是最好的服務~~,5.333,5.222
edu2021_01380,edu2021,今天獲得了許多知識，覺得真充實,7.3,5.428571428571429
edu2021_01276,edu2021,了解了課程內容的細節，交代得非常清楚,6.083333333333333,2.0
sentence_01515,sentence,今天被扣到欠費才被告知換套餐了,3.0,6.0
reflection_00089,reflection,"可以怎麼做新發現了什麼有無新的認知或體認有無新的觀點我想個案及家屬想辦理AAD的原因有以下:1.個案84歲,年齡已經很大了,能見到兒女、孫子女最後一面更為重要。",4.0,4.4
text_01190,text,家長而延遲治療機會，孩子的時間就被浪費了。,4.0,5.0
text_00526,text,請注意且小心的操控它！,5.125,5.556
text_00790,text,晚上22:30左右入住，前臺接待很冷淡，無笑容,3.556,4.0
sentence_00129,sentence,這樣的言論會不會被帶走,4.75,4.5
text_02197,text,據外媒CNET報道，澳大利亞北領地公園和野生動物保護組織的護林員在HumptyDoo鎮附近的高速公路上發現了一條非常不尋常的三眼蛇。,4.625,5.556
reflection_00355,reflection,也許每一次說明都可以帶著家屬重新梳理一次情感，幫助家屬接受。,5.5,2.5
sentence_01497,sentence,無意義房間的關卡可能會越來越多,3.5,4.0
text_01416,text,此外，建國科技大學的「微機電控制動柱式快速搪銑加工中心機」獲頒市政府特別貢獻獎；臺北醫學大學的「新型自組裝技術應用於人工植入物之發明」獲頒烏克蘭健康醫學聯盟醫學特別獎。,5.667,3.875
sentence_00212,sentence,中國的使用者真是很慘,3.0,4.333
sentence_00978,sentence,說要拓寬的是沒遠見的草包,2.333,6.0
sentence_01318,sentence,潛伏在皖南的山村水廓間,6.0,2.0
sentence_00103,sentence,只許州官放火不許百姓點燈,2.0,6.5
text_00796,text,一樓大堂西側有一個酒吧，晚上和幾個朋友一起小坐了一會兒，裏面環境不錯，東西也不貴，同樣憑房卡還可以打8.8折。,6.5,4.556
text_00581,text,我住的是標間，可能其它房間會好一點。,4.5,4.5
text_01191,text,如果老師可以透過通報，讓學校強制對疑似可能有狀況的孩子鑑定，透過社工系統介入，纔是真正的保障學習權。,5.875,4.125
sentence_01946,sentence,日本國民誓以國家的名譽,6.5,5.0
text_02267,text,車到了，簡單說幾句內飾比我想像的好，當時驗車的時候買看著在太陽下曝曬的新車簡直佛了，坐進駕駛艙感覺還可以，比不上E級，但是感覺打平5系問題不大。,6.0,4.833
sentence_02286,sentence,將人生投於賭博的賭徒,4.0,4.5
text_01674,text,保護當事人，不能提供，但透露這位好友常出入考試院長關中去的按摩院，好友是聽按摩的小姐說的，錄音帶是好友來找他時所錄，這位好友和潘董也認識。,4.556,4.111
sentence_00958,sentence,請你蠻橫地加入,5.25,6.2
edu2021_01051,edu2021,我要好好研究老師今天所教的,5.666666666666667,4.333333333333333
sentence_01967,sentence,一上山開始下雨令金瓜石行程有點掃興,3.667,4.333
reflection_00205,reflection,"病人是一位71歲女性,underlying有風濕性關節炎長期服用類固醇治療,以及心臟瓣膜疾病。",4.75,2.375
reflection_01365,reflection,老師已經十分清楚的 向病人家屬講解病人目前的情況已經難以治癒，更遑論在張開眼睛和他們說話了。,4.75,2.875
edu2021_00681,edu2021,如果老師講得更多，我相信可以學得更多,6.25,5.214285714285714
sentence_01417,sentence,總是曲解別人的意思,3.0,6.0
reflection_00925,reflection,第二個案例病患情況不樂觀，家屬因為情緒作勢要打人了，老師當下並沒有拔腿就跑或是叫警衛等等，因為老師相信這樣做或許可以確保自己沒事，但是醫病關係會遭受不可逆的傷害，後來醫病雙方也藉由溝通，保持著醫病關係。,5.125,5.25
text_00432,text,這就是有潰縮和沒有潰縮的差別，也可以說是「內傷和外傷」的差別！,4.25,5.143
reflection_00819,reflection,好處是家屬一開始接受了，後續病人若發生什麼事情接受度較高，但壞處便是要家屬馬上接受這樣的噩耗是需要消化的。,4.375,4.2
sentence_02020,sentence,我係細菌傳心師,5.0,5.0
sentence_02110,sentence,可優先躲避在開間小,5.5,4.0
text_02912,text,賴清德說到，他對黨主席卓榮泰很欽佩，面對27位中執委提案修改選舉辦法，他有道德勇氣維護黨的制度，站在制度面。,6.375,5.5
sentence_02403,sentence,延遲的工作進度啊啊啊,3.4,8.0
text_00144,text,我看得頭皮發麻，思想驚悚片不過如此，我在慶幸我們現在過的不是那種生活，不然，寧毋死可是，你要死，老大哥也要讓你愛上他覺得一切都是自己的錯的時候，才準你死這樣的生活，這樣的極權，太可怕了，不敢想像奧威爾是個天才，絕對的天才，我甚至錯覺，他根本就是個先知,5.5,6.143
edu2021_00506,edu2021,這禮拜點出了解題的方向，有助於解題,6.166666666666667,2.25
sentence_00281,sentence,而放棄生存的意志,3.0,5.667
sentence_00834,sentence,我非常瞭解和欽佩的人,7.0,6.0
text_00115,text,看了確實有：“...讓我回憶最多的，卻不是人生旅途裏這些成功的瞬間，而是那些刻骨銘心的失敗或挫折...”它展示地是一個真實與真誠的人，一個真心與你分享如何才能成功，而不是一個天才的故事、打工的神仙。,6.0,5.571
text_02308,text,動物形象的主人公反抗蠻橫上司等搞笑風格十分突出，相關人士認為，人們對工作方式相關問題的意識迅速增強，以喜聞樂見的方式描述實際情況的漫畫受到關注。,6.333,4.8
sentence_01034,sentence,在加上臺灣一面倒向美國,4.0,3.667
edu2021_00316,edu2021,這次學到很多，講的易懂明瞭,6.785714285714286,3.857142857142857
reflection_00634,reflection,可以怎麼做：首先還是可以先盡量了解病人的需求，在不影響ACS相關藥物作用的情形下，幫他開立適當的止癢藥物，再來可以視情況看是否照會皮膚科主治或總醫師，在給予更適切的處置同時也讓對方感覺到自己的需求有被注意以及重視，最後還是要和對方說明這次住進加護病房主要原因以及後續我們轉入心臟內科普通病房的流程及理由，簡而言之還是希望在能力所及的範圍內盡量讓患者了解我們的想法。,5.0,2.75
text_02772,text,報導說，下個星期也不會出現好訊息，因為4月份的貿易赤字可能進一步擴大，消費者信心可能下降，家庭消費可能不溫不火。,3.333,5.375
edu2021_01239,edu2021,總括來說好難喔，聽課好吃力,2.583333333333333,5.166666666666667
text_01152,text,孩子表現好本來就是理所當然，不需要特別讚賞，但孩子是需要適時被鼓勵的，父母會發現，當你適時地稱讚孩子，孩子的表現會更好！,5.778,4.857
edu2021_01360,edu2021,希望進度能稍微做些調整,4.416666666666667,3.357142857142857
sentence_01316,sentence,還要在此基礎上加強司法協助,5.5,4.5
edu2021_00761,edu2021,今天上課精神不錯，老師講的東西都有聽進去，覺得越來越能跟上老師教學的步伐了,7.0,5.0
reflection_00876,reflection,"由於事發突然,病人家屬第一時間無法接受,加上病患女兒為醫護人員,想積極了解治療過程中的狀況,詢問是否有更好的醫療處置。",3.875,3.6
reflection_02178,reflection,第二天，老奶奶表示再給他們幾天的時間討論，他們還沒辦法做決定，老師也表達理解他們的難處，並且再次說明氣切對病患的重要性，我心想，確實，若是我的家人要做一個我不是很了解的處置，且這個處置在我印象當中是相當負面的，我應該也會很難馬上做決定吧。,4.0,4.0
text_01293,text,臺北暗殺星準決賽勝上季冠軍由美國Riot遊戲公司發行的「英雄聯盟（LEAGUEOFLEGENDS）」遊戲，目前正在美國洛杉磯進行第二季世界錦標賽，來自臺灣的臺北暗殺星昨天在準決賽以二比一逆轉擊敗世界排名第二的俄羅斯Moscow5隊，晉級總決賽，一旦獲得冠軍，獎金高達一百萬美元，亞軍亦有二十五萬美元。,5.875,5.167
reflection_02351,reflection,對於違背我們醫學認知的病人，常常就會給他貼上不合作，有危險的標籤，對他的處置也會更加小心，以免製造可能被告的契機。,4.5,5.25
sentence_01101,sentence,你是全世界最不齷齪的人,6.75,6.5
reflection_00700,reflection,不過入院之後得知他本身具有肺結核及c肝病史，TB療程處於中斷的狀態甚至也不曾治療過c肝。,4.625,2.625
reflection_02474,reflection,面對多重困難，除了醫師、專科護理師與護理師外，呼吸治療師、家醫科醫師、個館師、社工師、藥師、各科醫師也都必須通力合作，面對病人生命的難關。,5.2,3.9
text_02744,text,Gogoro電動機車目前掛牌數突破1萬輛，車主數也突破15萬大關，目前全臺電池交換站約有近1200座，這也是第一起Gogoro電池交換站失火的意外。,3.833,5.333
edu2021_00698,edu2021,明顯感覺今天教學內容有放慢腳步，有時間可以思考及回想今天上課內容,6.333333333333333,3.0
text_01376,text,針對江母死因，地檢署昨委請前刑事警察局法醫研究所主任石開平相驗，解剖遺體後發現江母脖子上有不明顯勒痕，窒息死亡無誤。,3.286,3.125
reflection_01630,reflection,這兩週在MICU實習，實習期間前前後後也看了至少30床病患，除了自己照顧的病人外，印象最深刻的病例還是剛到站第一天第八床的林0花，那位因為海洋弧菌導致Septic shock，四肢necrosis並且肝腎功能急劇惡化的阿姨，已經重度昏迷，以當下的病況來看，這位病患實際上已經半隻腳踏在鬼門關內，依靠著機器設備才得以維持身體的運作，但已經走在死亡的路上，只是差在時間的長短。,3.0,6.2
edu2021_01557,edu2021,今天比較聽的懂了，解釋例子讓我比較了解老師的意思是什麼,5.833333333333333,3.333333333333333
reflection_01108,reflection,3.告知若遇腸壞死需緊急開刀，病人的預後可能很差或甚至有可能直接死在手術台上。,3.75,4.0
edu2021_01446,edu2021,講的速度有點快，內容很難,3.416666666666667,4.666666666666667
text_02630,text,那種孤獨和空虛，是你不能接受的，就算是要離開，你也寧願是自己在他的世界消失，而不是某天睡醒後，便發現他離開了你，在你的世界裡化成一道光影,3.222,3.333
text_00797,text,下次還會入住這家酒店，有興趣的朋友不妨也去試試。,6.375,5.5
edu2021_01356,edu2021,不是很懂這個字本身代表的意思，希望老師在補充或講解新的名詞時，可以稍微解釋一下,4.714285714285714,4.5
edu2021_00356,edu2021,考試過後，我更深刻體會到熟讀課本的重要性,5.571428571428571,4.333333333333333
sentence_01558,sentence,立法院三人的臺聯黨癱瘓了國民黨六十多席次,3.4,5.0
text_00088,text,我希望每一個愛讀書的人，都能好好看看這方面的書，推薦給親朋好友也看一看，讓每一個人在生命受到威脅時都能做出正確的選擇。,6.6,5.444
text_00601,text,環境非常非常好，庭院式小棟別墅，雖然說酒店年限很久了，據說92年就有了，房間略小，但是服務、環境都絕佳，強烈推薦，絕對安靜。,7.75,6.167
reflection_01835,reflection,阿嬤是從小港ICU轉來的，原因是小港醫師人力不足，無法在六日讓家屬會客。,4.25,2.25
sentence_01622,sentence,辛酸並娛樂地去感恩,6.0,6.0
reflection_01844,reflection,這位病人到底內心是如何想的呢？,5.0,2.75
sentence_00661,sentence,一直輪迴還是一直糾纏,3.4,5.25
reflection_01458,reflection,然而住院第三天突然意識改變(E4V5M6E4V1M4)，且發生呼吸衰竭，插管之後 brain CT 顯示水腫、缺血，抽血發現 D-dimer 很高，血小板輸不起來才根據病史去推測可能是 Vaccine-induced immune thrombotic thrombocytopenia。,4.875,3.625
text_01042,text,桃園地檢署檢察官李家豪昨指揮縣刑大、龜山警分局等單位近百警力，查獲魏懷良等23人到案，起出2把槍等，依組織犯罪、殺人、妨害自由等罪嫌送辦。,3.778,4.333
reflection_01566,reflection,家屬的質疑以及攻擊性的言詞也讓我感到慌張。,3.375,7.5
text_02694,text,男嬰母親求助無門，只能一一私訊請對方撤文，律師提醒，男嬰過世後已經不需要集氣文章，若網友擅自盜圖竄改內容，已經觸法。,3.857,4.5
reflection_00791,reflection,若我是病患本身，被家人拋棄許久，家人在我生了重病後突然出現，我會非常<+S>疑惑他們出現的原因，沒辦法一開始就相信他們是真誠的來探望我。,2.6,6.75
text_01129,text,總統說，願臺灣產業升級，經濟振興，人人有工作，家家都歡喜；願社會和諧安定，大家相互關懷，互助合作；願全民充滿朝氣，相互激勵，迎向新挑戰，開創新世紀。,7.0,5.167
sentence_02363,sentence,某些產品可以豁免,6.25,4.0
edu2021_01528,edu2021,雖然又有些地方聽不太懂了，可是相信之後再更認真一點就可以理解,5.2,4.285714285714286
reflection_00585,reflection,但是病人的年紀還很年輕，家屬仍積極詢問是否有方法可以治療，是否可以進行肝臟移植。,4.0,2.5
text_00189,text,可是並不是每個人都能，所以產生了那麼多壓力和痛苦。,3.75,4.625
text_00148,text,強烈建議大家讀讀這本書！,6.571,6.167
reflection_02391,reflection,ㄧ位93歲的女性，病人早上查房時，vital sign尚可但意識不清，大約過了兩個小時後，突然間bradycardia後失去呼吸心跳，緊急給予epinephrine和扣mask，經過急救後，病人並沒有回來，在MICU中離開了。,2.75,5.1
reflection_01220,reflection,如果我們可以讓病人不會痛的，家屬也能放心的送走病人，使雙方都可以好好的放下，這也是一種很大的成就感阿。,6.25,4.5
reflection_01119,reflection,總的來說，透過這次加護病房學習，除了加護病房相關的醫學知識 (例如呼吸器等等)，每天看到病人進進出出，我認為最重要以及收穫最多的就是與病人家屬的溝通及信任感的建立，不論積極治療，要不要氣切，或是安寧的選擇，這些都必須建立在良好的醫病溝通之上。,5.9,4.5
reflection_00563,reflection,以前在門診或是自己看醫生時，常常會聽到很多各式各樣解釋病情的方法，也許有時自己沒有察覺，但往往在潛移默化中會將自己的想法無形中傳遞給聽眾，進而改變患者或家屬的想法。,4.75,3.0
edu2021_00085,edu2021,之前沒搞清楚，現在理解上會更困難,3.928571428571428,3.8125
reflection_01275,reflection,73 歲女性，septic shock，後續反覆 pneumonia、ARDS，療程一直在針對感染在控制，但病況一直無法有起色，難以脫離呼吸器，且因血壓一直不足以支持改善神經學之傷害，主治醫師評估後續意識難以恢復且需要討論安寧照護。,4.0,3.25
reflection_01470,reflection,而要讓家屬能夠理解並接受現況，要建立在詳細的解說目前病況上。,5.25,2.1
text_00972,text,標配2G內存和120G硬盤，內置DVD刻錄機，搭載NV9400獨立顯卡，滿足日常需要沒有任何問題！,6.1,4.5
text_00698,text,投訴後，沒有任何的解決方案，說空氣清新用完了，居然讓我開窗通通空氣，讓人哭笑不得！,3.222,5.75
sentence_00203,sentence,米德加爾特大陸主要由三個國家分據,5.0,2.667
sentence_01086,sentence,你就開始新一輪的論戰,5.0,4.0
text_01106,text,大陸官媒報導，陳克貴當庭表示不上訴；但陳克貴父親陳光福對兒子「被宣稱」不上訴，以「肯定有戲」表達質疑。,3.556,4.286
sentence_00328,sentence,當事人倒是跟同伴開開心心的,4.0,6.333
edu2021_01412,edu2021,我覺得上課不僅能認識到課本上的死知識，也能經由老師講解獲得許多新奇的知識,6.75,4.666666666666667
edu2021_01392,edu2021,我發現學習最大的難處不是上課不認真或不懂，而是題目看不懂，無法理解題目想表達的意思,3.3,4.928571428571429
sentence_00319,sentence,然後遲疑很久才發,4.0,4.0
reflection_01058,reflection,你可以怎麼做?然而後來更近一步沈澱會發現我的思考主要在想怎麼保護自己和同業、避免醫糾，這也是重要，好的溝通能讓醫病關係是互相信任的，然而正是因為是「關係」，只有想著保護自己是不夠的，也要思考家屬對於截肢這個處置怎麼想？,5.375,5.25
text_01654,text,包括民進黨在內，更想幫助馬總統與國家，希望馬英九趕快召開「國是會議」，解決國家危機，挽回自己的形象。,5.111,5.556
edu2021_00472,edu2021,老師講的笑話很好笑，哈哈,6.5,5.916666666666667
sentence_02283,sentence,中方決不屈服於美方極限施壓,4.667,3.667
reflection_01913,reflection,描述事件47歲的陳先生，去年在澎湖有因為全身無力血氧降低被送醫院，後續診斷為 pulmonry embolism ，最近來高醫脊椎手術，於術後發現下肢腫脹甚至不能走路因而送來急診，診斷為 high level DVT,4.25,2.375
sentence_00318,sentence,開放4個開始使用,5.0,2.25
edu2021_00733,edu2021,今天講的東西了無新意，一開始差點睡著，後來有醒著了,2.5,2.75
text_00604,text,攜程訂單下了，可是酒店內部協調慢，抵達後等了很久纔拿到前臺；前臺男服務員很差，陰陽怪氣的。,2.667,5.778
reflection_01612,reflection,各種procedure，CVC，ECMO，IABP，Hemocath，還有藥物的幫助下去穩定著病人的情況，家屬態度非常積極。,6.0,3.4
text_01613,text,中評社指出，中國的這些反制動作再次表明，美國的武力威懾措施並不湊效，不管美國採取何種武力威懾措施，中國都不會懼怕，中國會堅決維護領土完整。,6.333,6.778
reflection_00114,reflection,"反應為何當下做了什麼、想做什麼當下其實很想和大姐說「小姐,您一個禮拜真的來沒幾次,這中間發生的事我們都有告知妹妹,難道她沒跟您說嗎?」",3.1,6.125
sentence_02009,sentence,被監院彈劾兩次,3.6,5.25
sentence_00249,sentence,所以說果然不宜傷春悲秋嗎我靠,3.0,7.667
text_01998,text,這種人還當英雄看?,3.25,6.375
text_01579,text,中國天主教愛國會的主教指派只聽從北京，這些任命案也遭到梵蒂岡抗議與否認。,3.375,5.857
sentence_02152,sentence,女同性戀雙性戀異性戀異性戀戀童癖獸性,5.0,2.4
text_01240,text,去年25萬的獎金，今年最高有21萬，預估平均預估最少10萬塊以上，另類的年終獎勵，員工幹盡十足，公司業績也成長五成以上，聽在一般的上班族耳裏，只能嘆，好羨慕。,5.111,3.857
reflection_01330,reflection,宣死之後，護理師很貼心的把門關上，給病人親屬一點自己的空間，和病人最後一面告別，我覺得這是非常正確的。,6.125,3.8
text_01295,text,臺北暗殺星隊長MiSTakE（陳匯中）表示：「兩個月前，我們還沒沒無聞，沒有想過能夠站在這裏與世界頂尖隊伍對戰，但是這兩個月來我們非常努力，也做了許多犧牲，努力與犧牲卻給我們帶來了更多。,6.556,5.75
reflection_01799,reflection,雖然積極處置能做的都做了，但狀況還是無法好轉。,3.875,4.5
edu2021_01253,edu2021,很有趣，只是有點複雜,5.916666666666667,4.214285714285714
text_01609,text,另一方面，美國又不斷加強在釣魚臺附近海域的軍事部署力度，試圖以軍事手段壓制中國，逼迫中國不再採取強硬反制措施。,4.111,5.75
sentence_00415,sentence,窩老也事仇女分子,3.6,6.0
edu2021_01120,edu2021,今天教的還能跟上進度，我覺得教得很好,6.785714285714286,3.071428571428572
sentence_00277,sentence,我最常聽到支援同婚的異性戀的角度是,5.0,2.0
sentence_01211,sentence,靠著諧音惡趣味來命名的建案,4.333,4.0
reflection_01994,reflection,我想，有偏見是難免的，但可怕的是自己不知道偏見的存在而自以為是，所以很慶幸我能夠在學生階段觀察到這些，才能更瞭解自己，作為警惕。,5.3,4.0
edu2021_00743,edu2021,今天老師講了許多例子，讓我們腦力激盪一番,5.75,3.583333333333333
reflection_01513,reflection,"在住加護病房的期間,醫療團隊對家屬―直有明確的告知病情,但家屬彷彿都只有或是只願意聽到相對樂觀的情形,而忽視了病人本身疾病其實已非常末期且已經有多處轉移，團隊也曾經明示或暗示很多處置,例如輸血、洗腎到基本上是沒有什麼意義的,因為無法逆轉末期的情況,但是家屬每次探訪都無法做出明確的决定,前前後後一天拖過一天,只是不斷地猶疑說「該做的還是要做」,並要回去討論看看。",3.875,4.8
sentence_01136,sentence,獸醫一直說叫我們不要逗弄他,4.5,6.667
edu2021_00253,edu2021,今天終於放慢速度上課了，但我還是聽不懂，我很擔心我的期中考怎麼辦,2.416666666666667,6.714285714285714
text_00259,text,很多時候作父母的並不會想想孩子是否願意？於是孩子只能被動享受灌輸。,3.667,4.286
text_00152,text,我想我是愛孫波的。,5.143,4.167
text_02926,text,之後兩組人都將手放入攝氏5度的凍水1分鐘，再填寫問卷匯報痛覺感受，發現獲贈假止痛膏的一組，疼痛感比較低，顯示只是擁有止痛膏，已可以產生心理作用。,5.0,3.3
sentence_00849,sentence,那就讓川普的魯莽和衝動給那些人長個記性,4.0,4.667
edu2021_00613,edu2021,希望作業與考試能不要那麼頻繁，也希望自己能盡快趕上進度,3.416666666666667,3.916666666666667
reflection_01264,reflection,況解急診所做醫療處置如X光或是抽血並沒有會對病人造成立即性傷害的部分，根據檢驗報告雖然無法確切解釋四肢無力的主因，但是顯然對於敗血性休克來說已經有一段的時間的感染才有辦法造成，目前的惡化是長期累積的結果，不能特別歸咎於急診。,4.1,4.4
text_00597,text,瀑布寒……從來沒見過這麼方便的，要是小偷，哈哈，肯定笑死了。,6.222,5.667
sentence_00517,sentence,很多人還在爭論要不要存糧,4.6,4.25
reflection_01594,reflection,之前在課堂學習和書籍所看到的不外乎就是要展示“同理心”、了解病人家屬對於病患目前情況的程度到哪裡、他們期待的是什麼，而這些在真實情況是要如何發揮呢？,5.375,3.125
edu2021_00005,edu2021,今天老師上課帶了一些生活中的例子，有比較好懂些,6.416666666666667,4.642857142857143
text_01268,text,這種鳥事被寫出來的話，是誰會被鄉民圍剿？大家的寶貝都是寶，沒有誰比誰可愛，但是養狗能不能得到別人的尊重完全是看主人，而不是怪寶貝不懂禮貌。,2.875,6.375
edu2021_00736,edu2021,老師教得真的很清楚，受益良多,6.416666666666667,3.785714285714286
reflection_00255,reflection,在了解背後原因後比較能夠理解家長求助的心情、同理家長用盡全力想救治病患的努力，無疑也是家屬展現愛的方式，加上後續家屬袒露因為病患的疾病已經情緒、食慾低落許久，看到父母為了子女而操心不已的景象也令人十分動容。,2.625,6.375
edu2021_00249,edu2021,透過今天的課程，有了進一步的認識，之前的疑惑亦解開了，更加明白用法了,7.285714285714286,6.666666666666667
edu2021_00532,edu2021,有些細節還是聽不太懂,3.833333333333333,4.357142857142857
edu2021_01357,edu2021,今天上的課是連貫性的，沒中斷，比較能連貫所聞，很好,7.214285714285714,3.642857142857143
reflection_00231,reflection,一.描述事件由於病人狀況已經漸漸進入末期，以醫師的角度客觀看病人的狀況，可能需要和家屬討論侵入性醫療要做到什麼程度，一開始我們就已經得知家屬的態度是希望繼續積極性的翳療，不放棄急救，所以原先是預期在會談時間讓家屬們了解病人目前的狀況可能會反反復復的惡化走下坡，持續積極的治療可能會病人的預後是沒有幫助的，甚至可能讓病人承受更多痛苦。,3.875,3.75
reflection_01718,reflection,病人之前有先簽過DNR，但因她並無事先將病情告知兩位兒子和其他家屬，因此在突然告知他們病人疾病末期的不可回復後，他們不太能接受病情的急轉直下，遲遲無法做出放棄升壓劑及拔管的決定，部分家屬還一度抱持樂觀態度，認為病人狀況好轉。,3.5,3.0
sentence_01824,sentence,為何滿紙荒唐話,3.667,6.333
edu2021_00701,edu2021,今天講到很多方法相似的地方，讓人思考很多,5.666666666666667,2.083333333333333
sentence_00194,sentence,但美國通過軍事手段直接或間接地推翻了薩達姆,5.5,6.0
text_00861,text,是眼睛太累了，朋友給我見證了一下是晃的厲害這樣太傷眼睛了，其實去年剛出的時候我買了一臺用起來很好,4.333,4.5
edu2021_00414,edu2021,對於解決問題有了初步的認識,5.583333333333333,1.916666666666667
sentence_00600,sentence,老是躲在哀怨中,3.0,5.6
sentence_00558,sentence,地科老師就在上課時大力評批憂鬱症的人都是養尊處優,2.25,6.0
text_00502,text,唉往事不堪回首何必再提我就是那位幸運的civic車主啦不過就是有沒有後保險桿內鐵的差別罷了沒必要扯到品牌耐撞與否的問題civic是台跨時代的好車Altis的好,3.778,5.375
edu2021_00346,edu2021,這次的考試範圍有點重，有太多東西都是我們以前沒有碰過的領域，需要花時間多多著墨才可以稍稍掌握,5.583333333333333,4.142857142857143
sentence_00940,sentence,這幾個作秀都很突兀,3.5,5.5
text_00765,text,這次正好趕上國際柔道比賽的代表團入住，酒店對普通住客的服務有所下降。,3.75,4.714
sentence_00450,sentence,真中藥越來越匱乏,4.0,5.0
text_00541,text,首先非常感謝您選擇東方大酒店，也非常感謝您給我們提出了寶貴的意見，酒店近期樓頂正在加層建造西餐廳,6.125,3.833
sentence_02054,sentence,是何等慷慨浩然,7.0,7.0
text_02312,text,國際研究暨顧問機構Gartner近日針對企業執行長和資深高階主管進行調查，結果顯示企業成長仍舊是執行長2019和2020年的首要目標。,5.286,2.0
reflection_01318,reflection,目前我還沒有答案，有還沒有很多想法，只覺得繼續多看多思考，MICU是我外放被取消的自選科，兩週後我還會再回來見習，不知道那時的自己會有些什麼想法？,4.625,4.1
reflection_00282,reflection,此外，非翳療專業人員進行醫療決策往往是透過醫護提供相關治療資訊和風險及預後分析，在選擇方面可能會傾向考慮對於病患本身是否能減少痛苦，而非學理上該怎麼治療。,5.5,1.875
edu2021_01250,edu2021,專有名詞多到讓人眼花，有點適應不良,3.666666666666667,4.571428571428571
edu2021_00814,edu2021,今天上的有點聽不太懂，回家要好好研究一下了,4.416666666666667,3.5
sentence_01819,sentence,我急於脫離金寶罐頭湯的日子,4.5,3.75
text_01155,text,轉播比賽的大螢幕設計位置，還刻意裝在參賽選手後方，要轉頭掌握對手行蹤很困難，此外，參賽隊伍後方，不時可以看見裁判來回走動監督，隊伍要靠作弊奪冠，幾乎是不可能，韓國玩家的作弊言論，有網友覺得好笑，也有其他韓國網友不支持。,4.5,4.625
reflection_01911,reflection,你的反應為何每天會談就是不斷跟他講解吃那些藥就像是保健食品一樣我們不能保證部會再復發但是有規則服藥可以把復發率甚至復發風險降到最低 ，也在每一次的聊天中他開始向我談起她過往的故事，也能顯現出他對未來其實還有期待，所以更加體現衛教他規則服藥的重要性。,6.25,3.5
text_02393,text,這款簽字筆的筆桿材質為金屬，書寫粗細為0.5mm，筆芯顏色為黑色，使用方面，亮黑麗雅烤漆，光滑明亮，磨砂質感，觸感柔和。,6.5,3.4
sentence_02072,sentence,之後疲累地睡去,4.667,2.333
text_00026,text,正如書的名稱，三毛的這本早期作品不同於後期成熟後那個樂觀堅強的三毛，而是記錄了當三毛還是二毛時的經歷，心境，是她年少時那個愛做夢，有些神經質，傷感的雨季的縮影。,4.333,4.833
sentence_01688,sentence,小土坡裡埋葬著男子姐姐幼小的屍骸,3.0,4.0
sentence_00302,sentence,毛病在於太自以為是,3.5,6.0
reflection_00053,reflection,"進到高醫急診,因為呼吸問題而做了插管的動作,接著EKG看到STEMI,於是啟動primaryPTCA,發現3-V-D決定裝LAD的支架,但過程中出現了VT和IHCA,急救後裝上了ECMO住進了CCU。",5.0,2.25
sentence_01883,sentence,詹碧雲奪得東方舞,6.667,3.667
sentence_00836,sentence,以及把這個世界交給撒旦路西法和他的墮落天使以及他們的反基督,3.333,4.75
edu2021_01561,edu2021,從生活平常的東西開始學習能比較好懂,5.833333333333333,3.2
edu2021_00008,edu2021,上的內容有些還是聽不太懂，需要多練習,3.583333333333333,2.666666666666667
edu2021_00106,edu2021,感覺很實用，又很有趣,6.583333333333333,3.5
edu2021_00895,edu2021,上課提到一些有趣的內容，更提起我的興趣去思考,7.428571428571429,6.5
text_02676,text,總幹事黃鳳嫻表示，外傭仲介服務每年收到超過200宗投訴，是很持久的問題，業界應該有操守，亦期望勞工處加強執法。,3.444,4.667
reflection_01781,reflection,但在病人本人意識清楚的狀況下，如果沒能好好地了解病人想法或許也會是一種遺憾。,4.375,2.875
text_02548,text,華為遭到Google切斷服務，未來新手機不能使用Google的相關應用程式App，包括Gmail、YouTube等都無法使用，重挫該公司在全球的佈局。,2.286,5.667
text_01761,text,伊朗媒體也歡迎黑格的反以色列觀點以及反對軍事攻擊伊朗的立場。,5.875,5.286
text_00767,text,攜程定的酒店房間價格比較貴，我到北京後朋友說他定的價格比我便宜100元，而且還含早餐。,4.875,3.556
reflection_01606,reflection,8月19-24日  60歲的郭女士三高，自摔，未知感染源、休克、呼吸衰竭，她被屏東醫院急診送來，來到了高醫。,4.1,3.7
edu2021_00494,edu2021,這張是重點，看來需要花更多時間去理解了,4.833333333333333,4.071428571428571
sentence_01526,sentence,卻是讓中國百姓極大受惠,7.0,6.333
edu2021_01294,edu2021,今天除了課堂知識外，還得知許多八卦，覺得有趣,6.75,6.083333333333333
text_01112,text,「熱情減退」或「積極度降低」等消極性理由，拒絕到校或選擇休學。,3.25,3.571
text_00197,text,當我們看到別的孩子的優秀之處時，往往會很羨慕，有時還會忍不住責備孩子：“看人家”，可是我們有沒有想到他的媽媽在背後付出的努力。,4.222,5.625
edu2021_00052,edu2021,目前還不是太熟，有些不是太懂，希望能解釋一下,4.333333333333333,3.214285714285714
sentence_00044,sentence,但是沒過多久又變回一開始看到的顏色,4.5,4.5
reflection_01345,reflection,我可以怎麼做？ 嘗試了解家屬情緒： 家屬沒有料到病況這麼不樂觀，最後病人撒手人寰。,3.3,6.375
reflection_01142,reflection,病患也可能在需要自主選擇時不知道自己所選擇選項的真正含意是甚麼。,4.5,1.75
reflection_02511,reflection,將自己放進家屬與病人的視角中，當初家屬的積極不放棄就不這麼難以理解和接受，甚至連我也覺得在病患展現出來的求生意志之下，作為醫療端必須給予最大的積極來回應。,6.0,3.625
edu2021_01522,edu2021,不要那樣逼同學，我覺得那樣那位同學壓力會很大,1.416666666666667,6.928571428571429
text_01592,text,國營事業員工績效獎金，確定維持一.二個月上限，今年之內無法翻盤。,4.2,4.778
text_02417,text,司法實務上，恐嚇檢察官均難逃嚴懲，一般人常打嘴砲，以開玩笑方式揶揄對方，但消遣目標若換成執法人員，小心因一時心直口快惹禍上身，反而吃上恐嚇罪，得不償失。,3.5,5.167
text_01690,text,抗議個屁~根本就像是小屁孩，不爽去搗亂而已~這不叫抗議~不叫反服貿~這叫....幼稚、無聊、閒閒沒事做我就是想笑~看到你們抗議變成貪吃鬼跟小偷和觀光客~我真心覺得~好笑~而且噁心~~不要拿服貿來當藉口去搗亂....回家吧你們!!!,2.0,6.0
reflection_02311,reflection,所以在加護病房的病情解釋中，要好好地告訴家屬，目前病患的問題有哪些，而我們都很盡力的針對這些問題積極做處置中，讓家屬能夠安心。,5.5,3.625
reflection_01520,reflection,這一次因為急性胰臟炎造成的敗血性休克而住進病房中，很幸運且順利地感染有效控制下來，意識也逐漸恢復，儘管這一次治療”又”成功地救回了這位大哥的生命，他依舊找不到自己的靈魂。,5.2,2.625
text_00238,text,我寧願相信，至少，心裏會有很多美好的感覺。,6.0,4.667
text_02278,text,為什麼要去汙名化長大呢，每個階段都有它美好的地方，長大讓我們有能力承擔更多人的眼光，有能力突破這些，堅持做自己喜歡的事。,6.857,4.75
sentence_02213,sentence,卻看著搖搖欲墜的模樣心生膽怯,3.4,5.2
edu2021_01074,edu2021,期許自己能夠舉一反三，學習更加輕鬆快樂,6.416666666666667,5.166666666666667
text_00782,text,祝生活愉快，一切順利！,6.625,5.167
sentence_02194,sentence,現在是你蹂躪他,3.75,7.25
edu2021_00549,edu2021,老師只有點到一下而已，覺得沒有很熟悉，對於內容還是沒有很理解,3.357142857142857,4.142857142857143
edu2021_00210,edu2021,今天老師叫我們回去多看看補充資料，有種充實的感覺,7.142857142857143,3.571428571428572
edu2021_00017,edu2021,由於今天的精神不繼，導致沒有聽到甚麼東西，覺得很可惜,2.916666666666667,4.357142857142857
edu2021_01063,edu2021,這禮拜的課程開闊了我的視野，看見了平常不曾看過的產品,7.25,4.642857142857143
edu2021_00238,edu2021,今天教的我還沒辦法完全理解,3.416666666666667,4.357142857142857
edu2021_00395,edu2021,上課越上越有趣，漸漸找到小樂趣，哈哈,7.714285714285714,7.166666666666667
sentence_01577,sentence,傳統文化已經滅絕了,3.0,5.75
sentence_01404,sentence,更是人類發展歷史長河中最絕妙的諷刺,3.75,5.25
sentence_00217,sentence,高素質高學歷高理解力的有暴力武器,3.0,5.75
edu2021_01533,edu2021,長知識了，對接下來的課十分期待,7.142857142857143,6.071428571428571
sentence_00530,sentence,可是上次見又覺得挺帥的,7.0,4.75
reflection_02235,reflection,我不知道，但我禱告阿嬤能照她的意思活在這世界上。,5.5,4.25
text_02149,text,天貓香噹噹食品旗艦店香蕉味夾心蛋糕，現售價29.9元，1日0點買1箱送2箱，低至9.97元/箱，香甜美味，作為早餐或者下午茶都不錯，喜歡的值友可以入手。,5.857,3.714
reflection_01444,reflection,過了幾天之後，我有觀察到每次查房都是同一個女兒，了解病人家屬的立場之後，可以同理她擔心媽媽的情緒，一件非預期的心血管疾病突然發生，對於家屬、原本心臟外科的團隊都相當突然，而且看到病人剛洗完腎，虛弱的樣子會很自然地就認為是洗腎讓病人變得虛弱的，忽略了病人原本剛進來加護病房是更喘的。,3.875,5.875
text_00222,text,她長大，總能在合適的時候給所愛的女人最好的愛護，雖然很多時候他們並不能見面，甚至連話都說不上，但心底的那個角落永遠,4.714,3.875
text_01332,text,他鼓勵學生，每個小螺絲釘都是重要角色，不要放棄自己。,6.625,4.714
edu2021_00319,edu2021,我今天上得很開心,6.916666666666667,5.0
edu2021_00452,edu2021,今天上的蠻有興趣的,6.416666666666667,2.333333333333333
text_01611,text,然而，美國軟硬兼施的策略讓中國更加清醒的認識到了美國在釣魚臺爭端中的真實目的，對美國也愈發不信任。,4.25,5.286
edu2021_01498,edu2021,今天教得淺顯易懂，是我近期學的最簡單的，很棒,7.428571428571429,6.333333333333333
text_02330,text,他們本星期二在餐廳光顧自助晚餐，進食包括凍長腳蟹及凍龍蝦，其後出現腹痛、噁心、嘔吐、腹瀉及發燒等病徵，全部人已求醫，情況穩定，其中兩人需入院。,3.429,4.25
text_02046,text,一些人跑到事主家中對父親執行私刑，即便後來員警緩衝了當天的怒民，隔天，人們居然把怒氣轉嫁至肉圓店的老闆娘身上。,3.286,6.0
reflection_00725,reflection,CCU的病房內，我們有位病人因STEMI，送來的時候已經是ocha，在急救回來之後意識仍然很差，判斷很難有恢復的可能，因此安排安寧會議。,3.5,4.9
reflection_01370,reflection,為了讓家屬釋疑，我下了點心力研究安寧共照還有整個呼吸照護系統，想說至少能從理性的角度出發，分析後續可能需要付出的心力和成本，感性方面還有利弊的定奪就交由家屬判斷。,4.75,2.75
sentence_01326,sentence,張會感染全世界,4.75,5.75
text_01200,text,冠軍消息傳回臺灣，網友在《臉書》和ＰＴＴ（批踢踢）瘋狂貼文狂推ＴＰＡ。,7.0,6.429
text_01597,text,績效獎金召開臨時會，但要求刪除「不再行處理」字樣，其餘皆依上週結論辦理。,4.889,4.286
sentence_01340,sentence,今天我到底生了什麼樣的善心,5.333,4.333
text_00183,text,還算精美的一本書，最開始吸引我的是很多人的評論和推薦。,6.5,4.143
sentence_00582,sentence,是上者制定給下者遵守,5.0,4.0
reflection_01070,reflection,主治醫師及住院醫師向家屬說明這種療法的可行性以及可能的產生的傷害後，家屬仍堅持一定要嘗試。,4.125,5.5
edu2021_01347,edu2021,邊看學長姐傳下來的筆記邊聽講，覺得很有收穫,6.083333333333333,5.25
reflection_00981,reflection,1. 描述事件：病患洗腎洗到一半突然發生IHCA，當下在洗腎室有實行10分鐘的CPR急救，後來雖然有ROSC，但病患本身處於昏迷狀態，且插管時發現口內有疑似腸胃道出血的物質，置放鼻胃管後引流出很多coffee ground，因此轉入CCU做進一步的照護，不過病患本身年紀相當大，合併本身有心衰竭、失智、ESRD），目前處於多重器官衰竭的狀態，因此住院醫師需要向家屬告知關於預後不佳的事實，須有心理準備，以及後續如有狀況是否執行電擊或壓胸、升壓劑要用到幾線、洗腎是否還有要洗等等。,3.3,4.5
edu2021_00636,edu2021,對有一些理論的觀念還是很模糊,3.571428571428572,3.083333333333333
text_02651,text,過去幾周，多位GooglePixel3a智慧機使用者爆料其遭遇了軟體方面的問題，甚至會隨機發生手機熄火的故障。,3.444,5.0
sentence_00540,sentence,網路上隨便哪個相同興趣的很少會是同伴,4.0,6.333
edu2021_01350,edu2021,在這之前並不是很清楚， 但是這堂課讓我有更多的瞭解了,5.9,3.0
edu2021_00903,edu2021,有時候就會不太懂課本上在講什麼，回家就要重新唸一次，效率不高,3.5,4.75
sentence_00571,sentence,缺乏睡眠會扭曲你的基因,4.5,4.75
text_02334,text,我自己沒遇過特別大的，但同事丁丁見過超驚人尺寸的阿公，根據丁丁的分析，那個阿公一定曾對他的生殖器動過手腳。,5.167,4.143
text_01495,text,有韓國網友在官方討論區發文，懷疑TPA以不正當手段取得勝利，引起韓國玩家討論。,3.75,4.571
sentence_01106,sentence,反而是老美假話都那麼可信,3.75,5.25
edu2021_00168,edu2021,有些不是很了解，回去會認真看課本的,4.5,4.583333333333333
text_02245,text,兩國表面上立場堅定，特朗普突然威脅加徵關稅，但訊息顯示此前雙方各有退讓，協議內容未必符合外界期望，不確定性猶存。,3.556,4.625
sentence_02436,sentence,終於不是萬年負數,6.5,6.0
text_00689,text,開始拿到的房間，房間內充滿很強烈的煙味，實在忍受不住，要求換房，不知是否前臺有意見，給換了一間比前一間小的多的房，算了，將就一下睡一個晚上吧，心想。,3.0,4.889
sentence_01241,sentence,這一次聖終於要開拓新地圖前往王城之外的地方了,7.0,5.4
edu2021_00804,edu2021,今天說的讓我更清楚了解內部運作的方式,6.0,3.214285714285714
reflection_02348,reflection,這些病人可能平常都喜歡在診所就醫，而不喜歡來醫學中心排長隊浪費時間，這也符合此病人雖然家就住在高醫旁邊，糖尿病高血壓卻都在診所控制的行為，且其雖然有在服藥控制血糖，其入院後測來的糖化血色素還是相當的高，很有可能平常在診所以多半是拿藥並沒有積極和醫師討論控制策略。,4.5,3.0
reflection_01228,reflection,而我想也是因為這樣的醫療場境，讓我更能在他們身上投射出自己的立場。,4.875,3.8
edu2021_00789,edu2021,我覺得特別有興趣，也能特別的專注,7.785714285714286,5.928571428571429
edu2021_00060,edu2021,今天的課讓我不由自主地打瞌睡，導致上課所講的東西沒有吸收到,2.75,3.0
text_00181,text,當現代生活越來越快速，生活壓力越來越大的時候，能讓煩悶的人們在閱讀的時候心情愉悅的書，就是一本好書。,7.0,4.571
text_02157,text,曾經高呼為夢想而窒息的樂視網創始人賈躍亭，自2017年7月赴美造車至今一去悠悠，如今卻快要讓26萬股民集體窒息了。,3.125,4.857
text_01201,text,長期關注ＴＰＡ的網友actr表示，ＴＰＡ的技術或團戰可能和其他隊伍在伯仲之間而已，但穩定度絕對比其他隊伍強，這個禮拜觀戰下來發現ＴＰＡ的失誤比其他隊伍少。,5.889,3.857
text_01213,text,小田急百貨公司相關負責人便表示：「現在很熟悉『朋友巧克』概唸的年輕小女孩，甚至根本就不知道『義理巧克力』的概念呢。,4.5,3.625
text_00478,text,請看清楚我的回文好嗎？動不動就罵人我是請部份說camry很不安全的朋友提出比較明確的証據這樣子也會被您說強迫症您是精神科的醫師嗎？樓上有位朋友批評我不一定懂相機我查了一下這位仁兄在攝影版的發言要是我像這位仁兄一樣討論類似的主題我一定不敢說誰懂或誰不懂因為還沒到那樣的level啦一位現任camry車主留,3.444,6.778
sentence_00956,sentence,就你這德行還臺灣優先,3.5,7.25
text_00852,text,led冷光屏感覺更舒服，顯卡很好，加2G內存以後，最高質量情況下實況2009完美運行，流暢無比。,7.25,5.833
reflection_02149,reflection,為此，家屬不太能夠接受剛出院就再次入院，認為住院時沒有被妥善照顧，即讓病人出院。,4.125,4.0
sentence_02299,sentence,虞大大慰問五毛弟兄,5.667,4.0
edu2021_01238,edu2021,真的不是我在說，我覺得內容實在太抽象了,3.416666666666667,6.666666666666667
reflection_00767,reflection,"由聯合醫院轉到本院治療,轉入ICU後,一直查不出造成呼吸窘迫的原因。",3.0,4.125
reflection_01555,reflection,描述事件 一位病患因為 STEMI 而進入 CCU 接受治療。,4.8,1.375
edu2021_00793,edu2021,老師點同學問的問題大部分的人很難回答出來，比較專業的東西都得回去查才能知道,3.8,4.2
sentence_01828,sentence,中共扣押你們還要管你們吃喝,3.5,5.75
sentence_00982,sentence,分割槽表型別呢,5.0,4.333
reflection_00410,reflection,但在我進站前的這一週，阿伯一直嘗試weaning但都很喘，R學姊也花很多時間家屬電話病解，解釋阿伯目前的狀況跟氣切的好處，但阿伯的家人沒辦法接受氣切，說想要讓阿伯繼續咬著氣管內管再訓練久一點看看，最後終於在我進站前一天順利拔管，但觀察起來還是有比較呼吸沒力的情形，抽血data 看起來PaCO2有小幅度的增加，所以就先沒轉出留在內科加護病房繼續觀察。,4.1,4.75
text_01877,text,鋼盔也要油電雙漲，今年起勞健保也漲價，人民是總統的頭家，頭家都生氣了，公僕卻不在意；以前發生重大事件都有官員負責，如今人民生活難過，卻沒有官員下臺，這個政府完全是無感、無責任。,2.571,6.2
sentence_00988,sentence,蕩婦一邊和老公通電話,3.0,6.333
edu2021_00197,edu2021,以前只有一個模糊的概念，今天第一次真正理解,7.071428571428571,5.416666666666667
edu2021_00120,edu2021,一開始不太懂，但是在自己思考了一下後，總算弄清楚了，一瞬間覺得超有成就感的,8.333333333333334,6.785714285714286
edu2021_00223,edu2021,這堂課讓我們知道一些有趣的小故事,5.857142857142857,3.916666666666667
text_02183,text,頸椎病是臨床常見病，通過合理、適當的運動可收預防和治療之效，但如果運動不當則可能會適得其反，引起或加重頸椎病的病情。,4.25,4.778
reflection_00794,reflection,反應為何 當下做了什麼、想做什麼當下我什麼都沒表示，只有靜靜聽著學姐解釋。,4.875,3.5
sentence_00471,sentence,背信以及壓榨百姓之下,1.5,5.0
reflection_01813,reflection,醫師與病患家屬都站在為了病患好的考量進行討論，並沒有誰黑誰白的分界點，只是對於同一處置的看法不同。,5.3,2.75
reflection_01496,reflection,醫療不僅僅是治癒病人的疾病，更應要治療病人和家屬的心。,5.625,4.0
sentence_00948,sentence,啊呸呸呸呸呸呸,3.0,8.75
sentence_00091,sentence,一點不誇張的說,5.667,6.667
sentence_01256,sentence,靠著間歇性斷食跟不怎麼碰含糖飲料,6.0,5.5
edu2021_01261,edu2021,由於沒有關於這方面的知識，所以整堂課聽下來非常的枯燥,1.916666666666667,4.5
text_02571,text,新竹縣一名55歲男子，曾持刀刺傷父親也曾放火燒屋，他這個月6日不滿父親拒喝湯，竟然把熱湯潑在父親身上，再動手痛毆父親，造成老父2根肋骨斷裂住院。,1.875,6.875
text_00704,text,房間裝修時尚、溫馨，用品乾淨舒適，而且有鮮花和水果贈送，有家的感覺，服務熱情周到。,7.571,4.857
sentence_02430,sentence,之後樑某搶奪拉拽方向盤,3.75,6.25
text_00010,text,剛開始看的時候心情是平靜的，看到中間真的期待她有個好的結局，有個好的人生，可是不樂觀的情節越來越多，如預感，結局讓人很心痛，但是也讓人平靜。,5.5,4.143
text_02009,text,可愛到爆的皮卡丘和傑尼龜、可達鴨等寶可夢一起在過去20多年裡征服的不僅是全世界的童心，還有大家口袋裡的錢。,5.667,5.2
text_02311,text,和別人說著話、做著事，思緒卻不由自主地走神，過了好一會才回過神來；經常感到煩躁、不耐煩，對手頭的事情提不起興趣，特別容易分心。,3.5,5.333
reflection_01204,reflection,單靠寫字要解釋氣切對病人的意義顯然有點困難（希望他眼睛狀況良好，真的能清楚看到我寫的字），病人對狀況理解到什麼程度實在難說，並且病人只能單方面對問題做是與非的答覆，導致整個對話的走向其實能夠全權由提問者掌控。,4.2,4.2
text_02633,text,亞洲吃貨們，熊貓大廚做了桌熱騰騰的火鍋……作為2019年中國最重要的主場外交活動之一，亞洲文明對話大會正如火如荼地舉行。,6.571,5.0
text_00758,text,衛生間的馬桶是壞的~~一不小心能把馬桶給摔碎。,3.778,5.444
sentence_01833,sentence,我只知道她沒有哽咽,4.667,3.75
sentence_00395,sentence,惟有功名忘不了,4.6,5.25
text_01198,text,中職第四高，另外，合約還有高達600萬激勵獎金，若全數達成激勵高標，3年最高可拿到2400萬，等於平均月薪來到66.67萬，也僅次於陳金鋒，是中職史上次高。,5.333,4.625
sentence_02345,sentence,逢此殊勝日請盡力行善,6.0,6.0
sentence_02141,sentence,堅毅不拔的毅力,7.0,5.0
edu2021_00476,edu2021,我覺得我學到許多東西，受益良多,6.5,5.8
reflection_00138,reflection,"其中,電話裡大女兒先是確認了講電話的醫師的全名,並且點名了前兩天的值班醫師的名字與敘述內容,質疑是不是有什麼家屬不知道的事情。",3.4,6.666666666666668
edu2021_01325,edu2021,因為記錯了時間，所以今天沒上到課,4.583333333333333,3.142857142857143
edu2021_00039,edu2021,講得很清楚，圖也畫得很清楚明白，教的真的讚,8.083333333333334,6.928571428571429
text_01263,text,他們的部落格因此越來越受歡迎，許多狗友也會參考卡內的足蹟，再帶自家寶貝去玩。,6.0,5.143
sentence_00851,sentence,包含怎麼應付一些有的沒的,4.333,3.5
text_00313,text,可以沾點光來提醒大家對安全配備的重視！,5.556,5.5
text_00327,text,偶像劇：一定是醜女配有錢的帥哥，不然就是醜男配美女。,5.0,4.333
reflection_02204,reflection,但病人姐姐表示家裡老人家不能接受氣切，並一直強調病人的狀況都有在好轉，好像跟她說話眼睛會打開，聽到女兒聲音會比較激動，拒絕做氣切。,4.125,5.1
text_00069,text,但看了這本書後，才曉得水對人身來說是最好的藥，最好的資源。,6.125,4.143
edu2021_01222,edu2021,覺得老師的要求對我們來說太高,2.583333333333333,6.25
reflection_01285,reflection,家屬認為在ICU照顧了這麼久，為什麼會無法脫離呼吸器、氣切是否會對於患者整體情況有所改善、也提出一些健保法規關於住院天數的疑問，質疑醫師會不會因為規定的63天而將患者趕出ICU，給予草率的治療等等。,3.7,4.5
edu2021_01511,edu2021,好難喔，題目有點不太會寫了，有點怕怕的,2.928571428571428,5.333333333333333
text_02143,text,525我愛我快樂生活節的移動自由超能力分享沙龍，我們邀請到兩組騎車機車穿梭臺灣、世界的人物與我們分享沿途的收穫與感想。,6.0,5.111
sentence_01275,sentence,凍結龔仁心等四人職務,3.667,3.333
sentence_00568,sentence,同埋防守部署失誤,3.0,3.333
edu2021_01160,edu2021,今天上課很有趣，非常好玩,7.3,5.166666666666667
text_01625,text,人卻缺乏勞動保障，政院擬定的《長照服務法》並未納入外勞，讓臺灣的長期照護系統依然建立在外勞的血汗勞動上；此外，外籍看護工幾乎沒有休假，亟需喘息服務，但《家事服務法》草案卻被政院冷凍近10年，呼籲政府應該解決問題。,4.0,4.333
text_01753,text,挑選黑格領導五角大廈，是歐巴馬對伊朗政策軟化的第一步。,5.125,4.571
text_00924,text,ubuntu系統應該更好，待嘗試,6.0,3.714
text_00632,text,是商務旅行的理想選擇。,6.375,3.111
text_02660,text,有網民稱，一個多次失信的企業，帶著一項尚不成熟的技術，卻得到當地的大力背書，折射出一些地方政府的招商飢渴症。,3.0,4.0
text_02224,text,Google一如所有的爆料所道，為這產品線帶來兩名定價較親民的新成員，只要400美元的Pixel3a和480美元的Pixel3aXL。,6.5,5.0
text_02032,text,有人認為無傷大雅，但本文作者指出，笑話中的性別刻板印象、強暴迷思，傷害累積起來，也可能落入人們對日常生活的想像中。,3.556,4.889
text_00011,text,看完這本書的時候，我內心對愛情的看法再次進行了調整，身不由己的調整。,5.125,5.125
reflection_01951,reflection,家屬於會客時間，對住院醫師大聲指責市府的衛生機關，認為是衛生機關的錯誤政策導致他父親病危，且還想要解剖他父親根本是泯滅人性、亡羊補牢，他已找好議員要去修理衛生局。,3.3,7.0
text_02750,text,政府的一意孤行、且拒絕公眾諮詢之下，結果不單在立法會造成大混亂，而且在社會也引起自雨傘運動以來的最大型的社會動員，反對修訂。,3.111,6.0
sentence_01717,sentence,也只能侷促益州力竭五丈原,4.667,4.333
edu2021_00214,edu2021,今天教得很多都聽不懂，需要去猜它的意思,3.916666666666667,3.083333333333333
text_01483,text,老虎隊8局上攻勢再起，DelmonYoung先開轟幫助球隊擴大比數，下一棒JhonnyPeralta也揮出二壘安打上壘後，AvisailGarcia打出2人出局後的適時安打，老虎隊此局再下2分，形成4:0的領先優勢。,6.333,5.667
text_00694,text,你們網站只維護酒店的利益就不管客戶的感受嗎?,2.875,6.75
reflection_01715,reflection,且持續和家屬強調病人過去的心願、接下來持續灌食時身體會出現的變化，以及我們加諸在她身上的傷害和不適。,3.5,4.875
reflection_01523,reflection,未來身為醫者的我們，除了治療疾病之外，如何在與疾病奮鬥的終點給予病人適當的照護以及陪伴家屬，給予他們適時的支持，我想，是我們的職涯中，除了知識之外，需要不斷學習的一大課題！,5.875,5.25
sentence_02379,sentence,唔理個塔大技緊要,5.0,4.0
sentence_00993,sentence,先是當了大壞蛋舅舅,3.6,4.8
sentence_02391,sentence,桑塔露琪亞的小船在搖晃,5.0,2.25
edu2021_00653,edu2021,老師今天講的真開心，我很努力想聽懂,7.5,5.928571428571429
text_00667,text,酒店設施沒有其他城市的喜來登出色。,3.667,5.143
reflection_01015,reflection,或許是因為這樣，所以當我看著病人沒辦法清楚表達意願，而家屬明明就知道病人之前有不想插管氣切的想法，卻還是猶豫不絕的時候，我才會有這些感受。,4.1,3.0
reflection_01360,reflection,(4) 我可以怎麼做： 然而經過這次的事件，我後來深入的去思考，我應該嘗試去了解病人家屬的情緒，這位病人畢竟是初診斷，且才63歲年紀並不大，家屬肯定會對病人能夠痊癒抱有很大的希望。,5.375,4.9
reflection_01815,reflection,父親希望可以多些時間考慮，擔心一經過同意之後下午病患就開始氣切流程。,4.375,4.4
sentence_02487,sentence,低濃度阿托品眼藥水可減學童近視加深速度七成,6.5,5.5
text_00813,text,心中對這家酒店的感覺一下就十分不好。,3.375,5.167
edu2021_00289,edu2021,今天老師的腳步一如往常的快速,5.1,3.214285714285714
text_02534,text,戒邪淫網-戒邪淫論壇-戒色戒淫戒邪淫挽救一批，深陷手淫毒害而不能自拔的年輕人1、淫海無邊各位，萬惡淫為首，百善孝為先!,6.286,4.875
reflection_01607,reflection,而她又經歷了什麼？,4.875,3.375
sentence_00631,sentence,明白自己知道什麼且立場堅定,6.0,6.25
sentence_01489,sentence,迸發澎湃的激情,7.25,6.75
text_01435,text,「新的一年大家都不看好他們，但彼此的長輩都有支持的力量在，反倒是王心淩，今年追求她的可能不一定只有姚元浩，她是否能堅持，能決定他們愛情的運轉。,5.444,4.75
reflection_00580,reflection,了解了病人的痛苦、家屬的期盼，但要如何給予最適當的處置，這是困難的，也需要經由多方的討論。,5.75,2.5
edu2021_01001,edu2021,沒課本有點茫然,3.833333333333333,2.166666666666667
edu2021_01010,edu2021,今天學了很多，雖然並不是完全懂，但大部分都有學會,5.833333333333333,5.083333333333333
text_02207,text,升級貿易摩擦不符合兩國人民和世界人民的利益，中方對此深表遺憾，如果美方關稅措施付諸實施，中方將不得不採取必要反制措施。,3.714,4.667
edu2021_00186,edu2021,今天很想睡，並沒有聽到什麼內容,3.25,2.642857142857143
sentence_01906,sentence,有稱男童被猥褻致肛?,2.5,6.667
edu2021_00252,edu2021,一整堂都講課本真的還滿容易恍神的,3.0,3.166666666666667
text_01398,text,諾貝爾和平獎的給獎標準，通常是表彰致力推動和平者的終身成就，如二○○八年和平獎得主、曾成功調停科索沃、印尼亞齊等地紛爭的芬蘭前總統阿提沙利；或鼓勵仍進行中的和平努力，如一九九四年和平獎得主巴勒斯坦解放組織領袖阿拉法特、以色列總理拉賓與外長裴瑞茲，就意在鼓勵中東和平。,6.0,3.714
reflection_01796,reflection,瞭解到當病患死亡已不可挽回時，繼續積極的處置對她是否是另一種折磨?,4.0,3.375
sentence_00297,sentence,貴族青年魯道夫建造了一座矮小的城堡,5.0,2.25
reflection_00556,reflection,情境：老師跟家屬講解病情與ECMO 的優缺點1. 描述事件：這是一個不明原因不斷咳血的56 歲病患，一來急診就入住加護病房，前兩天還能大聲講話，交代家屬送營養品來給他補。,5.0,3.25
edu2021_00436,edu2021,雖然真的不是很懂，但還是有了解一些,5.166666666666667,3.833333333333333
sentence_00178,sentence,美國政府加徵關稅不是解決問題的辦法,4.0,6.0
reflection_00126,reflection,"當然,要普通人馬上下一個放棄治療的決定非常殘忍,如何精進溝通技巧,給與家屬溫暖與支持,也是成為醫師需要努力精進的目標。",5.2,3.0
sentence_00190,sentence,留意一下看看是不是都來自同一家店,5.0,2.667
text_01054,text,員警擔心情緒激動的曾某會傷害蔡女，站在中間將兩人隔開，但曾某一直逼近蔡女，警方不斷擋住曾某，要他冷靜點，雙方發生推擠；此時，員警身上的手電筒掉在地上，沒想到曾某竟撿起手電筒，不但敲打員警頭部，還抓狂大吼「讓開」，情緒火爆。,2.75,6.857
edu2021_00538,edu2021,老師的上課方式，引不起我對課程的興趣,2.0,4.166666666666667
reflection_01499,reflection,在照顧阿嬤的過程中，剛開始隨著每天lab data的進展，我們看到了病情好轉的可能，帶給我們信心，然而看到腦部影像的一霎那，之前醫療團隊的努力好似徒勞無功，讓我體會到病人的病情惡化時常來的讓人措手不及，而現代醫療雖然十分進步但也有其極限。,3.5,5.4
text_00015,text,我們的生活中也需要激情，在小說當中會找到我們也曾有過的戀愛的感覺。,6.0,5.0
text_01383,text,正義妹表示，當時聽到樓梯間有人呼救，衝出查看，赫見婦人與持刀歹徒僵持，當下只想要救人。,5.111,4.6
reflection_00984,reflection,討論的過程中家人態度反反覆覆，花了半個多月最後他們決定氣切卻不同意手術處理膿胸。,3.625,5.875
text_02377,text,根據資料，俗稱牛皮癬的銀屑病，是一種由免疫系統失調而引發的慢性面板炎症，本港現時約有2至3萬名患者，平均每300人中便有1人患,4.143,3.333
text_02498,text,馮永業又強調，絕對無出賣對香港政府的忠誠，亦?對無利用二人關係收取對方51萬元臨時按金而濫用公職人員職位，以處理港聯直升機有關申請業務。,4.667,4.286
sentence_01383,sentence,的態度很惹人生厭,3.0,6.5
sentence_01424,sentence,挖掘機團隊出品,5.0,2.25
sentence_00667,sentence,宇宙超級無敵大仙女嘻嘻,7.0,6.0
reflection_01140,reflection,一位肝癌末期的46歲男性因為吐血、解血便，在MICU插管做胃鏡，之後因為hepatic encephalopathy意識持續不佳，家屬一開始還抱持希望，曾經詢問之後意識是否有回復的可能，前來探視的肝內醫師也表示患者小孩還小，希望盡可能的幫忙，但後續病況遲遲沒有好轉，與家屬討論後決定進行安寧與維生撤除。,4.0,5.5
sentence_02225,sentence,發現樓在垂直下陷,3.6,6.0
edu2021_01237,edu2021,講解搭配實例還算好理解,6.0,3.75
edu2021_01147,edu2021,這次上課收穫很多，使我可以更快的想出解題方法,7.0,6.083333333333333
sentence_02187,sentence,和進取的人在一起,7.0,4.5
text_01350,text,大年初一就發生酒駕肇事重大車禍。,3.75,4.833
reflection_00281,reflection,2. 體認到醫學仍存在極限以及醫病共享決策的意義：不能否認的是在醫學這個領域還有太多未知和不確定性，沒有任何治療能保證百分之百療效，因此需和病患及家屬共同釐清目前病況、分析不同治療方式的利弊，尊重專業更要重視每個人不同的價值觀。,5.75,3.5
edu2021_00568,edu2021,今天教的讚,7.0,4.916666666666667
sentence_00367,sentence,因為做工很粗糙,3.4,5.25
sentence_01245,sentence,一方面又說臺灣是國際讚譽的民主,5.4,3.8
text_02299,text,持續脫水，尿液少、不易排出體內廢物，就可能形成結石或泌尿道感染；同時腎臟血量減少，血液變濃稠，氧氣及營養的供給停滯，也會損害腎臟細胞,3.0,3.778
text_02381,text,近日，在百慕大粉紅沙灘和綠松石潮汐之下，科學家發現來自地球地幔過渡帶深處的一個富含水、晶體和融化岩石的層可以滲透到地表形成火山。,5.4,3.429
sentence_00763,sentence,中國花饃藝術節近日在陝西渭南舉辦,5.333,3.0
sentence_00377,sentence,懶得和他起衝突,4.667,4.333
edu2021_00740,edu2021,今天上課老師講了很多，但我都聽不懂,2.25,3.666666666666667
sentence_00299,sentence,以厭勝之術詛咒教主,3.5,6.0
sentence_00604,sentence,有點像是小資產階級或軍閥,5.0,3.0
text_02131,text,這部奇幻背景電視劇的最新一集，在打敗夜王之後主角們聚在一起進行慶祝，但龍女王DaenerysTargaryen面前的桌子上卻不合時宜的出現了一個星巴克咖啡杯。,4.714,2.429
text_02351,text,受汽車銷售縮減和後續汽車研發成本攀升影響，本季度營業淨虧損為25.040億元人民幣，同比增長了68.2%。,4.5,4.625
text_02200,text,按照官方說法，最終的成品計劃是在2020年推出，所以在那之前還有很多時間去完善，聯想也因此沒有在現階段公佈太多的規格細節。,5.0,2.0
edu2021_01402,edu2021,內容有點難，並不是很容易能理解,4.0,3.428571428571428
text_02266,text,雖然亞馬遜預設的臺幣匯兌價格並不好，但它電子書的定價卻非常誘人——就算是加上刷卡手續費，都還比在國內通路便宜。,6.429,5.375
sentence_00482,sentence,我一定會很難過,2.75,8.0
sentence_01852,sentence,還有其自以為是的宗教信仰缺失,3.0,6.25
sentence_01007,sentence,今天刷推很踴躍的樣子,6.6,6.0
edu2021_00514,edu2021,今天學到了很多很實用很充實的內容,7.5,4.285714285714286
text_02767,text,宣告說，民主派議員今天別無選擇，當他們進行合法合憲會議時，建制派議員進入並企圖選舉主席，民主派議員惟有用盡各種合理的抗爭手法盡力阻擋。,4.0,5.833
text_02502,text,最近，來自中國的科學家開發出新型發電機，能夠直接從海水提取並補充電力，不用再擔心海下探測器無法長時間運作，或需要額外攜帶笨重的電源系統。,6.444,3.889
reflection_00874,reflection,"可以怎麼做新發現了什麼?有無新的認知或體認?有無新的觀點?我可以再做最後的努力,重新評估可能的病因,尋求其他專家、醫療團隊和老師的建議,配合家屬針對質疑的地方再重複確認一次,協助家屬了解目前的醫療狀況與瓶頸,減低家屬對醫療狀況不信任感,也減少自己的愧疚感。",4.0,5.875
sentence_01216,sentence,如果我們要清算他,4.0,6.333
text_00584,text,地理位置：正對長春火車站，優點：方便乘火車的朋友，缺點：感覺環境有點亂，物價較高，但周圍各種飯店很多。,4.778,4.286
sentence_01475,sentence,那三分鐘全國默哀時流量,5.0,1.0
text_00660,text,房也在3樓，窗子看出去是個平臺，很壓抑的感覺，衛生間有股很難聞的怪味道，電視機很小很破的那種，服務也不太好，反正我覺得有受騙的感覺。,2.889,5.375
edu2021_01054,edu2021,對課程內容有些許了解了,6.333333333333333,2.5
edu2021_01555,edu2021,其實也是蠻有趣的，雖然真的是複雜了點,6.0,4.166666666666667
text_00366,text,沒有嘛，所以第三排本來就是有時候遇到應急用的，不是日常都要坐人的嘛，那你嫌他難坐幹嘛?,3.667,5.222
reflection_01866,reflection,當時很希望女兒可以給爸爸一些時間，讓他能夠除了理性上的理解、還有情感上的慢慢接受。,4.7,3.75
edu2021_00576,edu2021,教的很詳細，很棒,6.928571428571429,3.0
sentence_02290,sentence,在厭食和暴食中找不到平衡,3.4,5.75
text_01053,text,鄰居擔心情緒激動的曾某會有失控舉動，趕緊報警。,4.0,5.625
reflection_02036,reflection,而後來也想其實家屬會這麼的重複問相同問題，也有著許多的原因，第一是對於醫師的信任程度，由於ICU的病人都是意外送進來的，醫師和家屬並不是長期認識的關係，因此信任可能還不夠，第二是家屬並不是醫療人員，對於這些醫療處置可能沒辦法像醫療人員一聽就明白，甚至許多時間都是一知半解，然而多問醫生幾次問題也可以從中獲得安全感，第三是家屬與病人之關係其實看的出來還不錯，所以可以看出來對於撤除維生器材，其實心中有著很多的不捨和不知所措，或許家屬問這些問題不一定是不知道解答，更多的是去舒緩自己所承擔不住的情緒。,4.7,4.1
text_00990,text,本人兩天前4999時下的單，昨天下午最後截止日提的貨，系統還沒換，電池沒充電，不過現在又有點資金，看中一款2530p，想把昨天拿的這款出手。,5.0,3.5
sentence_02387,sentence,無論是你心虛的激昂陳詞,3.6,6.0
text_00868,text,機器運行狀態有些電源等等的白色指示燈很漂亮內置話筒和攝像頭視頻比較方便人性化的設置比較多如開機狀態在電源插入和拔出的時候有警告聲易於控制工作時間靜音鍵快捷導航鍵等等還是有一些比較出色的UE方面的設計發熱量一般有好幾種電源模式可選送貨速度快服務好,6.5,3.75
text_01418,text,引發朝野關切電競選手未來，行政院長陳沖15日表示，經濟部可比照優秀體育選手服替代役方式來研擬。,5.25,3.143
sentence_02028,sentence,他回應已一切就緒,6.5,4.5
reflection_01159,reflection,患者在術後意識狀態沒有改善，因為搶救期間腦部缺氧而有不可逆的腦傷，以不間斷的seizure表現，患者的妻子對於這樣的結果感到十分焦慮。,3.625,6.4
reflection_00553,reflection,現場的家屬們難以下決定，開始打電話給不在場的親屬，最後明確下決定的便是不在場的親屬，決定裝葉克膜救到底。,3.5,4.375
sentence_00874,sentence,最艱難的期末考,3.667,6.0
sentence_02073,sentence,虛心接受他人看法,7.0,3.667
reflection_00096,reflection,"回顧當下的情況的確較為混亂,或許之後遇到如此狀況可能要再提前一些就先跟家屬討論到這塊,不要等到急救後才提及讓家屬決定,因為前面幾天也已經有向家屬提到poor prognosis與病況的不穩定,也許能夠再早點講到會更為適合(但當天tumor bleeding也是突發狀況,也許老師學長也打算在那一兩天提及此事但bleeding提前發生),再者原本可能認為病患家屬是護理師而覺得應該較為理解醫療端解釋的內容,但許多狀況工作時認為理所當然等到換到自己家人身上可能就不見得適用,故未來在解釋過後仍還是要強調確認病患或家屬是否通盤了解以避免不必要的糾紛。",4.0,2.75
text_02565,text,一部在香港出版的資料文集揭露出，大屠殺發生後，中共領導人認為黨已經快要失去對國家的控制，他們聯合譴責趙紫陽，斷言中國受到來自美國的顛覆力量威脅。,2.833,6.5
reflection_01824,reflection,每天都來院照顧的母親同意，但病患父親拒絕（由於他認為屏東的醫院有完善的呼吸照顧中心，除了離家近，同時說不定還不用進行氣切。）,4.5,3.9
sentence_01973,sentence,觀察力也非常出眾,7.667,6.333
reflection_00992,reflection,描述事件阿伯此次因喘伴隨發燒、帶痰咳嗽及體重減輕而入院。,4.375,2.625
reflection_01329,reflection,雖然在ICU人來來去去，終究還是要給病人一點尊嚴的離世，也體貼家屬的隱私和情緒。,4.125,3.7
sentence_00207,sentence,指望貿易戰改變中國經濟,5.75,5.75
reflection_02192,reflection,在本case中，考量到目前病情以及插管時間過長，團隊決定向病患家屬詢問是否施作氣切或是安寧治療，由病患的子女共同討論，尤以大女兒作為主要決策者。,4.625,2.875
reflection_02231,reflection,到了某一天，奶奶的情況又變糟了，又到了需要插管的時機，女兒想當然地還是決定讓奶奶插管了，甚至之後也做了氣切......,3.5,4.0
sentence_02051,sentence,但仍為有中國傳統文化內涵的人所景仰,6.4,3.8
reflection_02390,reflection,當下跟學姊過去看到病人狀況後，心中的第一個想法是趕快回想當時候ACLS教的流程，甚麼時候該電擊以及插管，同時也再想說突然bradycardia和失去呼吸心跳的原因。,4.125,5.375
text_02323,text,從需求端來看，一線和新一線城市聚集了大量的年輕人，他們工作節奏快，生活壓力大，對食物的需求，除了果腹和營養均衡，還逐漸衍生出便捷以及更多健康的需求。,5.125,3.1
reflection_02143,reflection,此外，也向家屬解釋此種感染懷疑為腹內感染，但目前初步排除與手術相關。,4.875,2.125
sentence_00741,sentence,自認為稍有鬆懈就會被別人搶走飯碗,4.0,5.667
text_02843,text,前立法院王金平今天在廈門與中國國臺辦主任劉結一會面，王金平表示，中華兒女一家親，本是同根生，血脈文化無法切割，所以，臺獨是假議題，根本行不通。,4.375,3.444
edu2021_01411,edu2021,今天上課的內容令人收獲良多,6.75,5.833333333333333
sentence_00674,sentence,義勇推感覺都是懂得體現自己慾望的成熟大人,6.75,3.25
reflection_01726,reflection,病患可能早已預料過自己現在的狀態而簽署了DNR，不過從沒告知過兩位兒子及周圍親人，兩位兄弟直到媽媽這次轉來內科加護病房才得知此件事，兄弟當時有點嚇到，提到媽媽平時不喜歡給周圍人負擔，很多事情都自己承擔，也得知父親在兄弟國小時候就離世，媽媽自己辛苦養大兩位兒子。,3.375,4.8
edu2021_00400,edu2021,老師的講解相當詳細，但麥克風收音時好時壞,5.285714285714286,3.25
sentence_01552,sentence,中描述了這些祖先一千年沒跳過舞的女人是如何為共黨迫使教唆而起步的,3.667,5.333
text_01101,text,陳翁表示，每當夜深人靜，見2個孫子入睡，不禁潸然淚下，但「怨嘆沒有用，還是要堅強，不然孫子怎麼辦？」他說，每天光想要吃飽、睡好都很困難，只能不斷自我催眠「要堅強」，把孫子當成精神寄託，好好扶養2人長大成人。,5.125,5.714
sentence_01743,sentence,大意我身居海外,5.0,6.333
text_00506,text,藉此分享一下人人喊打的鉛酸電池情況一般人對車用鉛酸電池直覺就是高污染的毒物鉛本身的確毒性很高但是回收容易又有利可圖無須任何補助回收鉛本身就有利潤只要收回廠的防汙設備做好就行以美國來說車用鉛酸電池回收率達到99%老化鉛酸電池一般狀況下也不會被棄置拿去家裡附近的電池行都可以收個150-300台幣間視鉛價而定鉛酸電池的回收循環中只要管制好非法黑心不裝設防汙設備的回收業者污染事實上很小,4.667,5.143
reflection_01530,reflection,吳先生的妹妹也在會談中哽咽提到因為怕年邁的媽媽知道他的病情後無法接受，一直都忍著不敢將吳先生的病情向媽媽坦白。,3.3,6.75
reflection_00309,reflection,描述事件這是一位癌症末期的病患，由於腫瘤轉移，漸漸的壓迫一側的肺臟，病患靠著氣管內管置入另一側的支氣管維持呼吸道，然而病患咳嗽時也容易讓氣管的位置位移，不時需要支氣管鏡下再次調整位置，以確保呼吸的順暢度及血氧的維持。,4.75,4.2
reflection_01293,reflection,老師也會和家屬解釋針對敗血性休克的問題，醫療端做了什麼處置，讓家屬能夠理解到醫療人員所做的努力。,5.375,3.0
text_00098,text,時間，可以消耗愛情，愛情是經得起歲月蹉跎的，經不起的，那不叫愛”忽然間，明白了什麼有了愛情，其實，再孤獨，也算不上真正的孤獨如果在愛中，依然孤獨，那你就需要考慮一下，這，是不是真的愛了!,3.75,4.0
text_01868,text,執政者無能，人民十分火大。,2.714,6.571
sentence_00719,sentence,各種委屈的碩珍,4.0,3.0
edu2021_01065,edu2021,學到了很多東西，讓我很有興趣，希望未來能夠了解更多有關的事情,6.75,6.916666666666667
edu2021_00718,edu2021,這章一整個不懂,1.416666666666667,6.9
edu2021_00508,edu2021,第一次接觸覺得很新鮮，講師也很用心講解，滿意今天自己的表現,8.666666666666666,6.071428571428571
text_00246,text,這裏什麼都有，就是沒有無聊！,6.625,5.0
sentence_02025,sentence,刊登捏造的訊息,3.4,5.0
sentence_01731,sentence,沒有寶二蘇特很可惜但我該知足,6.0,6.0
text_00524,text,自己的神主牌被說到缺點，就一定得如此酸嗎？成熟點吧！,2.556,6.667
sentence_00901,sentence,精選百聽不厭西洋情歌,6.6,6.0
text_00392,text,因為業代希望我都打10分，他說9分以上才能拿績效獎金。,4.778,3.714
sentence_02395,sentence,能讓我看到兔子被偶像點名債D的表情,6.0,4.333
reflection_01905,reflection,在週五中午的會客時間，這次兒子帶著爺爺的老婆一同前來，因為病房一次只能一位家屬在病房中，婆婆自己在病房中替爺爺擦手，兒子擔心媽媽會跌倒，希望她不要站起來，坐在輪椅上就好。,4.375,3.1
reflection_00718,reflection,我們有一位一樣在CCU的病人，靠呼吸器生存了7年，但最近家屬希望撤除管路，然而病人本身意識是清醒的。,3.75,4.2
reflection_01739,reflection,描述事件一位 51 歲男性 因為頭暈、想吐、喘、冒冷汗 到聯合醫院就醫，初步懷疑是 STEMI ，因此要求轉院來高醫 ，在急診時經過 survey 也是懷疑STEMI ，照會心臟科醫師後建議 PCI 堅持拒絕 ，之後收上來到CCU 。,3.875,3.375
sentence_01694,sentence,麥田和河流整天互相侵佔,4.6,4.5
edu2021_01112,edu2021,整體而言，勉強可以聽得懂,5.416666666666667,3.416666666666667
edu2021_00431,edu2021,上課內容生動活潑，可以保持在精神很好的狀態,7.428571428571429,5.142857142857143
edu2021_01245,edu2021,只有一節課其實沒講什麼,4.75,2.642857142857143
edu2021_00812,edu2021,有一些專有名詞根本聽不懂，不知道在上什麼,2.642857142857143,5.5
reflection_00989,reflection,事件描述：一位STEMI患者，在經過PCI放完支架後轉入加護病房觀察，在期間心血管方面狀態穩定，但在這段時間讓他最困擾的是皮膚搔癢的部分，雖然這症狀已有一段日子，先前照會皮膚科並且在皮膚科醫師訪視後，病人認為之後自己應該會轉到皮膚科普通病房來處理皮膚搔癢的部分，而不是心臟內科病房，醫病雙方資訊不對等的情形下，醫師認為的急症心肌梗塞，與病人最為困擾但非急症也無住院之必要的皮膚症狀產生誤解與些微碰撞。,4.875,3.7
reflection_00736,reflection,我的感受病患現有的疾病有氣胸和肺炎以及心臟瓣膜逆流的問題，雖然問題不少，但並非不能解決，況且病人其實才51歲而已，卻感覺家屬(主要是妻子)好像放棄他了一樣，要病情解釋時也時常電話打了不接。,2.2,5.5
reflection_00083,reflection,"描述事件具體發生了什麼事病患因為肺炎導致急性呼吸窘迫而插管,但後續病人難以脫離呼吸器,醫師詢問氣切意願,家屬拒絕,同時拒絕拔管後再插回去,表示再繼續嘗試脫離,對於撤管當下也有些無法接受,隔天朝著床邊螢幕的數據拍攝,對於脖子的皮下氣腫提出質疑,並嚴厲指控醫療團隊是不是給病人加重鎮靜劑。",3.3,5.3
text_02341,text,這款卡套採用環保PP+高透PC材質，高透耐磨，不易折斷，耐用性比較強，58*105mm尺寸，厚度5mm，適配一般證件卡。,6.0,2.571
sentence_02004,sentence,三谷三木表現出所有的羞怯裸體主義,5.5,4.333
text_01388,text,陳美鳳還將今日公益出席費全數購買庇護工場產品，身體力行落實公益，讓現場所有身障朋友都感受到最溫暖的鼓勵。,6.444,5.444
text_02941,text,全瓷復形物成為假牙主流現代人對於牙齒美觀的要求越來越高，臨床上牙齒缺損的復形材料選擇，除了考量牙齒缺損狀況、所需強度大小外，也都會注意美觀上需求。,6.0,2.875
sentence_00356,sentence,一個自稱很久以前見過我的人來跟我說話,5.0,2.75
text_00385,text,我想明眼人都知道，就當廣告來看！,4.111,5.429
sentence_01075,sentence,川普挖苦奧巴馬,3.333,4.0
text_02086,text,過去平井一夫還在位CEO時，也曾坦言繼續手機開發是為了藉此洞察行業、時代的發展方向，好讓Sony在必要時保有競爭領先者位置的可能性。,5.667,3.6
sentence_00037,sentence,他把自己經歷的事件遇見的人,5.0,4.333
text_01228,text,如果同學們知道有同學懷孕了，也要一起好好學習保護少年媽媽，這將是很好的親職教育過程，一起將心比心，一起迎接新生命。,6.333,4.625
edu2021_00694,edu2021,以前看過相關的書籍，上完課才知道可以延伸到這麼多地方,6.357142857142857,4.0
sentence_02235,sentence,建議找後路撤退,5.0,4.0
sentence_01793,sentence,即使說了那麼多喪氣的話,3.75,5.75
text_01304,text,TPA改用「發條少女」奧莉安娜、「武器達人」賈克斯、「暗夜獵人」泛的快速突進組合，打了AZF一個措手不及。,6.25,5.5
text_02693,text,最近開始跑步，覺的原本的小米圈鐵耳機pro的線越來越惱人，因此找了拍賣上最便宜的真無線藍芽耳機來試試。,4.667,5.625
text_02859,text,這是一支奇特的隊伍，他們整齊劃一乘車而來，顯得紀律嚴明、訓練有素，但他們乘坐的車輛卻是五花八門，有卡車、麵包車、拖斗車，甚至還有當地的警車。,5.375,4.333
edu2021_00849,edu2021,聽說另一個班提早下課，很緊張我們班的進度是不是比較慢,4.0,5.583333333333333
sentence_02133,sentence,輕蔑從不可能變,2.5,6.5
text_00527,text,不要輕易的挑戰它的極限！,4.5,5.571
text_01937,text,柬埔寨王國政府當日早晨發佈官方公告說，柬埔寨前國王施亞努當天淩晨在北京逝世，享年90歲。,3.875,4.0
sentence_00345,sentence,這沒風度沒肚量的咖?,2.5,6.0
text_01741,text,不是只有你們會無視於法治民主，而是你們用壓迫別人的方式讓人就範.,2.556,5.714
text_00215,text,至於淩小萌，很可愛，像個小駝鳥，估計在此文中，不是顧正榮生病住院，小萌肯定還會繼續逃避吧！,4.444,3.714
sentence_00700,sentence,才華橫溢位新秀2019,7.333,6.333
text_00211,text,都覺得很快樂很幸福娜娜很可愛。,6.625,5.5
reflection_00264,reflection,病解後學長也有跟我們提到醫療仍然是有上限的，有時過度的醫療並不會對病人本身的病程有什麼改變，例如升壓劑全上雖然可以維持血壓，但是周邊血管過度收縮可能導致四肢出現發紺情形，且對於病患本身的病程或許並無太大助益。,4.125,4.5
reflection_00434,reflection,最後，更重要的是，要學習如何把家屬從鬼打牆之中，拉回正題。,5.0,2.75
sentence_00823,sentence,達到魚目混珠的效果,4.5,3.8
sentence_01862,sentence,超音波是一種非侵入性,5.0,4.0
text_00361,text,這版開口就說yaris太輕了的,4.0,4.333
reflection_01791,reflection,主治醫生解釋說，由於剛入院時有照過brain CT，看起來蠻正常的，而且假設真的跑到全身其他地方，治療也大同小異，也是使用抗凝血劑。,5.125,2.9
sentence_01437,sentence,刺痛他或者讓他飄起來,5.0,5.333
sentence_00725,sentence,你和所有人都是平等的,6.0,5.0
sentence_02154,sentence,每年筲箕灣東大街都會有慶賀譚公寶誕巡遊,6.0,4.75
text_01323,text,一大早他的座位就擺滿紙鶴，許多同學一邊折一邊忍不住啜泣；教室講臺上的螢幕，也播放方小弟與同學共同表演的畫面，現場氣氛令人動容。,2.75,4.667
sentence_00140,sentence,聊了很多分手後發生的事情,5.0,4.0
sentence_01399,sentence,15單排衝光輝,5.0,1.0
text_00871,text,配置比價均衡，玩一般的遊戲應該也撐的住了。,4.889,3.75
sentence_02069,sentence,見到有人去非禮女人,3.0,5.5
reflection_01807,reflection,此病人於夜間送來高醫CCU，小小的病房空間架立了許多mechanical support mechine，此病人在CCU中並非年紀最大、CV risk最高、最不樂觀，卻是病況最急轉直下，惡化速度最快的病人，隔天中午便院宣expired。,2.875,5.75
text_02591,text,負責主持過去兩次會議的民主黨塗謹申表明反對，堅持下午開會，討論內會指引及舉行選舉主席程式，要求委員會各委員準時出席。,5.0,2.778
edu2021_01269,edu2021,今天的內容感覺比較好懂一點點，需要課後自己多加複習,6.333333333333333,3.666666666666667
text_00039,text,奇怪的是它的評級卻高高在上，我甚至懷疑自己的閱讀水準，或者孩子喜歡？說實話，我家孩子只喜歡那個“小黑貓”的形象，知道了害怕“大怪獸”。,4.125,5.667
text_02938,text,面對紛繁多樣的物種，嬌美花朵，聽著浮雲的歡唱、飛鳥的低吟、山泉的傾訴、林木的心語......不禁想到創世主的無量慈悲與智慧。,5.889,3.0
sentence_01555,sentence,而且因為這種事業不是一帆風順的,4.0,3.8
sentence_00369,sentence,我值得被你這樣嫌棄,4.0,6.0
edu2021_00556,edu2021,我覺得老師有嘗試著傾聽學生們的心聲,6.75,5.0
sentence_02171,sentence,上臺拿起麥克風高歌一曲,6.6,4.2
edu2021_00279,edu2021,今天的氣氛真的是很想睡覺，但是因為太重要了，所以不能睡下去,5.1,3.083333333333333
sentence_02360,sentence,是展現在它負勢向上高聳入雲的蓬勃生機中,6.4,4.2
reflection_02245,reflection,這幾天我覺得這種問題就像shock但是heart failure要不要給水一樣，根據每個臨床去決定吧！,4.5,3.625
sentence_01732,sentence,只要每天都會彼此掛念,5.333,6.0
sentence_02164,sentence,一看經濟欣欣向榮,7.0,5.667
sentence_00132,sentence,德國機械裝置製造業聯合會外貿事務負責人烏爾裡希,5.0,3.0
text_02828,text,既有像ofo這種矛盾公開化、鬧得不可收拾的，也有投資騰訊過程中IDG因為過早退出而悔恨不已的，更有大疆這種傲慢到強制投資人在投資款之外必須捆綁提供無息貸款的。,3.375,4.857
edu2021_01313,edu2021,覺得今天了解了很多，謝謝老師,8.166666666666666,4.214285714285714
sentence_01693,sentence,陣痛和子宮整天互相排斥,3.0,7.0
text_02551,text,外傳美其名是補完正傳中空白的歷史，難聽點說就是憑空捏造故事，只要不影響本傳的劇情，作者喜歡怎樣寫也可以。,3.857,3.857
text_01849,text,首都市長隨便拿別人的健康開玩笑?,2.889,6.667
text_01631,text,崇拜他學習他只會毀掉全世界甚至是你以後美好的人生啦幹就算家庭問題再嚴重也是有能可以幫你.,3.778,6.222
sentence_00652,sentence,發覺自己連私生活也沒有,3.0,6.5
sentence_00812,sentence,反而下定決心與兄長一戰,5.0,5.25
text_01246,text,此番發言引起與會中方人士不滿，演講嘉賓之一的前中國國防大學戰略研究所所長潘振強迴應，穀內的發言「粗暴、狂妄，顛倒黑白、混淆是非」，讓他感到吃驚和悲哀。,3.286,5.625
reflection_00482,reflection,這次經驗讓我學到，要多從病人與家屬角度思考，不要只從單方向切入問題，不是說我們一定要做什麼，而是依據各方面的顧慮去做醫療決定。,6.0,4.875
reflection_00084,reflection,"身為醫師的角色,在告知病患及家屬返家休養有其風險且家屬願意承擔其中風險時,我認為要盡可能滿足病患的需求,透過全人照護以達到善終。",5.125,5.125
sentence_01311,sentence,因為野蠻人有自動過濾文明人功能,3.5,5.25
sentence_00563,sentence,難得悠閒的旅程,7.25,3.8
text_00857,text,另外購買了聯想的X61T（朋友在美國帶回來的，*^__^*)嘻嘻……），所以想賣了臺1000HE，黑色的，原盒原京東包裝都在，如果是東莞的來看機最好，機子全新，貼了酷奇納米銀的鍵盤膜，絕對全新，發票單據齊全，京東給我的一樣不少，有意思的聯繫QQ282369262我手機13431221132,5.0,4.0
sentence_02292,sentence,藍芽音響衝去市區送回修理,4.667,5.667
sentence_00312,sentence,媽咪廚房重要通知,5.0,4.75
reflection_01016,reflection,我的先入為主如何影響感受:因為我本身是希望未來當我出意外的時候，如果急救回來會需要呼吸器維持，或是可能會癱瘓無法自主行動的話，我會希望就不要幫我急救了。,3.375,4.875
edu2021_01036,edu2021,課程內容脈絡分明，能夠理解上課內容,7.75,3.357142857142857
reflection_01186,reflection,詳細描述情境此病人有五位小孩，各自有自己的家庭，分布在國內各地、甚至海外，因此在會客時間，家屬會開視訊，讓遠在天邊的家屬也能關心阿婆的最新狀況。,5.5,2.375
edu2021_01229,edu2021,在這次上課老師與同學互動良多，這也讓同學有了不同的上課體驗呢,6.833333333333333,4.857142857142857
sentence_02111,sentence,當政府開始大量搜捕猶太人的時候,4.5,4.0
edu2021_01154,edu2021,前幾天才看到這些內容，今天老師又幫我複習了一次，讓我印象更深刻,6.166666666666667,3.785714285714286
edu2021_00334,edu2021,老師教的脈絡很清晰，而且很有個性,6.166666666666667,4.642857142857143
sentence_00630,sentence,能否讓阿姨畫一下自己的知識框架體系,6.0,5.5
reflection_01880,reflection,但是家屬身為兒女，要決定放棄自己的父親，尤其是看到他還為眨眼的情況，怎麼都無法說服自己其實離死亡還有一線之隔，所以他們也盡力的把其他兄弟姊妹都叫回來看父親，母親也有來，希望藉由一些肢體互動和溫度把父親喚回來，在每一次的溝通都聽見了，我覺得這個時候需要的就是時間讓他們接受，給他們時間去討論和處理，聽見和聽進去和放手都是需要時間的過程，我們可以做的就是在一旁給予醫療端的支持和幫助。,4.7,4.125
text_01176,text,雖然臺灣電競人才很強，卻缺乏政府的大力支持。,3.778,5.0
text_00256,text,我也是，一直希望自己的力量增大，希望戰鬥中下出手筋獲得優勢，乃至勝利。,6.75,5.429
edu2021_00385,edu2021,又更了解了一些構造與概念，頗有收穫,6.416666666666667,5.0
text_01291,text,現代遊戲娛樂史上的全新開始，其不只是遊戲，更代表XBOX平臺上的多元娛樂內容。,5.5,4.125
text_01210,text,不過，日本情人節巧克力就是女送男的觀念，似乎已經落伍。,4.333,4.857
reflection_01052,reflection,但他本身是否認有發燒、有痰、胸悶胸痛、噁心想吐、腹瀉與多尿的情況。,3.875,5.0
sentence_01813,sentence,更不會找尋上師的過失,4.0,5.0
reflection_01892,reflection,但考量臨床上無效醫療這塊，以及種種的給付規範，需要配合家屬的想法到什麼樣的程度，真的很難拿捏，需要有更多的溝通來一起決定。,4.125,2.625
reflection_01664,reflection,這跟MM 不一樣、並不是因為這個病患有值得探討尚未解決的疑惑，這只是單純因為他不是我的 primary care，我比較沒有花時間了解他，不清楚整個 team 對他臨床處置療程的進度。,4.2,4.3
text_01034,text,此打了十二年官司向清潔員追討，行政訴訟環保局已敗訴定讞，環保局轉而打民事訴訟，要求十八人返還不當得利共一百九十一萬元，臺北地院宣判環保局又敗訴；仍可上訴。,4.889,4.833
text_00940,text,回去開了CS，開滿32個電腦不卡，顯卡還不錯，還有上面的那個聲音的觸摸很靈敏，摸一下就有反映了。,6.75,5.0
reflection_00843,reflection,"我能感受到家屬的難處、心中的糾結,不知道是否要讓病人再去刀房拼一次,不知道麻醉後病人心臟是否負荷得了。",3.375,5.625
text_00019,text,看了此書對中醫養生有了更濃厚的興趣，當然尤其是能使自己又美麗又健康的法子，正在嘗試，但願有效果。,6.222,4.429
text_00774,text,單就缺點羅列如下，望改進:房內夜間有異響.,3.333,4.75
sentence_01611,sentence,文貴呢這幾天活動非常頻繁,5.0,3.4
text_00793,text,酒店得早餐比較差，餐廳小，吃飯得人多，吃的東西也很少。,2.556,4.429
sentence_02478,sentence,還是另有圖謀呢,4.0,5.667
reflection_00879,reflection,"我們在情緒之外仍然需要思考並同理家屬為什麼會有這樣的反應,是因為:遇到完全沒料想到的嚴重併發症?家人承受很大精神壓力?或是在病人惡化前我們沒有解釋的讓病人家屬知道可能的狀況,讓家屬很樂觀。",4.0,5.25
reflection_02215,reflection,到了他真的走了的那一刻，他太太才終於哭得好傷心好傷心，可以感受到她的眼淚裡除了不捨和難過之外，也有好多的放下??。,2.875,7.25
reflection_00836,reflection,其實在早上八點時發現阿嬤不在ICU便有不好的預感，尤其在另外兩床順利轉出至普通病房的情況下更加重了對比感。,3.0,4.125
edu2021_00126,edu2021,終於有了解的感覺了，收穫很多,6.333333333333333,4.083333333333333
reflection_02357,reflection,最後在即將轉出到一般病房時要求出院，在主治醫師同意下病人因個人因素出院並之後在門診追蹤。,5.0,2.25
sentence_02507,sentence,的算寫的工整的了,6.0,4.5
reflection_00814,reflection,過了一段時間，病患經過SBT訓練後可以脫離呼吸器，但是告知家屬仍然有很大機率會需要重新插管，甚至氣切。,4.0,3.8
text_01999,text,看到有人說搶救台灣農業,5.0,3.4
reflection_01278,reflection,回過頭來想，其實站在家屬的立場，自己的親人在ICU裡靠著呼吸器維生，遲遲無法轉出也不見好轉，家屬肯定會焦慮、上網找各種資料，並且也一定很難接受和理解。,3.125,5.875
sentence_00376,sentence,只能接受勝利不能接受退守,5.5,6.5
edu2021_00347,edu2021,老師詳細的解說讓我們了解課程的重要性,6.333333333333333,3.0
text_00319,text,舊引擎跟萬年4AT的油耗極限大概就在那裡這點你說的沒錯但同一時期的競爭車端出的牛肉可不是萬年4AT與那種油耗不談冷門競爭車就談一般認定的大宗競爭對手ColtPlus也是約莫06~07年上市，用的是CVTFit約07~08年上市，用的是5AT油耗自然勝過Yaris這就是他牌所端出的牛肉若撇開品牌光環Yaris在這點是沒啥競爭力的Yaris跟這些競爭車在同一時間點比拚卻要消費者去原諒他那萬年4AT所帶來的不佳油耗這是沒什麼道理的,3.444,6.0
reflection_02382,reflection,關於這個病人，印象比較深刻的是，由於NSTEMI且洗腎時有過vital sign危及的情況，期間一直有詢問他是否要做cath來做進一步的診斷及治療，但是病人一直委婉的推託，我當下還蠻想不通的，一度還覺得病人感覺好像很不珍惜自己的生命，而且似乎聽不出我們跟他說的嚴重性，因為一來做cath雖然不是說完全沒有風險，但相較完全不做所可能造成的生命危險，這個風險或許還在可接受的範圍內，算是蠻安全的一個手術，也不需要做到全身麻醉，對他目前和未來來說是一個不錯的方法，實在是不清楚病人拒絕的原因是什麼。,4.0,5.125
edu2021_01049,edu2021,今天的課程教了很多實用的算法，覺得獲益良多,6.857142857142857,3.642857142857143
reflection_02146,reflection,你的感受為何當下我覺得十分錯愕與不解，因為病患前一次住院，以及於急診時的情況都我沒有參與到，也無從得知他的情況為何。,3.75,6.0
text_00596,text,空調的溫度調節器很糟糕，搞懂該怎麼調會費你許多時間，不信可以去試試，哈哈哈哈哈哈。,3.556,5.111
text_01452,text,兒時在鄉下長大，黃昭順常和玩伴跑到防空洞玩，一次不小心慘遭蛇吻，在人生記憶中留下永難抹滅的恐怖陰影。,3.889,5.0
edu2021_00044,edu2021,今天課堂時間充實，但講解太快了,5.25,5.25
text_02603,text,不過，陳沒注意到女子的男友在旁，也沒注意到有熱心路人早已發現他在偷拍，被害女子的男友與路人隨即上前攔阻。,4.4,5.429
edu2021_01420,edu2021,白板上的字看不懂，有點小和潦草,3.666666666666667,2.416666666666667
text_00365,text,我很喜歡老的206/306/505...只是我比較想開車，而不是跟修車廠的技師成為好朋友。,4.222,4.375
sentence_01660,sentence,財神也經常惠顧,7.0,5.5
reflection_00995,reflection,為情境中的家屬感到欣慰，他們目前暫時不用經歷決定是否放下的煎熬，但對於在安寧病房病人的家屬來說，這可能是難以抹滅的傷痛，家屬們清楚知道病人將會離開而且已經不遠了，從悲傷到接受的過程，或許就像一段戀情，兩個互相喜歡但不適合的人在一起，很捨不得卻又知道有一天一定會分開的感覺，一直在等待奇蹟，沒有勇氣提分手的那種煎熬，擔心自己無法接受，承受不起悲傷，我想，這時候安寧醫療的團隊能夠提供很大的幫助，照顧到家屬的情緒，也幫助他們走出傷痛。,6.125,4.6
reflection_01475,reflection,另外就是情感上，看別人總能很客觀去評估機會的大小，但對於自己的家人總會抱一線希望，就算極其渺茫仍覺得說不定會有奇蹟而不敢輕易放手。,4.9,3.7
text_01108,text,桃園航空城棒球隊總教練「棒球先生」李居明，將赴義大犀牛職棒隊任職教練，縣長吳志揚廿五日接見他，慰勉嘉許並感謝他在職期間之辛勞。,6.778,4.286
edu2021_01361,edu2021,今天的課很有深度,5.583333333333333,4.071428571428571
reflection_00045,reflection,"描述事件一位89歲女性病患因急性腦中風入院,4/8入院當日早上因出現了意識障礙,被兒子發現跌坐在床邊,左側肌肉無力,說話含糊不清。",3.375,5.375
edu2021_00968,edu2021,老師在問問題的時候，可否放大音量，不然都不懂在問什麼。,3.1,5.571428571428571
reflection_00468,reflection,老師與學長姐都預測了伯伯預後不好，看著交班單上早已下好的死診，如同看著病床上家屬已經為病人準備好出院時要換上的衣服，心裡五味雜陳，我們真的沒有什麼可以做了嗎？,3.1,5.875
sentence_00364,sentence,當韓國瑜暢談要在高雄設定自經區,3.333,6.0
edu2021_01524,edu2021,今天上課內容比較簡短，但依然有許多收穫,5.916666666666667,4.0
edu2021_00443,edu2021,今天教的東西比較複雜，希望能放慢速度，讓我們有時間消化一下,3.666666666666667,3.25
text_01450,text,世界客屬總會榮譽總會長吳伯雄也以「寧賣祖宗田，莫忘祖宗言」，強調語言傳承的重要，鼓勵大家只要有心就能學好客語。,6.0,5.429
sentence_01591,sentence,習近平心智不全,3.5,5.667
reflection_01118,reflection,我相信未來不論是走哪一科，維持這樣的態度及培養完善的醫病間的關係及互動，才能創造雙贏，並且給予病人及家屬最大的幫助。,6.375,5.3
edu2021_01386,edu2021,今天教的比較聽得懂，希望之後也可以多舉生活中的例子,5.916666666666667,4.928571428571429
sentence_01987,sentence,感覺就是窩著火的樣子,4.0,5.333
reflection_00046,reflection,"老公沒有一起來,如果患者怎麼了不知道要怎麼決定當嘗試了解家屬可能的想法後,我覺的可以到病房外向家屬再完整從頭到尾的說明一次患者此次住院的原因到出現這些症狀可能的原因,並讓家屬知道這樣的表現並不會影響到身邊的人,現在也都有調整藥物在做控制,然後也讓家屬了解團隊都很努力的想讓患者的病情改善,那家人現在最重要的就是陪伴在他身邊。",4.75,4.2
sentence_01493,sentence,睇?福山?事業遇上非常嚴峻?考驗,4.5,5.333
edu2021_00042,edu2021,今天老師用超快的速度噴完了這章，而且還勾了好多作業，一整個覺得可怕啊,1.916666666666667,7.6
edu2021_01301,edu2021,需要多聽幾遍才聽得懂，覺得自己很笨,2.214285714285714,4.5
reflection_01732,reflection,並且要盡量以不卑不亢的態度溝通除了我們醫學的學理依據以外 還有行政流程、倫理議題、家屬與病人的情緒壓力焦慮 、悲傷、憤怒、病人自主權 、醫病共享決策的理念 ，讓這樣的情形發生 也要了解家屬與病人最在意的點可能是病人的安危、可能是一份尊重 、一份被在乎的感受身為醫療方的我們可以試著去給予但也不能讓病患予取予求 ，哪些是合理的那些是不合理的，在討論的過程中也可以順便做到教育大眾，也能讓類似的情形 減少發生的機會， 醫病間的信任是很重要的。,5.332999999999999,5.125
sentence_01346,sentence,偶爾會有點小腹黑小壞心眼,4.0,5.667
text_02432,text,不過別誤會，不是麥當勞準備開賣蜂蜜相關產品，所以想要以此營造天然蜂蜜的形象，而是為了保護生存環境逐漸縮小的蜜蜂。,6.25,4.625
reflection_00968,reflection,在護理站實習的時候，也有上去幫心臟停止的病人壓CPR，之前遇到的CPR都只有壓AMPU或是比較前段的部分上去壓，之後就換成機器接手，第一次壓到後半部分的CPR。,5.0,3.9
edu2021_00504,edu2021,學到了很多知識，但很多東西還是要去複習,5.166666666666667,3.642857142857143
reflection_02194,reflection,過去在讀書時期我們往往只會關注在插管的時機不宜超過2周，否則可能會造成laryngeal injury如inflammation and edema、mucosal ulcer、vocal cord paralysis，infection 如VAP，甚至較為嚴重的tracheomalasia或fistula等。,4.5,2.4
text_02145,text,最近一次弄了一個真實度99%的大叔鬍渣下巴，一付有血有肉的紅潤面板色澤，嘴巴掰開來有牙齒牙齦，丟幾枚硬幣進去…天呀原來是零錢包是要嚇死誰…。,5.0,5.667
reflection_01023,reflection,隔天是老奶奶女兒前來會客，會客時間要解釋病情時已能感受到女兒情緒不佳只想把握時間待在奶奶身邊，很難做有效的病情解釋，當 team 學長再次詢問有關急救事項，女兒也是回答不電擊其他都要， 並且在言談中一直強調奶奶是個生命力很強的人，一定可以度過這波困境，當下我感覺有點難過也感到很煩惱， 他們家人對奶奶的深厚感情很讓人動容，不過對於態度及立場如此明確的家屬 ，感覺要讓他們接受奶奶的狀態是很難的一件事情。,3.625,5.25
reflection_00141,reflection,"從過去的交班紀錄就可以知道大女兒對於醫療處置的信任程度沒有到百分之百,例如想要醫師依照自己的要求提高頻率追蹤CRP、或是對於TVP的放置與移除很有自己的想法。",3.75,2.625
reflection_01944,reflection,你的感受為何當下我感到有點擔心感到擔心的原因為家屬如果不了解插管/壓胸/電擊是什麼、以及這些動作的目的及後續所帶來的併發症，那麼可能會倉促之下做出錯誤的決定。,3.125,5.0
sentence_01569,sentence,心裡真是非常忐忑,3.2,5.8
sentence_02167,sentence,分紅除可轉換為樂天點數,6.0,4.333
text_01126,text,可見，父母對孩子的態度和話語，對孩子的影響有多大！,5.222,5.857
edu2021_01346,edu2021,這兩天提到的相關問題，我認為不清晰明確，缺乏了概念整合的與跨章節的連貫性，希望老師能夠適時的引導學生,5.0,5.0
reflection_01010,reflection,病人家屬似乎由於某些與本次急救無關的因素在ICU外頭等待，且已經等候一陣。,4.875,2.0
reflection_00428,reflection,我第一次見到病人時，她那時狀況有好轉，已經拔管且正在嘗試脫離BiPAP、試著用venturi mask呼吸，但效果不佳。,4.0,2.5
edu2021_01517,edu2021,上課內容越來越艱澀,2.916666666666667,4.333333333333333
reflection_00077,reflection,我的感受我覺得當下看到病人家屬知道結果沒有符合的失落感。,3.375,4.1
text_01650,text,英國「經濟學人」雜志於日前刊出「馬英九：笨拙的總統」（Mathebumbler）一文引發熱議，在野人士不免趁勢冷嘲熱諷一番，但國家顏面受損，不見得人人高興得起來，就如民進黨前主席謝長廷18日所言，「我們不該高興，畢竟馬英九是我們的總統。,4.25,5.0
reflection_00703,reflection,況且病人一直under full sedation，大小便都需要別人處理，實在算不上有什麼生活品質可言。,3.7,4.625
text_00844,text,我在京東網買的華碩筆記本，第二天就發現嚴重的問題，無法使用。,2.875,6.333
edu2021_01029,edu2021,這部份常常搞得我暈頭轉向的,3.428571428571428,5.75
sentence_00760,sentence,是中國的獨特現象,5.0,4.333
edu2021_00497,edu2021,今天的課程讓我有更深的了解，也十分感興趣,7.25,6.357142857142857
sentence_00270,sentence,在歷史上的地位,5.0,4.5
sentence_01160,sentence,本週最令人印象深刻的一個概念,6.667,5.333
sentence_00518,sentence,我在美國四次被人進行身體上的侵犯,2.333,6.0
reflection_00972,reflection,所以在澄清風險時，我會希望可以小心的斟酌用詞，在不給予家屬錯誤希望與期待的情況下，對於我正在嘗試讓病患脫離呼吸器的處置做事實陳述。,4.25,4.2
sentence_01761,sentence,終止後的第九天清晨,5.0,3.667
reflection_02109,reflection,開刀處理與不處理成為了家屬需要考量的問題。,4.75,3.7
reflection_00897,reflection,我的回答是前者，而老師從資源分配、經營角度到社會責任等方面向我們解釋，我想起之前跟志仁醫師時，他曾說過醫療不等於醫學，這裡面有太多無法用數據或者報告來解釋的東西，於是我回去點開這位患者的過去病歷，看完他的就醫過程，慢慢地我也可以理解為什麼他的母親要這麼做，因為這一切都太辛苦了，不管是對活著人或者躺著的人，或許適時的放手對大家都是最好的選擇。,4.25,2.25
text_01385,text,高雄鳳山這場大火困住一家10口，3人自行逃出，還有7個人受困火場，就在11歲的小妹妹被救出時，一度出現找不到救護車的窘境，救護人員搶時間跑了200米，還好最後是巡邏車接力應急，這也引發救護車不夠的質疑，消防局表示，他們在第一時間出動了3輛救護車，比臺北市標準流程1輛還多，只是沒想到受困人數太多，一發現就緊急增派，順利將傷者送醫，並沒有延誤。,3.714,4.333
reflection_01686,reflection,雖然剛進ICU時，這位病患還算Clear，但這幾天基本只會看到他偶爾睜眼，表達能力和先前相比已大幅下降。,4.0,4.0
reflection_01639,reflection,我的情緒：當我聽到蘇伯伯兒子的想法，以及看到蘇伯伯本人的反應時(尤其是9/3拔管時，我走進去看蘇伯伯，他看著我，對我的第一句話竟然是我要告你們，雖然我不確定是不是正在譫妄的狀態)，其實第一時間我的心情是難過的，因為我覺得我們都是努力在想要為了病人好，不論是在藥物或治療照顧方面，又或者是常常去看看蘇伯伯做PE、陪他聊天，大家的所作所為都秉持著do no harm的基本概念，甚至他的兒子明明也是醫療業的同伴，因此聽到自己和大家的努力被誤解否定的時候，我其實心裡面最多的是難過的情緒。,2.6,5.9
sentence_01309,sentence,為了防止偏聽偏信,5.667,3.667
text_01102,text,兒子不成材，他對2個孫子管教嚴格，避免像兒子一樣學壞，誤了自己的人生。,6.111,5.333
reflection_01554,reflection,期間一直要求盡快轉出普通病房，原因是 ICU 病房很貴，在一位護理師學姊解釋治療計畫後，仍不厭其煩地問下一位護理師。,4.625,3.5
sentence_00029,sentence,兩者根本毫無區別,4.333,6.333
reflection_02034,reflection,事件:77歲男性本身患有多發性骨髓瘤與高血壓、冠狀動脈疾病、心律不整等慢性病，本次因嚴重社區性肺炎與泌尿道感染併發敗血性休克與呼吸衰竭送醫急救。,4.0,2.25
reflection_01742,reflection,我想若能簡單形容休克指的是血壓低、造成組織得不到氧氣，或者更簡單平易的說法，能夠避免這個誤會，至於這個案例中，家屬認為血壓只是稍微低，不知其嚴重程度的話，我想可能可以用大約失血多少毫升才會造成這個血壓，一些量化的數值，家屬可能更能了解嚴重性。,4.8,4.375
reflection_02006,reflection,在這之前，他的丈夫也曾經治療過肝膿瘍，也順利出院了，這一次情況更嚴重，他們還是勇敢決定接受手術，誰說他不可能好轉呢？,4.4,5.0
sentence_02100,sentence,誰在隱瞞境外存款,3.4,5.75
edu2021_00007,edu2021,老師講解詳細，容易明白,6.142857142857143,4.083333333333333
reflection_01061,reflection,當下在旁邊聽到的我情緒是緊張的，因為家屬的語氣是一種質疑的氛圍，而家屬口中的醫師應已是上個月團隊的醫師，也不知道實際狀況為何。,4.0,6.125
reflection_01967,reflection,儘管自從我見到她以來從不曾交談，但想到學長曾形容她為一位可愛善談的長者，我真的很想看到她能好起來。,5.75,5.375
text_02412,text,其實這不是一個非黑即白的世界，所以我很難用潛規則和黑幕這樣的形容詞來表達一些現象，但是很願意寫一些令車主們費解卻又客觀存在的事實。,4.875,4.286
reflection_00502,reflection,中間，也有向他解釋放置尿管的必要性，不過反抗程度依然沒有減緩，再放置的期間甚至反抗的更激烈，因此整個過程也沒有很順利，花了許久的時間。,3.6,4.125
sentence_01748,sentence,應該適時的放下了,5.0,4.5
text_02620,text,但利益是把雙刃劍，既能驅使母嬰公眾號給家長介紹好玩具，也會驅使一些母嬰號把根本不值得買的玩具吹得天花亂墜。,4.143,3.857
text_00873,text,精緻，做工雖然比不上Z系列但是也算得上是筆記本中的上乘，而且在sony的本本裡性價比算比較出色的。,6.6,5.125
reflection_02364,reflection,這是我的一個疑惑。,4.75,3.6
text_02251,text,路演超額認購的底氣已經讓瑞幸將發行價定在了17美元的區間上端，而25美元的開盤價、飆升50%瘋狂，還是讓人不得不感慨這樣的行情有些匪夷所思。,4.167,6.333
text_02610,text,啄木鳥、麻雀、鴿子是陸地上相當常見的鳥類，但如果在鯊魚的肚子裡發現它們的蹤跡，你會懷疑自己是否不小心穿越了。,5.0,4.5
sentence_01448,sentence,基於華人社會的種種規範,4.0,6.0
text_02216,text,和市面上用於建立原型或者用於小規模生產的3D印表機不同的是，惠普最新推出的JetFusion5200是專門為大批量生產而設計的。,5.667,2.833
text_02577,text,結合身分證與自然人憑證這次的數位身分證主要是結合過往的國民身分證以及自然人憑證，提供實體與虛擬的身分辨識。,5.286,2.75
sentence_00090,sentence,你就會有多少光芒,6.0,4.0
reflection_01694,reflection,對於他吼病人的事我感到氣憤，我覺得他沒有尊重其他的病人以及病人家屬，就算他有任何的苦衷也不該讓自己的情緒干擾到其他人，尤其事情發生在加護病房，當下可能有人正經歷著生死別離，他卻不顧他人在病房恣意的破口大罵，我認為這種行為非常的自私。,2.875,6.5
edu2021_00563,edu2021,太多專有名詞，上起來還蠻吃力的,3.75,3.5
reflection_00342,reflection,延長病患身體不適的時間，而且可能會讓病況比較危急的病患無法進入加護病房。,3.3,3.0
reflection_00660,reflection,該名護理人員有向病患解釋是因為交班沒有交接到該件注意事項的緣故，但該床患者仍是態度非常差地繼續罵人。,3.0,5.8
sentence_01100,sentence,那麼高尚的是王,6.75,5.0
reflection_00899,reflection,可以怎麼做有醫療背景的我們，身上背負著比別人更多的家庭期待。,4.1,4.4
sentence_02075,sentence,不能一跛一跛的走,4.5,5.5
edu2021_00652,edu2021,每次都很複雜難懂，令人氣沮,1.25,6.571428571428571
edu2021_00616,edu2021,很多東西都沒有舉比較實際的例子,3.166666666666667,3.571428571428572
reflection_00284,reflection,可以怎麽做1. 嘗試了解病患及家屬情緒和過往經歷：回顧病歷，病患在上個月因下肢難癒合的傷口而經歷兩次手術和長時間住院.,4.4,3.8
text_00743,text,酒店裏的服務態度超差，餐廳裏的服務員的素質就更差，當時我一個人去吃飯，看見菜單上寫的酸菜魚是8塊，當時還告訴了服務員我就一個人，心想一個人正好，又點了其他的菜，誰知道付錢的時候告訴我酸菜魚是35元的，錢倒是其次的，明知道我一個人，還一個勁鼓吹他們燒的多好吃，鬱悶！,2.333,6.714
text_00819,text,我司尊貴客戶預訂，週末入住行政樓層，28樓行政樓層落地窗戶，朝南房間視野很好，可以俯瞰延安西路高架，由於是頂層，高架的隔音也很好！,6.778,5.625
text_00158,text,後來她出的每一期都買了回來，用四葉草的包書紙包好，這次這一套買了是給朋友的，。,5.667,3.25
edu2021_01540,edu2021,老師的講解配上課本更加清楚了,6.75,5.0
reflection_01226,reflection,我還記得在那短短聆聽的十幾秒間，有幾句話是這樣說的「我還記得，在我小的時候，你常常跟我說我們要用勇敢，遇到事情不要怕，要是在外面跌到了就回家，媽媽永遠都會在家裡給你支持，現在我只想跟媽媽你說辛苦了，我很慶幸這輩子能夠當你的兒子」,5.4,4.75
text_00257,text,我很喜歡這套書，她也是阪田先生畢生著作的精華，值得你擁有！,6.75,5.286
sentence_01176,sentence,也隆重邀約不同語言,6.5,4.5
text_01125,text,孩子一生的自我意象和思維定式，是樂觀、自信、富有想想和氣概，還是消極、自卑或得過且過、自暴自棄。,5.0,3.833
text_02599,text,航拍機為我們帶來壯麗風景的畫面，但同時亦對飛行安全構成威脅，尤其是部份不守規矩的使用者，隨時會影響飛機和機場的運作。,3.667,3.625
reflection_00022,reflection,聽醫師病情解釋時的眼神也是充滿關心的。,5.75,3.7
sentence_00817,sentence,以無知小丑的表演形式淋漓盡致的演繹,5.0,4.333
sentence_00910,sentence,雖然是個到處犯錯的白痴,4.667,5.667
edu2021_00455,edu2021,覺得蠻有趣的，也了解更多了,7.0,4.428571428571429
edu2021_00478,edu2021,老師挺幽默的，聽課能大幅提升各方面的知識,7.5,3.416666666666667
reflection_02443,reflection,成功脫離呼吸器後，病患隨即要求要出院。,4.5,3.8
reflection_00308,reflection,可預見病患不太可能脫離呼吸器，甚至是不太可能回家了。,2.75,4.25
sentence_00951,sentence,其言語刻薄惡毒,3.0,4.667
edu2021_00933,edu2021,覺得這門課博大精深專題也頗具挑戰性,5.857142857142857,5.071428571428571
edu2021_01122,edu2021,覺得課程進度有點快，內容難以消化,3.0,4.0
sentence_01090,sentence,究竟是否真的算是影史票房冠軍,5.0,5.667
reflection_01691,reflection,在場的大家，瞬間有點訝異。,4.7,5.5
sentence_00778,sentence,整個口業爆炸性癖曝光,3.25,5.5
edu2021_01565,edu2021,可能是第一次接觸，所以還有些地方不是非常了解,4.428571428571429,2.5
reflection_00374,reflection,這次帶給我蠻深感受的是A區第13床的李邦夫，81歲男性，Underlying disease有lung cancer meta to brain，此次因Hyponatremia和Unstable hemodynamic state入院，入院後合併Septic shock， DIC等問題。,5.125,2.625
reflection_00932,reflection,在這段時間裡病人的家人一定經過很多討論，也儘可能的想要了解這個疾病，在情緒上一定也因為這麼巨大的變動沒辦法快速調適。,4.125,4.625
text_00025,text,看完這本書，確實對我幫助很大，可以客觀、理智地分析問題。,6.625,4.5
sentence_00117,sentence,心裡卻充滿嫉妒的是熟人,2.667,7.0
sentence_01244,sentence,一方面說大陸壓迫世界衛生組織,3.0,6.0
reflection_02153,reflection,可以怎麼做?一、多多參與會客時間，了解實際醫療場域上大多數病患家屬跟醫生的互動的方式，避免受到少數特例的影響而產生錯誤或是先入為主的觀念。,4.375,3.625
sentence_00172,sentence,如果明年總統選舉實現連任,4.0,4.0
text_01529,text,第一次見面，有別於其他會害羞地躲在父母身後的孩子，小紅豆主動向我揮手打招呼；而當我和淑文談話時，她則自在地獨處、專注看書。,5.667,4.444
sentence_01747,sentence,非常具有侵擾性的顏色,4.333,4.667
text_01507,text,消失在樂壇一段時間，張芸京在宣傳剛開始時，曾跟工作人員開玩笑說可能要宣佈結婚生子才上得了新聞版面。,5.0,4.778
text_01935,text,臺電民營化涉及電業法、臺水自由化涉及自來水法，修法要經過立法院同意。,4.875,4.375
sentence_02101,sentence,藐視政界潛規則,3.0,5.0
sentence_01561,sentence,我並非不贊同普世價值觀,4.0,4.5
sentence_00067,sentence,竟然還看得到有人說麥可貝當年把福克斯踢掉是正確的選擇,3.25,7.0
sentence_00535,sentence,只要冠佑講話就會自動忽略的病,5.0,4.0
reflection_00201,reflection,"在幫忙CPR的過程中,可以感受到學長姐們都很冷靜應對且各司其職,而相較於學長姊的沉著,即使只是幫忙CPR的我仍感覺到緊張和有點不知所措,希望能對急救病人有所幫助,同時也擔心幫倒忙反而害了病人。",3.75,6.5
sentence_02005,sentence,臺灣實在太不設防,3.4,6.0
reflection_00275,reflection,要讓病人接受醫療團隊會在病情容許與技術能力範圍内，會盡力做積極的處理，我覺得自己還有太多需要成熟的溝通方式和誠懇的態度。,4.75,4.0
text_01743,text,民進黨面對中國政策應該放下仇恨，多以人權、平等的觀點來看待，讓中國沒有動武的藉口。,6.0,4.714
sentence_00204,sentence,儘管冒險者的足印在各地留下痕跡,5.0,5.333
reflection_00682,reflection,所幸大部分的患者都算是配合，大家相敬為賓，但若是遇到這類的患者，在發生的當下，告知患者醫療現況，同時對其表示能理解住院的辛苦來安撫其情緒，在可行的前提下告知其需觀察時間，之後便能轉出到一般病房，也能啓到一定緩解病患的情況，希望在雙方的互相體諒下，能建立良好的醫病關係。,6.0,4.0
edu2021_00637,edu2021,發成績，進步了，很不錯,6.916666666666667,6.428571428571429
edu2021_01466,edu2021,上老師的課真的每次都獲益良多,7.583333333333333,5.666666666666667
text_01758,text,相對的，伊朗政府對黑格的提名抱持審慎歡迎的態度。,5.375,3.857
sentence_00240,sentence,又如何可以推動社會變革呢,4.0,5.75
edu2021_00408,edu2021,有點難，覺得有點聽不懂,4.166666666666667,3.916666666666667
reflection_01518,reflection,我感到無助，這不是一個UpToDate中可以找著的答案，也不適用任何一個最新發行的治療指引，他的生命從小時候被爸爸家暴、父母離異之後，就已經產生了無法癒合的傷口，人生的終點有時候不是肉體的凋零，靈魂的乾枯帶來的是更加無窮的絕望，如同黑洞一般將我們吞噬。,2.4,6.5
reflection_01766,reflection,突然，患者兒子詢問：「我們可以用符水幫她擦拭傷口嗎？」,5.0,2.625
sentence_02138,sentence,看到結果則變得更低潮,4.0,4.5
edu2021_00523,edu2021,總覺得教得有點太多了，難以消化,3.0,4.071428571428571
edu2021_01564,edu2021,今天聽完老師講解，才發現自己怎會如此愚昧阿,3.166666666666667,6.285714285714286
sentence_00254,sentence,有一位成員犧牲了,2.333,4.667
text_02731,text,1.預防圓肩和駝背圓肩和駝背的體態，容易造成肚子更大、壓迫內臟讓呼吸不順暢，嚴重還會影響到四肢麻痺和頭腦思緒。,3.333,5.833
text_00374,text,靠政府保護與善良勤奮的中產百姓來賺錢。,5.0,4.222
edu2021_00663,edu2021,回家要好好複習今天所教的,5.666666666666667,4.166666666666667
sentence_02006,sentence,高雄市市民為中國大陸次等公民,2.667,5.0
sentence_01281,sentence,你們的女神林昭能激勵你們什麼,3.75,6.5
sentence_02338,sentence,後遺症是總有夢魘盤旋,3.0,5.667
text_00343,text,之所以有疑慮是因為這些保養的人都是熟面孔了，不過今年這些老師不見好多，沒想到之前私底下爾有聽到抱怨原來是真的還走這麼多人，所以我才有疑慮。,4.0,4.778
text_02762,text,Facebook的人工智慧工程師已經研發出一種稱為自我監督學習的技術，因此社交網路的技術可以更快地適應諸如發現仇恨言論等挑戰。,6.333,4.833
sentence_01458,sentence,法定期限內沒有上訴,5.0,4.5
text_00030,text,書中的優美語言如潺潺流水般娓娓道來，給人以美的享受。,6.778,6.143
edu2021_01249,edu2021,課程讓人容易混淆與難以吸收,2.416666666666667,4.071428571428571
reflection_01943,reflection,你的反應為何當下我想要叫他不要緊張，有任何不明白的地方都要問清楚，並且希望她可以與他的家人進行簡單的討論後在下決定。,5.25,3.875
edu2021_01496,edu2021,發佈的通知或是作業，總是重覆好幾次，這樣有點混亂,2.5,5.6
text_00849,text,wifi配合我的tp-link841n實現300m速度，很棒！,6.625,6.167
edu2021_00751,edu2021,覺得好難，看來得更拼了,4.75,5.5
text_01111,text,渴求朋友的關懷，坊間業者甚至推出「朋友出租」服務，很多年輕人藉由租賃朋友的管道，學習如何交友。,5.667,2.778
edu2021_00540,edu2021,老師清楚解釋了原理，非常清楚易懂,6.25,5.25
reflection_01200,reflection,最後病人拔管，簽署DNR，選擇不再進行插管，拔管後狀況暫時穩定，轉到隔離病房繼續治療。,4.8,3.7
sentence_02146,sentence,那些衛生間太難聞了,2.75,6.0
edu2021_00590,edu2021,還是聽不太明白，理解上有障礙,3.0,3.5
sentence_01618,sentence,雷歐弟弟能說話但就無法看見孩子們那裡我哭得肝腸寸斷,2.6,7.5
edu2021_00373,edu2021,聽了許多課外的補充，覺得收穫很多,7.142857142857143,4.642857142857143
sentence_00641,sentence,也得以發現了咒術的天賦,6.5,5.5
edu2021_00959,edu2021,有實例又新鮮的主題，總是特別吸引人,6.916666666666667,4.928571428571429
reflection_00170,reflection,還有其他家屬可以協助一起做決定嗎?,5.0,1.5
reflection_02184,reflection,以上或許實行後會真的有所幫助，但考量到現實面我們或許沒辦法提供這樣的人力物力在ICU面對類似議題時每床都施行，但這些觀念的建立或許就是我們clerk所能做的。,5.125,2.375
text_02198,text,除了預估看完所需的時間外，也能自已找出重點，甚至是解釋縮寫的涵義，讓你可以先看看大綱，再決定要不要仔細閱讀。,5.667,2.5
sentence_02033,sentence,當頭暈目眩的時候,4.0,3.0
reflection_01660,reflection,等到line on上，水灌上去後大家回到原本的工作，我卻還是在整個下午不斷地跑到6床旁邊看病人的血壓和身周狀況。,4.25,5.625
reflection_02110,reflection,放pigtail 引流abscess 後，肺部的空氣仍然持續跑出，代表仍然有破洞，雖然在加護病房治療後呼吸的問題有改善，但是下一步該如何處理？,4.5,3.0
text_00267,text,一年前一個很好的朋友發了我一本電子檔的，沒有看下去，這次在當當上買了之後，用了兩天看完。,5.7,3.875
sentence_01348,sentence,謙遜自持巍巍風範,7.75,4.2
sentence_00045,sentence,但卻突然就換顏色了,4.0,5.5
reflection_01863,reflection,相對於邱00君女士的情形，我覺得尤先生的狀況不應該太早放棄，留在ICU觀察有合理的理由－－只是暫時的留置觀察，等狀況穩定必然轉出。,4.8,4.0
reflection_02397,reflection,這兩週在加護病房見習有許多次近距離接觸生離死別，各個家庭對於DNR及維生設備撤除的選擇大不相同，但在病房穿梭，探訪時間看到一幕幕家屬垂淚看著病人，在他們耳朵旁輕聲呼喚他們名字的畫面，我知道不論選擇如何，這些選擇大多都是被愛與對善終的認知所驅動的。,5.75,4.2
sentence_00252,sentence,考察隊被困住了,3.667,5.667
sentence_00911,sentence,一定令人熱淚盈眶,6.0,7.667
edu2021_00142,edu2021,最近上課速度都用飆的，而且還不準時下課,2.071428571428572,7.714285714285714
reflection_02164,reflection,老師耐心的和他們解釋，對於目前的病情進展幾乎無可避免的，差別只是嚴重度的差異，而就醫時間的影響其實也不大。,4.375,3.375
reflection_00214,reflection,我想這個問題對於家屬們、甚至患者自己都是個相當難以做出決定的時刻。,3.0,4.625
edu2021_00457,edu2021,對於今天的課堂，我大概能明白,5.583333333333333,2.714285714285714
reflection_01780,reflection,你的反應為何還是希望病人本人能夠清楚地明白現在的情形，畢竟本人現在是意識清楚的狀況 ，對於自己身體以及後續的醫療處置是擁有最高的決定權的，但是比起直接由醫師告知，更希望的是留給病人與病人家屬空間去討論這個問題。,4.875,3.375
edu2021_00609,edu2021,今天上課內容很多，講得非常快，有些地方我還是不太懂,4.166666666666667,3.785714285714286
edu2021_00935,edu2021,今天的課很有深度，對時事做了很多批判，老師上課很用心,7.666666666666667,6.416666666666667
sentence_02010,sentence,否則會造成市府團隊為彌補施政過失而疲於奔命,3.4,4.25
text_01093,text,朱男到廚房拿兩把菜刀，躲到二樓儲藏室，下午四點多，女友的十二歲小弟先回到家，朱男先用童軍繩勒他脖子，再持菜刀從頸部砍入，拖到浴室門口，讓他流血過多死亡。,3.625,5.0
reflection_00689,reflection,也許未進行積極治療是因為阿伯從來不知道肺結核、c肝的嚴重性及可能造成的併發症。,3.5,3.125
text_02138,text,他表示，美國在科技技術的深度和廣度上值得學習，但是華為聚焦在所做的行業，跟美國公司比已經沒有多少差距。,5.375,2.889
sentence_02210,sentence,都是整件事的加害者,3.0,5.5
sentence_01594,sentence,再準確的預警都於事無補,3.0,3.25
text_02905,text,郭慶表示，伴隨著酒店旅遊市場改革的深入和流量紅利消退，中國的酒店旅遊市場已經從黃金時代、白銀時代，進入青銅時代。,3.778,3.4
reflection_01749,reflection,一位高血壓病患因肺炎入院，入院期間發生敗血性休克，而後有腹痛情形，醫師向家屬解釋病患因為休克，造成腎臟功能有損傷，目前不太適合做腹部電腦斷層，因為這個檢查需要使用顯影劑看比較清楚，而顯影劑可能會傷腎、嚴重者甚至需要洗腎，不過仍會繼續觀察症狀決定。,3.8,3.0
reflection_01472,reflection,在MICU，我們是醫護人員的角色，我們用專業的知識很客觀的去看待以及判斷病人的病情，但在這個地方，有更多的是情感上的拉扯。,4.5,3.375
sentence_00970,sentence,怎能開賭場卻放任大家投注到八點,3.0,7.0
reflection_02111,reflection,但其實這個部分主要是想和妳討論，這個手術有很多風險，即使做完手術患者的情形也會越來越不好，甚至術後痛苦外還要住院很長段時間，生命中最後一段路不是相對舒服的，這些是要和家人考慮的地方。」,3.75,4.3
reflection_01567,reflection,當下我感到一片茫然，因為我還沒有辦法理解病人到底發生了甚麼事，而且病人家屬情緒十分激動。,3.875,6.1
text_01437,text,坤達柯佳嬿互補升溫坤達去年雖與陳意涵分手，後因和柯佳嬿拍「我們發財了」假戲真做，兩人感情加溫，還傳出同居。,5.625,3.429
text_01220,text,經過搜查，防治所人員查扣剛宰、已被肢解的十二隻完整狗屍，並從冰箱起出約八隻冷凍狗肉，合計重達一百七十多公斤，並在散發惡臭的倉庫內起出三大袋約四百三十五支狗鞭及數量龐大曬乾的睪丸，防治人員研判，如果加上母狗在內，這家屠宰場恐怕殺了千隻以上的狗。,2.857,6.0
reflection_01649,reflection,我總有一天也會送走至親，我自己也會面臨臨終的階段，到了當時我想尊重他們的選擇，如果他想要治療就支持他，如果他想順其自然陪伴他。,5.875,3.833
edu2021_01364,edu2021,讚，覺得滿有興趣的,7.714285714285714,6.928571428571429
edu2021_01381,edu2021,今天上的部分感覺有些困難,4.583333333333333,3.333333333333333
text_01096,text,獨力扶養年幼2孫，穿破衣、吃愛心餐，感嘆毒品毀了他的家，高市青山行善團號召網友愛心接力，協助陳家走出困境。,5.556,3.833
reflection_01460,reflection,另外，下次在病患已清楚明示善終意願，並決定簽囑DNR時，可以詢問家屬對此的意見，並於會客時間主動追蹤家屬之想法，若有社工師也可請其介入來協助溝通，來減少因溝通不良而導致之無效醫療或後續之爭議。,4.5,3.25
reflection_01934,reflection,而關於她們的固執反應，我則並不會覺得生氣，而是完全可以體諒與同情，一瞬間健康的弟弟倒下去再也沒有醒過來，什麼話都來不及說，就從此天人永隔，這樣的錯愕與傷心，讓人真的難以去接受。,2.875,6.25
text_01225,text,孩子終究在少年媽媽的肚子裏，女方得與家人討論，做出重要的決定。,5.0,4.0
reflection_01281,reflection,我心裡非常焦急，但是我自己卻無能為力，當下確實也不適合我發言。,3.375,4.3
edu2021_00257,edu2021,上網找了很多答案，覺得有增加自己找答案的技巧了,7.5,4.166666666666667
sentence_01406,sentence,劣誕下的怪胎!它們禍害華夏近百年,2.0,8.0
sentence_01985,sentence,後又有律師反訴其拖欠工資,3.4,4.0
sentence_02526,sentence,我們承衍是個很有才氣的孩子,7.0,5.5
sentence_00693,sentence,女生就會更不勇敢,4.0,4.5
sentence_01362,sentence,世界一流的水準,7.75,5.667
reflection_00953,reflection,之後在内科加護病房通常都是大兒子或小兒子分別來訪視，他們訪視時候感覺時常互踢皮球，完全不知道對方為何幫媽媽做這樣的決定。,3.3,5.1
edu2021_01398,edu2021,今天上課上到肚子很餓，但還是努力去聽懂課,4.857142857142857,4.5
text_00415,text,市場領先的品牌，享有發球權，高興怎麼定價就怎麼定如果這個品牌願意在安全配備上大放送，那所有的車廠就會被強迫跟進市場落後的品牌，為了突顯差異化只能不斷強化配備、降低價格，但不會改變市場的口味現在可以讓台灣汽車消費者在安全配備上更進化的角色有兩個一個是政府，一個是Toyota....前一個我不敢奢望，後一個讓我失望，就這樣,3.0,4.5
text_00094,text,讀了“筋長一寸，壽延十年”一書，使我眼睛一亮，對我一個有自信的人來說：影響力很大，我雖然熱愛健身運動，但養生書籍我也非常喜歡，此書是一本操作性很強的一本好書，在日常生活中很適用，尤其是拉筋方法學起來很簡便，很遺憾就是缺少整骨知識操作要點，希望該書作者在今後的出版中加以完善。,6.222,5.625
reflection_01288,reflection,然而CRP和臨床症狀沒有好轉，try weaning也沒有成功。,3.0,3.125
text_02214,text,最近每當覺得路上孩紙可愛時才終於意識自己好像老了這件事，不過比起生出可愛孩子的爸媽，如夢倒是比較羨慕擁有這些多才爸媽的孩子。,6.0,4.143
sentence_00104,sentence,當今更是隻許州官殺人不許百姓?雞,3.0,5.0
text_00484,text,當然..你可以正名但也請不要一竿子打翻一艘船會選TOYOTA的人並不是無知或是沒做功課只不過每個人需求不同罷了其他車廠有TOYOTA所沒有的優點有更好的超控，底盤，動力，安全但是TOYOTA也是有他所有而其他廠比不上的優點所以請不要說選TOYOTA的人就是沒做功課誰買國產車是像選衣服一樣隨便買的?,3.25,5.889
sentence_00313,sentence,故停止所有訂單,4.4,3.8
sentence_00286,sentence,斯柯達看風景的繼續反饋可讀性的小組賽隨時隨地很好的回答你的決定繼續舒適度度假酒店不得不服厚度和道德大型活動基督教反對基督教機動車的很多很多很多很好的很多很多很多哈哈哈哈打交,5.0,3.5
reflection_00473,reflection,不能幫他做bronchoscope再收一次痰嗎？,4.25,3.375
sentence_00532,sentence,喘息的時間與機會,5.667,3.25
reflection_00339,reflection,反應為何住院醫師清楚地知會家屬，阿嬤曾經出現過心跳停止14秒的情形，如果再次發生，又沒有TCP的情況下，病患會有猝死的可能。,3.875,4.4
reflection_00593,reflection,與家屬討論benefit and harm，進而取得一個平衡，做出對病人目前最好的處置方案。,4.875,5.125
reflection_02190,reflection,心理防衛機轉是潛意識層面的抗壓系統，可化解內心對遭遇事件的不適應和焦慮，本case中大女兒的情形我認為可以用否認作用（Denial）來作解釋，在會談的過程中，醫師已經數次向大女兒提到氣切與撤除呼吸器的各種優缺點，也充分地表明病患目前的臨床狀態可能無法回到入院前能夠自行呼吸甚至只需要輪椅經由他人協助就能行動。,5.0,3.0
sentence_01033,sentence,村裡人稱陳光誠相當倔強,5.0,4.0
sentence_02400,sentence,奮發牛得心應手,6.667,6.333
text_00151,text,本來就想當本笑話書來看的，沒想到難以笑出來。,4.0,5.125
text_00306,text,還可以賣的那麼心安YO!!ALLNEWCAMRY新款的喔!讓人家感覺新的一定比較好如此行銷法手實在讓人不齒,3.0,6.0
sentence_01173,sentence,同時持著刀筆次向被害人的心臟,3.0,3.75
sentence_00481,sentence,輸入我的巴貝多心靈,5.0,6.5
text_02902,text,振興醫院胸腔內科主治醫師曾敬閔提醒，氣喘、慢性肺阻塞的患者，如果吸到有毒氣體，更可能促使疾病惡化或復發。,4.0,4.75
reflection_01562,reflection,緩和家屬情緒，並給予家屬一個情緒發洩的出口，才有機會與家屬理性溝通。,6.0,2.125
reflection_01549,reflection,而且警告他可能出現不必要的衝突且浪費醫護時間。,4.0,5.6
edu2021_01271,edu2021,對於常常抱怨作業的自己感到些許慚愧,2.583333333333333,4.571428571428571
edu2021_00241,edu2021,真的是讓我打開眼界，雖然有些還蠻想學的，但是要花好多時間去學啊,5.666666666666667,5.916666666666667
text_02181,text,據澳媒報道，在布里斯班的一家百貨公司，華為宣傳P30/P30Pro的大幅海報正好高懸在了三星店面的上方，畫面好不尷尬。,4.625,3.667
text_02031,text,最近幾個月微軟連續獲批了多項有趣的專利，其中包括動態無人機傳送系統、頻寬節省瀏覽器外掛，人工語音生成裝置等。,6.667,5.25
sentence_00839,sentence,以免被他們佔便宜,4.0,6.0
edu2021_00361,edu2021,今天上的聽不太懂，大概是昨天上的尚未理解清楚的緣故,4.214285714285714,2.416666666666667
sentence_01379,sentence,令現場觀眾震撼落淚,7.667,6.5
sentence_01711,sentence,路上很乖不哭鬧,6.8,3.2
edu2021_00190,edu2021,今天的課比較不感興趣,3.166666666666667,2.333333333333333
edu2021_00430,edu2021,整堂課下來聽得很充實,5.916666666666667,2.5
text_02901,text,玩家將回到法國的黑暗時期，處處都可以發現帶著黑死病病源體的老鼠亂走，鼠群在染病後變得凶惡，四處襲擊人類並將身上病毒擴散開來。,2.333,6.286
text_02337,text,抗生素是用以抑制細菌感染的用藥之一，若因病需要使用抗生素時，醫師或藥師都會特別叮囑一定要把所有的抗生素吃完，以免發生更嚴重的抗藥性問題。,5.111,4.375
sentence_00049,sentence,被同事說很會安慰人,6.6,4.4
reflection_00598,reflection,做了一系列檢查，主要問題就是:acute respiratory failure， septic shock， infectious endocarditis and scabies。,5.0,2.0
sentence_02128,sentence,而取決於生平的善行,5.667,3.667
text_00452,text,安全與否，眾說紛紜，你之所以提出TOYOTA不安全的疑慮，就要給個建議性的解答，回文沒有必要避重就輕，不然你提出的疑慮就白費了....你跟我說等有一天你能買車時，我真的笑了..小弟很早就買車了，開的車也不怕你知道，九年前買的TOYOTAVX-4,4.625,4.571
text_00458,text,幾年前剛遷新車不久，在南二高關廟路段，也因為壓到不明的東西，左後輪爆胎，還好當時沒有急剎，也有抓穩方向盤，慢慢滑行到路肩，有驚無險，不然時速110翻車可不是好玩的。,4.333,5.286
text_01211,text,另外，想送給父親的女性高達四十四．三％，讓日本老爸難得能在男友面前揚眉吐氣。,6.375,5.5
sentence_02443,sentence,修改法規又冗長費時情況下,3.5,3.5
reflection_00258,reflection,反應為何當下雖然沒有做出任何行為只是在一旁聽老師解釋各種醫療決策的原因及合理性，内心則希望家屬能趕快認清病人處在疾病無可挽回的階段、了解到醫療有極限，同時快點結束對話。,3.375,4.625
edu2021_00595,edu2021,老師今天上課節奏感覺掌握得不錯,6.583333333333333,3.857142857142857
edu2021_00833,edu2021,需要大量的時間消化,4.285714285714286,4.583333333333333
edu2021_00456,edu2021,下課前老師相當用心的以口頭統整今天所教過的東西，這樣加深印象也能幫助學習，我覺得真的是很不錯,7.285714285714286,6.416666666666667
reflection_01197,reflection,她一定承受著莫大的壓力吧。,4.125,5.375
sentence_01091,sentence,我寧可花時間去遊說華腦,4.5,5.25
reflection_00294,reflection,臨床上，有時候會感受到家屬對病況的不瞭解，在最後關頭還是一直相信會變好，對所謂的無效醫療投以莫大的期待，試圖違抗病程的走向。,3.375,4.5
sentence_00537,sentence,訊息曝光後緊急搬家,4.0,4.333
text_01357,text,另外高雄市鳳山區開出大樂透＋威力彩次數則最多，其中百合彩券行與快樂行都曾開過兩次頭獎，不過，「快樂行」因經銷商死亡，店已註銷。,3.778,4.0
sentence_02284,sentence,到用充足的報酬提供富足和歸屬感,6.0,4.75
sentence_02308,sentence,嚴謹地遵循分形幾何從而演化為類似成體的形狀,5.667,4.333
sentence_00669,sentence,怎麼這麼不懂事,3.0,7.0
sentence_00675,sentence,人力是一種資源,5.333,4.333
reflection_01486,reflection,這次在MICU，印象深刻的是一位原本underlying disease有三高+CKD，baseline clear以及ADL ok身上無管路的70歲女性，這次是在火場被救出，救出時身上無外傷/燒燙傷但已OCHA，CPR 2次(8min and 13min)救回來而送上MICU。,3.8,4.3
sentence_00459,sentence,當然並不是說劉電工發明這個學說而是他自身就是受殖民地考試工廠生產出的考試機器,5.0,4.0
sentence_01403,sentence,遭到委內瑞拉國防軍逮捕,3.333,5.0
edu2021_01121,edu2021,學了不少東西，覺得很有趣,6.666666666666667,4.714285714285714
text_00294,text,確實越改越難看目前這一代還比較帥氣好看多了東抄西抄快變四不像了但反正toyota本來就不太會造車都是看對手出什麼車賣得好的話再出同款的車來把外觀跟設備改良賣得好的話還一堆擁護車主覺得他們買的車是比別家還棒的車還真不知道有啥車是他們自己完全設計製造而不是拿人家的車做範本去做改良設計在拿出來賣的,3.25,5.875
text_01312,text,除此之外，主辦單位也將在電玩展期間，一連五天舉辦「第一屆TGS電競大賽」，比賽項目有《A.V.A戰地之王Revo》、《英雄聯盟》、《星海爭霸2》和《暗黑破壞神3》等四款熱門遊戲，在這當中《A.V.A戰地之王Revo》，除了將於展期五天舉辦S組與A組的總冠軍賽，S＆A升降級比賽也首度移師現場舉行，預計在2月3日邀請香港最強戰隊來臺與臺灣代表隊一決高下。,5.286,4.714
text_02317,text,這個世界上很多人都知道羅本在右邊路用左腳快速觸球之後的計劃，然而能跟得上步伐或者不被甩開的人，少之又少。,5.0,3.889
reflection_00562,reflection,然而在這種重大的決定或是甚至沒有正確答案的選擇時，或許我們不該在不知覺中影響家屬的選擇，我們能做的應是給予家屬最大的尊重，並適時的提供專業的醫療說明，讓家屬或是病人做出他們不會後悔的決定。,5.0,3.0
reflection_00157,reflection,"我當下反思了這個社會到底教我了什麼,為什麼我們連家人的最後一面,都不能完全的表達出自己的情感呢?",3.625,3.375
reflection_00405,reflection,也在想究竟家屬在意的點是什麼，是什麼讓他們在這裡卡關，而不願接受氣切這個選擇。,3.375,3.875
edu2021_00122,edu2021,透過課本上的範例，讓我更加了解,5.857142857142857,4.071428571428571
reflection_02428,reflection,所以，為了防止她的腸胃道因為這些壓力而出血(又多一個併發症)，所以才會預防性地給Famotidine。,5.0,2.75
sentence_00981,sentence,謊言連篇倒是第一!,3.0,7.75
reflection_01862,reflection,但妻子當下的態度稍微強硬，在ICU的期間尤先生也有些躁動，其中不乏吵鬧的情形。,3.625,5.125
sentence_02369,sentence,或者胡德平的妻子現在光彩集團董事長王穎吧,5.0,4.5
edu2021_00910,edu2021,今天教得讓我獲益良多,6.5,5.333333333333333
reflection_02489,reflection,「我們希望爸爸能夠回家團聚」大女兒忍著淚水，一邊安撫著因氣切處置感到害怕的母親，「他一直能聽到我們說的話也有反應，所以請再救治他，或許還有好轉的機會…我們一家人都是這麼想的…」,3.0,5.2
sentence_00175,sentence,我還是不太能習慣推特不能修改這件事,4.0,5.5
sentence_01704,sentence,兩天的假日根本不夠彌補身心靈的創傷,3.5,4.75
text_01330,text,如此，長期以來造成吳信達老師心理上的挫折與自卑。,3.0,5.143
text_01037,text,十八人沒有請領獎金的法律理由，屬不當得利，提民事訴訟追討。,4.222,4.444
edu2021_01589,edu2021,這個之前都學過了，所以今天也是複習一下,4.75,3.416666666666667
sentence_01953,sentence,人越是得意的事情,5.25,4.2
text_00301,text,您再算算看好了....不買它,3.375,4.833
reflection_00500,reflection,儘管當下他不停反抗，我依然不停告訴他這是必要的處置，而且對他是有幫助的，可以密切監測尿量。,4.125,5.125
sentence_01810,sentence,只有不息的奮進,6.25,4.0
sentence_01171,sentence,是上帝給我們最美的恩典,7.5,6.25
reflection_02432,reflection,我在瀏覽醫囑的時候發現她曾經被開Famotidine，感到很好奇。,5.0,5.875
text_01325,text,校方指出，方小弟平常最喜歡熱鬧，因此很期待本週六運動會的到來。,6.778,5.25
sentence_01592,sentence,走私動物屢禁不止,3.25,5.0
edu2021_01490,edu2021,雖然有些還是不太懂，但是有了很大的進步,5.928571428571429,4.142857142857143
edu2021_00553,edu2021,老師講的不錯，棒棒,7.0,4.5
reflection_02033,reflection,狀況稍穩定後，因患者長期於高醫接受多發性骨髓瘤的門診治療，家屬要求轉院到高醫接受後續照顧。,5.0,2.0
reflection_00052,reflection,"家屬訪視時,對於病人不斷的癲癇發作,感到不解和不知所措,表情看起來十分的害怕,甚至表現出想趕快離開的樣子。",2.375,6.3
text_02191,text,而且愈多計畫帶來愈多壓力，一旦某個計畫中的事情卡關，就會想要整個放棄，或是一直卡關在那邊，而整個計畫都往後拖延？,3.375,6.0
sentence_01258,sentence,這件褲子我把他掛在衣櫥裡當作警惕,4.75,4.2
sentence_02267,sentence,第二次世界大戰後的瓜分,4.0,5.0
edu2021_00990,edu2021,我今天在課堂上還是搞不太清楚，有些地方還是很模糊,4.0,4.666666666666667
text_02621,text,美國聯邦地區法官露西·科前日宣判，美國晶片廠商高通違反反壟斷法，透過威脅停止供應、超抽授權費用等手段，非法抵制手機晶片市場的競爭。,3.167,4.857
text_01039,text,治平對象，桃園警方昨查獲魏懷良等23人，依組織犯罪條例送辦。,5.0,4.625
reflection_00570,reflection,此時面臨到要不要進行如此侵入性的醫療處置，站在理性的角度認為病人的問題似乎還未得到一個答案，且也許撐過這次危機，本身的問題也不算是末期疾病，或許可以得到解決，但站在感性這端，病人接受ECMO所要接受的痛苦以及日後的併發症，包括出血、四肢末端缺血、水腫等等都是醫療行為直接造成病人的傷害，家屬或是病人願不願意接受這樣的風險都是很矛盾。,4.0,3.375
reflection_02267,reflection,或許民眾也有一些錯誤的迷思，就像很多人也是問完醫師才知道氣切也不一定再也不能拔掉。,5.0,3.3
text_00754,text,讓人匪夷所思的是衛生間的門，居然是透明的，又不是情色酒店，入住的不是情侶只是朋友就算是同性也感覺怪怪的，沒有任何隱私。,3.375,5.111
sentence_02435,sentence,當時以色列南部發出空襲警報,3.4,2.5
text_02672,text,歐洲足球戰場最近踢得火熱，英超衛冕軍曼城昨天順利拿下二連霸，而篡位失敗的利物浦，球迷一點都不喪志，因為紅軍將和熱刺爭奪歐冠金盃。,6.333,6.429
sentence_02398,sentence,我真的是用盡各種方法買了無數,5.0,7.0
reflection_01995,reflection,嘗試了解家屬的想法後，其實不難理解為何家屬會覺得為難，而我也在這個過程中了解到自己的偏見和不夠周全，認為家屬想要留著氣管內管就是不在乎病人的不適、是不人道想法。,4.125,4.125
edu2021_01418,edu2021,因為有點基礎，所以學習起來比前面幾章容易了解,5.714285714285714,4.214285714285714
edu2021_00548,edu2021,今天上課我有點小小不專心，在此懺悔，不過還是有在聽課,4.357142857142857,3.833333333333333
text_01459,text,馬文君說，蛇的樣子真的不討喜，在臺灣習俗中也不太好，除了「白蛇傳」外，都不是什麼好印象，雖然有些害怕，但畢竟自己屬蛇，還是要找理由「不排斥」這種動物。,4.25,3.667
sentence_00708,sentence,10美股盤中反彈,5.0,5.333
sentence_00767,sentence,以其壯觀的自然環境,6.5,6.333
edu2021_00645,edu2021,依舊要認真學習，才能把這門科目學好,5.916666666666667,4.166666666666667
sentence_01151,sentence,陰謀駕機外逃集團,3.0,6.0
reflection_01179,reflection,而且我很懷疑錄下這幕的意義，日後有任何場合會拿出來重播嗎？,4.75,5.625
sentence_01190,sentence,從前是我太任性太不爭氣,3.0,6.5
sentence_01803,sentence,約束前奏一出來我感覺我的眼眶馬上就濕潤了,6.333,8.0
edu2021_01421,edu2021,今天的課很容易明白,6.666666666666667,3.25
sentence_00715,sentence,活該被壓在地上摩擦,3.0,5.6
sentence_00528,sentence,現在社交軟體都會向使用者申請讀取聯絡人的許可權,5.667,3.0
text_00157,text,最早接觸寂地畫是在《新蕾》上，後來滿心歡喜的買了她的第一本畫集《我的路1》很喜歡那種溫暖的畫風，也很喜歡配畫的文字，很細膩，有哲理，讓人感覺溫馨。,7.0,5.25
text_01607,text,就在美國國防部長帕內達訪問中國時，美國高調宣佈加強在日本的軍事部署力度，就是試圖給中國施加壓力，遏制中國的強硬反應。,5.7,4.833
reflection_01893,reflection,同理家屬們的心情、想法，每日向他們詳細說明目前的狀況，判斷的預後等等，相信他們會愈來愈清楚目前的狀況、也會更知道怎麼做對爺爺是最好的，這裡想起老師講過的，有時候急救在救的不是病人，而是家屬。,5.3,3.7
reflection_00180,reflection,"無力的部分則在於體認到醫學生在臨床能做的事情並不多,我們在臨床上就是盡量去汲取師長或學長姊的經驗,好好充實自己的知識。",5.3,4.875
reflection_02504,reflection,原本我跟同學們是過去要看心臟內科的醫師做IABP的，但是情況發展卻非我們所預期的那樣。,4.3,3.375
sentence_02211,sentence,忙碌的現代人學得簡易按穴法,5.6,4.5
reflection_00499,reflection,事後回想起來，病人在當時是清醒的，沒有sedation，因此應該是處於一個蠻不舒服的狀態，而我在過程中一直用醫師們的立場向他解釋，而沒有試著站在病患的角度思考。,3.0,3.7
reflection_01259,reflection,病人在住院期間發生敗血性休克，經安置中央靜脈導管及連續性靜脈對靜脈血液過濾裝置後，病人的身體狀況看似好轉，各式生化數值也顯示良好，但卻在兩、三天後產生全部血球減少症，而不久後便離開人世，得到這樣得結果讓家屬很不能接受。,3.375,6.125
text_00154,text,認真的讀每一個字。,5.375,4.429
sentence_00680,sentence,你的池塘已枯竭,4.0,5.0
sentence_00383,sentence,那麼大大多數人還是錯誤的,3.333,4.0
reflection_02272,reflection,其實看他們兩床的病人，我一直都覺得是不是只要家屬願意積極處理，其實病人都還可以好好活著，雖然預後會差一點但是至少是活著的。,4.0,4.625
sentence_02477,sentence,但還是有點點洩漏一聲,4.0,3.5
sentence_00826,sentence,又稱季節性懶惰症候群,4.0,4.5
text_01643,text,馬英九表示，把酒測標準提高，要更嚴，讓大家知道開車上路就是很危險的事，所以絕對不能喝酒，「你一喝酒就有可能被移送，至少有將近廿四小時你會失去自由」。,5.286,4.714
text_00657,text,補充點評2007年10月14日：五層是夜總會，騷擾電話就沒停過,3.556,5.125
reflection_01463,reflection,但若是實際遇到這件事情，當下的我，應該會向家屬說明病患的意願，解釋根據安寧緩和醫療條例，簽囑為具有法律效力，這樣的行為已侵犯病人之善終權，應該要尊重病患的意願；此外，亦會向家屬說明，需要判斷為末期病患，在病程進展至死亡已屬不可避免時，醫療團隊才會執行DNR，此類病患即使搶救回來，維短暫維持心肺功能，已經受損的器官仍可能持續惡化，且氣管內插管、呼吸器與電擊等人工維生醫療系統，對於此類病人可能會帶來更多的身心痛苦折磨，應該讓病患有尊嚴地走完最後一程。,4.625,3.5
reflection_00503,reflection,但是他非常躁動，並不想要接受治療，開始反抗，而我也必須要找同學一起壓制他。,3.125,6.375
text_00781,text,正值奧運期間，登記手續比較繁鎖，我們正在研究工作細節，儘量簡化登記手續，期待您再次光臨，並對我們的工作提出寶貴建議！,5.25,4.286
sentence_00303,sentence,忘記自己半斤八兩了,3.0,4.0
edu2021_01344,edu2021,今天的課太重要了，但是我沒去上，真的的太可惜,3.416666666666667,7.0
sentence_01963,sentence,沒有人能感同身受,3.0,6.0
text_00855,text,1000HE的觸摸板用起來很舒服，華碩對人性化的追求是從沒停止過的，每一代的產品都令人驚喜。,7.0,4.714
reflection_01149,reflection,而若妹妹擔心需肩負病患照顧責任過於沉重無法負荷，哥哥自己還留有一點財產，也可以支付住照護機構所需的相關費用，做出違反病患意願的選擇在我看來有點殘忍。,3.625,5.5
sentence_01463,sentence,還有人學成這樣,3.667,4.333
text_02553,text,甚至，如果父母吵架的方式是對的，他們還會學習如何因應人際衝突解決問題，瞭解意見不同有時會帶來的好處，甚至鍛鍊同理心，增進情緒的安全感。,6.889,6.0
text_02854,text,雖然微信的功能開放比較克制，不過微信支付的協力廠商服務卻動不動搞個小動作，目前協力廠商服務已經多達12個，比騰訊自家的9個服務還要多。。,5.571,3.286
sentence_00943,sentence,怎麼會舉著侵略國的旗子,4.0,5.333
sentence_00562,sentence,彷彿現在並沒有足夠的能力去思考自己是誰,3.333,4.333
sentence_01834,sentence,昨天半夜唐突睡著所以沒有發,4.0,3.5
edu2021_00855,edu2021,看到成績嚴重打擊,1.833333333333333,7.857142857142857
sentence_02147,sentence,陳腐僵化的系統不會永遠持續,6.667,3.667
sentence_01636,sentence,麻木就是沒知覺,4.667,4.667
sentence_01184,sentence,這些祝賀安拉的使者,6.333,4.667
sentence_02024,sentence,全部用奇異筆圈出來,5.0,3.0
reflection_01856,reflection,3. 默默祈禱家族成員之間能給予彼此更多的討論空間與時間。,6.125,3.875
text_01841,text,另外，中油、臺電去年度大幅虧損，績效獎金仍在經濟部審查中，繼中油以「借支」方式領走三個月獎金後，昨天臺電借支四十天獎金，臺糖借支一個月到一個半月也曝光，經濟部長施顏祥昨天表示，國營事業的績效獎金還沒有覈定，油電事業借支獎金的作法，應該要檢討。,3.889,5.571
sentence_02442,sentence,少年聚眾喝酒起口角,3.0,4.25
reflection_00189,reflection,"後續經家庭會議及醫療團隊的協助下,與家屬達成拒絕插管的共識,但要繼續維持洗腎到隔周一。",5.0,2.625
text_02254,text,提出這項法案的議員AaronPeskin稱舊金山有責任去監管技術的過度使用，因為開發這些技術的公司總部就在這裡。,4.714,2.571
edu2021_01452,edu2021,寫作業時常常因為看不懂而卡住,4.083333333333333,3.142857142857143
sentence_01905,sentence,舉國的審美與風尚也會發生變化,5.25,4.75
text_02518,text,接著往下看——二技能小拳拳作為輸出技能，自然首先看傷害，打擊5次，每次12%的物理傷害，算是不錯的傷害技能，雖然6秒CD讓他的實用性有所降低……可是！,5.429,7.0
sentence_01738,sentence,那個人真是古怪,4.0,5.25
reflection_01138,reflection,我的感受對於這件事也感到很無能為力，因為我們當初勸說患者走撤除的流程，主要的論點也是讓患者不要那麼痛苦，但現在撤除之後沒有立即死亡，但還是意識不清被束縛在床上，使用Venturi mask給氧，若家屬看到之後心裡應該也不好受，好像沒有達到當初所希望的「減少痛苦」的初衷，只是換另一種方式苟延殘喘而已，對家屬來說可能和當初的期望有落差，也和我們的說詞自相矛盾。,3.75,5.1
sentence_02424,sentence,今天我和老公不約而同的默默看著女兒和另一個小孩相撞,4.0,4.0
text_02325,text,習近平在賀電中表示，值此陛下加冕之際，我謹代表中國政府和中國人民，並以我個人的名義，向你和泰國人民致以誠摯的祝賀和良好的祝願。,6.667,4.5
sentence_00301,sentence,並且必須改頭換面,5.0,5.5
text_02796,text,有沒有遇過一種狀況，通常餐廳的Menu、廣告精美可口，但當餐點上桌時往往令人大失所望，因為相片和實物的相差實在太大。,3.5,4.0
sentence_00758,sentence,臭狗屎你也跟他辯論,3.333,7.333
text_02153,text,起點we內填超柔軟PP棉，細膩水晶絨面料，柔軟耐咬，不易變形~京東此商品目前售價49元，下單5件享5折優惠，折後24.5元/件。,5.857,3.286
reflection_00136,reflection,"四.可以怎麼做看了這個事件,體會到其實ICU的家屬壓力真的非常大,他原本可能不是這樣的性格(也或許是啦,這個倒是未知),但因為病患已經住了兩個月的加護病房,中間病情反反覆覆、家屬間的情緒也是越來越緊繃,我們要真正同理他們其實蠻難的,尤其會客時間短、病人又多,我們又希望可以在短短半個小時間解釋完所有的病人,自然醫護人員端也會比較急。",4.125,4.8
edu2021_00258,edu2021,今天的上課內容我很有興趣,6.75,5.666666666666667
text_01671,text,她強調，根本不認識潘董，童仲彥濫用言論免責權，血口噴人，傷害她的名譽，一定要讓他付出重大代價。,3.5,5.0
text_00163,text,小侄女8歲了，很喜歡看書，就像我小時候一樣，所以我怎麼可能不滿足她的這個小小的又是這麼美好的願望呢！,6.333,6.143
sentence_01753,sentence,他被逐出議事廳後,3.0,5.75
text_02052,text,雖然微信的功能開放比較剋制，不過微信支付的協力廠商服務卻動不動搞個小動作，目前協力廠商服務已經多達12個，比騰訊自家的9個服務還要多。,5.0,4.25
edu2021_00357,edu2021,對於原本不了解的有了更新的了解,6.0,4.25
reflection_02212,reflection,好快好突然，一邊走才一邊慢慢去回想剛剛所發生的一切。,4.875,3.375
reflection_00950,reflection,我的感受在當下我的感覺是很悲傷的，卻同時有種旁觀者的抽離感。,2.7,6.25
text_01503,text,戰略資源倒數計時，更讓人懷疑有人打PASS將資訊傳達給臺上比賽的選手。,4.0,5.429
reflection_02097,reflection,我慢慢能理解她的感受，也能同理她問的問題。,6.0,2.75
sentence_00634,sentence,但在這個噱頭下這部番真的太平庸了,4.333,6.0
edu2021_00716,edu2021,期待能夠學到更多,6.166666666666667,5.583333333333333
reflection_02254,reflection,還有他女兒一開始還在等待一個奇蹟，其實我也以為會有奇蹟，像是他洗腎後意識突然清醒許多。,5.625,3.75
edu2021_00376,edu2021,大致都可以懂，只是速度稍微快了點,5.333333333333333,3.214285714285714
reflection_02241,reflection,而我持續看著她，突然發現，其實阿嬤的頭跟手，有指著同一個地方，那就是脖子上的氣切管。,5.0,4.75
text_01712,text,歐巴馬在芝加哥的競選總部擠滿支持者，所有人無不歡聲雷動。,6.444,6.25
edu2021_00826,edu2021,回去有特別去查，所以能稍微了解，好棒棒,5.583333333333333,6.083333333333333
reflection_00297,reflection,尤其在末期病患，康復之路遙遙無期，就算在這條道路上，身心的受苦沒有停過，在這樣艱難的環境之下，坦然面對病痛並且樂觀看待疾病是一般人都無法達成的。,4.5,3.25
edu2021_00686,edu2021,目前的內容都算簡單，並且這周課程比起之前有吸引力許多,6.785714285714286,4.142857142857143
edu2021_00922,edu2021,寫作業跟考試看題目都有一點小困難,3.928571428571428,3.642857142857143
edu2021_00308,edu2021,今天教的不多，不過也學到了一些東西,5.5,2.75
text_01173,text,沒長遠規畫，電玩很難列入體育項目網友「KHCR」、「Jacky」紛紛指出，南韓20年前即致力發展遊戲產業，2000年世界電玩大賽（WCG）後，更重金打造電競環境。,5.556,5.429
sentence_01805,sentence,也像法國一樣罷工的時候,3.5,3.8
reflection_02271,reflection,因為我是一個很怕跟家人分離的人，我這兩個禮拜在看病人家屬跟老師溝通的時候，我常常都會想如果今天我是家屬我要怎麼決定，也有可能是我還太年輕，還不夠體會人生成長的感觸，我都覺得為什麼不再試試看呢。,3.5,4.7
edu2021_01218,edu2021,作業終於寫完了，雖然有幾題看不太懂，但是跟同學討論之後還是有寫出來，很有成就感,7.357142857142857,5.125
edu2021_01280,edu2021,老師勾了幾題作業，還要用特定的解法，雖然聽到時令人傻眼，但為了學習也只好拼了,4.083333333333333,5.75
reflection_00975,reflection,經過一週在CCU的治療後，病人狀況趨於穩定，對於呼吸器的需求也漸漸下降，因此我們開始嘗試讓病人脫離呼吸器。,5.8,3.7
text_02965,text,塑膠污染每年造成海洋生態系統經濟損失超過130億美元，而且到2050年海洋塑膠污染影響層面會擴及整個生態，問題只會越來越嚴重。,2.222,6.875
sentence_02417,sentence,富麗堂皇假炫富,3.75,6.0
reflection_01826,reflection,描述事件病患為一位年紀與我相仿的多囊腎患者，近一個月內腹膜透析洗出功能不良；七月底時由於全身性無力與意識狀態改變由屏東的家中轉至高醫，於路途上產生Cardiac arrest，CPR 11分鐘後成功搶回心跳，至高醫後直送內科加護病房。,5.25,6.625
sentence_00614,sentence,出兵80人上戰場,4.667,4.0
text_02237,text,Dell在幾個月前推出的新款XPS13收穫了頗多的好評，但如果你對筆記本的需求不僅僅滿足於傳統的樣式，那還有沒有更適合的選擇呢？,5.889,3.222
sentence_01621,sentence,氣質漂亮的良家少婦蘇小小偷偷兼職做樓鳳,3.0,4.0
reflection_02269,reflection,但是說不定等我年紀更大，開始看更多生離死別，慢慢能體會善終是什麼，或許我到時候就不會想拚了。,4.0,4.4
sentence_02260,sentence,論當場心肌梗塞的可能233,3.667,1.333
reflection_01719,reflection,這次入院是因為，腫瘤的腦部轉移造成腦出血、水腫，造成腦幹的壓迫，進而影響到生命徵象。,4.2,2.9
sentence_00519,sentence,或者說警方在保護這幾個人,5.333,4.667
text_01269,text,不論是寵物餐廳還是寵物友善餐廳，請大家都不要將店家給的方便當隨便，看好自己的寶貝，既然帶他上餐廳，就應該遵守基本的用餐禮儀，教他學習乖乖留在你身邊吧！,4.625,4.833
text_00653,text,事後酒店方面承認防盜壓力很大，而且屢有客人失竊。,3.667,4.75
sentence_00986,sentence,這幾年這廝一直不遺餘力地詆毀李文足,3.0,6.25
text_02522,text,任魯豫提醒大家，千萬要檢查好每一個細節，以免影響到考試哦~任魯豫高考的時候，戴上了父親的手錶，準備在考試中看時間，結果粗心的他卻忘了給手錶上發條。,3.667,4.4
sentence_00071,sentence,碧雲引風吹不斷,5.5,4.5
edu2021_01159,edu2021,今天教的內容讓我充分的了解,6.857142857142857,4.285714285714286
text_02949,text,時事評論最最最最最最最/東海一梟最最最最最最最對於儒家來說，最不幸、最可怕、最痛苦、最痛恨、最不可饒恕的事，是言論自由被剝奪。,3.571,6.143
text_01932,text,她說，臺灣的慷慨援助提醒大家，世界是大家庭，彼此應互相幫助、雪中送炭；美國感謝臺灣及各國朋友，在這段艱難時期伸出援手。,6.667,5.875
text_02536,text,做了我們平時教大家如何應對這類事件該做的事——儘量想辦法逃離現場、找地方躲起來，如果無法逃離或躲避，那就和攻擊者對抗。,5.2,5.5
sentence_02106,sentence,就會永遠陶醉在中國是世界的中心的夢中,5.0,4.333
edu2021_00076,edu2021,這麼多要學，感覺路太長了，然後學完這些也只是入門而已，未來到底還有多少東西要學呢,3.416666666666667,4.25
text_01396,text,有人嘲諷應拿經濟獎不是和平獎諾貝爾和平獎委員會大力推崇歐盟，在締造歐陸和平上的貢獻，但事實上，歐盟對於在其正式成立不久後所發生的波士尼亞戰爭，幾乎使不上力；遑論目前歐債危機橫掃大多數歐盟國。,3.286,5.0
sentence_01096,sentence,預算軟硬體建設等內政,5.0,2.5
sentence_00304,sentence,事實證明每一箇中國人都是中共惡行的受害者,2.5,5.75
reflection_01637,reflection,現在想想他可能處在長時間插管的痛苦時期，除了氧氣和藥物，我們也沒辦法給予他心裡面可能需要的，加上看到9/3的27床張伯伯自己做出的選擇，突然想到：或許蘇伯伯對於治療的選擇可能也有了不同想法？,3.625,4.0
edu2021_00919,edu2021,今天的課程較短，不過還是學到了一些東西,5.166666666666667,3.714285714285714
text_00680,text,它本來應該得9星的，雖然這個世界上並不存在這樣完美的家園.,5.667,5.75
reflection_01741,reflection,此外，在心臟內科的時候，也有遇到NSTEMI病人經老師判斷需心導管檢查，但該病患剛入院時有急性腎損傷，當時也被其他醫師告知顯影劑可能造成洗腎，因此，病患一直堅持寧願死，也不要洗腎，老師則耐心地向病患解釋，我們有密切關心腎臟指數，原本是4，現在是1，已恢復許多，以這樣的數值，老師自身經驗並無因做心導管造成洗腎的，反而，心臟方面若不處理我們會比較擔心，不過，身為醫師雖然會給病患與家屬較適合的建議，卻也不能對風險做保證，最後經家屬說服安撫，病患願意接受治療。,6.1,5.375
text_02396,text,天貓花語自由旗艦店現有富貴竹，原價8.8元，使用1元優惠券後，7.8元到手，不含盆，送生根粉，適合臥室、辦公室和客廳中使用，寓意美好，建議有需求的值友別錯過。,6.625,4.556
sentence_00852,sentence,我們試圖把他拉出來,4.333,4.0
reflection_01055,reflection,一位72歲的男性本身心臟衰竭、高血壓、慢性腎病：第 5 期伴有腎囊腫、糖尿病前期、血脂異常、B型肝炎帶原者、缺鐵性貧血、痛風、胃炎、十二指腸潰瘍病史，於2022/2/10剛出院，原因是痛風發作、呼吸衰竭、肺水腫相關、急性失代償性心力衰竭、慢性腎病急性發作、敗血症社區性肺炎相關。,4.1,3.4
edu2021_00195,edu2021,今天收穫很多,6.416666666666667,2.583333333333333
reflection_00910,reflection,而是一個突然massive bleeding送來急診，嚴重到使用ECMO。,4.25,6.5
edu2021_01288,edu2021,漸漸了解了，希望有一天能將全部都練熟,6.416666666666667,3.916666666666667
edu2021_00009,edu2021,不是很懂，希望幾堂課後可以正式步入軌道,4.5,3.714285714285714
edu2021_00022,edu2021,今天上課講的話題跟之前讀的有對應到，就不覺得生了，感覺真好。,7.357142857142857,6.333333333333333
sentence_01492,sentence,你們國際社會不要逼的太緊給中共內部的改革派開明派多點空間云云,4.5,6.333
text_00718,text,進入房間後非常舒服。,6.625,4.2
sentence_01476,sentence,經常僅僅因為盲目和自負,3.0,6.0
sentence_00500,sentence,我們要避免這一天的到來,4.667,6.0
text_01340,text,頭獎擦身過排前頭男子鬱卒只是幾家歡樂幾家愁，一名江姓男子昨天無奈的說，這名中獎年輕人就排在他後面，他自挑了同迭的「紅包一把抓」刮刮樂兩張，當時剩沒幾張，卻沒挑中，與三百萬元擦身而過，害他鬱卒一整天。,3.875,5.875
reflection_01068,reflection,因此我當下的反應也是想用醫學觀念說明這些，試圖讓家屬認清事實別讓病人臨終時這麼辛苦 。,4.6,3.0
sentence_01679,sentence,當年的鎮壓者和被鎮壓者有些至今活躍,6.0,3.5
sentence_02331,sentence,也不向愚昧低下頭顱,5.0,5.0
sentence_00807,sentence,人家才不是壞人呢,6.0,5.5
sentence_01345,sentence,中國早已不是外向出口型經濟了,5.333,4.333
text_00821,text,總之非常值得推薦入住！,7.25,6.333
reflection_01894,reflection,看到婆婆這樣難過，以及家屬們的悲痛，一時之間要他們就去想到安寧療護、DNR、撤除維生的這部分，可能也無法接受。,3.5,5.3
edu2021_01372,edu2021,覺得蠻無聊的，學習效率降低,1.75,2.214285714285714
sentence_02124,sentence,郭文貴鋌而走險,4.0,4.5
edu2021_00154,edu2021,今天的課對於日後的工作很有幫助,7.214285714285714,3.833333333333333
text_02962,text,美國的網路安全業者PaloAltoNetworks近日宣佈已與兩家業者簽署併購協議，一是專精於容器安全的Twistlock，另一為無伺服器運算安全業,5.25,3.222
reflection_02442,reflection,但由於擔心病患的情況仍不穩定，我們曾不斷說服病患留院繼續治療。,4.3,3.75
sentence_00503,sentence,結果腸胃超級燃燒,3.75,6.0
sentence_00128,sentence,畢竟國內人身不算自由,3.0,5.0
sentence_01839,sentence,一直不停的在迷惘,3.0,5.8
reflection_01257,reflection,家屬當時表示能理解，但最後還是表示不太能接受。,4.0,4.6
sentence_02294,sentence,的締造標準必定是,5.0,3.8
text_02193,text,由於我們的產品比較大，在軟體啟動的時候會消耗比較長的時間，原生的進度條已經不能滿足我們的需求，這裡我們就需要一個會動的進度條，效果如下圖所示。,4.778,2.444
sentence_01865,sentence,所以比起來氣急敗壞的議員才像壞人,4.0,6.25
edu2021_00080,edu2021,上課還是很常覺得跟不太上,3.333333333333333,3.583333333333333
reflection_00561,reflection,我覺得這次老師跟學長的說明有讓我感受到真正專業的醫療人員在面對生離死別或是緊急的情形時所應該具備的態度以及說明病情的方法，我覺得很值得我們學習跟日後去努力。,6.375,4.75
reflection_02420,reflection,此病人65歲，婚姻狀態為離婚，入院病歷記載雖無子女，但有一名法律上的兒子(養子?)負責病人相關醫療決策簽署。,4.875,1.5
text_02733,text,這件事讓他覺得備受打擊，也逐漸影響了他跟同事間的合作品質，一個部份他覺得自己被其他人誤解了，另一個部份也認為同事都只會在背後說他的壞話而不願正面告知他。,3.333,5.375
sentence_02427,sentence,一系列目標上倍下賭注,5.0,4.0
sentence_01027,sentence,感覺酒醉之後才是真話,5.0,4.667
sentence_01443,sentence,性格穩定寬容這些,6.6,4.5
text_02792,text,篤信脫鉤和遏制來消除中國威脅的班農，因其知識結構的落後，價值觀的扭曲，以及個性的缺陷，時常處於自我分裂的狂躁狀態之中。,3.222,5.625
edu2021_01385,edu2021,是時候該認真讀書了,5.428571428571429,4.0
text_02714,text,一隻最新被發現的困在琥珀中的小千足蟲已經有9900萬年的歷史，這隻千足蟲在接近一億年前被困在緬甸，他被發現時依然處於白堊紀時期形成的琥珀中。,5.5,4.125
reflection_02069,reflection,首先是疫情時期，負責代表兒女天天前來探望病人的妻子，她積極地詢問一切可能改良術式與優化術前評估的方案、不惜術中與術後風險就為賭一把短暫延續生命的渺小希望。,4.7,3.25
edu2021_00467,edu2021,覺得真的很厲害，能夠預見離自己很遠的未來,6.857142857142857,6.666666666666667
sentence_00569,sentence,柏克萊睡眠專家,5.0,3.0
edu2021_01127,edu2021,喜歡老師輕鬆幽默的上課方式，這種方式讓我獲益良多,7.583333333333333,5.083333333333333
text_01480,text,臺灣電子競技聯盟TeSL)於2008年1月正式成立，由上櫃遊戲廠商華義國際、遊戲橘子等業者共同集資設立。,5.286,2.25
text_01083,text,錢、債務煩惱、煩惱單親父母因照顧家而累壞了，經濟壓力對單親子女造成不少的陰影。,2.571,4.0
sentence_00048,sentence,但這感覺真的有夠奇怪,4.0,5.667
text_01854,text,行政院長陳沖昨日也表示，政院預定二月底前全面檢討國營事業年終與績效獎金，一改過去齊頭式發放，透過擬定改革版本，以期符合社會期待並合理保障國營事業員工權益。,5.556,4.286
reflection_00684,reflection,當下覺得很無奈，腦中是想著，此人有必要如此大聲，畢竟有些是可以自己使用尿壺上廁所，僅是出於禮貌上詢問一下，也不是每一個住院的患者都需要協助上廁所，當然住院不能自由活動很不舒服，但也是因為有需要才會住在加護病房，大家互相體諒一下。,3.5,5.7
reflection_00885,reflection,"可以怎麼做其實臨床上,有希望的病人才會建議氣切。",5.25,3.0
text_00899,text,散熱非常好,6.667,5.625
text_02235,text,對於旁觀者而言，建築的崩塌代表著這座宗教與文化紀念碑的毀滅性損失；而對於巴黎消防隊來說，這意味著現場400多名消防員的性命正受到威脅。,3.125,6.125
reflection_02035,reflection,因此在站在病人角度思考後，也可以去更體諒病人家屬的行為，也知道我們所花的時間都是將會讓家屬更加對我們醫療端放心，也可以建立更良好的醫病關係，對於未來如果在面對家屬時，可以更多點耐心，更能設身處地為對方著想。,6.1,2.75
sentence_01959,sentence,咖啡香氣瀰漫整個空間,7.0,3.0
text_02778,text,2018年10月21日下午四時五十分，臺鐵6432次普悠瑪自強號列車在新馬車站旁發生火車脫軌事故，全車366人，18人死亡，215人輕重傷，震驚社會大眾。,1.143,7.5
sentence_02519,sentence,潘家錚等德高望重的科學家,6.333,5.0
text_01620,text,不少移工今天也到場喊出心聲，他們在現場演出行動劇，演員表演馬總統與大老闆同流合污，不斷引進便宜外勞，外勞雙腳下跪雙手撐地，迭起「人肉金字塔」，而大老闆則緩緩爬上金字塔頂端，馬總統則用打氣筒不斷替老闆打氣，撐到大老闆肚子都破了，諷刺政府不公平的外勞政策。,3.0,4.5
sentence_00955,sentence,小龍蝦養殖基地夢破滅,3.0,6.25
text_00620,text,希望其他要入住該酒店的客人要對其價格從各種管道，各時間段認真覈對，才下訂單。,4.571,5.0
sentence_00610,sentence,讓人民慢慢失控,3.0,7.0
sentence_00990,sentence,然後自己判斷為什麼種族主義者丹尼貝克獲得了一張免費通行證或者這些可憎的母親為他提供的蹩腳的藉口,4.0,4.0
reflection_02232,reflection,奶奶的女兒一直都是用很積極的態度想讓奶奶做治療，不管是洗腎、插管、打藥等等，也一直都很想知道為什麼奶奶的情況一直反覆，都沒辦法好起來。,4.0,4.5
reflection_01759,reflection,因此，開立哪些檢查或是哪些臨床觀察，可以作為證明，就變得滿重要。,5.125,2.25
text_01658,text,可見人民的憤怒已經到達臨界點，一觸即發，若沒有適當發抒管道，恐造成社會集體動盪不安。,2.667,6.625
reflection_00143,reflection,"一.描述事件這是一位74歲女性,這次主要是因為sepsis入院進入MICU,後又發生NSTEMI而轉入CCU,從3/8入院病況反覆住至今,目前主要在處理心跳慢、呼吸、及傷口照護的問題。",4.4,2.875
text_02463,text,美國總統川普一連串最新推文，提到華府和北京達成貿易協議的可能性，提供亞股亟需的強心針，區域股市普遍反彈走高，但分析師警告後市恐有更多震盪，投資人抱持謹慎態度。,4.429,4.833
reflection_02492,reflection,自那天後，人生的交叉路口無情的在病程的下坡路上攔住大家的腳步。,3.375,5.375
edu2021_00486,edu2021,這堂課對我幫助很大，希望以後能學到更多,7.75,5.357142857142857
reflection_02258,reflection,或是大家平常應該拋開傳統社會的忌諱，事先討論過，得到一個共識，像20.21床就很好，大家共識很一致，沒有突然冒出來的誰說他反對什麼什麼。,5.875,3.0
text_00656,text,連最起碼的兩瓶免費礦泉水都不給提供。,3.0,6.0
edu2021_00993,edu2021,讓我學到了不該只專精於一種方法，要各個都要有涉略,6.583333333333333,4.714285714285714
text_00174,text,指控西方財團與劊子手勾結廖亦武在領取德國書商和平獎時發表以上談話，該獎是德國第二崇高獎項，僅次於布赫納獎（GeorgBuechnerPrize），以往獲獎者包括土耳其作家帕慕克（OrhanPamuk）、匈牙利作家艾斯特哈茲（PeterEsterhazy），以及捷克前總統兼作家哈維爾（VaclavHavel）等巨擘,4.5,5.667
reflection_01885,reflection,我最印象深刻的是我同學穿著白袍站在奶奶的後面試著扶著她避免她跌到，而奶奶顫顫巍巍的站著，手伸得好長試圖要幫他擦臉握著他的手。,4.4,5.375
text_00856,text,儘管實際上沒有9.5小時，但是用上7個小時是沒問題的，完全可應付移動辦公，比EPC900的1.5小時提高了不少。,6.333,3.875
sentence_01943,sentence,曼妙勻稱的身材,6.5,5.0
sentence_01900,sentence,招待這位美國的伯理璽天德,5.667,3.333
edu2021_01156,edu2021,內容平淡無奇，讀起來興趣缺缺,2.916666666666667,3.571428571428572
reflection_01377,reflection,我認為可能是因為醫療團隊一開始在建議家屬時的用詞是比較委婉且保守的，我並不是認為委婉保守是錯誤的，但在今天這樣的情境中，家屬比較情緒化，可能無法聽進去客觀且專業的醫療建議，這時候告訴他們一些「重話」，也許才能一語點醒夢中人。,4.7,5.0
reflection_02040,reflection,我想，這就是實習期間需要多跟老師觀摩學習的，往後才來懂得如何實際運用。,5.75,3.5
text_02769,text,他一生都在追尋高尚的目標——為百姓尋得一位合格的統治者，併為這個目標不停地更換主人，不停奔波甚至獻出了寶貴的生命。,5.75,4.444
sentence_01962,sentence,原來清潔假新聞也只是口號,3.0,5.25
text_00516,text,如果因為2.5的稅金還有一些優勢不存，再加上很多安全配備被削減而導致銷量驟減。,4.0,4.571
edu2021_00193,edu2021,聽到要考難一點時，有種「完蛋了!」的感覺,3.5,7.0
reflection_01392,reflection,這兩週來到 MICU 實習，發生了一起令我印象深刻的事件，先簡單說說病人的情況，一位 62 歲的姜先生在 10/24 因 septic shock &  acute respiratory failure 入住加護病房，此後病情每況愈下，血壓越來越不穩定，胸部 X 光看起來毫無起色，甚至越來越糟，呼吸狀況也是時好時壞，後來演變成 multiple organ failure，病人最終於 11/22 早上在加護病房過世。,2.375,6.875
sentence_01314,sentence,自己要送異性戀先淘氣的業餘女孩,5.667,4.0
sentence_01767,sentence,逝世日是我的生日,3.667,3.333
text_02657,text,信義房屋澄清，公司無舉辦任何抽獎活動，粉絲團遭到盜用，提醒消費者勿受騙上當，該假冒粉絲團盜用官方粉絲團大頭貼照片,4.0,4.333
reflection_02329,reflection,她完全聽不懂醫護人員的病情解釋，一味的希望我們急救到底。,4.0,4.25
reflection_01817,reflection,由於父親觀看網路上所寫為呼吸照護中心，因此他認為該醫院所給予的呼吸相關處置會更為專業。,5.25,2.875
text_00029,text,張老先生的愛情理念是建立在女性獨立及兩性平等的基礎之上的，張老先生生命中的那些獨立自由、勇敢追求愛情的女性是多麼可愛啊！,6.6,5.5
edu2021_01216,edu2021,今天所講的我感到很有趣，因為我之前對這些都不太了解,7.333333333333333,4.333333333333333
sentence_00064,sentence,就是以前曾經那麼喜歡的東西,4.0,3.0
sentence_01986,sentence,前瑞典駐華大使被指控擅自與中國中間人談判桂民海案,3.333,4.0
edu2021_01542,edu2021,老師教得真的很棒很清楚，受用良多，讚讚讚！,8.333333333333334,8.25
text_00164,text,能擁有全套了，看來笑貓還真有吸引力呢!不過我兒子不怎麼有興趣，可能楊紅櫻的書更適合女孩子吧。,5.333,5.143
sentence_01000,sentence,總是選擇陷阱讓自己跳,3.0,3.333
sentence_00866,sentence,因為有計較的時候,4.0,5.0
text_01070,text,飛安帶來更多保障，也提供旅客更安心的服務品質。,7.0,4.222
text_02732,text,有些人因為接受不了臭味敬而遠之，從來不嘗試這些食物；也會有人因為愛吃這些食物覺得它們散發的味道都是令人垂涎欲滴的。,5.0,3.444
edu2021_00217,edu2021,有畫圖解說算是蠻清楚的,6.75,3.5
reflection_02144,reflection,另外，也花了很多的心力在跟家屬確認在急診聽到的話語的詳細內容，並且逐一解釋家屬在認知上與臨床工作的矛盾之處(如抽血並非一定兩天抽一次、急診醫師說初步排除腹內感染，但於影像上真的有所發現)。,4.9,3.5
sentence_00755,sentence,直擊靈魂的拷問,4.333,5.667
text_02340,text,這款創新的織物鋰電池能量密度高達超過450瓦時/公升，柔軟度極佳，可摺疊彎曲至半徑小於1毫米，即使摺疊超過1000次，其效能仍然保持不變。,5.889,2.889
reflection_02199,reflection,病人為家中唯一的男生，而病人父母也年歲已大，不希望放棄一絲絲機會傳統認知都覺得氣切是很嚴重的侵入性處置，病人對於氣切的錯誤認知也可能是逃避的原因就算是醫學實證顯示不可逆的結果，也能透過家屬最在意的部分引導，例如若不嘗試氣切，反而會讓上半身水腫、口腔受傷更嚴重，另外也有感染風險。,4.25,6.25
reflection_00857,reflection,"藉由再一遍的脈絡梳理,向病人解釋為何我們認為繼續插管的風險已大於效益,以及為何拔管是對病人較舒服的處置。",5.4,4.25
reflection_00439,reflection,除此之外，來會談的家屬一位是太太，另一位是兒子，兒子看起來4，50歲，可能因為家屬年紀較長，無法快速搜尋醫學知識，也因為沒有醫學背景而知識薄弱，所以聽不懂。,4.75,1.375
edu2021_01336,edu2021,今天我沒有在聽老師上課，之後會努力把今天教的東西給補齊,5.3,4.0
text_00052,text,這種記錄難免空洞，虛構也顯得薄弱。,4.0,3.5
sentence_01581,sentence,保留可以轉圜的餘地,6.0,4.75
edu2021_01548,edu2021,有些地方稍微不懂，但仍獲益良多,6.166666666666667,4.5
edu2021_01150,edu2021,我對於今天課程所講的東西一無所知，最大的問題依然是我在課堂上不專心。,4.166666666666667,3.333333333333333
reflection_00352,reflection,病人、家屬如果不知道可能就不算數。,4.3,2.5
text_00344,text,這位大大，我想你誤會我的意思了，我原文的意思是把護衛隊會拿來反駁樓主的理由都列出來，我裡面寫的每個理由都是我在這個版看到人家每每拿出安全性來質疑時他們提出的理由，你不妨多在這個優質的版多多閒晃，到目前為止我看到說某F牌妥善率很差、常常維修的大多是聽朋友說、家人說、長輩說的!希望可以換點新花樣，例如聽二奶說、聽細姨說，我想會比較新鮮!,3.75,6.0
sentence_00905,sentence,一方強勢另一方關懷,5.4,3.2
reflection_01433,reflection,無奈人生沒有回頭路，或許阿伯在昏迷前都始料未及這次的病情須然會如此嚴峻，如果在病情初期，我就能預見和主治醫師相同的目光，會不會藉由我和病人的談天過程，可以多讓病患意識到狀況的嚴峻，趕緊將未完成的心願悉數交代清楚？,3.5,5.0
reflection_02115,reflection,在經歷這次的事件後，也讓我去反思說陪伴家人的重要性，因為這位病人年紀並不算太大，這次的情況也是在一般病房忽然症狀變得嚴重而住進來加護病房，如果是將我換到這個情況，當下我一定會手足無措，不知道該如何是好，而我認為說像老師當下去安撫病人並且去和病人解釋各種選擇會面臨的情況可以帶給家屬們很大的安定感，知道這整個醫療團隊是可以信賴的，在可以努力的範圍內絕對會竭盡所能的去治療病人，但在家屬可以接受後，會尊重他們的決定，讓病人可以好好的走過最後的時刻，看到最後病人的親屬一個一個輪流進去陪伴病人的場景相當令人感動與不捨，來到醫院後更容易去接觸到這類生離死別的情況，最重要的是要去理解關懷病人，去同理他們的感受與需要，因應每個病人各自的需求來決定不同的治療方法，在非常積極想要奮力一搏的病人，我們可以幫助他們去尋求不同的治療方法，並且更積極的去給予像是化療藥物或是抗生素，做好我們能做的，但如果是想要尋求安寧管道的病人，我們就可以針對症狀進行治療，並且幫助病人和他們的家屬做好準備，彼此之間能好好的陪伴，讓未來生死兩相安，彼此都不要有留下遺憾。,6.375,3.25
text_00925,text,美國聯邦調查局FBI)網路犯罪投訴中心IC3)發出警告，提醒Android系統用戶注意惡意木馬信件的問題。,4.143,4.286
text_02478,text,據外媒報道，通過結合月塵和鐳射，德國漢諾威鐳射中心和不倫瑞克理工大學的太空系統研究所正在嘗試使用3D列印來建立月球殖民地。,6.833,5.0
text_00845,text,希望能給我一個明確的答覆，謝謝。,5.111,4.875
text_01740,text,請小心也呼籲學匪在玩別人羞辱別人的時候小心別波及自己的家人.,3.75,4.111
sentence_02228,sentence,留下的卻不是沈重,5.333,2.667
sentence_00490,sentence,產業要具有創新性,6.667,6.0
sentence_00999,sentence,為一個上臺4年一事無成的婊子喝彩,3.0,5.667
text_02277,text,大眾對於紅葡萄酒是否真能延年益壽，仍保有強烈的科學興趣，不幸的是，支援紅酒對健康有益的論點可能褒貶不一。,4.833,3.0
reflection_01828,reflection,這讓我想到之前在家醫科實習的時候，學到了預立醫療決定的重要性。,5.25,2.25
reflection_00717,reflection,以醫師的觀點來看，病人既然還有機會活下去，我們就不能隨便放棄他，但以家屬的觀點來看，龐大的醫療費用與時間成本讓他們的生活充滿壓力，把資源都投資在一個好不起來的病人身上到底值不值得?,4.1,3.0
reflection_01218,reflection,而在聽完這樣的一段話之後，我想我也對生死議題及加護病房更加了解了一點。,5.5,3.9
text_00863,text,第一次在京東購物，上門提貨，看到貨後，總算不擔心品質問題。,6.0,5.429
sentence_01376,sentence,上帝會懲罰殘暴的美國暴君,6.75,5.8
text_01585,text,國營事業虧損連連，卻仍發放高額績效獎金，引發外界強烈批評。,3.75,4.143
text_02202,text,事實上，釋出完公司最新一季度財報後，高通專利授權業務主管亞歷克斯·羅傑斯就表示，跟蘋果完成專利和解協議後，將讓他們有更多的精力去處理與華為相關的專利和解。,5.444,3.222
edu2021_00440,edu2021,覺得上太快了，聽得很吃力,3.071428571428572,4.666666666666667
edu2021_01588,edu2021,老師今天說的很多，很精彩,7.5,6.5
text_02459,text,這是玩家tomatoanus在異塵餘生系列速通領域的一次挑戰，全程僅僅耗時28分鐘，並且達成了世界紀錄。,7.5,5.5
text_01162,text,被騙女還有博士生警方清查發現，受害女子的共同點，都是未婚且體態較豐腴，除有博士班學生，還有護士、幼教人員、工程師、會計、公務員等，平時交友很單純，大多未談過戀愛；警方提醒女性網友，與人網上互動要提高警覺。,4.0,4.125
sentence_00979,sentence,感覺我是不是再次遲鈍了,3.6,5.25
text_00914,text,總之一句話，適合自己就好！,5.889,4.857
text_02711,text,十多年前，要從英冠升上英超，成功方程式大抵只有一個—體力化、衝撞、勇猛、有死球殺著，再加一至兩個頭槌王。,5.6,5.143
edu2021_01560,edu2021,課程內容有助於邏輯思考,5.833333333333333,2.416666666666667
sentence_00230,sentence,沉默是擴充套件,4.333,2.667
edu2021_00898,edu2021,講了一些拉哩啦紮的，我真的覺得沒必要搞得那麼複雜,1.75,5.928571428571429
sentence_01680,sentence,還規避社會的監督,3.5,5.0
sentence_02263,sentence,關於那些受難者,4.0,3.25
sentence_02298,sentence,但偶會默默避開這類角色就是,5.0,4.5
sentence_00750,sentence,失業潮湧向街頭,3.6,4.25
reflection_01477,reflection,那段期間印象中聽過的詞有做腦電圖、癲癇、訓練自主呼吸、升壓劑、抗生素等等，剛考上後醫系的我其實也沒什麼概念，但聽家人述說的情形，一開始都以為外公會醒，只是需要時間，慢慢一步步就會變好，後來想想，一方面可能是醫生使用比較委婉的說法去解釋，一方面是對於醫學的不了解所以病情會以自己的理解去推測，後來才知道原來不是我想的那麼簡單，也才慢慢接受外公其實是醒不過來了。,3.0,4.75
sentence_01670,sentence,就是你口中喪心病狂的民進黨在80年代做的事嗎,4.0,6.0
sentence_02285,sentence,突然有點百感交集,4.0,5.8
edu2021_00891,edu2021,有點看不懂而且看不清楚,2.928571428571428,4.166666666666667
edu2021_00915,edu2021,我覺得老師用心良苦阿，有配合著課程進度再走,6.75,3.5
reflection_02533,reflection,後來在這裡看到她，整個人腫得跟原本差好多，其實還滿讓人難以承受的，我相信家屬應該更是如此，因此，我突然覺得自己可以理解家屬不願意放手的心情。,3.625,6.5
edu2021_01499,edu2021,我資質不好，無法在短時間內學會，希望老師或助教能夠提供一些實質上且有用的幫助,3.416666666666667,5.5
edu2021_00185,edu2021,好像還沒完全搞懂，需要回家複習一下,5.083333333333333,3.416666666666667
text_00710,text,祝工作順利！,6.444,5.5
reflection_01839,reflection,事實上，若能在疾病走向盡頭前，就先為自己鋪好路，想必能減少不少遺憾吧！,5.375,4.5
text_00147,text,這本書而不知不覺熬到臨晨一兩天.....雖然有時候第二天會困，但心裏覺得很踏實，很欣慰！,6.4,5.875
sentence_00713,sentence,什麼就會折磨你,3.333,3.75
edu2021_00649,edu2021,已經逐漸理解這堂課究竟在教些什麼了,5.666666666666667,3.083333333333333
sentence_01187,sentence,可以照著永恆生命,6.0,4.333
sentence_02109,sentence,機敏遠在我等之上,6.75,6.0
reflection_02396,reflection,這兩週照顧的病人中，印像比較深刻的應該是之前住在第二床，胃腸道出血入院後合併嚴重肺炎感染的滕朱女士吧！,5.0,3.625
reflection_00541,reflection,病患兒子無法理解為何最初轉入一般內科病房，以及為何這麼晚才開始使用B肝抗病毒藥物。,3.5,3.8
sentence_02513,sentence,郝安祥到徐寅筌家,5.0,2.8
edu2021_00668,edu2021,我覺得課程越來越難，有些專有名詞都講得太自然一下就帶過,2.642857142857143,4.857142857142857
edu2021_00797,edu2021,教得好快，大部分題目聽不懂，好多假設好麻煩呀,2.666666666666667,7.0
reflection_01014,reflection,可能發生什麼事: 家屬可能認為病人才六十幾歲還很年輕，而且小孩才剛出社會工作沒多久，如果就這樣離開了很可惜，看不到自己小孩成家立業的樣子，而他老婆也只剩自己一個人，因此病患家屬可能捨不得他的離開。,3.5,3.9
reflection_01123,reflection,感覺原本都好好的，然後一住院就被插管然後一直處於睡覺的狀態，前幾天醫師還說發炎指數有改善，有在慢慢下調呼吸器，結果過個周末又說惡化......。,3.5,4.8
text_02024,text,5月7日，米家空調伴侶2新品開售，價格79元，讓家中傳統空調變智慧，比169元的1代便宜了一半還多，代價就是不再是閘道器，功能更純粹。,6.222,4.333
sentence_01067,sentence,這樣房價會下跌,5.0,5.0
sentence_00305,sentence,可惜經濟實在太沒存在感,3.667,3.667
text_00769,text,急趕飛機，申辯無效後就氣憤的付錢走了這樣的服務態度，真讓人失望下次我應該不會再選擇它了,2.1,6.556
reflection_00055,reflection,"可以怎麽做新發現了什麼有無新的認知或體認有無新的觀點病人會客時間其實就那麼短,我在想其實他就眼前看到的認為病人狀況算穩定好像也不是那麼地無理取鬧,況且一般人也不會像我們醫療人員看到那麼多的急遽病況變化的病人,平常看到的真的就是病人健康的樣子,就連這次住進來後病人不穩定的時候都被醫師以及護理師悉心處理過,我認為或許可以把病人翻正時不穩定的血壓以及血氧拍起來等會客時直接以照片跟他們說明,或是可以舉其他突然走掉的病人舉例,也就是可能要比較直接地說明壞消息,不要讓病人有太多的期待,才不會一直沒有真的很直視地面對病人的狀況其實沒那麼好的這個現實。",4.25,3.0
edu2021_00934,edu2021,覺得相當有趣,6.785714285714286,3.583333333333333
sentence_00790,sentence,今天逛誠品買了兩本書,5.667,3.0
text_02766,text,古人形容聖人的文章，體要與微辭偕通，正言共精義並用，意思是要把雅正的語言和精深的含義結合起來，做到精理為文，秀氣成採，這才稱得上文采斐然。,6.333,4.8
edu2021_00180,edu2021,今天舉到的例子都十分生活化，讓我們理解其中的應用，並且更加有印象,6.416666666666667,5.666666666666667
reflection_02008,reflection,現在又面對抉擇，下意識當然是選擇能夠繼續維持生命的方向，才能夠有足夠的時間去沉澱、面對近在眼前的離別吧。,4.5,4.5
edu2021_00953,edu2021,老師的講解還是有用的，課程有蠻有趣的,6.416666666666667,3.785714285714286
sentence_02452,sentence,這就是我們心儀的美國總統,6.667,5.667
reflection_01629,reflection,而在這個情況下維持生命運作的時間長或短，似乎不是一個憑藉理性就可以下判斷或是決定診治方向。,4.5,3.7
text_02455,text,我們不會忘記，中興通訊及其三家關聯公司也是在2016年被美國列入實體名單進而於2018年被美國啟用拒絕令，受到了慘重的打擊。,3.667,4.2
text_00944,text,網購有風險，下手應謹慎，確實比賣場便宜些，套用客服對我說的話：先生，通俗的講您運氣太差了。,3.625,5.375
reflection_01038,reflection,也是經由這兩週的學習讓我的心境從「悲傷與痛苦」的面對死亡轉向「解脫苦痛、樂觀面對死亡」的人生態度。,6.125,5.0
reflection_01586,reflection,醫療人員看待事情也相較理性，多是站在病人的角度我們理解什麼樣對病人相對來說比較好，而親屬還有更多的是感情的羈絆，旁觀者的我會有這樣的感受也許也是因為我不夠專業，心臟比較弱而已。,4.25,5.375
reflection_02161,reflection,很能理解媽媽對於「如果當初如何，結果會完全不同」的思緒，其實日常生活中也常常會發生或大或小的情況，小至如果當初不改答案或許就可以考更好，大至如果當初晚個兩分鐘出發就不會發生車禍。,4.0,2.875
sentence_01065,sentence,更不見有任何才智足堪替,3.6,4.25
sentence_02172,sentence,全部囚犯做宣傳員得了,4.333,6.0
text_00036,text,這本小書非常契合小孩子的心理特點，寫得、畫得都是妙趣橫生，因此小朋友的喜歡不言而喻！,6.667,6.857
edu2021_00437,edu2021,前面有點跟不上，但後面就真的聽懂了許多東西,5.416666666666667,4.214285714285714
reflection_01987,reflection,隨著機械帶來的正壓，病床上年邁女性的胸膛規律的一上一下，這樣詭異的光景正維繫著一條纖弱的生命，我想。,5.0,2.75
edu2021_01539,edu2021,這堂課的內容給人的感覺有些枯燥乏味，也希望我能更有些熱忱學習這門課,3.285714285714286,4.142857142857143
text_01408,text,第八屆「烏克蘭國際發明展」昨天公佈得獎名單，臺灣代表隊九十七件參賽作品，就獲得五十面金牌、三十三面銀牌、七面銅牌，中獎率超過九成，得獎數較去年多一倍，在所有參賽國中表現最佳。,6.875,5.333
edu2021_00989,edu2021,上課的內容較第一堂課容易懂，滿有趣的,6.857142857142857,4.928571428571429
reflection_01353,reflection,以往我們學到告知壞消息的技巧是SPIKES，也就是 Setting、Patient’s perception、information、 provide knowledge、Respond with empathy。,4.8,1.625
text_02943,text,前幾天在刷即刻的時候發現了一個GitHub上的專案，該專案名為learnxinyminutes，這個名稱就很簡明扼要——y分鐘學習xxx，一看就很牛。,6.286,5.714
sentence_01203,sentence,本大小姐一向和藹可親,7.0,5.75
reflection_01192,reflection,即便病人有200萬存款，先不說這筆錢能夠照護重症的病人多久，兩人尚有一位兄弟，剛剛被診斷出食道癌，卻也是單身沒有人照護，妹妹在無奈之下，只能挪用兄長的200萬去給另一位兄弟使用。,4.125,3.8
sentence_02437,sentence,同樣的戰術窘境,3.667,3.667
edu2021_01057,edu2021,大致能了解基本的原理與運作方式,5.714285714285714,2.166666666666667
text_01373,text,許文雄被球隊開除這幾年來，求職處處碰壁，沒有穩定的工作，收入也不固定，曾表示很後悔涉及打假球案，也數度規勸後進不要步上他的後塵。,3.0,5.143
edu2021_00901,edu2021,不了解題目的意思以及題目考學生的目標，在準備考試的過程中顯得有些沒有方向，希望下次考試能夠拿到不錯的成績,4.25,5.285714285714286
edu2021_00416,edu2021,今天學到了很多專業知識，感覺真棒,6.916666666666667,4.916666666666667
sentence_00589,sentence,這樣就無情那每支球隊都不用換血了啊,3.5,7.667
sentence_00841,sentence,由於北京的網路封鎖政策,3.667,3.333
text_01431,text,沒錯，蘋果的崛起可以說是創新的代表，從iMac、iTunes、iPod、iPhone、iPad及iOS作業系統等產品，一路下來都賦予產品創新的精神，也因此獲得市場的肯定。,6.6,5.857
text_01673,text,童仲彥隨後播放變音處理過的童和好友對話的錄音帶，內容並不清楚，但童再追問郝「你知不知道你太太有收人家鑽石？」郝回嗆說，你如涉及人身毀謗，有種放棄言論免責權到外面再講一次。,3.0,6.889
reflection_01069,reflection,作為實習醫學生，我當下的感受是家屬到網路上搜尋來路不明的偏方，並要求我們嘗試有點不尊重醫療的專業甚至這個病人已經走向腎衰竭，過多的水分只會讓病人身體越來越腫，最後走向死亡的樣貌反而更加不堪。,3.8,5.25
text_02736,text,馬來西亞一名少女在社群網站IG貼文問網友，她該死還是該活著，隨後她遵照多數網友所說該死的回應，跳樓自盡，掀起呼籲調查原委的聲浪。,1.75,6.0
text_02786,text,疝氣開刀治療並不困難，但許多患者常常不以為意，醫師提醒疝氣容易造成腸子卡住回不到原位，嚴重時更會導致腹膜炎及敗血性休克，危及生命。,3.778,5.0
text_00850,text,做工說不上精細但也還沒什麼發現什麼缺陷，操作系統安裝順利，附帶DVD中有全套XP、VISTA驅動。,6.0,3.625
reflection_01158,reflection,自己先生的每一個臨床表現都會想要醫護給她一個解釋，並會質疑醫療方給予的醫療建議，例如她一直要求將她的先生轉至神經相關科別作治療，希望能處理腦的問題，不能理解為什麼心血管相關問題已經解決還要留在CCU，並提到尋求second opinion的想法，語氣上是急促且略帶不耐煩。,3.875,6.5
sentence_00752,sentence,我太瞭解自己了,6.667,5.0
sentence_01164,sentence,在豆瓣竟被拿來嘲弄日本,3.0,6.5
edu2021_01491,edu2021,今天沒像上禮拜這麼的趕，但有些專有名詞不懂，但後來私下問同學就有比較好些,4.6,5.5
edu2021_00748,edu2021,希望可以更詳細的多講解一些，因為有些我以前從沒有碰過，會看不太懂,4.166666666666667,3.5
text_00453,text,不過國內遊覽車用的都是PVC仿皮悶熱又不透氣，長途搭乘的舒適性較差版大父親添購新車時不妨考慮和噶瑪蘭客運一樣的平織布椅吧客機、高鐵等長途運輸也都採用平織布椅除了視覺較有質感，舒適性也比PVC優清理方面也不像早期常用的絨布，悶熱難清理還容易卡灰塵佳豐現在好像做軌道車的座椅比較多？,4.375,4.5
text_00693,text,感謝您的點評，酒店會重視您的建議，不斷完善產品，期待您再次光臨，入住體驗，並給予我們更多建議。,6.222,3.5
text_01482,text,臺灣選手在國際發光的時候，政府單位能正視電競產業，協助電競發展。,6.222,4.625
reflection_02507,reflection,在19號的時候突然氧合濃度的下降，加上心律的上升，做理學檢查的時候有雙側的囉音，抽血發現電解質有不平衡，鉀離子過高等問題，因此將病患轉到加護病房做後續治療。,4.375,3.5
sentence_02135,sentence,如果因為週邊只有一項就覺得簡陋,4.0,6.0
text_00078,text,看來不能以自己的喜好來決定買不買，大獲好評的書還是值得買的。,5.444,4.143
reflection_01400,reflection,MICU有為這個case召開跨領域討論會，從其他職類的醫療人員(我認不出來是社工師還是檢驗部人員)得知病人的姐姐會那麼晚才做決定，就是因為檢察官跟他說檢體會保留5-7天。,5.0,1.625
text_01729,text,隨後，習近平也覆電，期盼兩黨把握歷史機遇，深化互信，共創中華民族美好未來。,6.222,4.857
sentence_01668,sentence,黑橘的工作人員埋伏在各個伺服器內,4.75,5.0
reflection_00007,reflection,"可以怎麼做我覺得真的可以找他們聊聊家中狀況,或多聽多看病人在字裡行間透露出什麼訊息,不過我想家人真的是不想放棄才會答應心臟移植,但也需要為家中其他健康的家人著想,如果弟弟真的回天乏術,放棄也何嘗不是一個選擇,但看到病人正努力回復LVEF,如果慢慢得到好轉,讓家屬看見希望,進行心臟移植的意願應該也會隨之提高,因此醫療方盡全力做到最好,若病人的生命力旺盛到真的有機可行,最終可能也會有一個好結果。",5.125,2.0
edu2021_01326,edu2021,今天的上課內容非常的充實，讓我有更深一步的認識,6.083333333333333,5.25
text_01298,text,陳匯中對後天的冠軍賽很有信心，希望抱回冠軍獎盃。,6.444,5.571
text_02706,text,高雄鼓山區一家設計公司收到一個詭異包裹，不過馮姓負責人開啟竟發生爆炸，造成他全身60%的2度燒燙傷命，還在加護病房治療中。,2.889,6.25
sentence_02071,sentence,萬事亨通不發愁的嗎,4.25,5.75
text_01556,text,他接受國家電視臺記者採訪時道歉，說當時只是試圖緩和一下緊張氣氛。,4.556,4.1
edu2021_00496,edu2021,老師深入淺出的講解，我覺得很讚,7.4,6.25
edu2021_01424,edu2021,今天感覺沒有教什麼，而且點了很多作業，讓我覺得有點跟不上進度,2.583333333333333,4.0
text_00171,text,他們兩個在面對愛情時的清醒而不解。,5.0,4.143
sentence_01616,sentence,我說你知道大淆我升級多少理性才只是無能狂怒不來物理的,4.667,5.667
text_02112,text,5月27日，由映客直播主辦的映客527星光夜年度盛典在北京鑽石球場隆重舉行，當晚不僅有數百位映客人氣主播盛裝亮相，還有當紅明星實力助陣。,6.333,4.75
edu2021_00386,edu2021,上完課以後我收穫良多,6.785714285714286,4.142857142857143
text_00095,text,我會將學到的知識向身邊的親朋好友宣傳，只要長期健身，必有回報。,6.625,5.0
edu2021_00166,edu2021,先前的部分我還是很不熟，仍需多加研讀,4.416666666666667,3.785714285714286
edu2021_01096,edu2021,後半堂課精神不濟，學習效率變差,2.583333333333333,2.916666666666667
text_02908,text,就算從最現實短淺的角度來看，臺灣已經從貿易戰中獲得直接的好處了；更不用說，MIT將成為臺灣年輕人的絕佳機會！,6.75,4.5
sentence_01849,sentence,祂復活是祂勝過世界的一切抵擋,6.75,5.0
text_02194,text,羅永浩是在轉發小野科技聯合創始人@菲力浦達文西的微博時透露的這一訊息，菲力浦達文西此前曾勸說廣大錘粉幫贏不著急，不要著急開設實體店賣小野電子煙。,5.167,4.167
reflection_00569,reflection,最後，病人的家屬選擇繼續搶救，然而當下做出最終決定的卻是不在場的家屬，而不是會客時一直出現的女兒。,3.25,4.4
reflection_01891,reflection,對於家屬的難過情緒，也可以請社工、心理師等協助，讓他們的情緒有出口可宣洩，也更能協助他們冷靜思考。,5.5,4.1
reflection_02452,reflection,所以換個角度思考，這位ICU的病人，她去到精舍這個地方，究竟是想逃離無窮無盡的治療，還是只是要尋求人生的慰藉?,4.5,2.75
text_02953,text,不料2人心生歹念，聯合另外2名男子偽造哥哥是某公司董事長的假像，還偽造1張1億元的本票，想趁機詐騙自己的父親，最後詭計被識破。,3.111,4.375
sentence_00875,sentence,必須先學會辯解,5.0,5.0
sentence_00816,sentence,鬧劇而沾沾自喜,4.333,4.667
reflection_01356,reflection,核心課程的部分，我很喜歡這樣的教學模式，也就是先讓我們在 e-learning 看影片預習，在上課的時候再針對不懂或是較艱深的地方講解，也常常會以互動的方式進行問答。,7.0,4.125
reflection_02046,reflection,站在家屬的立場，或許是不想有損同是醫師的先生的顏面，因此老師提到她先生時，她才會如此激動的為其先生辯護。,3.5,6.875
sentence_02556,sentence,因點狀衣更顯腹部豐腴,4.0,5.0
text_00021,text,嘻嘻，女人就是愛折騰，只要能讓自己變美，就絕不怕麻煩，所以，從這個方面講，算是本好書吧,6.375,5.625
sentence_01432,sentence,不在心平氣和時,4.0,5.667
text_02686,text,他的祖父和已逝的父親都為聯邦政府工作，仍與母親同住的胡佛便是官僚主義的產物——八卦、行話、祕密交易、兵不血刃卻殘暴的領土戰爭。,3.111,4.8
text_00751,text,但房間裏的淋浴設施不好，淋浴門關不緊，水龍頭出水很小，洗澡很不舒服。,3.0,5.5
text_01067,text,值得一提，今年排名大躍進，創歷年新高，與知名航空公司如芬蘭航空、紐西蘭航空、國泰航空、阿酋航空以及阿提哈德航空齊名，自二○○三年以來，長榮航空已連續九年進入全球十大最安全的航空公司。,7.444,5.75
reflection_00203,reflection,"然而在onECMO過程中,病人開始出現血流動力學不穩定的狀況,而後呈現PEA,因此開始CPR,在CPR大約40分鐘後成功on上ECMO,但病人仍然沒有呼吸心跳,因此在和家屬討論後,家屬(女兒)同意不急救並簽署DNR後,移除ECMO並於05/0811:32宣布死亡。",3.9,3.0
reflection_00655,reflection,查房時得知該床病人有HIV及TB，且同居人在病人住院期間不太想來探視，另外病歷記載病人還有MDD，綜上所述，這些都是病人可能會情緒不好的原因。,4.25,2.125
sentence_01902,sentence,把絲綢棉布等中國產品輾轉帶到全世界,5.5,4.667
text_00538,text,小弟只是將龍捲風與之前討論沸沸揚揚的事件提出來而已，並沒有批判任何車.,4.75,4.5
text_00240,text,薑士安出身貧苦，但憑藉自己的點滴的努力，取得了事業上的卓越功勳。,6.625,6.0
edu2021_01536,edu2021,看起來還蠻有趣的，但是聽起來只能是有點懂，所以回家要好好看書了,5.8,3.0
text_02456,text,與聯想之前釋出的VR眼鏡不同，這是一款toB的產品，旨在為員工提供幫助，以提升工作效率，提高培訓質量，與多個團隊成員協作等。,6.4,4.125
edu2021_00162,edu2021,課程內容有趣，有助於了解未來的方向,6.25,2.833333333333333
reflection_01171,reflection,反思後的改變反思過後，我對這類行為已經有了心理準備，且願意提供家屬需要的心理支持，我也認為拍攝的家屬應該尊重護理師們和其他醫護人員，如果他們拒絕在此時被拍攝，家屬就應等他們撤退之後才能錄影。,5.0,3.0
edu2021_01135,edu2021,今天聽到很多關於硬體的發展部分覺得相當有趣,7.2,5.0
edu2021_01538,edu2021,老師鼓勵我們多學習，讓我有更深的興趣及動力想了解,6.428571428571429,4.583333333333333
reflection_00546,reflection,突然變得無助地站在一旁。,3.3,6.375
reflection_00508,reflection,3.我的反應: 我很認真的了解了這樣子的疾病與狀況，但是發現醫師們該做的處置都已經即刻處理，可能真的只能祈禱奇蹟發生。,4.25,2.875
sentence_01663,sentence,大家都是顧慮這些還有覺得還能在他身上多少學到一些觀點所以才不放膽嗆他吧,3.667,5.333
sentence_01579,sentence,誹謗任何政治人物,3.5,5.333
text_01923,text,外交部今天表示，美國遭颶風侵襲，災區又受風雪襲擊，將捐130萬美元賑災；美國在臺協會（AIT）說，感謝臺灣慷慨捐助。,6.625,4.667
sentence_01397,sentence,我爸媽今天史上白目到極點,3.0,8.0
reflection_01720,reflection,描述事件一位肺癌末期的病患，使用到很後線的化療藥物後，依然在今年的門診追蹤中，被告知病灶不斷擴散，轉移到更多的肺部，以及骨頭。,4.0,3.375
edu2021_00262,edu2021,希望老師可以多帶我們課本的東西，好讓我們能從課本學到更多內容,5.5,4.928571428571429
sentence_00040,sentence,感恩老師教會我學習獨處,7.0,5.75
text_00556,text,"1、地理位置鬧中取靜2、如果在五角場附近辦事，交通還算方便缺點：1、房間內有濃重的煙味2、空調滴水剛好在樓下的玻璃鋼瓦上，晚上比較吵3、洗澡水“小水無力”，感覺更像是“跑、冒、滴、漏”的水龍頭3、早餐比較差既沒有""吃飽""的實實惠惠，也沒有""吃好""的豐富多彩)4、毛巾泛黃5、枕頭很尷尬兩個偏高、一個偏低)",3.6,4.625
edu2021_00673,edu2021,我覺得自己還是先把目前該做的做好，然後再考慮其他事情吧,4.666666666666667,4.333333333333333
text_01029,text,網友盛讚TPA是臺灣之光，「悅悅」表示，TPA的榮耀使臺灣與世界的距離又拉近了一些，還有人開玩笑地表示，以後10月14日就是「電競日」,6.444,6.0
edu2021_01576,edu2021,因為聽得比較清楚，所以很有印象,6.142857142857143,3.416666666666667
text_00358,text,您喜愛的配備要炸出來喔~哈哈不要最後在某些地方時才反應.....喜歡就喜歡不喜歡就不喜歡，只會說這些廢話~!!如果只是要廢話就閃一邊吧~!!論油耗...1.8F排應該算他最耗油~我還要補充一點...有人喊A沒內鐵!!過那麼久還是不知道有沒有內鐵去爬一下文吧,4.0,6.625
sentence_02335,sentence,且工業類別詳盡,6.333,4.6
text_00044,text,愛情中的把持與堅韌，真的太讓人感動。,6.375,5.333
edu2021_00588,edu2021,老師講得內容雖然不是很懂，但是仍然覺得獲益良多,5.75,4.357142857142857
text_01683,text,改善形象即可化解，無疑是個大錯誤。,4.0,4.429
reflection_01127,reflection,緊接著是站在對方的角度思考，家屬在喪親之痛中，對於諸多不便的狀況之下可能會有比較負面的情緒，以及激動的情緒，如果再這樣的情境中，理當更平靜的面對以及說明原由，切勿以強硬的態度應對，讓病患家屬覺得我們是要趕走病人。,4.625,4.9
reflection_01946,reflection,同理家屬的處境之後就能了解家屬的情緒，我們客觀的堅持醫學上的觀點，可能也無法和家屬達到有效的溝通，因此像老師的做法，我們可以在其他管道提供家人幫忙，如幫忙登記疫苗不良反應，或是幫忙尋找院內或政府機構是否有可以提供救濟的管道。,6.3,4.1
reflection_01130,reflection,另外則是有一點的怒氣，因為之前在各科或是急診時，總是有訂不到ICU病床的經驗，如果不是危急狀況而占用病床，真正需要的人就無法使用應得的醫療資源，甚至可能造成生命危險。,3.75,6.375
reflection_01132,reflection,描述事件病人由於病情惡化送入ICU照護，隨著時間推移，日漸有好轉的跡象，然而，病患由於未婚而多半的醫療決策都在兄弟姊妹身上，此時遭遇到母親病故，兄弟姊妹忙於處理後事無暇照顧，眼看著必須轉至普通病房，病患家屬提出是否可以延後轉出的請求，理由並非病情因素而是沒有人力照護。,3.625,4.4
reflection_00935,reflection,每天在解釋完病情後這位兒子都會額外問很多問題，包括「今天氧氣開到多少？」、「現在的PEEP是多少？」。,5.0,3.4
sentence_02406,sentence,你地唔使灰心喎,3.75,6.0
reflection_02335,reflection,在ICU有許多的生離死別，如何能在理智的判斷與情感之間取得平衡是一門需要下功夫的學問，在查房的過程有時聽到家屬和病患的情感連結，會感到相當難受，但長久如此會有太多不必要的情緒影響工作，而太過漠然則會無法共情的幫助家屬處理失去親人的傷痛。,4.0,5.0
sentence_01917,sentence,果然是精明的商人,6.667,5.0
text_00292,text,PS相信沒有任何一家車廠敢保證自家的車子出廠都沒問題。,5.0,4.857
reflection_00882,reflection,"(不過如果還是被家屬反對,我可能無法像老師和學長那樣重複耐心解釋QQ)",4.0,3.5
reflection_00959,reflection,讓我感到衝擊的事件是：婆婆的兒子表示他可以理解急救等處置對於婆婆維繫生命的效果，但目前在選舉備選期間，希望可以使用維繫生命的方式讓婆婆的生命撐到一個半月後的選舉結束。,3.6,4.5
sentence_02570,sentence,這不算是簡樸吧,4.4,5.75
sentence_02416,sentence,唯有兩條街道賣淫嫖娼的違建至今違建不拆,2.667,5.0
reflection_01017,reflection,因為即便是之前意識狀態清楚的時候有表達過自己的意願，但等到自己沒辦法清楚表達時，還是得詢問家屬的意願來決定，而已經被插管的當下也沒辦法表達自己的想法。,4.125,2.75
reflection_00365,reflection,或是想傳壓胸電擊的影片跟他分享，也想問問如果他是爸爸，你會怎麼選擇?,4.375,2.375
reflection_00335,reflection,全盤了解後，我們能夠試著連結相關的資源，透過轉介社工以及安排安寧醫療面談。,4.625,5.5
reflection_00762,reflection,"然而,插管以維持呼吸將近20天後,病人血氧狀態與呼吸模式始終無法穩定。",2.875,3.375
edu2021_00145,edu2021,聽老師講其實沒太大問題,5.0,2.714285714285714
edu2021_01370,edu2021,更清楚知道自己需要加強的地方,6.285714285714286,3.428571428571428
edu2021_01274,edu2021,還要多思考才能了解，需要花比較多時間研究,4.666666666666667,3.166666666666667
edu2021_01099,edu2021,有些地方當下無法領悟，回宿舍在依照書來學習,4.714285714285714,3.5
edu2021_00271,edu2021,真的很難，許多部份都還不是很清楚,3.416666666666667,4.428571428571429
sentence_01642,sentence,也照樣免不了痛苦的侵襲,3.0,6.0
sentence_01640,sentence,就是讓世界科技停滯不前,3.0,5.5
text_00666,text,您反映的問題客服部已記錄，我們會在以後的工作中改善，謝謝！,5.143,3.25
sentence_01662,sentence,一句壞話也不可出口,4.8,5.5
text_02023,text,Youtube主播Madmorda用Wii的主機板自己製作了一臺迷你NGC主機，可以真正實現遊戲功能。,6.125,3.778
text_02615,text,谷歌原生Android系統提供乾淨無懈可擊的使用者體驗和更快的更新，但與此同時，它缺少可螢幕滾動截圖等基本功能。,4.571,3.714
sentence_00423,sentence,我不需要那個東西,3.333,6.333
sentence_01114,sentence,你翼望戲弄風吹,4.0,6.0
reflection_01143,reflection,這些問題我們在倉促中很難解釋的周全，甚至可能因為我們的問題及問問題時的 語氣或自己對於問題的態度，在無形中暗示、牽引病患做出非他本意的選擇。,4.25,3.0
edu2021_00290,edu2021,聽不清楚在說甚麼,3.142857142857143,3.642857142857143
text_01943,text,柬埔寨國家電視臺當地時間早上6時發佈了柬政府公告，施亞努因自然原因於淩晨1時20分（北京時間2時20分）在中國北京醫院逝世。,3.333,4.667
text_01011,text,優秀的外觀，輕薄的分量，完美的性能。,6.375,5.375
text_00066,text,當初想買也是看了許多的好評後才下的單沒想到完全沒有別人說的那樣好.,3.444,5.571
sentence_00685,sentence,踐踏抑制宗?信仰欺壓百姓,2.0,7.0
reflection_02049,reflection,後來說到影像看起來是有腹內感染，女兒又開始不斷質疑急診醫師是否誤判，老師也為了避免醫療糾紛，就一直強調此次的確有腹內感染，但此感染不太像與先前攝護腺手術有關。,4.0,4.375
text_02109,text,現階段的3D列印技術尚不足以列印肺部或者史特拉迪瓦裡琴，但是惠普本週四推出的新型3D印表機有望讓這項技術變得更加實用。,6.429,3.857
reflection_01950,reflection,我的感受與反應：我當下感到不太能諒解。,3.125,6.25
reflection_02416,reflection,在病人病情並不樂觀的情況下，既希望能積極治療給予處置，卻又不希望病人需忍受一些痛苦。,4.125,4.375
sentence_00018,sentence,工作繳稅讓這種人浪費你們的時間跟金錢,2.6,7.5
text_00406,text,這安全問題很像騎機車裡也常發生~安全帽與護具問題~戴全罩好還是瓜皮好~要穿護具不穿護具每個人都有自己答案~之前朋友也是大概這樣講~我慢慢騎就好沒必要戴全罩穿什護具笑死人~反正每人注重的點不一樣~有人會買就是會買~就顧好自己就好~重點只要遇過一次就知道有那些安全配備的好反正很多都是要花錢買經驗體驗就知道~,4.667,4.143
sentence_01933,sentence,柴燒側把高雅壺,5.5,4.0
reflection_01979,reflection,如今在病床上四肢癱軟著，雙眼緊閉，身上接著數不清管路的，也是曾經那個活潑的人。,3.5,4.125
reflection_02086,reflection,對於家屬而言，才剛接受病人的癌症狀況惡化的消息，就要再進一步的了解目前積極的治療對病人其實不太有用，副作用及風險更是遠遠大過於好處。,4.0,4.6
reflection_01411,reflection,高醫的檢體只保留3天，故10/20日的檢體都已經被丟棄了。,5.0,2.2
sentence_01321,sentence,我能報答的禮物,6.0,3.0
reflection_00693,reflection,我才知道當初TB療程的起始藥物為阿伯帶來了肝指數上升、黃疸等副作用，因而醫師便先行暫停。,4.5,2.6
sentence_01829,sentence,你哭喊多少年它們都裝作沒看見,3.0,4.25
reflection_00564,reflection,我可以怎麼做：我覺得日後當我們成為需要向病人或家屬解釋病情的角色時，也許不應該像現在一樣，心中充滿各種激動或不捨，反之應該秉持像老師跟學長一樣穩重的態度，詳細、確實但卻不偏頗的病情解釋。,6.0,4.6
text_02373,text,發泡技術與創新材料無新增木粉、木屑使用獨創配方與高壓發泡技術，雖然沒有使用任何木質材料，木屐卻保有了木頭質感，還有獨立氣孔。,5.889,2.444
edu2021_00765,edu2021,這次上課還是有點趕,3.5,3.428571428571428
edu2021_00836,edu2021,以前沒有考慮到那麼詳細的問題，今天之後大概知道要怎麼做了,5.714285714285714,3.0
sentence_01706,sentence,幾度掙扎亦是枉然,3.0,6.0
edu2021_00995,edu2021,今天上了深入的兩節課，受益良多,6.083333333333333,3.583333333333333
sentence_00608,sentence,腦袋發熱糊塗蛋,2.5,7.0
sentence_01042,sentence,內心其實瞧不起,4.0,5.5
sentence_01948,sentence,可以令人窒息的緊張感,4.0,4.667
reflection_00962,reflection,聽完之後，我覺得這樣的快速病情變化在重症病人身上實在不算少見，也想說盡量跟家屬講疾病的無法預期，但後來才發現病患家屬其實一方面很在意阿婆突然病情急轉直下，但另一方面其實也很在意當初居家照護的家醫科醫師有提到肺臟有點問題卻沒有及時提醒要趕緊去看醫師，他們覺得如果當初能儘早就醫做詳細的檢查，或許就能避免這樣的事情發生。,3.5,5.75
edu2021_01391,edu2021,今天教的又更難了，感覺要回家自己查資料看,3.714285714285714,3.666666666666667
reflection_01389,reflection,然而家屬一聽到這些建議，便會相當不悅地打斷老師的話，他們相當堅持要採取最積極的治療手段，不要求病人完全康復，只要求病人能睜開眼睛跟家人說說話，做最後的道別。,3.0,5.5
sentence_01950,sentence,美國人民這麼振奮,6.0,5.5
reflection_01804,reflection,站在醫方，現在醫學發展迅猛，有了很多高新技術，也挽救了很多病患的生命，但醫生畢竟不是神仙，不能包治百病，很多患者能夠轉危為安，與ICU醫護人員辛勤的付出是密不可分的。,6.5,4.6
text_02385,text,據外媒AppleInsider報道，最近有媒體釋出了一篇抨擊蘋果公司廣受歡迎的AirPods耳機的不可回收性。,3.857,4.875
sentence_02532,sentence,而以為中國資金可以帶動遲滯的歐陸經濟,4.0,5.0
sentence_00710,sentence,妳支撐了多少支持者的心靈,6.333,6.333
sentence_00818,sentence,軍事以混淆視聽,4.5,3.0
text_02647,text,貿易戰之前，隨著中國勞工成本的大幅上漲，包括中國公司在內的外國公司就開始利用越南廉價的勞工優勢和具有吸引力的商業環境。,4.667,3.0
sentence_00803,sentence,只是暫時為周恩來的替補罷了,4.0,5.25
reflection_01968,reflection,在加護病房，我總覺得這應該是天大歡喜的消息，但一想到要是拔管後情況不幸惡化，還是感到緊張。,4.125,5.1
sentence_02388,sentence,只是感覺鏡頭可捕捉,5.0,3.2
sentence_02177,sentence,一副興高采烈的樣子,7.25,4.5
edu2021_00906,edu2021,今天講的對我來說還是太複雜了，需要自己再多看書去理解,3.5,3.166666666666667
edu2021_00768,edu2021,今天課堂其實有種吸收不良的感覺,3.785714285714286,2.583333333333333
text_01212,text,事實上，除「朋友巧克」外，日本各大百貨公司的情人節「爸爸巧克」，近年來需求急速攀升，尤其是在三一一東北大地震後，人們更珍惜與親朋好友之間的情感，於是情人節致贈巧克力給父親、家人或朋友的習慣，也逐漸普遍化。,5.556,5.125
edu2021_00650,edu2021,今天發考卷成績有點糟，需要再接再厲，更加努力,3.166666666666667,5.333333333333333
edu2021_00124,edu2021,有點深奧，但是還是勉強吸收,5.166666666666667,3.142857142857143
sentence_01989,sentence,我只是出乎你們意料的中二病青年,3.333,6.667
text_00900,text,運氣非常好，完美屏，沒有亮點暗點壞點.,6.889,6.125
reflection_01532,reflection,家屬在中午會客時很難接受眼前的光景。,3.875,3.5
sentence_00372,sentence,到時候您不覺得讚了就不讚了哈哈哈,5.0,5.667
text_00447,text,放學也一樣不過下雨的時候比較不好意思，因為都會把車是用的溼溼的在這裡我代表各位清華高中高榮線的同學說聲抱歉因為我也很愛車喔!,4.625,4.75
text_02028,text,雪上加霜的是，貿易紛爭還會進一步影響記憶體廠商，部分臺灣記憶體公司準備將產地轉移到本土生產，但是時間有限，重組產能的過程並不順利。,3.857,2.833
text_02300,text,我認為，我們之所以變得如此冷漠無情，最大原因並不在於大家經常掛在嘴上的家庭解體、個人主義化，而是受到源自排他性家庭主義的歧視與嫌惡所影響。,3.75,4.556
sentence_01442,sentence,推特投訴郵箱為,5.0,4.333
sentence_01565,sentence,印表機被我弄壞了,3.0,5.667
edu2021_00972,edu2021,對於課程內容有了初步的理解,5.583333333333333,3.428571428571428
sentence_00677,sentence,已隨季節更迭而培養起的身體敏銳知覺,6.4,5.0
edu2021_00070,edu2021,發現了我在課業上有著不小的進步空間，應該去爭取，我會繼續努力學好做好,6.214285714285714,6.083333333333333
sentence_01960,sentence,可能害了西藏患病兒童,3.0,5.0
edu2021_00448,edu2021,對於課程內容有更多的了解，但剛開始接觸原文書讓我有點不適應，加上作業與小考，讓我更吃不消，希望作業與考試能不要那麼頻繁，也希望自己能盡快趕上進度,2.428571428571428,5.916666666666667
text_00612,text,以前有國外朋友來上海，一直比較推薦鑽石，他們也比較滿意。,6.333,5.625
reflection_01941,reflection,- 面對從來不瞭解的急救過程要在短時間內做決定，肯定很緊張。,4.75,6.0
reflection_01448,reflection,一位預計要做洗腎瘻管的病人，因為發生高血壓急症住進心臟加護病房，後續出現心臟衰竭、呼吸衰竭、肺水腫的情況，而且需要緊急洗腎。,3.625,4.75
edu2021_00941,edu2021,覺得專題以現在老師的標準會非常難做出來,3.5,4.428571428571429
edu2021_00817,edu2021,今天上課很好玩，講課生動,7.166666666666667,4.75
reflection_01059,reflection,當下思考都導向課堂上講的各種醫糾案例，而醫療是個團隊，雖然不清楚前一個醫師究竟怎麼說的，但主要在思考怎麼解釋讓家屬接受。,4.8,3.4
reflection_00817,reflection,雖然之前已經和家屬們解釋過一次氣管造口術是什麼樣的處置，但是顯然家屬們還有疑慮，家人之間尚未統一意見，也許在那當下我們可以再次解釋、釐清家屬無法做出決定的原因，充分的溝通對於未來的醫療決策也能有所幫助。,5.7,3.75
text_02764,text,班農不僅激進，而且在理性分析家的眼裡，他已經有點瘋瘋癲癲了，癡迷於一些咬牙切齒的對美國危在旦夕的臆想。,3.429,5.333
edu2021_01169,edu2021,又學到了不少新的東西，真是愉快的一堂課,7.166666666666667,5.75
reflection_01669,reflection,總之我告訴自己一定要找時間出來再翻翻那個病患的病歷，仔細看看那個病患後續的處理，才能知道為甚麼家屬會如此難過。,4.6,4.25
reflection_01045,reflection,在每天的壞消息的告知中，我同時也在準備著面臨自己的primary care走向人生的終點，也對自己的內心建設好面對「死亡」的心態。,3.25,3.5
sentence_00657,sentence,如今吃的毛豆甜湯除了喜愛之外,7.0,4.0
sentence_01678,sentence,而人生也會被絆所牽制,4.0,5.0
text_01131,text,馬總統指出，今年跟往年一樣，他在年前陪媽媽去傳統市場買菜，每年這個時刻，看到菜市場攤販，在寒冬中用冰冷的水洗菜洗魚、整理年貨，心中都會有一種感動，每一個父母，每一個孩子，在準備年菜的時候，一定會想到自己最親愛的家人，都希望把最好的菜，最溫暖的關懷，奉獻給家人。,6.875,5.0
text_01163,text,被害女網友們無人曾與詐騙男友見過面，但詐騙男友卻以「廠商要賄賂我，不能用自己的帳戶收回扣」，成功要到被害人帳戶，且允諾即將回臺，會把獎金分給女網友，還要攜手步入禮堂。,3.75,4.0
reflection_01040,reflection,盡力的幫助病人與家屬走過。,5.625,3.6
text_01827,text,想吹冷氣要電費，卻無法忍受核電的危險.,2.875,5.857
sentence_02353,sentence,發總統褒揚令給臺共戰士黃圳島,6.333,3.333
sentence_02357,sentence,我從來沒見過一個專心於自己成就的人每天被家人之間的矛盾弄得心神不寧,3.667,6.667
reflection_00514,reflection,再來以自己的話來復述病人剛剛講的話，來表達自己確實理解家屬的疑惑以及心情。,5.25,3.3
reflection_01793,reflection,一、描述事件一位左大腿DVT病人有使用urokinase來溶解血栓，同時用Heparin避免新的血栓形成。,5.0,1.625
sentence_01373,sentence,你就可以失眠一整晚了,4.0,5.333
reflection_00204,reflection,"這次是因為呼吸困難多日,被診斷為疑似社區型或不典型肺炎導致的敗血症,同時合併ARDS因而插管後被收入MICU,呼吸器設定為ARDSsetting並持續觀察治療。",4.2,2.0
sentence_01929,sentence,待靈魂於冥河消散,4.667,2.667
text_01338,text,連發投注站老闆娘洪月娥說，前天下午四點多，一名年約二十多歲年輕人路過，看到大排長龍買彩券及刮刮樂，也好奇排隊試手氣，花了三百元買一張「紅包一把抓」刮刮樂，因當時人多，由她隨意挑選一張。,5.0,3.429
reflection_02244,reflection,一位八十幾歲，被氣切許多年，正被接上呼吸器的阿嬤，她是ICU裡很好動的一位病人，她總是反覆用力抬起頭，被束縛的雙手總是甩動，而阿嬤因為胖胖的外型配上圓滾的眼睛，看到她大家都會笑著看。,4.8,5.6
text_00739,text,呵，還有一大優勢就是從賓館出發，步行不到十分鐘就可以到梅蘭芳故居等等，京味小衚衕，北海距離好近呢。,6.667,5.75
text_00165,text,我已經能想像到小侄女拿到書的享受樣子了，呵呵，贈人好書，手有餘香啊，我也開心呢~~,7.625,6.286
edu2021_00659,edu2021,整體來說不錯,5.583333333333333,1.416666666666667
text_00563,text,首先酒店任何員工對客人都沒有應有的尊重，客人可以被他們呼來呵去，其次CHECK-IN和CHECK-OUT都要半小時以上，強烈BS張靈芳和左瑞雪，效率低下，態度傲慢.,2.444,5.333
reflection_01265,reflection,當下我認為莫名其妙，因為家屬的說法明顯與病歷紀載有所出入，家屬說病人來急診前僅兩腳無力，但病人實際上過去已有四肢無力情形且腎功能不佳情形可能也跟其長期服用止痛藥相關。,3.75,5.375
edu2021_00228,edu2021,目前最大的問題依然是我在課堂上不專心,3.083333333333333,3.428571428571428
sentence_00698,sentence,爹最近沉迷翻牆聽迷之小廣播,4.5,4.5
sentence_00968,sentence,大家說誰是混蛋王八蛋,2.6,6.75
reflection_01321,reflection,在工作了一天，回到家，肚子餓得咕嚕咕嚕叫，但心情很累煩躁，因為還有一堆工作一堆雜事，電話訊息叮咚叮咚響的時候，老師是怎麼撐過，然後當這樣的一天變成慣例跟例行公事時，老師怎麼得到自己的快樂呢？,3.375,5.75
sentence_01899,sentence,有恆產者有恆心,6.667,3.667
sentence_01823,sentence,一次難忘的旅行,8.0,7.0
sentence_01524,sentence,退出共產黨網址,5.0,4.333
text_02688,text,在遊戲開始時，可看到一堆由7種不同顏色所組成的色塔集合，每種顏色各有7座塔，雙方輪流拿取，先拿到同一種顏色的7座塔就能獲勝，或是最後獲得最多顏色的人贏得比賽。,5.125,3.875
sentence_00101,sentence,因為惡意的誕生就是為了傷人,2.333,5.333
text_01141,text,WeatherGirls若是選在臺灣出道，不管實力如何，大家一樣只會批評，果然外國的月亮就是比較圓。,3.444,5.571
text_02668,text,涉事男子得手後迅速逃離現場，職員事後報警，警方到場在附近一帶兜截及翻查閉路電視搜證，案件列作刑事毀壞，交由西區警區刑事調查隊跟進。,4.0,3.0
text_02294,text,雖然新照片與舊景點圖片的風格沒有太大的差別，但它巧妙在故作不經意地將穿了TheNorthFace服裝的人物和品牌Logo亮了出來。,5.444,3.0
text_02817,text,據聯合國釋出的報告表示，大部分虛擬助手的聲音都是有著年輕女性的特質，這加劇了女性即使在被粗魯對待也仍然是溫順、能滿足需要的刻板印象。,3.571,5.167
sentence_00933,sentence,沒什麼不敢撒謊,4.333,5.5
sentence_00714,sentence,以延畢一年的代價,4.0,5.25
text_02431,text,然而，在這提倡外向者比較吃香的社會，不管在學校或公司，內曏者無疑是容易被忽略的族群，如果你也有總被當隱形人煩惱，今天的文章將和你分享4種職場內曏者的生存法則。,5.375,3.444
text_01978,text,但遭遇既得利益者強烈反彈後，又改口發放依據的注意事項是「每年頒訂」，並稱要與經濟連動。,3.889,4.625
text_00491,text,不一定，看內鐵或欲裝內鐵處)後的車架結構，沒比內鐵強衝擊就傳過內鐵傷車架，反之就由內鐵吃下衝擊這就跟轎旅或SUV前後白鐵硬質保稈外掛別亂裝是一樣意思，原先好好的塑質保桿.,4.875,5.0
sentence_01585,sentence,恰巧老巫婆看過這篇小說,5.0,2.5
sentence_02139,sentence,脫褲子放輕快屁,5.0,3.0
sentence_02170,sentence,寓意二人將一起以新身份展開新?人生,5.5,3.0
text_02808,text,美國的網路安全業者PaloAltoNetworks近日宣佈已與兩家業者簽署併購協議，一是專精於容器安全的Twistlock，另一為無伺服器運算安全業,5.25,3.222
sentence_02236,sentence,當白日總是太嚴酷,3.5,5.0
reflection_01735,reflection,你的感受如何我覺得很驚嚇，可能在醫院的時間不夠多 ，只有短短一年，不管是門診還是查房都還沒有遇過醫師與家屬吵架的狀況 第一次遇到有點不知所措覺得有點慌張 也希望大家都可以靜下來好好說清楚 ，不要帶著偏見很急促的發表自己的意見以堅持立場而不聆聽，另一方面也覺得 有點幸運 ，反思寫作的題材有著落了 。,4.5,5.25
reflection_00677,reflection,也許在人生最後的時刻，也有許多類似這樣看似輕而易舉的事情，在病人身上卻是遙不可及的夢想，想到這裡心理除了無奈以外，也覺得有些沉重。,2.6,3.0
edu2021_01572,edu2021,今天的學習有障礙，好難理解啊,3.25,6.083333333333333
text_01436,text,兩人愛情趨向穩定，情變機率小。,5.667,3.875
sentence_01036,sentence,最重要的不是甜言蜜語,6.0,5.0
sentence_02460,sentence,把內戰責任完全推給國民政府稱國民黨撕毀了政協協議,3.5,6.0
sentence_02484,sentence,施以獅虎式的教育,4.333,5.0
reflection_01646,reflection,另外我覺得MICU最特別的地方是每天的會客時間，除了每天要詳細跟家屬解釋病情之外，還要針對不同家屬保護病人的隱私並了解每個人的立場，加上碰到蠻多DNR的病人，以及需要召開家庭會議討論是否安寧等情況，我們總是要盡可能全方向提出各種做法，並分析每種之間的優缺點，透過自身經驗給予病人或家屬建議的同時又要顧及病人自主權，是我覺得最困難去拿捏的一塊，也是這兩周我認為很值得學習的部分。,6.375,4.0
text_00309,text,沒錯，鋁圈能裝的碟盤尺寸是有限定的！,5.0,5.25
sentence_01872,sentence,客體的束縛將不復存在,6.667,4.667
edu2021_00822,edu2021,仍有些不太了解，看完課本後有比較知道大概整個邏輯了，希望老師在講課時可以再詳盡一些,4.583333333333333,4.333333333333333
reflection_00960,reflection,常常我們照護病人加上處理雜事，這些長期住院、而且基本上病人來來去去快速變動，往往病人會化為一個case、一個床號甚至一個紙可以copy & paste的單纯病歷。,4.625,4.1
text_01094,text,朱男以量刑過重而提出上訴；檢方也提上訴指出，朱男的惡性已達窮兇惡極，還揚言要殺女友全家，濫殺人命，非處以極刑無法避免日後再殺害女友與家人。,2.5,7.111
reflection_02425,reflection,所以，我在想，王中民先生也符合這兩點，當然可以經驗性開Ciproxin + beta-latam囉！,5.25,5.0
edu2021_00335,edu2021,吸收了一些相關知識，收穫良多,6.25,3.916666666666667
text_02716,text,菲律賓與加拿大的跨國垃圾大戰又有最新進展，菲國總統杜特蒂已失去等候加國回應的耐心，今日下令政府僱用私人運輸公司將69個裝滿腐爛垃圾的貨櫃運回加拿大。,3.429,7.25
edu2021_00276,edu2021,大致都聽的懂，收穫滿多的,6.142857142857143,3.714285714285714
text_02118,text,商務部發言人稱，當前，世界經濟發展不確定、不穩定因素增多，單邊主義、貿易保護主義抬頭，多邊貿易體制面臨嚴峻挑戰，正常的國際經貿活動受到負面幹擾。,3.429,5.167
sentence_02130,sentence,我的大腦發育是這麼遲緩嗎,4.0,6.0
text_02876,text,江西上饒市10日發生一起校園凶殺案，一名學生家長持刀衝進教室，衝著一名劉姓學生猛捅13刀，在場學生目睹行兇過程都被嚇呆。,1.714,7.857
edu2021_00970,edu2021,今天講了很多專有名詞，聽不太懂，讓人有些困惑,3.666666666666667,4.285714285714286
edu2021_00300,edu2021,上禮拜沒有認真聽，這次感受到有老師講解的好處，以後還會繼續努力,5.333333333333333,4.0
text_00104,text,這是一本非常值得推薦的一本書，我讀後收益頗多，並且已推薦給我的朋友，希望也能對別人有所幫助。,7.625,5.857
edu2021_00087,edu2021,第一次上課覺得自己有待加強,4.0,3.083333333333333
reflection_00367,reflection,8/27(六): 依約定大兒子應該有來醫院會客，看病歷已經簽署DNR，病人於下午4點左右離世。,3.5,3.0
reflection_02022,reflection,每天會客的家屬都不一樣，可能是大女兒、二女兒、小女兒，但他們可能都會問重複的問題，而老師卻是不厭其煩地解釋，用著不疾不徐的與速，沉穩的語調，一次次地向家屬解釋病情，討論接下來如何決定治療的方向。,5.7,4.875
sentence_02237,sentence,海浪聲不斷帶給我靈感,6.6,4.25
sentence_01707,sentence,曾盼其能悔悟反省,5.333,4.333
text_02942,text,高雄一名50歲的蘇先生說他長年感覺牙齦腫痛，原本以為只是火氣大，直到齒牙動搖只能吃軟飯，甚至連最愛的滷肉飯都只能用吞的。,3.556,3.556
text_01481,text,華義國際營運長熊家麒表示，遊戲產業在臺灣非主流，社會的價值觀普遍對遊戲產業抱持負面看法，讓電競產業發展得很辛苦。,3.889,4.833
text_02168,text,效力於勒沃庫森的左後衛溫德爾曾經在一次採訪中透露過自己防守羅本的策略，他說如果所有體面的防守辦法都無效，他就會被迫使一些小伎倆。,4.667,3.857
edu2021_01487,edu2021,今天老師快速帶過了許多練習，看來之後要去圖書館借書來學了,4.416666666666667,4.583333333333333
edu2021_01318,edu2021,我覺得這堂課對於我以後的學習會有很大的幫助,6.5,4.5
sentence_01649,sentence,臺男從此不知去向,4.0,5.5
sentence_00434,sentence,他一個學歷史的竟然符合臺灣投機分子郎鹹平的黑屁說什麼,3.4,7.25
text_01139,text,多數的臺灣網友樂見其成，稱讚臺灣終於出現可以與南韓「少女時代」PK的團體。,6.5,4.857
text_00702,text,在三亞灣又不是亞龍灣，這個價位沒有優勢，得不到相應的要求。,3.9,4.143
edu2021_01155,edu2021,今天上課有趣幽默，學到很多新知識,6.0,3.857142857142857
sentence_00662,sentence,其實都承受不起,3.0,6.5
reflection_00952,reflection,可以怎麼做不過後來想想，家家有本難念的經，我們也無法知道他們原本的家庭狀況如何或許兒子們也因為經濟及工作，無法提供奶奶良好的照顧，也或許他們因為照顧經驗不足，才會到這麼嚴重才發現事態不對。,3.5,4.1
sentence_01290,sentence,應該也影響到了公司的名聲,3.6,6.0
text_00384,text,你不會看嗎我是積極想看啊你看不懂嗎樓主比我忙很多要上班要客戶要妻小我也沒挑釁啊挑釁是說我油耗比他強才叫挑釁好嗎我是想改買T牌才想看啊你沒看我貼出一堆好康的喔我百分之一萬要測試的啊你那麼挺樓主那你請他出來或你有加入贏了你也有的分如何我找臺階下咧你要不要也來參一腳一起看看休旅車最強境界啊,3.429,7.0
text_01195,text,低迷的職棒環境注入強心針，鼓勵好手們努力拚身價。,5.889,5.75
text_00969,text,關於字小的問題，正好可以限制自己的上網時間，也算優點，哈哈。,6.4,4.286
reflection_01697,reflection,你的感受為何（使用情緒詞彙）我感到疲乏，已經快過中午十二點，肚子好餓身體好累，重複聽著過去幾天聽到的問題和敘述感到好疲倦，好想要離開病房、好想要回家；感到煩躁，無法理解他想表達什麼，他重新詢問學長是否發生過他母親是否自行關掉TVP，卻又肯定地說他母親一定有這麼做，我無法理解他想要質疑護理師栽贓他的母親，還是想表達什麼。,3.375,5.7
edu2021_00152,edu2021,雖然探討了很深，但很多我沒有好好聽懂，回去要再看書惡補一下,4.25,4.357142857142857
reflection_02220,reflection,這是在測驗mini-cex的一天，特地選了一個中年病人，想說這樣會比較好問診，但事與願違，病人當天一直昏昏欲睡，我很慌張，不知道要怎麼問問題，不想強硬地叫醒病人，但也不知道怎麼溫柔的喚醒他，我想這是因為我不清楚打擾跟必要醫療行為的分界，一方面覺得病人就不舒服想睡覺，我吵醒她也不太好，一方面覺得不問診我也無法得到想要的資訊，畢竟病人的complaint是重要、可以協助評估的要點。,4.125,4.6
sentence_00283,sentence,以求得到精神上的超然解脫,7.0,6.333
reflection_01758,reflection,最後，讓我覺得最困惑與棘手的是，即便患者曾經口頭明確表明立場，昏迷後，仍需由家屬間達成共識，代為決定，這是比較常看到的狀況。,4.5,3.25
text_02751,text,泰國國王瓦吉拉隆功本月4日舉行加冕大典，66歲的他在加冕之前迎娶了第4任妻子蘇提妲，整個泰國沉浸在隆重的喜慶當中。,6.429,5.286
sentence_01226,sentence,和042的推特我能怎麼辦我也很絕望啊,3.0,6.0
text_01947,text,英、美、法、日、星各國都報導了施亞努逝世消息以及他對柬埔寨的貢獻。,6.0,5.143
text_01751,text,政治的歧見不會成為分裂彼此的理由，對自己誠實對朋友忠實慷慨分享親切待人讓歡笑縮近疏遠的距離Loveandtolerate...註:我承認自己是厭倦了新聞和政論被推入了一個意想不到的坑.,4.5,5.75
sentence_00703,sentence,我腦子裡智慧多到滿出來,6.5,6.2
sentence_02361,sentence,哪有權力的集中和為所欲為,3.0,4.75
sentence_02351,sentence,而不是退縮至牆角被人屠戮,3.8,6.5
reflection_01820,reflection,當下會感覺到有些失望是因為感到父親可能不了解每天病患的病程變化，當下就否定了醫療團隊所給出的建議。,3.75,4.7
edu2021_00948,edu2021,我覺得今天教得十分有趣，也讓我十分感興趣,6.75,4.833333333333333
edu2021_00708,edu2021,覺得老師上課很吸引人,7.416666666666667,4.833333333333333
sentence_00222,sentence,平安的柴米油鹽小生活,6.667,2.667
text_00536,text,前年是我老婆嫌她手邊錢太多想換車見鬼了我窮得很她卻有錢?,2.778,7.125
edu2021_01523,edu2021,今天的課程較有趣，且更簡單明瞭,6.583333333333333,3.166666666666667
sentence_00407,sentence,垃圾會先會甘心,2.5,4.5
sentence_01409,sentence,聖人將一年火侯攢於一箇時辰中,6.0,5.0
sentence_01698,sentence,不需要解釋安撫,5.0,2.25
text_02069,text,這條路教我謙遜，放下比較心，沒有誰比誰厲害，只有自己有權選擇面對這條路的方式、找到最適合自己的步調，不卑不亢。,6.625,3.75
text_02115,text,一件爆款商品突然有了一個差評，在網上賣原創服飾的趙磊忐忑地聯絡了給出差評的買家，萬幸這不是一名職業差評師。,5.0,3.5
reflection_00289,reflection,由於病患臨床狀況惡化且影響到後續治療的選擇，和家人說明後，女兒表示希望讓母親盡量能舒適，不願浪費醫療資源執行無效醫療，同意目前進行引流和洗腎，但未來則不考慮手術治療和除了藥物外的急救措施。,4.5,5.0
text_00210,text,小說更對女性在“法醫”這一“男性”職業之種種身心壓力、人際壓力、規則壓力的包圍下，如何堅定地維護正義、呵護親情和愛情，進行了細緻入微地表現。,6.0,4.625
edu2021_00010,edu2021,今天所教的東西，我大部分都聽不太懂,3.083333333333333,3.083333333333333
reflection_01263,reflection,當嘗試去理解家屬情緒，可能是因為他們對於病人過去的醫療情形不夠了解加上病人本身可能有失智的情形，他們可能不了解他過去的慢性病史及長期服用止痛藥狀況。,4.25,3.8
text_02583,text,Uber週四保守設定IPO的發行價在每股45美元，估值為824億美元，以因應近來美股大跌，和競爭對手Lyft上市後股價低迷的前車之鑑。,4.556,4.0
text_02873,text,一開始準新娘只是柔性拒絕這些要求，希望婚後再從長計議，沒想到抱孫心切的準婆婆直接闖公司，要求她立刻遞出辭呈，並且在眾目睽睽下將她拖去醫院接受健康檢查。,3.5,5.0
text_00634,text,跟門內環境差距較大，希望改進.,3.875,3.143
reflection_01437,reflection,當下我的想法和阿伯及家屬相同，也是認為是不是可以先暫緩手術和檢查，或許阿伯還有一些事沒來得及完成，萬一手術不順利或是有個意外，可能再也沒機會去完成尚未完成的人生清單，我當下對醫師強烈建議手術，也對護理師不斷說服病人接受治療和檢查的作法，感到疑惑和質疑，並且在醫師和護理師和家屬的對談中，在詢問是否簽屬「預立安寧緩和醫療暨維生醫療抉擇意願書」不接受插管、電擊及壓胸，可以感受到醫師們對病患語帶暗示希望病患簽屬此意願書，因為當下尚未進行更進一步檢查，僅是在超音波下看到心包膜內有一個腫塊和些許積水，我先入為主地認為會不會僅是old TB復發，造成的TB Pericarditis，應該不是什麼太嚴重的，不解為何要建議病人簽DNR，我當下自以是地認為可能只是醫師想便宜行事，萬一之後遇到棘手的情況時，可以有DNR的保護傘，聲稱是阿伯自己的意願不想再插管和急救的，因此有些看不起在加護病房常見到幾乎例行性地會讓病人簽屬DNR這樣的舉措，甚至感到輕蔑，但因為僅是一個沒經驗又沒什麼知識量的non-functional clerk，我也僅是把這樣的想法深埋心底，沒有任何言語上或態度上的表現。,3.5,6.375
sentence_00643,sentence,這這這這太太過分啦,2.5,8.75
text_02410,text,在企業篩選之前，我們往往會先進行自我審查，覺得自己不符合徵人網站上的條件時，多數人會選擇放棄，但其實，你應該勇敢地去試試。,6.556,4.889
sentence_01709,sentence,然後沈浸在某案又得獎的虛榮感裡繼續過著同樣的生活,3.5,5.0
sentence_02474,sentence,而且放在客廳乏人問津,4.0,4.75
text_01079,text,救護員沒有隨身護具，宜避免正面衝突及閃躲車上，通知警方到場處理才妥適。,5.0,4.75
reflection_01240,reflection,保持⼈性和抽離往往難以兩全，當抽離的更多，就會逐漸喪失同理的能⼒，⽽同理的太多，又會造成自己受傷。,4.0,4.3
edu2021_00101,edu2021,希望能稍微放慢一下速度，才有時間消化理解,4.5,2.357142857142857
reflection_00574,reflection,然而透過這個反思寫作的過程，試著換位思考病人的想法，其實他會擔心好像也並沒有不對，第一個是他已經是因為重症才進入到MICU接受治療，對他而言可能經不起再一次醫療失敗的狀況發生，因此他認為自己必須在醫療處置上具有一些選擇權，第二是我們在開始的時候確實表現出不確定與有些不安的感覺，這對於身為醫療人員而言也是個不專業的表現，因此我認為這幾天的實習過程中，還有任何臨床處置的機會，除了做好基本功，先做好功課詳細了解處置的步驟，更重要的便是要學習如何讓病人安心，既然已經在病人面前了身為醫療人員就必須表現出信心與專業的態度，並且學習安撫病人情緒，讓病人更安心，也能幫助自己臨床處置有更好的成功經驗，因此這是我在這次經驗當中所學習到的。,6.125,5.125
reflection_01151,reflection,起初與患者溝通，患者自己偏向選擇若拔管失敗則做氣切，然妹妹則因擔心醫療及照顧費用的問題，怕哥哥自己的存款不夠支付後續費用，也擔心照顧責任及負擔自己無法承擔，傾向拔管若失敗就不 再做積極治療。,3.7,4.3
text_02580,text,在一個案例中，官員根據一名看起來像哈里森的嫌疑人的證人描述，上傳了演員伍迪·哈里森的照片，嫌疑人後來因小偷竊而被捕。,3.667,4.333
sentence_00099,sentence,要是伊斯蘭教不是平和的宗教那這世界可了得,4.0,7.667
reflection_00667,reflection,起初我不明白為什麼一個嚴重的肺部疾病可以導致精神上的問題，但是我試著將自己代入病人的狀況好像有了解到一些。,4.1,3.125
edu2021_00323,edu2021,要學習新工具了，感覺很新鮮,6.428571428571429,4.833333333333333
text_00416,text,被側風推或打到，大家多少都有經驗，與車身流線程度，車重，車高，輪寬，動力，避震器，方向盤智慧，重力回饋設定都有相關。,5.111,3.857
sentence_01496,sentence,我的大腦降級了,3.667,4.333
sentence_02214,sentence,一個失手就是下輩子再見了,2.75,5.8
text_01287,text,今晚7點在臺北信義威秀中庭廣場、臺中NOVA及高雄GAME休閒館高雄旗艦店，同步舉辦首賣會。,5.444,3.875
reflection_00729,reflection,到了隔天早上七到八點，在查房完畢後，我跟往常一樣去到他的旁邊開始做一些PE，卻在聽肺音時聽到跟以前不一樣的聲音，有點像是大聲版的crackle，下肢水腫程度則和往常無異，那時我想著老師才剛查完房，聽到的東西應該跟我一樣，如果有明顯異常也會跟我們講，於是乎，我就返回護理站開始打病歷。,5.0,1.875
sentence_02365,sentence,還是用刀片式吉利泡沫就,5.0,5.333
text_01685,text,權力的傲慢加上學位的傲慢，更會拒絕承認錯誤。,3.25,5.429
text_00631,text,趕緊走人換到了陽光酒店.,4.0,4.75
reflection_00498,reflection,畢竟病人是處於不舒服的狀態，因此對任何事情的反應都會比較劇烈。,4.625,2.375
reflection_01772,reflection,告知家屬時，家屬們對於突如其來的壞消息難以接受，情緒激動，仍希望藉由清創的方式，讓患者體內的海洋弧菌徹底消失，並且表達「救到底」的意願。,3.375,6.125
reflection_01427,reflection,我對ICU病人的認知，差不多就是這樣，culture出來的菌一定要比普通病房兇，抗生素就是要用到最後線，病況隨時都可能有變化，何時會離世誰也說不準。,4.0,4.125
edu2021_00996,edu2021,這是很重要的課程，要好好學習,6.25,4.142857142857143
edu2021_01368,edu2021,老師上課很用心,6.928571428571429,2.833333333333333
reflection_00604,reflection,我的反應由於當時家庭會議是在ICU的入口進行，除了周邊人來人往之外，也因為聲響的干擾而使對話無法聽得很清楚，因此我在整個會議進行的過程都很希望可以移動到會議室中，讓家屬處在一個比較放鬆的姿勢，在一個相對隱私安靜的環境中進行會議。,5.0,4.7
reflection_00391,reflection,可以怎麽做我可以怎麼做？盡一名醫師的責任，也就是把我們知道的手術好處和風險全部告訴家屬。,5.625,2.0
text_02097,text,這是一款可以真正享受推理的遊戲，因為他不是那種要到處跑迷宮、找道具、試運氣，或只是簡單對話選擇題的推理遊戲。,6.375,4.778
reflection_00841,reflection,"家屬雖然不是醫療主要決定者,但也是醫病之間關鍵的溝通者及參與者,透過家屬轉譯並向病人轉達,像這個病人面對重大醫療決策時,家屬的協助能讓整件事情有所進展。",6.0,2.375
sentence_01916,sentence,能在如此誘人的金元外交前礙難從命,4.4,3.75
text_00426,text,在台灣，選Toyota不會後悔。,6.0,4.125
sentence_01098,sentence,一般人不易聽懂,4.5,5.0
reflection_00797,reflection,反應為何－當下做了什麼、想做什麼聽完這位家屬的想法後，除了尊重這位家屬的決定外，也試圖去理解家屬的想法，因為判斷這位家屬可能並不是這麼好聽取建言的類型，因此先以對方角度去看待整件事，並從對話中的蛛絲馬跡去拼湊出背後的架構，去理解其作出決策的思考邏輯，另外也試著去引導對方多看看陪陪病患，而不是只專注在那些數字。,5.0,2.25
edu2021_00341,edu2021,上老師的課覺得學到很多東西,7.0,4.0
text_01081,text,家庭不可碰觸的禁忌，憂心家庭經濟比率佔四九％，纔是親子間不可說的秘密。,4.125,4.556
text_01979,text,熟悉本帥的吱吱和藍軍都知道，我反對死刑。,4.75,5.25
text_01265,text,包括「你家寶貝不會亂叫、不會亂做記號、不亂跑」，即使做大小便，也會主動清理好，更不讓牠上桌、亂舔餐具，不害別人吃到毛。,5.111,3.857
reflection_01930,reflection,雖然病人的家屬可能會因為本身也是有醫療背景而問出各種問題 (屬於需要花更多的心思處理的case)，但是換位思考的話，如果躺在病床上的是我的家人，我也會問一堆相關的問題來更了解病人的狀況。,4.7,4.5
sentence_00214,sentence,所以問題一大堆,3.4,6.0
edu2021_01257,edu2021,老師上課幽默風趣，不會枯燥乏味，讓我們更容易吸收知識,7.357142857142857,4.75
sentence_02203,sentence,那不是超肥胖的嗎,3.5,7.0
sentence_02118,sentence,談判一定會討價還價,4.0,5.0
edu2021_01455,edu2021,大致理解課程內容及目標,5.214285714285714,2.0
text_00022,text,雖然很喜歡張小嫻的文字，麵包樹系列也很早就看過了，但是還是買了她所有自己喜歡的書回來珍藏。,7.0,4.25
text_02075,text,套件中包括了鍵盤、滑鼠、麥克風、耳機/支架、滑鼠墊、甚至PS4遊戲手柄，以充分滿足你對於外設外觀的一致性追求。,5.875,4.25
reflection_00097,reflection,"當下家屬可能心情都是非常著急,並無非常認真聽,也可能只專注再聽起來最嚴重的話上面",3.875,2.5
reflection_01542,reflection,這次在ICU學習的兩個禮拜中，其中一位病患的病況以及老師與他的家屬們溝通與會談過程，讓我印象十分深刻。,5.75,3.625
edu2021_00592,edu2021,聽到一些自己原來不知道的，感覺很棒，感覺上對課了,7.214285714285714,6.166666666666667
reflection_00311,reflection,當下我也得到一股暖流。,6.75,2.75
sentence_02265,sentence,時間只能改變那些原本就不夠堅固的東西,4.667,5.333
text_02234,text,由一群低地球軌道衛星實現，Starlink將為幾乎沒有網路連線的人群提供快速，可靠的網際網路，包括農村和現有服務過於昂貴或不可靠的地方。,6.857,5.571
reflection_00015,reflection,"反應為何當下做了什麼、想做什麼當下我覺得就已經經過醫師專業的判斷,為什麼還會覺得有希望在,硬是佔著床位期盼醫師給予更多的治療,或許可以把床位讓給更需要的人。",3.625,4.6
text_02728,text,充滿童趣的故事、鮮豔活潑的畫面、風趣幽默的表演、精彩絕倫的交響樂現場演奏，獻給孩子的人生第一場交響樂，選它就對了。,6.778,6.125
text_00442,text,哈~~~~想到一個原因了，因為我們都只重外表，不重內涵,4.0,4.375
text_01109,text,培養航空棒球隊的付出，縣府會儘速確定接任人選，讓球隊持續運作。,6.0,5.286
text_01647,text,於是勞保、健保的財政漏洞持續擴大，形成惡性循環。,3.333,5.286
text_00683,text,聽朋友說那裏的小姐比較宰客，談好的價錢只是臺費，最後還會另收天價小費，不給的話，會有雞頭進來跟你談，挺恐怖的，最好不要嘗試。,2.556,4.75
sentence_00159,sentence,結果要去喪禮的兩人一個還在睡一個出去了,4.0,4.25
reflection_01103,reflection,在每天看病患的學習過程中，最令我印象深刻的是在某天下午與陳先生的閒聊中，他說：「我覺得你們醫院的服務真的很好，高雄的其他醫院的服務都沒有你們這裡好。」,6.75,5.0
text_00329,text,假如拓海的車子是GTR，然後跑贏86，你會看嗎？你會覺得刺激嗎？你會覺得神勇嗎？所以劇情通常拿不可能的邏輯，去引造所謂的刺激與入迷。,4.0,5.286
sentence_00134,sentence,被嚇到是真的挺有同感的,5.6,5.2
sentence_02188,sentence,直到這次他自己宣佈退役,5.0,2.0
text_01667,text,在詢答的過程中，立委做了很多的假設，包括要政黨協商、要民進黨同意等，在很多的假設前題下追問是否有助於氣氛的緩和，所以他才回答，「如果做了這樣多假設後，當然會有助於緩和氣氛」。,5.286,4.625
text_02392,text,值友4148553512山東羊角蜜甜瓜，清甜爽口~京東中國特產·平遙扶貧館售價52.8元，可領取13元優惠券，下單實付39.8元包郵，摺合7.96元/斤。,5.625,3.5
edu2021_01149,edu2021,今天的課真的好普通，沒有特別難的地方,4.916666666666667,3.583333333333333
text_01252,text,另位陳水扁醫療小組成員、客社前社長張葉森也表示，阿扁過去被關在北監裏，被日光燈一直照射，監視器也一直對準阿扁，其他受刑人運動時可大家一起運動，只有阿扁單獨做運動，法務部只選擇對馬政府有利的方向講。,3.333,5.875
reflection_00888,reflection,"2.提供財務援助:醫院可以通過提供財務援助或協助病人申請相關醫療保險等措施,以減輕病人的負擔。",5.5,3.3
edu2021_01102,edu2021,下禮拜就要考試了，我覺得我要努力弄懂才能有好成績,5.166666666666667,4.9
sentence_02088,sentence,是一年中最吉祥的日子,6.333,4.0
reflection_01661,reflection,這是一位肝膿瘍尚未引流的病人，本來預計下午要送去放射科卻等不到那個時候。,3.8,4.0
edu2021_00921,edu2021,經過老師詳細講解，複雜的內容都變得簡單,6.583333333333333,4.214285714285714
reflection_01507,reflection,"雖然理智上知道現在都是無效的,但是還是想要抓緊僅有的―絲絲希望,總是期盼著有一天來看到母親可以奇蹟般地醒過來,一切都好轉過來!",6.375,4.7
text_00547,text,如果要我給該酒店評分，我給它0分，他們的服務給客戶的好感全被結帳時愚蠢的舉動所抹殺.,1.889,7.25
edu2021_00322,edu2021,我對這方面超感興趣的，而今天上課有談到，我覺得很好,8.5,7.833333333333333
sentence_00954,sentence,當時我震驚了10秒,4.5,7.0
text_02025,text,近日，IntelCEO司睿博接受國內媒體採訪時談及此事表示，原因是在這個市場當中看不到Intel爾可以贏利的機會。,3.667,2.9
text_02527,text,經常混跡於值得買，看各路大神分享好物，也讓我受益良多，無奈自己水準太差，不能給值友們作出貢獻，每每想到這一點很是慚愧。,4.0,4.556
text_01404,text,佛貝森兄弟安樂死案獨特之處在於，兩人都非末期病患，身體也未受痛苦。,4.444,3.857
edu2021_00330,edu2021,今天上的有夠快，根本沒教到重點，完全離題,2.416666666666667,6.416666666666667
reflection_01298,reflection,後來，老師以疾病的進程來解釋，表示病人可能原已經有慢性的問題，而後來一個急性的事件發生後才導致。,4.875,1.875
text_00103,text,我想，就像書中所言：情緒是一種能量，會來也會走……這真是一次奇妙的閱讀經歷，更重要的是，這是一次久已缺失的心靈洗禮！,6.75,5.875
sentence_00186,sentence,這樣的威脅一旦實現就會破壞產業鏈,3.0,4.75
text_00753,text,我去CHECKIN和CHECKOUT的時候，感覺很不舒服。,2.556,5.875
text_01581,text,教廷頻頻接獲回報，指中國對國內天主教會與機構不但嚴加管控，甚至針對地下教徒下手，強迫參加「思想改造學習班」。,3.222,4.556
sentence_00092,sentence,每一筆自己都非常嫌惡,2.5,7.0
reflection_02074,reflection,目前MICU醫師已照會胸腔外科醫師前來評估病人是否適合執行手術，並由該醫師親自向家屬說明手術風險。,5.0,2.125
sentence_01837,sentence,將這兩樣深植於中國讓中國容光煥發,7.0,5.0
sentence_00648,sentence,還以為我學生證造假,4.0,5.25
reflection_01312,reflection,醫療處置有其限度在，結果可能無法讓每個人滿意，但對岌岌可危的病人灌食中藥， 後果無從得知。,3.5,5.375
text_00876,text,3：完美屏，反應速度很快，機器整體功能還在測試。,5.889,4.714
edu2021_01485,edu2021,今天的內容我沒有預習，所以不太熟，回去要慢慢讀，跟上進度,5.083333333333333,4.166666666666667
sentence_02515,sentence,妳算是知性型的女僕,6.75,3.0
text_01245,text,使用武力、威脅或強迫，在鄰國或更廣泛的國際社會上都不會贏得好的聲譽。,4.0,4.625
text_01327,text,曾經是「不被看好的孩子」，明道大學材料科學與工程學系吳信達助理教授以一顆永不放棄的心，突破困境，拿下準世界發明家獎「化學發明獎章」；他相信只要努力就會有收穫，那怕只是一顆小小的螺絲釘，也能開創一番大成就。,7.556,6.375
edu2021_00291,edu2021,對於上課內容有點不太了解,4.166666666666667,2.0
text_00200,text,看到有人評論這本書恐怖，覺得言重了，其實這只是訓練人正面思維的一種方法，有人評論在公司受到不公正對待也能不抱怨？試想，如果你的思維夠積極，對人對正的想法都足夠正面，你的思想就會對別人產生一定的影響，任何人都需要別人用正確的態度對待自已，包括你的上司，老闆，他們也是人。,4.778,4.714
edu2021_01541,edu2021,在老師的講解下，對課程內容的興趣更濃厚,6.928571428571429,3.25
edu2021_01534,edu2021,今天剛上課被嗆得很爽，但是確實了解到了,5.5,7.357142857142857
reflection_02257,reflection,以後應該要病人掛門診的時候就安排做DNR諮詢，問他有沒有興趣簽預立醫療決定。,5.0,1.625
sentence_02099,sentence,教派謬論橫行天下,3.0,5.667
reflection_01925,reflection,當然，我應該不會喝到像她的程度那麼嚴重。,4.875,3.125
text_00650,text,早餐豐富，燙乾絲味道佳，娛樂設施比較齊全，桑拿浴比較豪華，據說在儀徵是最好的，價格也不貴。,6.556,5.143
sentence_00908,sentence,會加深社會矛盾,3.0,5.0
edu2021_00801,edu2021,上了這堂課之後，我覺得我學到了很多東西,6.583333333333333,5.916666666666667
edu2021_00581,edu2021,深刻了解，內容十分充實,7.071428571428571,4.0
sentence_01265,sentence,一旦中共霸佔臺灣,2.333,5.0
sentence_01031,sentence,下屬在不加思考分析下只懂附和奉承上司,3.0,5.0
text_00297,text,一堆豐田的護衛隊真可怕哪天死的是自己跟家人才會開始哭方向燈在行駛中絕對不是小問題足以釀成大事故連基本的安全問題都不注重真的很可怕車主花那麼多時間跑原廠是活該嗎車放在原廠那麼多天要另外花交通費是活該嗎損失誰來陪ˊ不尊重生命安全只會上來沒理由護衛的不過是加速蓋大樓的速度建議樓主一定要找消保官,2.25,6.833
edu2021_00742,edu2021,今天上的速度是我能理解的速度，我上的很開心,7.571428571428571,4.916666666666667
sentence_00896,sentence,總目標是高雄要發財,6.333,4.0
sentence_01057,sentence,當你們當中的感言者被關押酷刑時,3.5,4.0
text_02831,text,其次是，仍在內地生活但噤聲，家人不提，孩子不知，表面上若無其事，實際上刻骨銘心，午夜夢迴，難以釋懷的朋友。,4.143,3.5
reflection_01786,reflection,2. 但主治醫生其實一開始還蠻親切地跟家屬解釋病情，只室後來類似的問題被重複過多遍，所以醫生也開始不耐煩起來。,4.0,5.25
text_01865,text,依據經建會所提自由經濟示範區規劃方案，包括市場開放、法規調適及行政效能提升，並結合適度產業發展政策而設立自由經濟示範區。,5.0,1.875
sentence_02428,sentence,也只能繼續用我纖細的雙手,5.0,3.0
reflection_00948,reflection,但病人才55歲，上有老下有小，離開留下的傷痛更大，才分外令人難過。,2.875,7.0
sentence_02289,sentence,他尋求初步禁令,5.0,2.75
reflection_00403,reflection,另外，我覺得雖然阿伯因為漸凍人症的關係已經不能動、也沒辦法講話，只能依依啊啊的發出聲音，但他其實大部分時候意識都很清楚，雖然只能用眨眼睛跟點點頭之類的來表達自己的意願。,3.875,2.5
text_01641,text,一個殺人工具」，如果這個時候還說要想到保護酒駕者的人權，沒有想到可能被酒駕者傷害的人權，「這個是我們政府在殘忍，對這些被害人在殘忍！,2.375,7.375
reflection_01560,reflection,家屬有一個兒子一個女兒，平常是女兒來照顧病患，並之前已取得女兒的同意進行氣切；但這次他兒子來的時候，學長告知他兒子要進行氣切並耐心解釋原因的時候，他兒子表達非常的不滿，一直認為為什麼要進行氣切，是不是在治療中出了什麼問題，雖然最後在學長的解釋後同意了氣切，但自己仍堅持自己沒有選擇權，好像都是由醫師來做決定，為何要詢問自己的意見。,3.625,6.375
text_02360,text,白白白熊深層滋養皮革，另皮具持久如新~網易考拉目前拼購售價9.9元，近期入手好價，需要的值友可以關注下~,5.286,3.0
reflection_02014,reflection,當時跟在主治醫師身後的我一開始是驚訝的，聽著老師建議病人家屬考慮撤除呼吸器，並且分享其他病人類似的經驗，還很直接地提醒說病人插管，不舒服的是病人，不是家屬，請家屬想像自己光是24小時被限制只能坐在椅子上不能活動就會受不了了，更何況是病人這樣被插管一直躺在病床上…,3.75,5.167000000000001
reflection_02121,reflection,我們更不能忽略他們的價值觀、生命經驗、家庭社會等因素。,5.75,3.8
reflection_00889,reflection,"此外,我也可能會感到憂心病人的情緒和身體健康是否會受到影響,因為缺乏家屬的支持可能會對病人的康復產生負面影響。",3.75,4.625
sentence_00435,sentence,請觀看完整視訊,5.0,2.333
text_02322,text,適用於兩款熱門瀏覽器的WDAG提供了和MicrosoftEdge相同的硬體隔離技術，當使用者訪問不受信任的網站時候自動將使用者重定向至隔離的Edge會話中。,5.667,3.833
sentence_01479,sentence,我的人生遇見了重大挫折,3.0,6.333
edu2021_01302,edu2021,老師用例子來解釋，讓我印象十分深刻,6.583333333333333,4.166666666666667
text_02087,text,如今隨著領導人的改朝換代，許多人開始好奇索尼在移動領域的策略是否會發生改變，而對此新CEO吉田憲一郎給出了否定的答案。,4.667,2.778
edu2021_01039,edu2021,今天的內容還是不太懂，所以我要認真的去學習，希望可以學好,5.75,5.25
text_01253,text,這句話，糾結出社會心中的哀慟。,3.333,3.571
reflection_02076,reflection,病人在病房接受膿瘍引流並持續注射抗生素，然而病人逐漸惡化並出現呼吸衰竭，故在插管後隨即轉入MICU加護病房。,3.5,4.2
text_01825,text,聖人不死大盜不止他是被迫坐上聖人這個位置的忍耐林義雄的作為是國民黨的業障只可惜苦了台灣人民.,3.375,5.625
text_00431,text,有些小毛病之完因為小弟之前在驗車場打工過大部份的2.2的車EGR;廢氣在尋環;引擎燈會亮這都很容易壞也糟糕!原場報價2棵小飛碟要10張小朋友XD反正技師建議還是不要換好了其他應該沒什麼大問題了請問小弟最近想自己更換發電機皮帶請問好換嗎?,4.1,4.143
sentence_01283,sentence,於是我們看到生育率下降,3.5,4.0
text_01485,text,這2分以6:4取得美聯冠軍戰第一場的勝利，由於延長賽已超過當地時間12:00，因此總教練JoeGirardi也無緣開心慶祝生日。,4.222,4.833
edu2021_01358,edu2021,跟自己所想像的不太一樣， 有了新的認識!,6.083333333333333,5.666666666666667
text_00891,text,輕，薄，待機時間長，散熱好，外觀設計比較好看，鋁合金上面板還是很好看的，鍵盤手感也可以。,6.444,4.25
text_01924,text,美國於10月底遭珊迪（Sandy）颶風侵襲，重創紐澤西州、紐約州及紐約市等地，造成重大傷亡，財物損失總額超過500億美元（約新臺幣1兆4427億元）。,4.0,3.0
edu2021_01166,edu2021,今天這堂課讓我有學到東西的感覺，覺得自己必須更努力的充實這方面的知識,6.083333333333333,4.75
reflection_01274,reflection,家屬端此時要求是否能管灌中藥，主治醫師表示，以我們專業的判斷，病患目前病況不穩定，因此不適合管灌中藥，兒子訴：「現在病人無法恢復像之前一樣清醒，西醫己經無法治療，目前醫療處都無改善，這也是一條生命，為什麽還不讓我們灌中藥，有什麼事情我們自己負責，只會叫我們放棄急救」，主治醫師解釋：「因為一開始病情不穩定，詢問有無要急救，而不是叫你們不要急救，現在知道你的意願了，我們會積極搶救。」，兒子情緒激動，音量高昂持續質問主治醫師為什麼不能灌中藥，主治醫師也持續向兒子解釋目前病況不適合管灌中藥，兒子無法接受主治醫師的答覆，表示要找尋單位負責人要投訴，主治醫師表示現在加護病房負責醫師是自己，兒子訴：「明天你在不在也不一定」。,3.625,7.625
reflection_01172,reflection,物換星移，日後如果醫學和科技已經能把意識轉移到下一個身體，或許軀體的死亡過程還真的有打卡程度的紀錄價值呢。,5.75,4.5
text_01980,text,我反對死刑的原因很簡單：噁爛的屍髮體系會有誤判或惡意判決。,3.556,6.333
sentence_01193,sentence,不一起慶生不代表我在你心中不重要,7.333,7.333
text_00749,text,早餐很不錯，去周邊主要商業區也不遠。,6.444,4.111
reflection_02210,reflection,他就突然情緒起來：“怎麼會，你們都照顧得很好啊，你看李登輝、王永慶活到幾歲，我媽媽跟他們比起來年輕多了??,3.5,6.1
edu2021_01481,edu2021,老師講解詳細，有些解釋令我印相深刻，課堂速度一般,5.5,4.75
text_00291,text,或許今天當事者並不是你我，我們無法體會樓主當時在高速公路上的心情。,4.75,5.286
text_00626,text,酒店外表及大堂看上去挺好的，本來對它也挺有信心的，而且就在市中心，出行挺方便的，可是從進電梯開始就比較惡夢了，那電梯一點都不像是酒店的電梯，而且從電梯到房間都是一股濃濃的很難聞的味道，很噁心，我訂的是標間，設施陳舊又簡陋，實在不敢恭維，還說是三星，我覺得它只比招待所好一點點而且，248的收費簡直是太過分了,3.0,6.333
reflection_01803,reflection,外人只是知道結果，卻不知道搶救過程當中發生了多少驚心動魄的波折，其實患者及家屬的理解，才是對醫療人員工作最大的支持與安慰。,5.875,4.7
reflection_01551,reflection,且我們費盡心思給予所有可能的治療，卻仍遭受這種懷疑，相當不平。,3.125,5.5
text_00270,text,一旦你發現什麼事情好像很完美了，其實它就哪哪都是漏洞。,3.5,4.375
text_02920,text,立委黃昭順位在高雄左營的服務處，昨天晚間遭多名男子闖入，揚言要找在服務處上班的志工談判債務糾紛，結果因為對方沒有出現，眾人就在門口叫囂，嚇得附近民眾連忙報警。,3.556,5.9
sentence_02086,sentence,你媽媽看上去非常慈祥,7.0,5.0
sentence_02125,sentence,來遏止他們繼續到處點火,6.0,5.667
text_01470,text,總統表示，新的1年，他心中有3個願望，希望經由他和全民共同努力，打拚出臺灣新氣象。,6.0,4.875
reflection_00425,reflection,當下我的感受看到病患哭泣時，我覺得很難受，雖然我知道事情演變成這樣都是她自我的選擇造成的。,2.6,5.0
reflection_02163,reflection,或許這番話並無法完全將媽媽從自責的泥淖中拉出，但希望當被困住時，能稍稍給她一絲亮光。,5.0,4.2
reflection_02230,reflection,我的感受我去看奶奶的時候，問她有沒有哪裡不舒服，奶奶總是搖搖頭，讓我覺得很可愛，當我看到她被插管或是戴著BiPAP 的時候，奶奶的表情看起來會明顯有受苦的感覺，儘管不是自己的奶奶，卻還是會很心疼，知道她一定不好受。,3.625,5.25
text_02106,text,隨著Uber和Lyft等打車服務規模的擴大和自動駕駛汽車技術越來越受歡迎，有研究指出紐約或舊金山等人口稠密城市的私人汽車保有量可能會下降。,5.125,4.0
sentence_00342,sentence,不然就安靜的看,4.667,3.667
reflection_01926,reflection,我，甚至會聯想到前段時間當我有點迷失自己的時候，是不是如果沒好好地和家人朋友傾訴，我也會借酒消愁。,3.75,5.2
text_02964,text,駐紐約辦事處長徐儷文美東時間22日見證州眾議會通過友臺決議，州參議員史塔維斯基與州眾議員金兌錫、牛毓琳、布朗斯汀向徐儷文致贈褒揚狀。,6.375,3.571
sentence_00146,sentence,兩人都是力改之前政府多年沉珂弊病而務實的人,6.6,4.2
edu2021_00439,edu2021,今天聽完老師仔細地介紹後，更加有印象了,7.166666666666667,5.142857142857143
sentence_01705,sentence,至少是煩躁而不是易怒狀態,6.0,4.5
edu2021_01157,edu2021,今天講的內容真的是非常重要的一環，可是有點難,5.083333333333333,5.0
sentence_01885,sentence,問了劉牧師說不要緊的,5.6,4.75
text_01711,text,歐巴馬BarackObama)以303票獲得連任，擊敗得到206票的羅姆尼。,5.25,4.143
sentence_01931,sentence,這樣的評論其實既尖銳又武斷,3.0,6.333
sentence_00789,sentence,祝福全天下的母親,7.333,4.0
edu2021_01178,edu2021,老師介紹的很詳細，感覺很充實,6.416666666666667,4.071428571428571
text_01869,text,蔡：自己國家自己救蔡英文批馬政府無能，已不受人民信賴了，怎可能有重大改革。,3.333,6.0
sentence_01952,sentence,產業分工佈局本來就是常態,5.0,2.667
edu2021_01177,edu2021,介紹到需要思考的地方，比較需要集中精神跟注意力，很有趣,6.9,3.0
edu2021_00984,edu2021,讓我對於平常熟悉的數字多了一點點未知的新鮮感,6.083333333333333,4.857142857142857
text_01065,text,除了國內最高榮譽，由德國專業航空機構AEROInternational每年透過德國權威數據評估中心（JACDEC），針對全球八百多家航空公司之飛行年數、近十年來重大意外事故件數統計，及近三十年來航機失事件數等基礎進行評比，甫於十八日出刊。,4.714,2.8
sentence_02143,sentence,逼近我朝東邊邊境,4.667,4.667
reflection_01849,reflection,對於做好心理準備隨時可能離開的人而言，想要多花點時間和家人在一起是非常合理的。,4.5,2.625
sentence_00879,sentence,中美貿易戰的勝敗取決於時機,5.0,5.75
reflection_02295,reflection,他在生前有說過不想要被氣切、做一些過於侵入性的治療，但因為endo已經置放兩個禮拜，老師要我試圖說服家屬將endo改成氣切管。,4.375,3.7
text_01657,text,臺灣團結聯盟則是順勢續推罷免馬總統，黨主席黃昆輝說，臺灣不能再讓馬虛耗下去，馬英九已經無藥可救，唯有馬下臺，臺灣纔有救，他呼籲全民不分老少男女一起來連署。,3.333,6.857
edu2021_00281,edu2021,今天重新刷新了我的認知,5.357142857142857,4.916666666666667
sentence_00347,sentence,當宗痛必是效忠支那的魁儡蛆長應聲蟲,1.667,6.333
text_00726,text,呵呵，真誠感謝您的再次再次點評，我們相信在您的關注下我們會努力越來越好！,6.1,5.0
edu2021_00449,edu2021,例子很生活化也讓我十分有印象,6.0625,4.357142857142857
reflection_00162,reflection,"而且根據我學的醫學知識,他已經這麼多天都沒有甦醒,並且呼吸pattern反而越來越惡化,後面甚至有air hunger的情況,代表病人應該是不會再度甦醒了。",3.5,2.75
text_00223,text,家庭的緣故一度有過徘徊，但愛的力量是偉大的，只要有愛，還有什麼是不能克服的呢！,7.0,5.889
text_00162,text,佩服作者的奇思妙想...衷心希望心情總是不好的人們能夠笑對人生其實真沒什麼過不去的坎兒~,6.0,4.625
text_00396,text,請先準備200萬HONDA的引擎好~說真的沒開過~有機會真想試看看我想主要還是口袋深度才是決定一切吧NEWALTIS個人覺得還不錯~雙安四碟ABS動力足夠日常使用~保養也不錯~,6.125,6.0
text_02888,text,平時怎麼吃都吃不胖，面色蒼白，手腳冰涼，即使在炎熱的夏天，手腳依然冰涼，常被身邊的人當成解暑的小冰人，還時常會便祕，腹痛。,4.0,3.4
sentence_01368,sentence,監禁中國人二千多年了,2.6,4.2
sentence_00552,sentence,但涉及到戰後的國際秩序,4.333,2.667
text_00614,text,服務生很周到，攜程和酒店的合作應該很好，有水果送，又可以免費洗燙2件衣服，而且速度很快，我們去的時候有人開會，估計佔了很多房間，沒有相應的房間了，酒店免費給我們升級，入住商務房。,7.0,5.556
reflection_01553,reflection,除此之外，對於藥物、影養液、點滴等等，幾乎都要問一遍價錢，一而再再而三，好像在質疑我們給他做不必要治療坑他錢似的。,3.3,6.5
text_02956,text,抑鬱症會影響許多人的生活，雖然目前有許多治療方法可供選擇，但多數見效緩慢，需要數天甚至數週才能讓人感受到好處。,4.889,3.556
text_00454,text,我鄰居買了一台U7，我問他使用經驗，他是說配備豐富，但是如果要買，建議我再等個兩三年，等這款車的問題修正後再買，不然.......。,4.4,4.286
edu2021_01123,edu2021,老師的問題亦能帶動我思考,5.833333333333333,4.416666666666667
text_01882,text,況且，在對抗外侮的國家動員下，更能掩蓋國內各項既存矛盾，這無論是對正訴諸改革反腐的中國，或是扭轉日本人民對「中國即霸權」的刻板印象，都沒有幫助。,3.667,5.286
sentence_02316,sentence,與生俱來的警覺和生存本領,6.0,3.6
sentence_01608,sentence,的身份有很高的期許,6.333,5.333
edu2021_00394,edu2021,老師提醒我們如果有不懂處要積極主動提問,5.785714285714286,2.833333333333333
text_02443,text,新創公司lidbot透過紅外線鏡頭及行動網路，可以即時把每個垃圾桶的使用量回傳到管理中心，管理單位在整理垃圾上就會更有效率，也能進一步降低營運成本。,6.444,4.25
text_01300,text,《英雄聯盟》美國官方討論區玩家發起投票，「你希望哪支隊伍贏得冠軍？」，最後有79.6%的玩家力挺TPA，「願正直的臺灣人獲得勝利。,6.375,4.857
reflection_01033,reflection,隨著時間一天一天的過去，老奶奶對於外在刺激的反應都非常不好，也預告了預後正在往不好的方向走，因此在第五天主治醫師召開家庭會議，要討論後續的治療計畫。,4.0,3.375
sentence_00122,sentence,不要讓他覺得你是,5.0,4.0
edu2021_00318,edu2021,今天知道成績，發現不太理想，還要再加油,3.916666666666667,4.5
edu2021_00343,edu2021,今天上完，也是學到很多啊,6.714285714285714,4.857142857142857
sentence_00436,sentence,從鎮壓法輪功開始我就意識到信仰之戰一直在進行中,4.5,5.5
text_02533,text,愛你不是兩三年幽幽玫瑰香，手留餘香，清新怡人~天貓加帝耶旗艦店目前售價49元，使用30元優惠券，實付19元包郵到手，單買好價，感興趣的值友們可關注下~,5.625,5.0
reflection_01446,reflection,當下遇到家屬不斷用眼前看到的景象以及自身的知識，站在一旁的我，心裡是不解且生氣的。,3.125,7.0
reflection_01572,reflection,想要離開，又是為了自己，還是不想拖累身邊其他人？,4.625,4.1
sentence_00580,sentence,不用在意旁人眼光,6.0,3.75
edu2021_00824,edu2021,聽了不少內容，不過還是希望老師可以講得更詳細一些,4.5,2.833333333333333
text_02382,text,他認為，港鐵及禮頓似乎無就問題進行技術調查，很快就基於有明顯不達標問題而拆除，無詳細分析出現裂痕的原因等。,3.75,4.5
edu2021_00866,edu2021,提到下課時特別讓人有精神,6.857142857142857,6.0
sentence_02166,sentence,因為很多答非所問的段落實在太棘手,3.667,5.333
sentence_01125,sentence,是人體自動調節平衡所表現出的狀態,5.0,3.667
text_02495,text,被檢察官起訴，違反兒少性剝削防制條例的吳姓男子，不只喊冤還說，把寄養的孩子都當成自己的，不想傷害孩子。,3.75,5.143
sentence_01856,sentence,有些人卻因為麻木不仁,4.0,3.4
text_01576,text,馬利軍事力量也弱，任何長期的解決方法都要考慮到國內政治。,4.625,4.333
reflection_00337,reflection,其次，病患的經濟狀況，阿嬤為中低收入戶家庭，她的三名子女，兩位失聯，只剩一位女兒負責照顧患者，照顧者的經濟能力可能無法負擔心臟節律器的自付差額。,3.0,4.1
sentence_01982,sentence,持續三小時的衝撞,4.667,4.0
edu2021_01075,edu2021,我要持續不斷的精進改善我的讀書方法,5.75,5.833333333333333
reflection_02265,reflection,但是家屬有些對於侵入性的醫療就很排斥。,3.5,3.5
sentence_02022,sentence,這條瘋狗喪盡人味兒,2.667,4.667
sentence_00321,sentence,十分謝謝媒體朋友,7.0,4.25
text_00932,text,本身即代表消除了製造商或系統商對於設備的某些限制，讓用戶幾乎不受管制的安裝程式和決定使用設備方法。,5.333,3.75
text_01557,text,蘇丁16日告訴法新社記者，「這番粗俗言論不應出自一名法官和最高法院法官)候選人之口」。,3.778,5.75
reflection_01524,reflection,但，對於每一位患者以及他們的親人而言，除了疾病本身之外，更難面對的是背後的生離死別。,3.2,5.3
sentence_00651,sentence,把我和?中人分開,5.0,1.0
sentence_02224,sentence,簡姓爸爸上網求助,5.0,1.333
edu2021_00239,edu2021,感覺跟昨天上的差不多，大致上是更細部的說明,5.1,2.214285714285714
text_01605,text,香港中評社發表專論指出，在釣魚臺爭端初期，美國只是一再宣稱釣魚臺適用於《美日安保條約》，希望以此來威懾中國，逼迫中國在爭端中讓步。,4.5,4.778
sentence_01736,sentence,這樣俄版混合戰在國土掠奪上的應用就弄完了,5.5,2.0
sentence_00185,sentence,他們會利用談判作為手段,4.0,5.0
text_02649,text,陳婉玉由代表律師引導作供，說婚後多年遭丈夫暴力對待，丈夫2002年更有外遇，翌年離開她，她曾經要接受心理輔導，作供期間她多次哽咽。,3.0,5.571
text_02042,text,校方迴應，推出定製版手機是應家長要求，購買定製手機需學生和家長一致同意，學校不參與任何收費，也不強制購買。,5.125,3.778
text_00178,text,二○○九年中國擔任法蘭克福書展主題國時，他雖受邀卻被當局禁止出境。,3.333,4.571
text_00258,text,於是孩子成了父母願望及個人喜歡的成長載體。,4.375,4.375
edu2021_00758,edu2021,雖然只是一些皮毛，不過我認為基礎也是很重要的,5.714285714285714,3.785714285714286
reflection_00985,reflection,「我們從未知而來，終將必須回到未知，死亡正是未知的起點：這是最沒有把握、卻也最有把握的一條守則。」,4.875,1.625
text_00024,text,買這本書的時候，正是我在感情方面有些心結的時候，雖然過去很長時間了，但心中仍有些情素無法平復。,3.778,6.143
sentence_00360,sentence,簡直是人生惡夢的開端,2.6,6.75
reflection_02485,reflection,我回想起這半個月我在查房會客時的所見所聞，有不願重新插管氣切，但是在拔管前裹足者；有病人已經窮盡藥石，就算插管病程仍是快速惡化者；有呼吸器設定不算太高，卻仍選擇拔管放手者……,3.1,4.6
reflection_01564,reflection,這次的經驗讓我理解到，在面對潛在醫療衝突，我們可以嘗試了解家屬情緒。,5.25,3.5
reflection_01420,reflection,黃先生的太太比較偏向撤除維生裝置，但兒子比較放不下，甚至其中一位兒子在住院的第一週時還跟我們說他在醫院裡有「眼線」，會幫他看病歷，但始終不肯透露是誰。,4.5,2.75
edu2021_00468,edu2021,真的是收穫良多，教得很棒，深入淺出,7.4,6.416666666666667
sentence_01538,sentence,盡吹毛求疵之能,4.0,5.0
sentence_00425,sentence,說來說去只是博同情而已,4.0,5.5
reflection_02068,reflection,兒子在旁，因一時難以接受現實考量，而較為嚴厲地斷然拒絕母親的提議、乃至於後來無視母親對醫師的提問，直問：「不手術的話，我們還有多少時間？」,4.0,5.125
reflection_00241,reflection,時常我麼不了解病人家庭、社會經濟、價值觀等，可能無法隨時都站在病人的角度去思考，所以在交流上不應抱有太多偏見，也應該給予家屬更多的包容。,5.5,2.75
text_02065,text,平心而論，Google有這項服務也許是一件好事...但不主動告知有這樣的功能導致容易造成使用者不必要的誤會。,4.0,4.222
sentence_02502,sentence,結果就只是單純的不歡而散,3.0,5.0
text_02182,text,在叫車服務公司Uber即將上市之際，一家計程車工會上週五表示，Uber在紐約的司機下週將舉行罷工，抗議他們認為不公平的就業條件。,4.143,5.571
reflection_00407,reflection,我的感受一開始病人家屬拒絕氣切時，其實我覺得很無奈，也替阿伯感到很心疼，因為站在醫療端的角度，像阿伯這樣自己本身呼吸條件不是很好的人，是屬於脫離呼吸器風險比較高的族群，這樣反覆拔管狀況惡化又緊急插管，無疑對病人是傷害，學姐們也多次與家屬溝通，但家屬卻不知道在堅持什麼。,3.3,4.9
reflection_00260,reflection,我的感受當下感到不耐煩，同時也覺得家屬沒顧及到病患感受。,2.8,6.875
sentence_02277,sentence,其實就連美國也是一直是在兩者之間來回搖擺的,5.0,4.667
sentence_00004,sentence,我覺得我們共同對神獻上禮讚,7.333,6.333
sentence_01228,sentence,亞里斯多德為何會如此輕率做出老鼠是腐草生出來的,4.333,6.333
reflection_00206,reflection,"每位患者都是獨特的,我們應該根據他們的身、心、靈層面的需求,提供個性化且綜合的照護,以幫助他們在困難時刻找到寬慰和平靜。",5.75,2.4
edu2021_00773,edu2021,對期末考的結果感到很失望,1.416666666666667,6.666666666666667
reflection_00092,reflection,"當下我是有覺得充滿無力感,想要幫助他們,卻已經什麼也做不了了,看到這一幕真的覺得很惋惜。",2.625,4.5
sentence_01927,sentence,要我寫也會束手無策,3.667,3.333
edu2021_01571,edu2021,今天的課程比較好懂，但是還是有很多概念不太理解，希望能解釋的淺顯易懂一點,4.583333333333333,3.357142857142857
edu2021_00056,edu2021,考試範圍很大，不知道如何開始準備,3.25,3.583333333333333
edu2021_01434,edu2021,今天學到的知識，讓我覺得很新奇,7.0,4.333333333333333
reflection_02132,reflection,拘束的議題，雖然是老生常談，但 有些家屬常常任為束縛是不人道的，甚至違反人身自由，心裡更是心疼。,4.125,4.2
text_00727,text,真心祝願您“七夕”情人節快樂！,6.375,5.75
edu2021_01575,edu2021,雖然還是有蠻多東西要想一下才能了解，但已經比較能夠跟上了,6.416666666666667,3.785714285714286
sentence_01394,sentence,丟棄支那廉價產品,5.0,5.667
text_02252,text,我，36歲，駕齡3年，4w公里朋友A，35歲，駕齡6年，15w公里A約我五一出去旅遊，正好我老婆帶孩子還在老家休哺乳假，於是我就答應了。,5.429,2.714
reflection_02314,reflection,這件事發生的隔日，病患家屬們透過家庭會議告訴我們，爸爸的生日快到了，想替父親慶生後便撤除呼吸器，那天傍晚，病患過世了。,3.5,5.0
text_01073,text,具中國籍人士能獲發我國護照的唯一可能性，是先在海外取得永久居留權，再向我國駐外館處申請中華民國護照；但外交部接獲申請後，仍會進行通盤考量，只有認定核發護照對國家有利，纔會同意放行。,5.556,3.714
text_01493,text,兩百三十三萬小時，等同兩百六十六年，相當於清朝從誕生到滅亡；每天有高達兩百二十萬的英雄被召喚作戰，也有將近四十五萬場對戰天天上演！,5.0,4.0
reflection_00637,reflection,當下聽完其實心裡還滿難過的，因為所有的醫療團隊我相信都是盡心盡力在照顧病人，治療過程也有經歷轉院、換月，醫療團隊的成員也換過很多次，不見得能夠百分之百知道過去的團隊向家屬說過什麼，每次解釋都是依照現在的狀況和我們有的知識來做推論，治療也是不斷依據每天不同時刻的症狀表現來做調整；心裡覺得老師和學長姐做了這麼多的努力，但家屬沒有直接看到，來病房後也是一再提出質疑，這感覺很不好受。,2.8,5.875
edu2021_00777,edu2021,明天就要考試了，這章頗有難度，希望別出太難,4.5,3.857142857142857
text_01184,text,進度嚴重落後，上課幾乎都聽不懂，我提報他參加學校攜手計畫，需要家長同意書，發了三四次，都沒有迴應。,3.0,4.5
sentence_02195,sentence,太郎那麼賞識康一應該是把他當男人,5.5,4.5
sentence_02538,sentence,老了少了睪固酮就少了衝勁,4.333,4.333
text_01320,text,「對不起，我過去對你不太好，希望你在另一個世界能過得好」，一位方小弟的同學，寫下對他的歉意與懷念；也有同學訴說與方小弟相處的快樂時光，更有人懷念他的笑容。,4.143,5.143
edu2021_01422,edu2021,今天上兩堂課，十分的充實，學到許多觀念,6.214285714285714,3.142857142857143
text_00440,text,難道台灣人的命不值錢嗎?,2.75,7.25
edu2021_00066,edu2021,講得很精彩,6.416666666666667,5.25
edu2021_00043,edu2021,今天上的課，真的是有點聽不懂啊，需要再好好地加油,3.916666666666667,4.357142857142857
text_00326,text,那為啥國外會用新的引擎，而不用舊的？難道外國人比較喜歡嚐鮮？還是說比較喜歡解決問題？舊車殼也沒啥不好，為啥要換？又不是每個人都是大畫家，對於美感都非常重視...XP也沒啥不好，為啥要出Vista？說穿了，這就是人性...大家都對新的事物會比較好奇...而且會推出新的產品，一定有比舊的產品在某些部份有更進步的地方，不然就不用花費大量研發成本，去推出新產品了，就一直用舊的就好啦，廠商也樂的輕鬆...,4.667,6.0
edu2021_00766,edu2021,這次的考試的範圍比較難，使我的心思都放在上面,4.416666666666667,4.428571428571429
text_01934,text,經濟部表示，尊重監委意見，並重新檢討。,5.4,4.25
edu2021_00095,edu2021,今天老師迅速的上完，較細節部分我還沒搞懂,4.857142857142857,4.416666666666667
text_01532,text,作品屢次獲得部落客百傑獎，被賦予「最溫柔動人的親子部落格」評價。,7.0,4.625
text_00218,text,因為目前客戶不多，所以能遇到的真的很少，誠如我所說的，這就是為什麼會多了七個朋友！,5.0,4.857
reflection_00931,reflection,描述事件—位轉到ccu的病患，EKG、Vital sign沒有什麼大變動，本身有DM、HTN、NSTEMI+DKA，入院經DAPT治療，但過一晚後馬上離世了，當晚到隔天早上病人無尿、懷疑是AKI，所以用CWH治療代謝酸，雖然酸中毒有緩解但是Shock持續惡化，加了 full dose升壓劑但仍然低血壓，家屬DNR不電不壓，最後病人VT後來PEA，最後asytole於11/17早上去世。,2.125,4.2
reflection_01018,reflection,我當下感到很多的無奈。,3.75,4.3
edu2021_00096,edu2021,老師上課講解很詳細，教得很棒，讚讚讚哦,8.25,7.916666666666667
reflection_02103,reflection,但因為這個是大手術，一定在手術中要把所有問題解決才能結束，手術時間相對比較長。,5.0,3.1
edu2021_01115,edu2021,希望能夠講解詳盡一些，這樣才能有更好的學習成效,4.714285714285714,3.833333333333333
sentence_02241,sentence,衣服全白計劃宣佈暫停,4.667,4.667
text_02545,text,特別的是這款飛彈並沒有火藥，因此擊中目標也不會爆炸，而是利用飛彈在旋轉時帶動彈體周圍的鋼刀旋轉來破壞目標，因此可以很精準的擊中敵人卻不會誤傷無辜。,6.333,3.333
text_00747,text,最近我和幾個朋友自駕游去揚州，經朋友介紹住在新世紀，第一感覺停車場特別大，可以同時停放約300--400輛車.,5.444,4.625
text_02812,text,不甩貿易戰，中國製造2025迫在眉梢，百年德國企業西門子看到中國正進行一場工廠智慧化的速度與規模之戰，要用AI和雲端搶先在中國轉型大戰中卡位搶先機。,5.111,3.111
sentence_01130,sentence,他憂心忡忡地說,3.333,5.333
edu2021_01433,edu2021,下禮拜就要考試了，好緊張喔,3.916666666666667,5.928571428571429
sentence_00843,sentence,樂於維持惡化現狀,2.0,6.0
reflection_00548,reflection,3. 我的反應：一開始嚴肅地站在老師身後，很迫切想從家屬口中聽到放棄葉克膜，覺得這樣似乎才是比較好的選擇，但一瞬間想到病患56 歲…不就跟我爸爸差不多嗎？,3.125,6.875
edu2021_01142,edu2021,有時候沒辦法跟上板書還是看不太懂,3.25,3.75
text_00811,text,還好，酒店的應急方案不錯，並送了一份水果致歉，最好告訴我說是新來員工擺烏龍，這個理由有點勉強。,4.222,5.0
sentence_00074,sentence,讓每一個腳印都堅實而有力量,6.75,4.75
text_00837,text,太短，打了服務電話不到兩分鐘一位帥哥拿了一條超長的。,5.222,5.143
text_01678,text,宣傳讓人民雖不滿意但支持他們，中央及地方的不滿意度儘管一直上升，但它仍未必會被取代！,4.375,5.429
text_01662,text,陳根德則建議，特赦可以朝向「有條件的政黨協商」，由民進黨提出特赦，用政黨協商方式處理，不僅可以化解社會對立的仇視，也可以讓全民一起拚經濟，陳沖迴應，「是可以讓對立的氣氛和緩」。,5.375,4.0
edu2021_00869,edu2021,今天學到的東西對於未來有極大的幫助，也對於我未來學業有重大的幫助,7.5,5.416666666666667
sentence_01903,sentence,現在還拿來當事跡宣傳,4.0,5.25
edu2021_00121,edu2021,我覺得想要學好不是那麼簡單，不抱希望了,1.666666666666667,5.714285714285714
sentence_00903,sentence,而家搵緊適當時候去做電療,5.6,4.0
sentence_02315,sentence,是呼喚或是抒情,5.5,4.667
text_02532,text,在面臨涉及領土爭議的國際衝突時，人們難免尋求歷史、史觀或宗教觀，作為各自論點的依據，因為它們往往提供有關正義、權利的準則。,5.0,2.143
text_01216,text,對此，熟知網路詐騙手法的網友也製作了關係圖提醒，表示網友透過臉書按贊、轉貼再留下詐騙業者最難取得的LINE個人帳號，將可讓不法業者輕易獲得使用者的信箱、居住地、職業、電話號碼等個人資料，透過這些資料還可以進一步轉售，導致受騙者未來收到的垃圾簡訊、垃圾信件機率大幅提升。,4.222,4.25
text_02674,text,彰銀經營權官司，臺新指財政部違約，導致臺新喪失彰銀經營權，高院判決臺新為彰銀最大股東時，財政部應支援臺新指派過半董事。,4.333,5.0
edu2021_00481,edu2021,講解題目用畫圖表示，有讓思緒更加清晰,6.714285714285714,3.333333333333333
text_01192,text,12年國教須提早分流，小學畢業就讓對學術沒興趣的孩子學習技藝。,5.0,5.0
edu2021_00863,edu2021,要寫報告了，感覺不會很難，也更會加深我們對於這方面的認知,5.916666666666667,3.928571428571428
text_00182,text,好心情是要分享的。,6.5,4.857
reflection_01173,reflection,有的，例如古埃及的木乃伊，也是用當代最先進的防腐技術去保存往生者的容顏，而英國維多莉亞時代，在富貴人家之間也流行著一種讓人毛骨悚然的行為，post mortem photo，他們會和家裡的死者合照，不僅如此，還會用心地上妝、擺位成活人的姿勢，和照片裡的活人站在一起可說是活死難辨，我們現在回頭看可能認為這是一件很駭人的事情，但這是被當時的人認可接受的。,4.0,3.875
edu2021_00148,edu2021,就算很努力看懂題目了 還是很無力的感覺,2.5,4.333333333333333
text_01803,text,題痛批，直言美參議院的不智之舉將助長日本右翼勢力氣焰，甚至讓其做出戰略誤判；而日本右翼政客一直幻想和美國捆綁在一起,3.429,6.143
edu2021_00656,edu2021,今天講的學得特別的快，因為自己有經驗，老師也利用我們的經驗讓我們學的更好更快,6.857142857142857,5.0
reflection_01708,reflection,但以目前病人狀況以及後續檢查，都尚無法斷定原因。,4.625,2.5
sentence_02151,sentence,由他的幕僚們縫縫補補再塞進更多的棉花,5.0,5.0
text_01308,text,TPA隊長Mistake在接受轉訪時表示，「如果你有夢想，就勇敢去實現，不要後悔。,6.5,6.0
reflection_01775,reflection,清創手術後，患者病況開始急遽惡化，原先預計術後拔除的氣管內管，也持續留置。,4.0,4.375
sentence_00135,sentence,他現在已經感受到黨內外和國內外的各種危險,3.75,4.5
text_01560,text,反對針對婦女暴力全國委員會統計，1998年至2010年，印尼發生4845起強姦案。,2.571,4.714
text_00792,text,定得是豪華套間，但一點都不豪華。,3.5,6.111
reflection_00196,reflection,"四.可以怎麼做我認為最重要的還是經驗的累積和臨床的學習,在接下來進入PGY的階段,多觀摩學長姐和老師如何和臨終病人學習如何在能夠做好醫病溝通,多累積急救病患的經驗,學習如何照顧好病人家屬情緒,如何以醫生的身份適時適度地給予安慰,同時能夠保持鎮定做好急救的流程和決策。",5.375,3.1
text_02916,text,雖然絕大多數的黃疸是無害的，但少數有特殊原因、黃疸數值異常高或是持續很久，則需考量是否有特殊致病因素並考慮治療。,4.556,3.333
reflection_00390,reflection,另外我們也知道手術處理對病人的病程比較好，因此在和家屬溝通時會盡力表達我們的立場。,5.0,1.75
reflection_02524,reflection,當老師與家屬提起因為氣管內管時間將在下週超過兩週，可能要開始考慮下一步是不是需要在長期照護的考量下做氣切時，患者的家屬態度顯然是不以為然的，對於他們的認知上來說，意識昏迷的患者隨時可能好轉，也自然不會認為患者需要做氣切來因應長期照護上的需求，因此他們認為氣切是一個無法接受的選項，甚至某種程度上顯得有些抗拒，,3.75,5.5
text_00733,text,這裏服務挺好的，沒有前面朋友說的那麼糟糕，聽說我是西門子的還主動幫我upgrade！,6.778,5.429
edu2021_01444,edu2021,這幾節的課程內容讓我覺得很有意義,6.75,4.416666666666667
reflection_01410,reflection,你的感受為何（使用情緒詞彙）無法諒解和感到困惑。,3.875,4.3
text_01570,text,二○一二年，遊牧民族圖阿雷格族人希望可以在馬利北部建立自己的家園，但此目標很快遭到開打與其他極端組織挾持，控制了馬利北部。,3.875,4.8
text_01280,text,其中一名男子隨後向吳宗憲示好，表示此事原則上要低調，不希望擴大，而李生原本表示暫不提傷害告訴，但下午又向中正一分局忠孝西路派出所提告。,3.778,5.333
edu2021_00605,edu2021,基礎打穩，之後的學習就會更加得心應手,6.071428571428571,3.5
reflection_00063,reflection,"反應為何當下做了什麼、想做什麼當下我認為我是醫療團隊的一員,因此不能夠顯露出悲傷的情緒,所以硬是把眼淚壓了回去,轉為觀察主治醫師如何回應病人的情緒和解釋病情來轉移自己的注意力。",2.375,6.75
reflection_01260,reflection,病人在約兩個星期前突然呼吸困難約兩天左右，診斷為肺炎造成的急性呼吸衰竭，但不排除病人本身有風濕免疫的疾病造成感染急速惡化。,4.375,5.0
text_00625,text,房間的隔音很差，我隔壁入住了幾個人，開始唱歌，後來打牌，我聽得很清楚。,3.333,6.375
reflection_01110,reflection,四、可以怎麼做1.由較為平易的形容方式來體現病人情況的嚴重度，如：「他每次拉出血的時候，用來擦乾淨的紙巾與尿布幾乎可以塞滿床邊的小垃圾桶。」及「他現在的出血點不是一個大洞，而是好幾個不同位置的小洞，我們很難全部塞住。」,4.7,4.75
reflection_00547,reflection,若是我爸爸躺在那邊，換我被逼問要不要葉克膜呢？,2.625,5.9
edu2021_01397,edu2021,今天的課程我大致能掌握,5.928571428571429,4.0
edu2021_00713,edu2021,上課內容越來越接近我們日常生活中會接觸到的東西，很好玩也很有意思,6.75,5.75
reflection_01924,reflection,生命往往總是會和我們開玩笑，讓我們去體會一下失敗的感覺；困惑的感覺；潦倒的滋味；過得去的，回首看去只是個小阻礙，過不去的，永遠會是心中難以跨越的檻。,4.125,4.0
sentence_02000,sentence,頭微微傾向會倒住掌心那一側,5.0,4.0
text_02581,text,邪惡老鼠帝國不只將推出Disney+影音串流服務，現在又將取得另一串流服務Hulu的營運權，目前龍頭Netflix面臨的競爭壓力越來越大。,5.0,5.0
text_02829,text,這些個案以港人在內地遭受拆遷，無理強拆，為了守護家園，被屈煽惑、尋尋釁滋事罪或襲擊罪，在拘留時面對酷刑，屈打成招，脅迫家人。,2.875,6.125
sentence_01178,sentence,願你照你的話憐憫我,3.333,5.0
edu2021_01515,edu2021,今天的課內容吸收還可以，不算太難理解,5.928571428571429,3.0
sentence_00060,sentence,之前到底在幹嘛,3.667,6.667
sentence_02091,sentence,可以不要每次都把自己包裝成甚麼悲情女主角嗎,3.333,6.0
text_02027,text,在即將開始的篇章中，我們會分享參與新視野號的工作是怎樣的一種經驗，畢竟這是人類太空探險史上最為人所熟知的一次計畫。,6.375,5.25
text_01261,text,有些飼主會放任自家寶貝亂跑，甚至讓狗跳上桌，這不僅影響到他人，也會讓店家對寵物關上大門，害乖寶寶再也去不了。,3.125,6.0
text_00658,text,最大的優點也就是價錢比較實惠，另外有免費停車場（如果住在古鎮裏面，白天是不允許把車開進去的）。,6.0,4.625
sentence_01137,sentence,常常聽到的古典制約之類的,5.0,4.667
text_00952,text,看似乎不是很平整，我的外殼是白色的非常漂亮，發熱可以忍受，在夏天放大腿上基本上是溫溫的而不是燙人的感覺.,5.5,4.0
text_00600,text,酒店針對客人提出的問題，現已認真整改，希望每一位入住渤海明珠酒店的您都能高興入住，滿意而歸。,6.889,5.125
sentence_02392,sentence,街上所有車子都很有耐性的等他們離開,6.0,5.0
sentence_02492,sentence,比起除地上的雜草,5.0,2.333
sentence_01653,sentence,即便明月亦無明亮,4.0,3.0
text_02368,text,據英國廣播公司當地時間2日報道，當天，英國的多家報紙都援引威廉姆斯的話說，他是仇殺和袋鼠法庭的受害者。,3.0,5.0
edu2021_00466,edu2021,今天坐在中間的座位，發現聽課效果良好,6.428571428571429,3.25
text_01367,text,前天下午，高雄市鹽埕區新樂街上發生疑似男女感情糾葛的情殺案，被害的陳女在上班打工的「麻糬店」外，被疑似彭姓前男友砍殺成重傷，經送醫急救開刀後，仍有四十八小時的危險期待觀察。,3.25,4.75
edu2021_01526,edu2021,今天講了好多東西，不過都是點到為止,4.416666666666667,3.857142857142857
text_02222,text,一項新的研究分析了不同型別的飲食，並揭示了它們與那種癌症最密切相關，例如沒有食用足夠的水果和蔬菜被認為與口腔癌相關性更高。,4.667,2.833
sentence_00358,sentence,據香港南華早報透露,4.667,2.667
text_00352,text,很多車主抱怨新車怠速抖動嚴重----冷車時更嚴重。,3.25,5.667
text_00822,text,一如既往的支持，不錯的酒店，服務上再上去一點就好了。,6.556,3.889
edu2021_00662,edu2021,今天的課滿具有思考性的,6.666666666666667,4.285714285714286
sentence_01845,sentence,因為或許有人敬畏過我,5.75,6.25
reflection_02498,reflection,像是在照顧primary care過程中，雖然我每天都會去看病人的意識、呼吸狀況等等，但當家屬反應病人的右腳趾頭開始變紫發黑時，才發覺我根本沒有注意到，我就只有一位primary care，應該是要能夠主動發現問題然後去跟老師和學長討論，但往往都是之後才在看老師今天做了什麼處置，稱不上是在「照顧」病人，更像是事後在「研究老師怎麼照顧病人」，雖然也是可以從中學習到不少，但總覺得自己可以做到更多，也提醒自己在照顧病人要更加仔細，不是只有專注病人主要的問題，其他的評估也要多加留意。,4.7,5.5
text_00460,text,camry本來就是同級車得標竿，在這級距本來他的對手就只有他自己，說哪台車好哪台車不好，說實在的~~只有銷售數字不會騙人產品好沒道理賣不出去，東西賣不出去不去找原因反而在這邊取笑別人，我是覺的很可憐啦~~ACCORD跟Ecoboost為何不75萬起跳，回饋消費者也好阿，有人買才有機會淘汰大家口中爛產品，不願在價格上做讓步，只想請些人在網路上打嘴炮~~怪不得東西賣不出去,3.25,6.667
text_00954,text,顯卡是65nm的，估計是9300GS的馬甲，nVidia的老把戲，估計再這樣玩下去要NV倒閉了。,3.75,5.5
reflection_00475,reflection,有一天夜學我抱著自己整理伯伯的data跑去問住院醫師，比方說查一些更罕見的病原體呢？,6.0,4.3
text_00643,text,酒店背山面湖，地理位置優越，經營面積在當地算大，鬧中有靜，天然優勢比較明顯，看得出以往曾經有過一段輝煌的歷史，但不知什麼原因現在反而不捨得投入去做日常的維護和保養，各項設施比較破敗，服務人員也少，服務質素一般，房費偏高，但就其地理位置的優越性而言，好象可替代的酒店不多，鑑於其地段和自然環境的優越性，所以下次去還是會選擇入住。,5.6,4.667
sentence_00546,sentence,重點係有個聚腳點方便聚聚,5.333,4.0
text_00759,text,千萬小心使用。,5.125,5.833
text_02549,text,他們知道自己喜歡什麼，也知道自己喜歡誰；他們以非常快的速度做決定，並會確實執行——且隨著年紀增長，他們對此也將越來越熟練。,6.0,3.778
text_00987,text,電腦工程師很專業和有效率，及時幫我排除了一些難題。,6.889,5.25
text_00248,text,夢想一旦實現就不在具備夢想的屬性，愛情亦如此！,4.714,4.875
reflection_01543,reflection,後來我嘗試以家屬的角度思考，病患原本尚有自主生活能力，在最近2個月中突然因為接連的感染導致臥床行動不便，甚至插管等一系列並還來說相當痛苦情形，或許病患本人之前曾表示過不想如此痛苦地或下去，又或許作為病患的子女不願看到病患如此痛苦，從原本生活獨立短時間內變成臥床插管意識不清，進而艱難地做出了想要撤除維生儀器進入安寧的決定，這樣一想我便能同理家屬為何會突然落淚並作出這樣的決定，而醫師的表現是表達肯定並一同與家屬安排後續事宜。,2.875,5.625
reflection_00716,reflection,以病人的角度來說，自己的生存意志究竟重不重要，畢竟患者雖然有自己生命的決定權，但一輩子臥床戴呼吸器，是他自己所希望的生存嗎?,4.0,4.0
reflection_01764,reflection,這個會談過程帶給我不小的震撼，當下覺得很困難的是，面對情緒潰堤的家屬，要保持平穩的心情，繼續理性客觀說明病況、給予建議，真的好不容易，雖然我只是在一旁觀看，但都覺察到自己情緒波動很大，如果置身場內，應該會更慌。,3.75,6.625
text_00317,text,樓主，TOYOTA版的護衛隊惡劣出了名對TOYOTA車子上網抱怨瑕疵的，就是群起圍剿口誅筆伐、譏諷耶瑜建議你的文章，最好再補些照片、工單等證據，貼上來mobile01來大家就有公評不要理會toyota護衛隊的惡毒言語一些拿工讀金還沒不起車的人而已)可以的話進線0800記得錄音存證)如果它們相應不理，接著下來再找媒體、消保官協助toyota的自衛隊，品行真是太差了可憐買它們家車子，安全配備差價格貴，還得忍受自衛隊的戲弄。惡劣,3.0,7.556
sentence_02252,sentence,女子遭凌虐肢解,2.0,6.5
text_01171,text,電玩產業值得投資經營，但也有3成網友表示臺灣還沒準備好。,4.625,5.0
text_00966,text,其他廠商的用壞過不少，老款的一些現在還有幾個基本成了垃圾。,3.0,5.0
sentence_00289,sentence,但是不能因為立場而卑鄙到顛倒黑白的程度,4.0,7.25
text_02185,text,按照特斯拉的說法，AutoPilot功能已經在全球有了超過10億英里的行駛記錄，絕大多數情況下，都比人類司機更機敏和安全。,7.0,5.5
sentence_02205,sentence,處於曖昧狀態但還沒結婚,5.0,3.333
text_00881,text,鍵盤手感極好，打字噪音小。,6.667,4.444
text_02041,text,華為據報已即時失去獲得Android更新的資格，不過更嚴重的是以後推出的華為手機將不能使用Google服務，包括PlayStore、Gmail等等。,2.889,4.875
edu2021_00235,edu2021,了解能如何運用在現實，蠻有趣的,6.214285714285714,4.428571428571429
sentence_01914,sentence,寧可花費巨資建造昂貴機艦,4.0,5.75
text_01266,text,「如果你做不到，求你行行好，上餐廳別再帶寶包，以免害別家乖寶貝再也去不了。,3.556,6.0
text_00869,text,今天淩晨2點下的訂單，下午3點就收到了真是速度啊本來想先驗驗貨載載刷卡呵呵送貨員不讓但是可以理解回家打開一看都說分區表態現在果然是見識了給客服打了2個電話諮詢了一下備份和安裝驅動的問題客戶很好把郵件發到我郵箱裏了還有各種xp的驅動資訊和注意事項不錯不錯,7.0,5.429
text_00070,text,但是要注意一點，水喝多了是好，但問題是什麼樣的水纔對身體有好處。,5.556,4.5
sentence_01099,sentence,站街的妓女看誰都是出來賣的,2.5,6.0
reflection_02158,reflection,面對至親逐步面對死亡絕對是困難的課題，如何從否定到接受絕對不容易，可能花費許久仍在其中幾個階段來來回回，甚至終其一生都無法接受。,3.375,4.6
reflection_00783,reflection,當時的我很想向前給家屬一些心理上的安慰，告訴他們辛苦了，但最後卻沒有勇氣做出這一步。,2.8,6.6
text_01727,text,胡錦濤這次「裸退」，也創造中共史上同時卸下總書記及軍委主席先例，此舉將有利中共高層制度輪替。,6.0,5.625
sentence_01427,sentence,我看過一些文章介紹日本人很推崇王維的詩,6.5,3.25
sentence_00127,sentence,大部分有良知的還是通過不發聲來做到實事求是或者至少不歪曲事實,6.5,5.5
sentence_00526,sentence,30年來談64各方由於種種原因迴避其國際背景,3.0,5.333
sentence_00977,sentence,用他們壓榨別人回來的錢捐款甚至資助新創,4.4,6.0
reflection_01408,reflection,因為檢體已過保留期限，故已被丟棄，擔心家屬可能責備高醫檢體保留相關問題。,4.125,4.1
reflection_01642,reflection,因為蘇伯伯其實在8/24就有到MICU，只是剛好不是我負責的病患，到第二次回MICU後才對他的狀況比較清楚：,4.75,2.25
text_01380,text,去年2月1日，塞德港爆發足球暴動，當時地主隊擊敗勁旅開羅隊，導致雙方球迷持械鬥毆，一共造成74死的慘劇，還有上千人受傷。,2.625,3.857
text_00808,text,一氣之下我把它給拆了，應該是裝配問題，風扇運轉很安靜，是其他地方和它發生了共振或摩擦，從新裝了一遍現在好了。,4.143,4.571
text_02954,text,委內瑞拉緊繃局勢持續升高，委內瑞拉邊境爆發槍響，連結委國和哥倫比亞的西蒙玻利瓦爾國際大橋的附近道路槍聲大作，當時企圖跨越邊境的委國民眾全嚇得到處躲避。,3.0,6.714
edu2021_00246,edu2021,希望不要有考古題這種東西，真的很不公平,2.428571428571428,6.0
sentence_00869,sentence,這便是汝的惡習唷,3.6,5.25
sentence_01847,sentence,他的4個兒女身體健全,7.0,3.0
edu2021_00360,edu2021,對課程內容有了更深的了解，覺得學到很多,6.75,4.916666666666667
text_00100,text,特別是主人公面對困境艱苦奮鬥的精神，對今天的人們仍有極大影響。,6.333,4.857
edu2021_01043,edu2021,內容吸引人,7.25,1.714285714285714
text_00521,text,這你就錯了!懂車的人注重車的人真的不會去開TOYOTA這你慢慢去外面觀察跟多交交有開車的朋友就知道了!!另外你說:有些冷門車的車主自以為很有品味很懂車那些人的車在別人眼裡可能比toyota更像垃圾你得這段話真得很可笑!還挺想聽聽看哪些是你認為冷門的垃圾車?,3.25,7.167
sentence_00891,sentence,臺北橋上的機車道,5.0,2.6
edu2021_00837,edu2021,課堂上提到的例子，令我大開眼界,7.0,6.583333333333333
reflection_00016,reflection,"含情緒用詞為何會有這種感覺(信仰、態度、價值觀)先入為主如何影響感受我覺得病人家屬當下被告知的時候沒辦法馬上接受這個事實,會一直有一個希望在,會期待病人有好轉的一天,但其實病人已經被告知好轉的機率很低,雖然家屬沒有責怪醫生但是總有個期待的心情希望醫生可以在救看看",4.375,4.3
text_01813,text,我反對死刑的原因很簡單：就是無法降低犯罪率.,4.333,5.0
text_01119,text,有人則說臺灣失去了一股正義力量，請各位網友默哀三分鐘。,2.875,5.857
reflection_01823,reflection,你的感受為何（使用情緒詞彙）當下我感到些許失望並在心中質疑父親的決定感到失望的原因是由於病患還年輕，對於氣切的決定也一定是主治醫師經過審慎評估後才行駛的。,3.375,3.5
edu2021_01450,edu2021,學習新知是一件再快樂不過的事情了,7.571428571428571,6.916666666666667
text_00802,text,和老婆一起在揚州度了三天的蜜月，在酒店住了三天，感覺很不錯，是目前我們住過的最好的三星級酒店了。,7.25,6.286
reflection_02426,reflection,"回來對照曾寶賢女士，他也有被開Ciproxin,但是原因是她血型動力學不穩定(一樣shock)再加上多重抗藥性細菌感染風險高(其實urine culture已經長出XDR的KP了)，所以符合Ciproxin的criteria(Ciproxin的包裝上面都有寫，血型動力學不穩+多重抗藥性細菌感染風險高要Ciproxin + beta-latam)。",4.625,2.375
text_01533,text,回想成長過程，不管是生活方式、學校或工作，受到父母期望而下的決定不勝枚舉。,4.0,4.556
text_02369,text,前不久，知名爆料網站Slashleaks分享了一批小米手環4渲染圖，顯示其搭載了一款OLED彩色顯示屏，下方的小圓圈觸控按鍵不再凹陷，而是一體式。,5.5,4.667
sentence_01674,sentence,白金漢宮與女王最近的距離,5.0,4.0
sentence_02511,sentence,中華民族可會一蹶不振,3.333,5.0
text_02006,text,其中，有人幾乎就是國家元首代言者，有人則為觀眾監督政府不遺餘力，也有人在主播臺上插播另一半死訊時強忍悲痛，無論於公於私同樣搶眼。,4.571,5.143
text_02441,text,IKEA宜家家居新店店於5月16日盛大開幕，不少民眾清晨就來排隊朝聖，除了邀請優人神鼓進行開場表演，IKEA新店店也遵循傳統，舉辦瑞典鋸木儀式歡慶開幕。,6.333,5.778
sentence_02250,sentence,五位警花聯手很費力才拿下男子,5.0,7.0
reflection_01398,reflection,至於醫院方能不能跟警界有穩定的合作關係(像是兒虐或家暴驗傷，有一套配合的系統)，讓有關證據留存的資訊兩者不要有落差，就是醫院上層需要幫忙的部分了。,5.125,2.125
text_01166,text,他說，大多數親友還是希望自己好好完成學業，考個公務員，安穩過生活；自己打算繼續從事職業電競，將來退居幕後，公司已對選手的生涯做妥善規劃，將輔佐相關技能訓練。,5.444,4.111
sentence_02062,sentence,一名女子和車上的五條狗全數喪生,2.0,6.0
reflection_02370,reflection,Sepsis的狀況逐漸改善，呼吸器的指標也逐漸朝向Weaning的方向調整，但仍未達到可以完全Weaning的程度。,5.0,3.4
sentence_01804,sentence,貴婦極致無瑕美肌,6.75,5.0
edu2021_01465,edu2021,我覺得這是很重要的一門課,6.333333333333333,4.083333333333333
sentence_01848,sentence,你斷裂了那捆綁我的鎖鏈,7.0,6.0
sentence_02545,sentence,但這是虛無的詩意,4.667,3.333
text_00529,text,ok~瞭解嗎？只是希望你認清事而己！,4.25,4.875
sentence_01464,sentence,講效率講結果不講程式也不講究做人準則,3.0,5.0
sentence_01408,sentence,為什麼我逛街時堅決要自己行動不要他陪,4.75,4.6
text_01460,text,李俊俋收藏蛇領帶也是「低年級」的民進黨立委李俊俋，對蛇相當冷感，被問及對蛇有何感覺？他說，很少談這種東西，倒是有收藏一條蛇圖案的領帶，是在國外旅遊時發現的；因有關蛇的物品比較罕見、自己又屬蛇，覺得有趣纔買回來。,5.0,4.286
reflection_02065,reflection,對我而言，正如老師所分析的，有必要為了極小的幸運賠上立即被剝奪生命或必須接受更親入性的治療的賭注嗎？,3.5,5.875
sentence_02541,sentence,有海納百川的雅量,8.5,4.4
text_00641,text,房間地毯非常髒；窗戶隔音非常差，外面就是馬路，只要有車就很吵；衛生間掛毛巾的地方都沒有，除非臺板下麵；沒有免費的飲用水；總檯的服務很差，好像是你欠她的。,2.5,6.571
text_01995,text,難道消滅國民黨真的高於一切?,3.778,5.0
text_00322,text,不只RAV4吧，我朋友的2007買的ALTIS新車3個月不到)味道就很明顯了，因為我親身體驗過，我覺得ALTIS狀況比我自己使用的RAV4還嚴重，我的RAV4半年了，至少目前還沒有味道。,4.222,5.0
reflection_01887,reflection,當老師說明現在意識不清楚，兒子覺得阿公是有意識的，因為他還會睜眼。,4.0,3.125
edu2021_00167,edu2021,今天的課程內容令人覺得很厲害來著，不過有些原理還是不太懂,4.833333333333333,4.75
edu2021_00216,edu2021,今天所學對我有很大的助益，不過還是需要花許多時間理解,5.75,5.416666666666667
reflection_01004,reflection,雖然這樣的行為顯得無情且冷漠，但不了解他人狀況時不能用自己的立場去設想然後強壓自己的想法在他人身上。,4.25,4.625
sentence_00486,sentence,劉鶴赴美只求川普下手輕點,5.0,3.4
text_01006,text,最爽的是六芯電池，充滿電可以用四個小時，我很滿意,7.375,6.0
edu2021_01069,edu2021,今天很累，沒仔細聽,3.214285714285714,2.25
edu2021_00728,edu2021,拿到課本後，有聽不懂的，也可以看一下課本讓自己更瞭解上課的內容,5.083333333333333,3.0
text_01889,text,前總統阿扁因涉貪入獄，論法是該被關，但站在不少臺灣人的角度，誰纔是真正的貪汙犯？是蔣介石，更是國民黨，這口怨氣，或許就是馬英九總統欠阿扁的一個公道：特赦阿扁吧！,4.3,7.0
sentence_01462,sentence,就像之前最終回聚來的元氣彈也是需要靠燈花轉換成其他人的魔力,5.333,5.0
reflection_00489,reflection,病人有糖尿病，高血壓與大腸癌病史，因感染COVID-19，進而引發敗血症，合併消化道出血(有給somatostatin with pantoloc，但效果有限)，導致休克與多重器官損傷，於7/8入住CCU。,3.4,3.25
edu2021_00325,edu2021,今天上課超專心的，學到了很多東西，感覺開心,8.166666666666666,6.357142857142857
text_02550,text,受害人無能力複述事發經過，疑犯或在保持緘默、推諉卸責下，逃脫謀殺或誤殺罪，又或控方要被迫控以較輕罪行。,3.714,5.5
reflection_01713,reflection,同時也能合併安寧護理師和社工師的介入，召開家庭會議，讓家屬們共同協商，減輕撤除的決定對兒子們造成的負擔和罪惡感。,4.6,5.125
reflection_02491,reflection,他的老伴神情滿懷不安，主要決策著大女兒具有醫療背景，傾向積極救治病人，而其他兒女也面色凝重的望向醫師，而我們則靜靜的在旁聆聽著老師向他們解釋病情的一字一句。,3.75,5.25
reflection_01977,reflection,而且不同於我所見到的其他家庭會議，王婆婆的一雙女兒即便不捨，但似乎對她們的決定並不猶豫，也許是母親平素就已經表達多了自己的危急時刻的意向，「但我們還會再觀察看看，如果婆婆這幾天情況穩定、有慢慢變好，也許可以朝著拔管的方向努力看看。」,5.4,3.75
text_00139,text,珍惜我們還有這些可愛的朋友，如果看了＜寂靜的春天＞，你一定會感嘆錯過了永遠的失去了，鳥兒。,4.25,4.286
reflection_02105,reflection,醫師一開始先和患者的妻子解釋病情，妻子表示仍然想要拼拼看（手術），醫師表示手術時間長可能當下就過世，妻子詢問：「有沒有什麼科技可以減少手術時間？手術前會打營養品嗎？」,3.875,4.375
reflection_00134,reflection,"再來是對於這類型的家屬,也許醫護人員間的用詞可以再仔細一些,可能在交班時需要特別註明解釋方式,並且解釋的內容也要向下一位醫師及會診的醫師說明,讓大家都知道目前家屬的了解程度,以免突如其來「抽查」時再度被質疑。",4.5,3.3
text_02776,text,卅九歲胡姓男子用鈍器猛擊六十五歲父親，再以水果刀刺殺父親廿多刀致死，父親陳屍家中客廳三天，因為屍體發臭，胡姓男子才搬運上車載到溪洲橋下放水流。,1.429,6.5
text_01046,text,李安在奧斯卡獎頒獎前一壯聲色。,5.444,4.286
text_01217,text,「LINE免費貼圖」粉絲團已經超過3個，雖然同時有貼心網友呼籲這次詐騙訊息，但仍有網友持續轉貼受騙中，《ETtoday新聞雲》呼籲雲友協助針對該粉絲團進行檢舉，別讓不法業者得逞。,5.0,5.286
text_01007,text,靜音，音箱效果還行，512M的獨顯,6.0,4.444
text_01867,text,陳沖強調，自由經濟示範區是臺灣經濟自由化的里程碑，對我國國家競爭力與經濟發展影響深遠，示範區各項議題於今日會議已獲高度共識，僅少部分須再討論議題，請經建會與相關部會研商定案，儘速研提具體方案報院覈定，並同時展開立法作業，各部會亦應全力配合後續法規訂定與推動事宜，以開展臺灣新一波經濟自由化。,5.5,4.444
reflection_00901,reflection,一位高齡為91歲的阿公，這次因為慢性腎臟病急性惡化加上肺炎及泌尿道感染導致的敗血症而入院。,4.25,3.9
sentence_01751,sentence,即使是深綠都很難挑剔他,6.0,5.333
edu2021_01207,edu2021,有些地方還連不起來，所以我自己要回家弄清楚,4.142857142857143,4.928571428571429
text_02537,text,47歲的裴希耶原本在法國東部城市貝桑鬆2傢俬人醫院擔任麻醉醫生，現被控犯下24起案件，其中9人不幸喪命。,2.875,5.0
text_02605,text,中國被指在新疆大規模關押和監控維吾爾人，聯合國一個人權小組報告更指，有高達一百萬維吾爾人可能被非法關押。,2.7,5.444
text_00886,text,外觀漂亮，系統不是很難弄，剛開始看了很多評價說難弄，實際上沒那麼困難，將boot選項第一選項選從DVD起動，其它就直接安裝了。,6.0,4.667
sentence_00780,sentence,用純真的心看見,7.4,5.0
edu2021_00597,edu2021,今天上課教的有點難，有很多地方聽不大懂，下禮拜要考試也太有難度了,2.916666666666667,7.583333333333333
sentence_02204,sentence,草包沒有審慎評估就降為乙等,2.333,5.0
sentence_00109,sentence,卻幾乎全無用處,2.667,6.667
text_02507,text,卡哇伊嗲新奇駿天籟軒逸騏達逍客昂克賽拉CX5阿特茲天貓6.1特價16元，可參加滿2件9折，購買二件28.8元，合14.4元/件。,5.333,3.222
text_00325,text,如果我是你我仍然會選擇現在你這樣的生活不關有多少艱難的時刻但都以溫馨的語言描述過去生活就好像澳洲的海洋和陽光美好而燦爛有安東尼蚊子的陪伴漫長的時光也不再難熬我有2本1本自己的一本送給遠在日本的男朋友希望他在是失望難過傷心的時候看看安東尼的字在這個世界上有很多像他們一樣的孩子有安東尼有我陪?,6.25,3.833
text_01933,text,政策性因素訂定標準、研究是否訂定獎金上限、合併考覈與績效獎金等；施顏祥並透露，經濟部正積極研究臺電、臺水、臺糖等國營事業，可透過修法朝民營化邁進。,5.25,4.571
sentence_00627,sentence,不停地找事物來迷戀,5.333,4.333
sentence_00514,sentence,美爹的軍火商可高興壞了,8.0,8.0
edu2021_00830,edu2021,今天講的總算勉強能聽懂了,5.5,4.0
reflection_00298,reflection,可以怎麽做在醫療院所當中，被親屬放棄照顧的屢見不癬，即便經濟負擔在還可以的狀態下，心力與體力的付出，在長時間下來是一項很大的考驗。,4.0,3.2
text_00532,text,安全線已到--我見過開到鋼絲外漏還不願意換的車主卡車，這種人最可惡，沒錢換胎開什麼車，走路就好了，不要害人。,2.556,6.714
text_01355,text,四處攻擊路人，幸好大家遠遠見他不對勁，都繞道而行。,3.222,5.333
reflection_00770,reflection,"然而事實是,不是患者接受氣切後成為植物人,而是植物人因長期臥床才需要氣切,因果關係被混淆。",4.3,2.125
reflection_01738,reflection,該病患一直以來都在高醫的心臟科的門診 ，由特定的醫師追蹤此次入院 懷疑STEMI但是拒絕 PCI 家屬也擔心而病人堅持要平時追蹤門診的醫師來為他評估，只接受他的建議。,4.5,5.3
sentence_01425,sentence,這件事情的本質是北京蔑視加國的司法主權和人權,2.5,6.5
text_00999,text,其次，從配置上來看，比較均衡，並且據評測，顯卡的能力要比105GM強；LED的螢幕比TFT感覺舒服，200萬的攝像頭也實用。,6.444,5.222
text_02362,text,隨著共用單車的爆發和智慧門鎖的快速落地，自行車鎖和門鎖均快速完成了智慧化轉變，實現聯網管理，用藍芽、指紋等替代鑰匙等，一定程度上革新了傳統車鎖和門鎖市場。,6.857,4.167
text_00518,text,真的，主、被動再強，還是駕駛人的觀念最重要，不然也不會有名人的高級車或超跑...等的撞車新聞了，雖然都沒大礙，但開T牌的，撞車就一定會死人，是嗎?,3.7,6.0
edu2021_00577,edu2021,能夠了解，但還是有點抽象的概念而已就是了,5.285714285714286,4.833333333333333
edu2021_00976,edu2021,雖然說收穫很多，但是我覺得教得還是有一點快,5.75,3.166666666666667
edu2021_01275,edu2021,教授不斷提醒我們這是以後的趨勢，我們應該好好的學習，在未來才能有好的發展,6.583333333333333,3.166666666666667
edu2021_00734,edu2021,今天上的很有趣，例子生動，生活中看得見，值得學習,6.916666666666667,6.0
edu2021_00979,edu2021,比起之前所學的知識來說今天教得更加深入， 受益良多,7.5,6.0
sentence_02306,sentence,的比分結束了屠宰場,4.667,4.0
edu2021_00917,edu2021,或許我真的不適合這門課，到現在還是聽不懂,2.583333333333333,5.0
sentence_01440,sentence,這也包括你身邊那些沈默寡言,4.0,5.0
edu2021_00851,edu2021,覺得很有趣，會再找時間深入了解,6.583333333333333,3.0
reflection_02293,reflection,原來家屬已經從護理師那邊大概了解狀況，但他們猶疑的點在於病人在還能表達時說過的話:不想要氣切，不知道現在又讓他進行這樣的手術是否違反了他的心願。,3.7,5.625
text_01824,text,林義雄這輩子沒做過高官只有坐過國黨的黑牢他是台灣人受苦受難的象徵也是國黨永遠無法彌補的錯看到他就會想起228想起台灣人的悲哀也想起被國民黨屠殺以及關在鳥籠中的那份恥辱!今天林義雄再度站了出來也許有人認為他再胡鬧有人說你不能代表台灣2300萬人這都正確都OK!但誰想過他的苦?,3.375,7.0
reflection_00085,reflection,"回到家後在控制良好的情況下,或許還能讓個案與家屬盡可能享受天倫之樂的時光。",5.7,3.3
text_01895,text,日前臺北市長郝龍斌在月前表態支持阿扁保外就醫，並強調阿扁的保外就醫不單是司法問題，而是牽動許多綠營情感的社會心理問題，對於一個深藍且執政的人物，郝龍斌似乎捅了個馬蜂窩，幾乎被藍營罵翻了，但郝龍斌的這番話似乎僅點出了現況，殊不知更深的意涵就是國民黨對臺灣的另一種道歉方式，更是消弭藍綠對立的一種方式。,4.4,4.714
sentence_00694,sentence,這是中國人極其不理智地自絕於傳統,2.5,5.75
sentence_00510,sentence,吃了高血壓可就拿不下來了,3.4,5.8
edu2021_01217,edu2021,對於部分內容可能還是不大清楚,3.785714285714286,3.714285714285714
edu2021_00397,edu2021,我常常聽不懂老師講了甚麼英文，但要是能夠翻譯一次的話，我的大腦就能自動對應出解釋了,4.083333333333333,3.9
edu2021_00775,edu2021,覺得自己還有很大的進步空間,5.142857142857143,4.857142857142857
reflection_01369,reflection,雖然對於病患藥物服從性差而讓這麼多人為他傷心擔憂、也讓社會付出了這麼多成本，我還是不太能理解，但家屬的心情多少是能同理的，病患會有今天這樣得狀況對他們來說是非常快速而且在意料之外的，誰會想到一位64歲平時看起來也沒什麼大問題的男性，會這麼快就走到這樣的情形、他們甚至沒有和本人討論過若意外發生時他自己的相關意願，可見這位病患有可能走向死亡，對於現在的家屬而言根本想都沒想過，在這樣的心理狀態下遇到這樣的驟變，任誰也無法一時調適過來並且接受，平時有些醫學的問題就很難理解了，更何況是在悲傷之進還要處理這麼龐大的資訊量，確實是一件很困難的事，因此除了一而再耐心地解釋他們的疑惑，也可以想想什麼樣的說法會是比較容易理解的，希望能幫上一些忙。,3.875,4.875
sentence_02324,sentence,其航行最高時速四十四節約七十多公里,5.0,2.75
sentence_01882,sentence,專屬於你的王妃,7.0,5.0
sentence_00213,sentence,人性卑劣的很多,3.0,4.25
edu2021_01428,edu2021,很多課都不太懂，不太清楚在說什麼,2.916666666666667,4.666666666666667
text_00206,text,我就被這本書吸引住了，一個晚上讀完了,6.333,6.444
text_00084,text,就像米娜姐說的一樣：愛的時候，做再多事都不嫌麻煩.,6.333,5.75
text_01621,text,TIWA專員許家雋指出，臺灣今年1整年有許多歧視外勞的事件，包括行政院增加外勞引進配額，製造更多便宜但血汗的奴工；解決外籍看護工休假問題的《家事服務法》，遭到行政院冷凍多時；臺北車站9月間在大廳拉起「紅龍」，阻止外勞聚集。,3.778,6.0
reflection_00545,reflection,4. 我可以怎麼做：我想適當的同理心是好的，但陷入太深反而會失去專業的判斷，很佩服面對情緒崩潰的家屬依然能冷靜說明的師長們，換成是我來講跟著落淚都不無可能，還需要多練習如何沉穩並清楚地講話，而多跟著師長們反覆經歷類似的事，或許有機會讓我過於豐沛的情感(淚腺)痲痹一點？,4.125,2.1
edu2021_00093,edu2021,今天老師說話特別有趣，可說是目前最有趣的一節,7.5,5.5
reflection_00211,reflection,"同時,我們也應該提供適當的緩和治療,減輕患者身心的負擔,讓患者在生命的最後階段得到適當的照護和尊重。",6.125,3.0
sentence_02216,sentence,越是艱險越向前,7.333,6.667
sentence_02282,sentence,美國必須撤銷所有額外增稅,4.5,6.0
reflection_02362,reflection,每天重複說明對於一切急救全拒，說道如果她要離開了那是她的命，她已經花掉我一台BMW的錢…等等。,3.1,7.0
sentence_01095,sentence,不知道譴責劊子手,3.6,5.25
text_02677,text,在北京，外交部強烈譴責日前巴基斯坦針對一間五星級酒店的恐怖襲擊，對在襲擊事件中的犧牲的人員表示哀悼，並對遇難者家屬和受傷人員表示慰問。,3.0,4.0
reflection_00763,reflection,"難過的是患者從入院到離世不到兩周,且患者在入院前三天還能活動自如在家裡打太極拳,不到兩周便病危,以為家屬來說可能會難以接受,甚至是會有所質疑。",2.8,5.7
reflection_00417,reflection,因此和伯伯討論再插管的意願，然而插過管的伯伯堅決拒絕再插管，但是另一方面伯伯的家屬對於治療非常積極，希望能夠再插管接受完整的治療，因此僵直不下。,3.375,5.2
text_00487,text,有錢為什麼要買Camry?,4.444,5.571
text_01239,text,用積分鼓勵員工熟悉遊戲，公司每年提10％到15％營收，當年終獎金只要達成任務越高，或是主動幫公司提案，積分越高，獎金越多，去年的第一名年終就羨煞不少人，遊戲基地員工：「去年這制度底下，加上績效獎金大概20，不到25萬。,6.556,5.0
text_02872,text,高雄市一名黃姓女子在懷孕2個月後，進入一間公司擔任計畫部專員，沒想到期間突然早產，導致得剖腹生產，女兒在出生後沒多久就夭折。,2.333,5.25
edu2021_00913,edu2021,老師很有趣，還能學到許多知識,6.7,4.428571428571429
sentence_00307,sentence,阿嬤的味道我也很懷念,6.5,7.5
sentence_01380,sentence,而非像我們有時在書寫文字或文章時後或在聆聽或閱覽文字時感受是直接用負向去抒發或用著文字是如此尖銳的,4.5,4.0
sentence_01801,sentence,遐方不許貢珍奇,4.8,5.6
edu2021_00182,edu2021,由於自身的專業詞彙不足，課堂中常聽到一些陌生的術語，無法及時反應,3.666666666666667,5.833333333333333
text_02743,text,我是國民黨員，但在5月17日看到韓國瑜宣佈願意參與國民黨總統初選，也就是市長當不到5個月就想落跑去選總統，被同黨的同志所騙，我們感覺很可恥！,3.25,6.25
sentence_01388,sentence,過了兩分鐘沒辦法撤回了,4.0,5.5
sentence_02412,sentence,卷宗丟失調查取得進展,5.667,3.333
edu2021_00541,edu2021,聽說下次考試數量有點繁多，所以感覺有點壓力呢,4.333333333333333,3.166666666666667
sentence_01356,sentence,讓家事糾紛減下去,6.0,6.0
text_02932,text,2018年10月21日下午四時五十分，臺鐵6432次普悠瑪自強號列車在新馬車站旁發生火車脫軌事故，全車366人，18人死亡，215人輕重傷，震驚社會大眾。,1.143,7.5
reflection_00578,reflection,期盼在醫療常規治療與家屬期望間取得平衡點，讓病人、家屬及醫療隊都能接受的做法。,5.0,1.75
reflection_00171,reflection,"二.我的感受當下我是訝異的,而後轉為擔心和好奇。",5.5,4.75
text_01828,text,在野黨沒有實權，只能打打嘴砲好吧，我體諒但恥笑在野黨的無能阿完全行政完全負責的最大黨,2.875,5.5
sentence_01021,sentence,太平天國王親自座鎮支援孫臏和劉伯溫和神國中情局天使們用盡所有方法仍然無法開通,4.0,4.333
sentence_00819,sentence,企圖將自己從刑事罪犯華麗轉身為,3.667,6.0
text_02424,text,政務司司長張建宗不評論報道，強調基本法保障法庭獨立審訊，不會受任何外來干涉，不過他指法官不應評論政治議題。,5.0,3.714
sentence_02227,sentence,原本意氣風發的人愣了愣,4.0,5.0
reflection_01271,reflection,我希望跟病患家屬解釋，在病況不穩定的情況下，管灌中藥會造成哪些併發症，而這些併發症會造成病患哪些負面結果。,5.125,3.125
sentence_01870,sentence,不能把過錯教阿扁一,4.333,5.0
reflection_01056,reflection,因此後續主要是引導家屬，釐清他們的共識為何，並且如何接受抉擇所帶來的影響，可以邀請社工介入，或再一次家屬會議討論和解答疑問。,4.7,2.0
reflection_01003,reflection,唯一能做的事就是努力維持病人生命，幫助病人度過難關。,6.25,4.2
sentence_00428,sentence,1章咕噠知道真相後的消沉,3.0,2.667
reflection_00542,reflection,之後病人肝指數逐漸惡化，後因septic shock 轉入MICU，但因病情惡化，最後於8/16 院宣。,2.5,6.75
sentence_00344,sentence,少發表意見免得惹麻煩,3.667,5.0
edu2021_00492,edu2021,我對這次的上課內容還挺有興趣的,6.25,4.285714285714286
text_01290,text,因此在得知4上市消息時，就決定要來搶購，尤其士官長及Cortana都將現身，更是要來見一面。,5.889,5.333
reflection_02108,reflection,請來外科醫師會診並且與家屬解釋目前可行的方法：1. 開刀清創lung 的abscess（切除肺葉）並且把橫隔膜洞補起來。,5.0,2.5
edu2021_00951,edu2021,其實聽了這麼多，還是有點一知半解,3.666666666666667,2.833333333333333
text_02257,text,一年後，保時捷又為NSUMotorenwerke公司研發了一款採用水準對置發動機的原型車Type-32，可惜的是最後兩款原型車都沒能撐到量產。,3.375,3.444
sentence_01779,sentence,但卻是以溫文謙和的形象深入民心,6.667,4.333
text_02113,text,據官方統計，此次的年度盛典成績不俗，線上觀看近2000萬，全網過億曝光，微博話題映客527星光夜累計閱讀量破億，600萬份互動禮品被迅速搶空。,6.4,5.857
sentence_01562,sentence,碎片化修補也不行,3.5,6.0
text_02088,text,雖然測試版由於沒有進行具體優化而導致效能不佳，但從畫面視覺效果上來看還是很不錯的，即便是在4K解析度下，畫面仍然保持著柔和的態勢。,6.222,2.9
sentence_01859,sentence,驅散貿易戰的陰雲,6.0,4.5
reflection_01910,reflection,你可以怎麼做除了衛教之外，我認為也必須讓他知道家人或者的陪伴也是很重要的從會談中可以得知他跟家人的關係算還不錯，但因為年輕曾經犯錯導致身體的健康每況愈下，才有後續這些疾病的產生，也許有了家庭或朋友陪伴可以讓她轉換生活重心，不要在沉溺於那些影響自己身體健康的行為，對於他疾病的預後會更有幫助。,5.625,2.75
text_00405,text,更別說出差了，一天300公里也不以為奇，相對的，引擎保持在工作溫度區間，油耗自然就會好一些。,5.875,4.8
reflection_02002,reflection,但感覺氣切會有傷口，為何不能繼續使用氣管內管？,5.0,4.0
reflection_00528,reflection,只是長時間的奔波與病情變動的噩耗，再如何樂觀與堅強的人也會有精神崩解的時候，也造成讓他不得不懷疑醫療團隊的後果。,3.1,4.2
text_00155,text,我想如果再來一次。,5.0,5.143
text_02838,text,勞動節的芬蘭文是VAPPU，從三四月開始就一直聽到學生在討論VAPPU，非常納悶勞動節跟學生有什麼關係？,4.833,4.833
text_01905,text,搞得支持服貿得聲音好像完全被抹殺掉。,3.222,6.0
text_02008,text,當反同勢力不讓性平教育進入校園，學生已經自主吹起性別平等的風，舉辦板中男裙週、臺大男裙日，希望促成改變，共創性別友善的校園。,6.714,5.0
edu2021_01323,edu2021,詳細的內容感覺自己還不太能深刻了解，會再經由閱讀課本加強,5.071428571428571,3.875
sentence_00870,sentence,時期的甜蜜現在的,4.5,4.0
text_00389,text,正面對撞結果現代車引擎蓋只凹一半，駕駛幾乎沒受傷vios好像連駕駛艙都完全潰縮駕駛就夾死在裡面你看看你看看假如低於標準的安全性，還可以販售有可能就是一個車廠是否尊重生命的表現,3.625,6.25
text_00675,text,同時酒店現階段推出了優惠房價及相應的增值服務，具體您可查詢網站內容，真誠期待您的再次光臨！,6.5,5.5
text_00572,text,感謝您的點評，並期待您的再次光臨！,6.375,4.778
sentence_00550,sentence,取消香港關係法吧,4.5,3.25
sentence_01665,sentence,可渾身上下就是尼瑪趙本山式的土鱉暴發戶氣質,4.0,6.5
reflection_01989,reflection,這次我所分配到的王婆婆是一位因為老毛病求診，卻意外導致心停止，被安上了呼吸器，雖然後來暫時是被醫療團隊從鬼門關邊上給拖了回來，但依然還在險境之中，約莫一星期前，便被安排來了加護病房做後續的照顧。,4.5,4.5
text_01087,text,調查也發現，9成4偏鄉弱勢童不曾接觸英文雜誌，甚至有2成5偏鄉弱勢童寫不完26個英文字母；相較近半數優勢學童平均一週補習兩科以上，6成8偏鄉弱勢童完全沒有補習，因此7成偏鄉弱勢童擔心升國中後課業跟不上，甚至有2成4弱勢童不想再升學。,2.667,5.0
text_02625,text,本週，他成為YouTube最新的惡棍，以創紀錄的速度失去了訂閱者，這完全是因為查爾斯恩師TatiWestbrook釋出的一段43分鐘的視訊。,3.375,4.3
sentence_01263,sentence,甜美清新會聊天,6.333,2.333
reflection_02470,reflection,具體發生什麼事在MICU病房幫病人做心電圖，因為學長要求有特殊變化的話，先不要把電極拆下來，判讀完也許要再作一次心電圖，我離開病房時將心電圖交給學長時，電極與接線還在病人身上，病人上半身衣服解開的，沒有遮蔽的，我離開病房跟學長討論心電約5分鐘，覺得離開病房時沒有做好維護病人隱私(病人是中老年婦女) 2.,3.75,5.125
edu2021_00132,edu2021,今天前半段的東西還跟得上，可是從後半段到結束都聽不太懂,3.5,3.25
text_00874,text,外觀不錯，很適合MM用。,6.4,5.778
text_00773,text,優點很多就不說了.,6.0,5.167
text_02597,text,菲方認為，這表明無論在垃圾處理問題上還是對菲關係問題上，加拿大政府都沒有採取嚴肅的態度，加拿大將菲律賓當作垃圾傾倒場的做法使菲律賓人民受到嚴重侮辱。,2.714,7.333
sentence_01970,sentence,就要容許不同的聲音和爭辯,7.0,4.25
sentence_00489,sentence,工作經驗最高10分,5.333,2.333
text_02287,text,曲周縣北部有個張莊，全村3400畝地，只有1780畝勉強能種植農作物，1943年發大水，村裡460多口人餓死了一多半。,2.625,5.143
text_00622,text,到了酒店，問司機接機費多少錢時，竟然告訴我是免費的！,7.0,5.75
reflection_02189,reflection,在鄭醫師照顧病患的時期大女兒不斷向醫師詢問是否有「那麼一點」機會病患能夠恢復，我認為是否認作用的表現。,4.375,2.625
sentence_02346,sentence,騎上健壯的俊馬,6.667,4.0
text_01064,text,立榮航空總經理陳憲弘表示:「立榮航空能五度獲獎，要特別感謝蘇前董事長宏義及全體同仁多年來的努力，更要感謝長榮航空導入國際級的管理體制及優質服務，大幅提升了立榮航空服務品質。,7.0,6.25
sentence_02441,sentence,本次萬安演習不會有手機警報,5.0,2.0
text_01226,text,無論如何，都不應當讓迎接新生命這件開心的事，變得生命的負擔。,4.5,6.143
text_02958,text,好吧，雖然有點失望，但也是沒辦法的事，畢竟，不是送禮給對方他就有義務要喜歡，我也收過不喜歡的禮物但還是客氣地說謝謝這禮物好棒喔，小孩只是沒那麼世故而已。,4.571,4.0
sentence_02017,sentence,粉絲秀20年珍藏求籤名,6.0,2.667
text_00688,text,總的來說：失望！,2.889,6.444
text_02248,text,從美國進口中國科技類產品重點徵稅清單來看，新一輪2000億美元商品主要涉及計算機及零部件、通訊裝置、電視攝像機等。,5.0,2.143
edu2021_00355,edu2021,老師的提醒有助於我找出學習的漏洞,5.5,3.571428571428572
edu2021_00176,edu2021,今天我更加專注於課堂，發現比之前更了解了,6.75,6.833333333333333
sentence_00292,sentence,並被敲詐勒索三千元錢,3.0,6.25
text_00500,text,京一才是帝王隊的王牌，都不用他出場了，我看不出中裡毅是因為技不如人才輸了那場，看起來像是車子性能遠不如對手...意思是EVO4比GTRR32強?,5.0,5.875
reflection_02079,reflection,接下來，在病人有很大的機率要進到安寧照護的情況下，可以請家醫科的安寧團隊一起來幫助這個病人，能緩解病人的痛苦，並幫助病人瞭解在未來病情的進展下，自己希望接受怎麼樣的治療，包括生活品質的維持、若進入末期是否要接受營養灌食及輸液治療等等，對於病人及家屬而言，能更有尊嚴的去面對生命最後一程。,5.2,3.5
reflection_02414,reflection,對於看到這樣的情況，家屬們因時間空間關係，而無法有效討論對病人的醫療決策，而暫時將這樣的重擔放在一個人的身上時，是非常沈重的。,3.875,4.625
reflection_02123,reflection,當然無論如何都還是要尊重家屬與病患的選擇。,5.625,3.375
sentence_01328,sentence,西格瑪那張臉看起來真的不像反派,5.0,3.667
sentence_01087,sentence,不是給大家當休閒娛樂的,3.25,5.5
text_02406,text,那時候英國已經弄完了工業革命，可以生產很多產品，生產了很多東西，才發現還需要一個廣闊的市場，大清國顯然是一個理想之地。,5.889,2.143
reflection_01386,reflection,因此當時我對於家屬這樣的要求感到有些憤怒。,3.3,4.625
sentence_01716,sentence,不同於傳統的手術切除和抗癌藥物或放射療法,5.0,3.25
sentence_01675,sentence,就是必須皇上位置穩固,5.0,5.5
reflection_01308,reflection,儘管希望渺茫，橫豎都是死，就放手一搏吧。,3.5,5.9
text_02440,text,當然有人說是因為動保意識擴張；但也有人說近年因為都市種植草地，不經意帶來外來種蚯蚓，所以導致黑冠麻鷺的擴張。,4.571,3.667
text_01092,text,朱男懷疑女友因另交男友而欲分手，去年三月七日，潛入女友住處，從女友的相機中發現女友與其他男子的合照，記事本中並記載上汽車旅館、買避孕藥等。,3.125,5.625
text_02004,text,5月4日，優速物流有限公司釋出訃告稱，該公司董事長兼總裁餘聯兵因發生意外，於北京時間2019年5月2日12時許，不幸離世，享年47歲。,3.286,3.875
text_02343,text,摩根士丹利、瑞士信貸等四大外資最新出爐報告，態度轉向悲觀，預期美中貿易談判恐朝加徵關稅演進，瑞信證券更模擬華為若暫停出貨，臺積電等15家臺廠獲利將大縮水。,3.333,5.0
text_00742,text,酒店環境不好，氣氛也不好，我和老婆剛剛住進去就有小姐打電話來問要不要特殊服務，真是恐怖，老婆說啥也不住在那邊了，最後，我勉強說服老婆住了一晚上，但是到了後來，更是恐怖，居然沒有開水供應，然後，還要自己燒水，但是燒水壺居然已經長了毛，後來有個服務員勉強給換了一個，但是還是這樣，我當時不知道該說什麼好，最後我們買的礦泉水，勉強對付了,2.857,6.286
text_02201,text,據外媒報道稱，高通和華為正在談判專利和解事宜，而此事已經得到了高通方面的證實，雖然目前不清楚雙方和解的進度，但有內部訊息人士透露，已經到了談判最後階段。,5.333,3.0
reflection_02294,reflection,我緊張的照著SDM的表格一一向家屬講氣切管的好處，以及endo放太久的壞處，但他們頻頻點頭給予我鼓勵，我也順利完成這個任務。,6.125,5.4
text_00143,text,其實不是我能忽悠，是書確實好，營銷學上講，把好的新產品推銷出去，叫營銷，把不好的產品推銷出去，叫騙銷，我是把好的產品介紹給朋友，共同受益，顯然不應在騙銷之列。,4.667,4.143
edu2021_01293,edu2021,這章節給了我們很多解決問題的想法，再熟讀一點對未來應該很有幫助,6.166666666666667,4.666666666666667
text_01517,text,根據資訊工業策進會產業情報研究所MIC)研究，2011年全球遊戲人口超過3億人，遊戲市場規模632億美元；預估2012年則再增至691億美元；2013年跳升至732億美元；2014年達773億美元；2015年預估值可達821億美元。,5.625,5.5
sentence_00828,sentence,九州伴手禮推薦,5.6,4.0
text_00142,text,《求醫不如求己》這套書非常實用，我已推薦給很多朋友，瞧我的訂單，有好幾個都是購這套書的，都是送給朋友或替朋友買的，朋友說我都成了“大忽悠”了。,5.667,5.286
reflection_00627,reflection,與病人家屬確認病人是否平常還有服用某些藥物或食品，排除其他造成methemoglobinemia的可能，而可避免其再次發生。,5.0,3.2
sentence_01307,sentence,中國人將成為世界上最悲慘的奴隸,3.0,5.75
text_00692,text,前臺的服務意識還是不錯，下次要好好享受一下酒店的服務。,6.778,4.875
sentence_02378,sentence,無你老豆咁咪無依家?你囉,5.0,5.0
text_02883,text,哈哈哈哈哈哈哈哈笑死了，昆汀線上說牛B，還說自己現在不是牛B而是OldB，最後又突然冒出來一句傻B，他從哪兒學的這麼多！,5.75,6.0
sentence_01672,sentence,我們的國家安定團結,7.6,5.75
edu2021_01375,edu2021,看到原本厚厚的課本，居然已經上了一大半，十分有成就感,7.25,4.75
sentence_01126,sentence,天天咒罵就能滅絕的,4.0,7.5
reflection_00766,reflection,"在和家屬第一次接觸當下,若架起防禦心一直強調醫療團隊沒有疏失,家屬可能也完全聽不進去,甚至會造成不同醫護之間的矛盾,在這段時間裡,感觸最多的為重症醫學在處理醫學雜症的同時更要治療家屬失落的心。",4.1,3.125
reflection_01961,reflection,中午時的會客，她的女兒也是喜於言表，她輕輕撫摸著母親的額頭，母女間似乎正進行著簡單但愉快的對話。,6.125,4.375
text_02051,text,第三期分享人我們邀請到中國最知名的女性投資人徐新，她於2005年成立了今日資本，娃哈哈、網易、京東、美團、知乎這些著名公司的背後，都離不開她的資本支援。,5.429,3.286
edu2021_00482,edu2021,今天學到了很多知識，覺得好開心,7.714285714285714,5.928571428571429
text_01085,text,根據兒盟調查，7成2弱勢童教育資源不足，2成5甚至寫不完26個英文字母，這些孩子的學習資源、能力相對貧窮，令人憂心。,3.0,4.875
edu2021_00103,edu2021,今天教的內容感覺很複雜，要好好的學習才能學好,5.083333333333333,4.071428571428571
reflection_00944,reflection,這也是我很佩服老師的一點。,7.0,5.5
reflection_00477,reflection,[描述事件]71歲張伯伯是我來內科ICU的第一個primary care，六月底因為Covid確診重症，併發肺部感染插管住進加護病房，將近一個月肺炎狀況一直沒有明顯好轉，已經上過許多抗生素、抽血驗痰都沒有culture結果，病人狀況起伏不定，有時意識清楚、有時混亂躁動，也不斷重複desaturation、BP drop、休克又被救回來的循環。,2.5,4.8
reflection_00166,reflection,"而先寫下來,也可以先減少一些時間,字跡也比較美觀。",5.0,1.5
text_01663,text,陳致中13日則是針對陳沖的回答發文表示感謝，他說，繼臺北市長郝龍斌站在消弭對抗、社會和諧立場，支持阿扁保外就醫之後，陳沖在國會殿堂公開表示「如果釋放阿扁總統有助藍綠和解，也就是對臺灣的整體發展是好的，他願意支持」，「陳院長一席話，讓我很感動、很感謝」。,6.556,5.0
text_02394,text,蔡司高品質鏡片，適合高度近視，鏡框任選~天貓祥和視界眼鏡專營店兩片售價1185元，值友可領取685元優惠券，享受到手價500元2片，喜歡的值友不要錯過。,6.111,4.111
edu2021_01179,edu2021,對於老師的講解聽不太懂,3.333333333333333,2.666666666666667
sentence_01172,sentence,這是不恰當的講道,3.4,5.5
text_01687,text,越南這是要玩死自己嗎？越南最主要的投資方來自中國大陸臺灣香港新加坡這些勞動密集型的產業最大的優勢就是工資低廉便於馴化這樣的暴動是明明要把自己搞死啊越南一直以來學習中共用“民族主義”來激勵人民現在這個民族民粹要害死越南人.,3.111,5.571
sentence_01635,sentence,腦子像觸電一般停頓了半分鐘,5.0,3.0
text_02103,text,庫克稱，蘋果一般不會對外公佈這些併購訊息，因為併購物件的規模往往較小，蘋果主要看好其人才和智慧財產權。,6.0,4.0
edu2021_01066,edu2021,今天的課程很有趣，舉了一些有趣的例子，讓我激起興趣,7.25,6.333333333333333
sentence_00877,sentence,道理不是盡在美國那邊,4.667,6.333
text_01981,text,但是不判死刑的前提是，原判死刑的兇手要終身監禁不得假釋。,3.778,5.2
reflection_00187,reflection,"我認為此時家屬需要知道的,是之後病程可能的走向以及對阿伯可能造成的痛苦,讓家屬評估甚麼樣的處置對於自己最親愛的家人來說是最好的。",4.2,2.875
edu2021_00047,edu2021,今天學到了很多的東西，有良好的基礎才能有更好的學習,6.416666666666667,5.416666666666667
sentence_00996,sentence,世界上最可笑的就是像你這種靠共產黨發的五毛養活,2.5,8.75
sentence_01001,sentence,而高通牢牢把握了3,5.0,4.0
reflection_01156,reflection,3.醫療方的反應為何/我們可以怎麼做我們盡力去照護病人的各式臨床狀況，給予他最好的醫療處置，雖然心底知道長時間缺氧的患者預後反應不佳，但仍耐心去處理患者的各式臨床症狀，面對家屬的質疑，給予有邏輯的醫學解釋，並重複確認家屬是否能理解我們的選擇與困境。,6.25,3.0
reflection_02354,reflection,這樣的想法其實在實習過程中也已經看過許多，特別是在一些青壯年的男性身上，我的第一反應是他們對於疾病的認識不夠，或是對自己的身體過於自信，所以僅憑個人不舒服與否來決定自己疾病的嚴重度，反而容易忽略醫護人員的講解。,4.25,4.6
edu2021_00527,edu2021,有課本的搭配，即使課堂上有較不懂得地方也能去看,5.833333333333333,3.642857142857143
text_01811,text,先是破壞立法院再破壞行政院，然後喊革命，暴動被鎮壓就喊員警打人反對暴力；啊自己用暴力時就覺得自己很對很理性，被公權力鎮壓就說政府是野蠻人，真是快笑死人了LOL，有哪個國家的革命家還會不要臉得喊員警打人的？沒有當場槍斃內亂罪現行犯已經是非常仁慈了，有看過悲慘世界2012版)的應該都知道，革命失敗的下場可是當場就槍決的。,3.125,7.0
sentence_00770,sentence,擔當的他可以分擔唱歌時的高音,7.0,5.5
reflection_02005,reflection,而原以為術後就可以平穩地往好的方向發展，但看起來兩次手術已經到了極限，然後醫師問說要不要考慮放棄？,3.6,5.25
text_01140,text,以外型來說，要對抗南韓團體應該不難，但是舞蹈和唱功有待加強。,5.0,4.667
text_02331,text,這牽涉到法院如何在政治對立、媒體品質堪慮、社會價值衝突的大環境下，參與塑造公開發言者的言論尺度；此課題攸關臺灣民主發展的品質，值得認真關注。,6.0,4.6
reflection_01292,reflection,病人目前處於什麼樣的狀況，又可能往什麼情況進展，也是老師會去給予解釋的部分。,5.0,4.75
text_00228,text,看了鄭淵潔的這一系列的書，寫了一篇作文描寫一隻小狗到了外星球的故事，寫得還是比較生動有趣了，連老師也打了個“好”字。,7.125,5.714
sentence_01303,sentence,看來我得再自我審查一下措辭,4.333,3.0
edu2021_01098,edu2021,今天講的內容跟我們日常生活很有關係，因此聽得還不錯,6.416666666666667,4.5
sentence_00646,sentence,高價醫材是另一件事情,5.0,5.0
edu2021_01037,edu2021,上課很有收穫，但投影片有點暗,5.333333333333333,4.0
reflection_00242,reflection,這次的事件讓我想到之前急重症醫學上課時，有位老師提過「在有情緒時先暫停10秒鐘」。,4.625,2.125
edu2021_00441,edu2021,今天講到比較多實際應用的東西，聽起來比較能夠理解,6.25,3.357142857142857
text_00569,text,地處繁華，服務員很友好。,7.3,5.125
edu2021_01110,edu2021,我覺得這個部分需要自己理解與上網找資料才能學得更好,4.916666666666667,5.25
text_02114,text,湖南衛視當家主持人汪涵、新聲代小花李莎旻子共同主持一場陣容豪華的直播界狂歡夜，將人們的視線和思緒又拉回到曾經繁華無限卻又落入沉寂的直播行業。,5.0,4.333
reflection_00949,reflection,如果是一般70，80歲的病人，可能比較好接受對方要先離開的事實。,4.5,2.5
reflection_00361,reflection,我大部做的事情就是觀察老師們是怎麼處理的，這一周以來老師們都花了很多時間在對家屬做”治療”，重複類似地說明，不同老師雖然有不同的話語，但大意都是一樣的，雖然有幾次很想去跟家屬在MICU外面聊聊，但又擔心自己弄巧成拙或是講錯話，讓家屬對醫院或老師的誤會更深。,4.0,6.25
text_02428,text,Zotac將於近日開展的Computex，正式推出GAMINGGeForceGTX1650窄版顯示卡，造福機殼空間受限的玩家。,6.5,4.5
text_01346,text,還有包子被埋在沙灘中的畫面，網友ShellyHsiao說，天啊海灘的好像什麼折磨酷刑影片...。,3.444,5.5
text_02804,text,好吧，雖然有點失望，但也是沒辦法的事，畢竟，不是送禮給對方他就有義務要喜歡，我也收過不喜歡的禮物但還是客氣地說謝謝這禮物好棒喔，小孩只是沒那麼世故而已。,4.571,4.0
reflection_01064,reflection,未來我們仍然得面對這種生離死別如何充分說明病情並同理病人及家屬的感受，是相當重要的課題。,6.125,3.375
reflection_01626,reflection,兩位家屬持著不同意見，在於是否要放手讓林曾阿姨離去，看著他們糾結的神情，身為子女確實也能想像，在生命中必然會面對生、離、死、別，而以死亡作為生命的終點，與家人道別，絕對不是那麼地容易，許多內心的拉鋸戰會出現，站在兩者的立場，都可以理解兩位的原因和心情。,3.833,4.0
text_01185,text,我猜他可能沒有交給媽媽，後來我想法子讓他答應參加。,4.778,3.875
sentence_01207,sentence,也請霖粉們多多互助,7.0,6.0
sentence_00279,sentence,被文貴詐騙貸款的銀行,3.5,4.5
text_00679,text,也許他們似乎有足夠的理由.,4.75,2.6
edu2021_01097,edu2021,麥克風斷斷續續的，聽得很辛苦,2.5,2.833333333333333
sentence_00668,sentence,一些長輩的看法是感到荒謬,4.0,5.0
sentence_00098,sentence,女郎不甘示弱回嗆,3.0,4.667
text_02116,text,但如果你以為威脅一家便利店生存的最大障礙，是身邊的競對品牌的話，其實是忽略了當前便利店面臨的一個更大的敵人——本地生活服務平臺。,4.667,3.5
reflection_00484,reflection,許多時候，家屬並非不知道病人狀況，而是需要時間消化，畢竟誰都不會輕易放棄親人，而加護病房可以給予家屬時間，去思考後續治療與接受病人的病情。,4.125,3.7
text_02295,text,為了對抗共同的敵人Google，遊戲市場死對頭微軟與Sony化敵為友，宣佈將合作發展遊戲雲端服務，以及影像感測器、AI技術。,6.111,4.375
reflection_00111,reflection,"家屬對自己母親的關心,絕對勝於我們醫療團隊,加上對醫療的不瞭解,因此抱有一絲的希望乃人之常情。",5.625,2.875
text_01796,text,這樣亂扯你媽知道不會很難過嗎?,3.0,5.714
reflection_00463,reflection,[我可以怎麼做]【第一點】我想我需要改變的地方是：學習去「真正理解」醫學並非萬能，總有極限及注定發生的事。,5.0,1.75
reflection_00728,reflection,沒想到快到了11點左右，病人的BP開始下降，老師到場後決定做支氣管鏡，才發現原來裡面有出血的跡象，趕緊讓病人側躺減緩症狀，到了下午，病人的血壓就有回到比較好的狀態，但呼吸狀況還是往不好的方向邁進。,3.6,4.0
edu2021_01226,edu2021,應該要教的東西叫我們自己回家看，那我來上課幹嘛,1.333333333333333,7.357142857142857
edu2021_00144,edu2021,表面非常簡單但內裡十分複雜,4.25,3.166666666666667
sentence_00143,sentence,鳥語花香向來都是讓人暇意愉快的美景,6.667,5.0
sentence_01459,sentence,現在有些只拘留,4.0,5.0
reflection_00913,reflection,同時這位病人目前沒辦法講話，只能偶爾注意到他手腳在不停揮動，在家人探視時又不能用言語傳達心境的情況下，想必非常痛苦無助。,3.5,5.0
text_00413,text,MATRIX真的是一部好車，2004年我還在美國念書時，這車剛推出，我就二話不說，把我的beetle3年租約到了，換成黑色的MATRIX....這車的好處是便宜又大碗，非常適合美國的路況，又省油，又能載東西，外型也好...真是居家旅遊必備好車呀....最記得有一次紐約下大風雪，回叔叔家時要經過一段高底起伏很大的公園路，只有大車，還有MATRIX4輪驅動，通行無阻一路平安到達，所以下在大的雪他都保護我.....到現在我回國後，還是想著我的MATRIX....,6.778,5.556
reflection_01384,reflection,這給了我一個很大的衝擊，我發現在醫院工作時，我們往往將自己帶入醫療人員的角色，在處理繁忙的醫療事務時，只希望能輕鬆省事就好，忘記了自己也是有家人的人，因此也無法切身去體諒病人家屬的情緒表現。,3.8,5.0
text_02546,text,同時舉辦的抽獎活動獎品只有一個，就是由東寶監修的模擬哥吉拉夾克，質感十分接近電影裡的怪獸，無論是面板紋路或是背上的背鰭，還能發出哥吉拉叫聲，是難得的景品。,6.5,4.667
edu2021_00344,edu2021,還行，跟得上,5.083333333333333,2.25
text_02567,text,曾參與第一部分聆訊、負責監督南面連線隧道紮鐵工序的泛迅建築公司負責人潘偉山供稱，鋼筋絕少不能通過抽樣測試程式，通常只會將生銹的鋼筋退回供應商。,4.667,3.833
edu2021_01553,edu2021,覺得收穫滿滿，只是對課程還有些不了解，需要再複習,6.0,5.083333333333333
reflection_01114,reflection,病人的意識狀況在整個MICU來看都是十分精神的，晚上甚至常常能聽到他用有力的聲音呼喚護理師。,6.0,3.6
sentence_01909,sentence,以克服目前的短視政治,6.25,4.75
text_01520,text,這次獲獎的同學個個都是品學兼優的孩子，就讀聖母護專五年級的王位同學，學業成績始終保持班上第一、二名，他也積極參與醫院志工服務，至今已累計近兩百小時，除此還參與相關證照考試及研習課程，目前已有急救員及緊急醫療救護技術員之資格。,6.444,3.286
reflection_00825,reflection,老師首先在第一次跟家屬碰面時，確認病人疾病的治療狀況以及日常生活的自主能力。,5.0,1.625
reflection_01131,reflection,當下的感受第一時間的感受是非常無奈，過去實習時，不乏學長姐與老師們分享國外的病房價格，都是非常驚人，台灣由於健保制度之下，總是給人非常廉價的感受，以至於覺得可以盡量使用資源。,3.875,4.8
sentence_01765,sentence,人生最大的哀痛,1.6,7.4
text_00615,text,還有就是周圍沒什麼商場，晚上吃完飯想下去走走，周圍全是賣菸酒的，難怪鄭州空氣那麼差……其餘都很好。,3.5,5.0
edu2021_01507,edu2021,能理解課程內容，不錯,6.083333333333333,4.416666666666667
text_01977,text,行政院長陳沖隨後宣示，只有支領原月退休金兩萬元以下的退休人員，及因作戰或因公成殘、死亡的退伍軍職人員及其支領半俸遺族，才能領取年終慰問金。,5.0,2.667
reflection_02206,reflection,1. 描述事件一位病患由於缺血性腦病變而再加失去意識，在枋寮醫院治療遲遲不醒而送來高醫MICU，經過治療後仍然沒有意識，偶爾能自主張眼。,4.1,1.75
text_02680,text,再加上大家對伊莉莎白歐森ElizabethOlsen的身材讚譽有加，大膽的穿著風格的確吸引人的目光，據說永遠都不穿內衣的？,5.625,5.375
reflection_01333,reflection,儘管我們醫護人員已經盡力做了我們能做的，但終究無法逆轉生老病死。,3.8,3.8
text_00637,text,聯繫攜程工作人員時他們還說酒店已派人來接只是搞錯了我的手機號碼，笑話哪家酒店接機是不用舉牌而是用手機聯繫的？而且之前幾次入住該酒店都是舉牌接機的，工作失誤不可怕只是攜程和酒店的人員一起來欺騙客戶把客戶當傻瓜實在是缺乏最基本的職業道德。,3.333,5.857
edu2021_00632,edu2021,很貼近日常生活，很有趣,7.333333333333333,5.916666666666667
reflection_02124,reflection,我們能做的就是詳盡的解釋並同時安撫他們，並給予適當的衛教如 ：感染與清潔維護上氣切管可以減少患者罹患呼吸器相關肺炎的機會，而清潔護理上，氣切管也比較容易清潔和更換等等。,5.375,3.25
reflection_01465,reflection,你的感受為何（使用情緒詞彙）：當下我感到很荒謬，竟然要醫療人員無視於病患的意願，而逕自的要求急救到底(若有需求)，特別是病患仍具有行為能力。,3.4,5.5
sentence_00426,sentence,的話我們也無法體會到百餘年,4.5,3.333
sentence_01655,sentence,身為老師的嚴肅,5.667,5.333
text_00772,text,在今後的服務中我們會不斷改進，同時針對每位客人給我們提出的人性化建議進行改進，不斷提高。,6.5,5.0
reflection_02421,reflection,此案病人為MICU的primary care，65歲女性，在一般病房住院期間因SLE flare up合併ARDS，緊急插管後進入MICU照護。,3.8,3.5
edu2021_00562,edu2021,今天學到了更多的知識，又是個充實的一天,6.666666666666667,4.214285714285714
sentence_02208,sentence,那些加害者和共犯集團的成員及其血緣或精神後裔,4.5,3.0
reflection_02275,reflection,這可能需要經驗的累積，看很多病人，大概了解病人會有怎樣的預後，才有辦法做出這樣的決策。,5.125,2.25
reflection_01024,reflection,一位老奶奶因為在家裡突然 OCHA CPR 後 ROSC ，緊急插管後收入MICU做觀察與治療， 前來的家屬只有一位外傭與年邁的老先生 ，其他的家屬都在台北，無法馬上前來 ，值班醫師在解釋病情時，感覺起來老先生與外傭並無法了解， 只是一直重複著奶奶下午還可以唱歌，所以女兒才剛離開高雄回台北，而因為病人情況危急，因此值班醫師也詢問關於急救的意願，老先生一聽到電擊就強烈要求說不行，壓胸和插管可以，雖然值班醫師一再解釋，很難不電擊而純壓胸 ，但是還是無法成功讓老先生了解，當下我感到無奈為難，也替學長感到焦急，因為了解值班醫師已經用盡各種方式解釋，但是還是無法成功讓老先生理解，而老奶奶的狀況也不穩定，萬一半夜需要急救的話也 不知道要怎麼辦，後面也還有新病人要來，有時間上的壓力。,3.375,4.6
sentence_00137,sentence,跑到安全地方逍遙快活了,5.667,4.667
sentence_01074,sentence,生孩子就有責任養育教育,6.0,4.0
text_00897,text,保持了商務機穩定，4999搶的，這個價錢值，改裝XP有點麻煩，開始老是出錯，後來看了前面一位兄弟說的要在BIOS裏把sata改成IDE，改了後，果然可以，重分區後安裝順利，目前運行穩定。,6.375,4.0
edu2021_00670,edu2021,今天的內容好像有點複雜，雖然有解釋，但還是不太理解,3.714285714285714,2.333333333333333
reflection_01709,reflection,家屬十分悲慟無法接受，且頻頻提出新療法並不斷詢問當時情形以及造成心跳停止的原因。,3.0,6.5
edu2021_01367,edu2021,明明讀的相當純熟，卻還是考不好,3.333333333333333,5.916666666666667
text_01946,text,他逝世前患有癌症、糖尿病及高血壓等疾病，在北京休養並接受治療。,3.667,4.571
reflection_01092,reflection,描述事件: 一位58歲男性因胸悶胸痛喘入院，診斷為NSTEMI，住院期間一度IHCA，ACLS後救回，接觸到這個病人時已經情況穩定，但有解大量血便的症狀，意識轉醒但仍插著氣管內管。,4.625,2.375
text_01508,text,玩笑歸玩笑，29歲的她對結婚確實有憧憬，「信仰也是一個令我轉變的契機吧！,6.5,5.111
reflection_02028,reflection,已經在這麼嚴重的病況之下，實在很難有達到兩全其美，況且ICU的團隊之於每一位患者，一定都是用全院最高規格的照護，是無庸置疑的。,6.25,3.75
edu2021_00139,edu2021,雖然只有一小時，但我收穫很多,6.166666666666667,4.166666666666667
reflection_01371,reflection,到後來我其實有感到稍微不耐煩，認為這些問題明明之前都解釋過好幾次，為何要一再重複問相同的問題、甚至對病患的情況抱持的過於樂觀的想法，此外也覺得有點可惜，這位病患先前就有ＩＨＤ的問題，但藥物的服從性一直不是很好、甚至後來也不回門診進行追蹤了，如果當初他有服從醫囑乖乖進行治療，是不是就不會進展成這樣得狀況？,3.875,4.9
sentence_01795,sentence,美國和中國應該齊心協力,5.667,4.333
reflection_02227,reflection,總覺得奶奶的表情就是想表達「妳問這些有什麼用？我跟妳說不痛，然後呢？,3.5,4.9
text_01563,text,不過中國長期以來一直支持這個難以預測的盟邦，主要是顧慮到北韓不安的情勢可能會造成湧向兩國邊界的難民潮、美國勢力在朝鮮半島擴展，甚至最終帶來兩韓統一，這都是中國不願意見到的事。,4.0,3.889
reflection_00257,reflection,同時對病人本身感到同情，因為家屬太過積極的緣故，無法接受安寧緩和醫療。,3.75,3.375
text_02910,text,當蘋果決定打造業內最最佳的專業級顯示器時，就意味著ProDisplayXDR的售價會超出許多人的接受能力。,4.375,3.0
text_02803,text,但有分析稱，中共誤認為握有包括稀土等三張王牌，其實是禍國殃民的三張臭牌，連習也被忽悠...在Google新聞上檢視完整報道,3.889,4.444
text_00195,text,深刻的理解了祝勇的一些觀點，總的說來，祝勇對於他人的剖析有理性（對餘傑的批評有些過了），對問題的闡述比較客觀。,4.875,1.875
text_01023,text,重要產業發展，電競優異成績是否可以比照其他競賽有升學輔導，雖然家長不見得喜歡小孩打電動玩具，但從長期發展來看，目前全世界有30個國家將電玩遊戲當成重要產業，臺灣也必須深刻思考，教育部會在三個月內提出相關辦法。,4.857,3.444
text_02919,text,敘利亞內戰不斷，12日，敘利亞西北部城鎮al-Suqaylabiyah的一次炸彈襲擊，造成至少5名6至10歲的…閱讀全文敘利亞極端組織炸毀學校五無辜兒童身亡,1.9,7.5
reflection_00847,reflection,"反應為何當下我們仍盡力向家屬解釋每一步背後的原因、解釋團隊在執行任何診斷治療前皆有做好評估、任何侵入性治療或藥物都有風險,積極治療便伴隨著需要承擔更多副作用、併發症的可能,量任何醫師都無法預測風險何時會發生。",4.25,3.875
text_02496,text,民建聯議員陳克勤認為，民主派不擇手段阻止會議，即使召開法委會亦無法運作，若成立專責委員會，可以參加的議員不多，未必可行。,4.0,3.25
text_01939,text,並稱施亞努太皇是中國人民的老朋友，同中國幾代領導人，都有深厚的友誼，對中柬關繫有重大貢獻。,5.778,5.0
sentence_01149,sentence,去遇見各種未知,6.5,5.75
reflection_01895,reflection,因此，現在看到類似情況，會覺得在該放手的時候放手，對病人是最好的；在能放手的時候放手，是一種福氣。,6.25,4.75
text_00875,text,我是3699購買的，呵呵。,5.625,4.571
edu2021_01106,edu2021,我覺得好像有更了解一點了,6.0,4.785714285714286
text_00236,text,不過，整本書看下來，能讓我開懷大笑的也就2、3處，不過足以~~~~在現在的生活環境中能有幾時開懷大笑呀~~~最後，本人想說，此書適合比較有童心的人閱讀~~~,5.667,5.5
reflection_00292,reflection,當然現代醫療不鼓勵醫療人員在生命末期對病患施與無效醫療延長生命，但我們可以盡量學習如何在醫療處置與人情世故之間做平衡。,5.0,3.0
text_02695,text,107年度綜合所得稅申報31日最後1天，據統計，利用電子申報的民眾已超過6成，到稅務單位元現場利用人工申報的民眾明顯減少，作業過程也順暢許多。,6.375,4.0
edu2021_01260,edu2021,了解了老師的上課步調，覺得還能接受,6.083333333333333,3.833333333333333
edu2021_00153,edu2021,有些題目好深奧難懂，希望上課可以講解一些比較難的習題,4.357142857142857,4.833333333333333
text_00555,text,要說不足之處，一個是前面有網友提到的隔音效果不太好。,3.5,5.444
sentence_01165,sentence,奴隸的祖輩一開始被奴役時,3.667,4.0
edu2021_00633,edu2021,老師上課都很詳細，還會結合時事,6.333333333333333,4.071428571428571
reflection_01021,reflection,雖然一開始在溝通不順時，我自己有感受到如果我是要解釋的醫師，會感到很煩躁及挫折，不過後來團隊花時間了解家屬的想法後，我也了解到其實奶奶家人們的想法很簡單，因為感情太深，所以一方面捨不得放手，一方面又不忍奶奶受苦 ，如此矛盾的兩種情緒在糾結 ，如果是我自己的家人這樣，應該也是會有如此的情緒吧，當這樣想後我也較能同理了，也學習到了解病患或家屬們提出的每個問題或是要求背後都有原因，深入去了解才能夠同理，也能夠考量他們的想法提出適合病患的治療選項 ，讓家屬感受到醫療團隊是有溫度且與他們是站在同一陣線的 ，早期告知壞消息並理解家屬立場、給予時間討論與思考，不但能夠給團隊較為明確的治療方向， 在醫病溝通上也較能立場一致， 避免為病患帶來多餘的痛苦或無效醫療。,5.6,4.9
text_00298,text,原廠導航..算了吧..小偷超愛的.,3.286,4.125
text_00752,text,最主要前臺小姐服務很不好，冷冰冰的，尤其是那個臉蛋胖胖的小姐，臉上象塗過糨糊一樣，一點沒有微笑。,3.0,6.625
text_00830,text,銀帆賓館歡迎您！,6.556,4.5
edu2021_00342,edu2021,雖然聽得懂，但是要完全的理解授課內容還是需要再複習幾遍,5.142857142857143,4.0
reflection_01053,reflection,除了呼吸困難以外，病人亦陳述最近陣發性夜間呼吸困難與全身虛弱的狀況。,4.2,3.25
text_00884,text,筆記本整體散熱極好。,6.375,5.167
sentence_01604,sentence,賴清德馬上允諾,5.6,5.2
reflection_00397,reflection,但是過沒幾天和胸外醫師通電話時又突然改變心意。,4.0,4.0
sentence_02201,sentence,那次海灘上遊客稀少,5.0,3.75
reflection_01279,reflection,過程中老師都沒有反駁家屬的任何一句質疑，反而是一再地、堅定地向家屬表達我們的努力和用心。,6.75,4.8
sentence_00833,sentence,那種酸葡萄的孬種就別浪費口水了,3.25,7.0
sentence_01357,sentence,最後可能會被海給淹沒了,3.25,5.75
edu2021_00089,edu2021,課上的舉例十分生活化，時常不禁一笑，但淺顯易懂可以很快進入狀況。,7.214285714285714,6.083333333333333
edu2021_00723,edu2021,板書有點小有點亂，做筆記時比較難整理,4.0,3.928571428571428
text_00785,text,"對客房服務員要進行培訓，當客人房門門鎖上掛了""請勿打擾""的字樣，希望不要再擅自進入客房，這是對客人的尊重.",4.889,5.0
reflection_01571,reflection,有一位病人因為肝性腦病變造成的意識改變入院，經過檢查與評估，是由於膽道阻塞造成感染進而導致肝功能惡化。,4.25,2.5
reflection_00861,reflection,"在普通病房期間因一系列新發生診斷,包含上消化道出血伴隨低血容性休克、急性缺血性梗塞與敗血症而被轉移至內科加護病房。",4.125,3.125
text_01984,text,太多台灣支持FACE的以己度人，因此很難理解為甚麼全世界有這麼多人反對FACE。,3.75,6.429
edu2021_00351,edu2021,快上完了，寒假快要來臨拉，異常興奮,5.357142857142857,5.428571428571429
text_02907,text,就當大多數人都以為1599元的Note7Pro就是Redmi的上限的時候，它用一款打上了Redmi標籤的2499元驍龍855手機讓所有人目瞪口呆。,5.571,6.333
edu2021_01032,edu2021,有些能聽懂，有些還是不太懂,4.0,2.5
reflection_01317,reflection,但無論如何，這兩週我過得很充實，也學到很多東西，謝謝老師和學長的照顧！！,7.75,5.0
text_00000,text,和親公主的皖雅，也逃脫不了所謂“貢物”的命運，絢爛一時的愛情，到頭來終究抵不上江山一角。,3.889,4.625
reflection_02134,reflection,雖然明白他們行動被約束、心理上同時也會造成不舒服，但理性上這也是擔心危險事件的發生所採取的方案。,4.3,3.3
edu2021_01537,edu2021,自己思考過，回頭才可以輕易理解,5.857142857142857,1.5
edu2021_00905,edu2021,我覺得這是非常新的東西，雖然有一些難懂但是會努力地去理解,6.0,4.5
text_01453,text,比黃昭順年紀大一輪的「老蛇」國民黨立委徐少萍，同樣也是「蛇」怕蛇，心情卻很複雜，如果要比喻，有一點像怕鬼，卻又愛看鬼片。,4.556,4.429
reflection_00086,reflection,"當了解個案及家屬的想法後,我可以充分理解他們,他們不希望在臨終時是在醫院中、全身插滿管子又被約束起來,任何家屬看見的當下絕對是不忍心的。",2.75,6.5
text_00380,text,不過Camry或是以前進口的Coronalla及純進口的都還算不錯,6.0,5.0
text_02839,text,麗莎從來都不同情那些欺騙配偶的人??直到她發現自己也對婚姻深感不滿，而外來的引誘不斷讓她陷入情慾的掙紮。,3.556,5.889
sentence_00791,sentence,然後就把手機遺失在公車上了,4.0,5.333
edu2021_00137,edu2021,今天的課程讓我大開眼界,5.928571428571429,3.75
text_01624,text,他說對照「臺北車站拉紅龍事件」以及桃園社區拒絕外勞宿舍進駐，難道臺灣人心本惡，其實都是政府政策所導致。,3.556,5.286
text_00464,text,塑化劑喝多了結果是..相信大家都知道沒關係，沒關係技術補足一切,3.25,5.75
text_02896,text,正是有了愛國主義這樣一面旗幟，才有瞭如此多無私的愛國者、大無畏的犧牲者，才有了五千年文明不曾中斷的泱泱大國和歷盡磨難卻屹立不倒、生生不息的偉大民族。,7.0,6.429
sentence_00721,sentence,土方真的太毀滅,3.6,6.6
reflection_00154,reflection,"但那些突然IHCA又或者ICU其他的患者,他們是否又做了什麼錯事?為何他們會遭遇到這樣的事情。",3.25,6.75
reflection_00922,reflection,他的家屬覺得不要CPR也不要電擊，但是要持續的給予升壓劑也覺得應該要做搶救的措施，尤其是他的女兒，因為年紀還不夠成熟，所以一直認為血壓好了眼睛張開就是清醒的，也不能理解為什麼要消極的急救，因此有些說話比較大聲的情緒，但我們解釋了臨床上的狀況給他聽其實眼睛張開，並不代表病人是真正的清醒者，而且對於他爸爸這種急救高強度的搶救，是否對病人而言真的是好的，,4.25,4.2
sentence_01851,sentence,因為我與蒙的恩不相稱,5.0,6.5
sentence_02548,sentence,恭敬頂禮本師大悲尊,7.0,7.0
reflection_00188,reflection,"但對我來說,或許就如同遲遲無法做決定的阿伯家屬們一樣,一生中所面對這種情況的次數並不多。",3.875,4.125
text_01148,text,一不小心，撞上了一位男子，這位男子便生氣的大罵：「是誰家的小孩，這麼沒禮貌…」但小豪依然我行我素，身旁的父母也視若無睹，這樣的場景，免不了讓人覺得無奈。,3.857,5.625
reflection_02327,reflection,病人的全身都腫到不行，我每壓一下，就有滲出液從五官流出來，但是即使病人的女兒看到這種情況，還是堅持要急救。,3.3,6.25
reflection_00904,reflection,有時候能做的都做了，在這場與死神的角力中，即使不樂見。,1.75,5.8
edu2021_00192,edu2021,有大略的去做了解，不過它的運作原理還是讓我有些頭疼,4.142857142857143,5.333333333333333
reflection_02180,reflection,我心想，這應該是一個也許教育程度沒有很高，但願意一步一步配合老師的建議做治療的家屬吧，比起有幾床的家屬每天來的人不一定一樣，她每天來一定是相當關心病患、相當不捨病患的。,4.1,4.75
edu2021_00938,edu2021,今天上課其實聽得很吃力,3.5,3.785714285714286
reflection_00230,reflection,"直到會談時間，家屬們開始講到過去在病房時與醫師之間的衝突－家屬自述""在病人確定罹患胰臟癌時，家屬就有查過相關資料，知道預後不好所以起初是打算放棄的，但是醫師持續告訴他們化療的好處，給他們一些希望讓他們覺得在化療後疾病有好轉的可能，而後續在化療後，病人狀況持續變差，甚至意識狀態改變開始沒辦法和家屬對話、另外，病患的先生也講到在病房的時候他每一天都來陪在她身邊，每天都為了等主治醫師査房，希望從醫師那裡得到一個答案到底病人怎麼了，但後續醫師對病情的解釋始終沒有給他們一個合理的結論，中途出現新問題一下子說心律不整有問題，病人也開始吃藥了、一下子說有腹水，也同意抽水治療，但最終他都搞不僅病人為什麼狀況會變成這樣。",3.25,5.375
text_02737,text,加拿大國家網路安全中心警告，微軟SharePointServer的一項可讓駭客執行任意程式碼的漏洞，目前正有惡意程式開採發動攻擊。,3.222,5.556
text_01786,text,「全國看起來都同意一件事：馬先生是個沒用的笨蛋。,3.875,5.429
text_02656,text,德雲社演員、籌款100萬、北京有房有車……這一系列關鍵詞刺痛著網友們的神經，騙捐、不勞而獲的質疑聲席捲而來。,3.0,6.143
edu2021_01509,edu2021,今天沒有講的很深入，期待明天能講的更多,4.916666666666667,3.083333333333333
edu2021_00738,edu2021,今天上的比較符合時代趨勢，獲益良多,6.583333333333333,3.166666666666667
text_02892,text,又聯想到之前和朋友帶孩子們去景山公園，說起明朝皇帝吊死在歪脖樹的歷史，問孩子知道是誰打來了皇帝要自殺嗎，小孩脫口而出是日本鬼子。,4.0,4.625
text_01279,text,轄區松山分局東社派出所獲報趕到，雙方已沒有爭執，隨後將李送醫縫了四針；吳雖受傷但稱沒事，不用就醫也不追究。,4.125,5.286
sentence_00660,sentence,這不就郭臺銘版的功德說,4.0,6.0
sentence_01733,sentence,目的是用來麻痺中國人,3.0,5.75
text_02519,text,經歷了長時間的文藝為政治服務，人們驚歎於星星藝術家的自我表達，他們畫普通人的肖像，普通的風景，手法不太寫實。,5.0,4.167
text_02777,text,雖然IEEE的限制沒有像美國企業斷絕往來的影響來得即時，然而這也會對華為在科研發展上的步伐帶來打擊，尤其是AI方面的發展。,3.667,3.8
reflection_00348,reflection,於MICU期間，患者呼吸穩定，SBT通過，告知家屬可以嘗試拔管。,5.375,2.5
text_00761,text,比起其它省市的如家差得太遠了，很失望。,3.0,4.833
text_02409,text,5月5日上午訊息，天眼查資料顯示，4月29日，優酷資訊科技有限公司發生多項變更，法定代表人由阿裡音樂CEO楊偉東變更為阿裡大文娛新媒體業務總裁朱順炎。,5.0,3.5
text_02740,text,他們假裝釋出古怪的產品，或者承諾為現有產品提供荒謬的新功能，或者只是在他們的網站上新增一些愚蠢的設計元素來插科打諢。,4.0,3.667
edu2021_00112,edu2021,老師說得不錯，謝謝老師的分享,6.833333333333333,2.916666666666667
sentence_02011,sentence,開示非常簡明扼要,6.0,4.667
text_00020,text,呵呵，現在買了很多花草茶，還有茯苓粉，打算再做種子眼霜。,5.25,2.833
edu2021_00557,edu2021,由於老師都是親身經歷的，講起來比課本更有活力些，讓我們比較好記憶。,6.5,5.416666666666667
text_01097,text,媳婦受不了苦日子，留下7歲孫子及5歲孫女，離家出走找不到人，陳翁因罹患糖尿病，做木工有職業病，年邁身體不好，又關節退化，無法彎腰，沒辦法工作。,3.25,4.857
sentence_01452,sentence,透明水凝膠質地,5.0,2.5
sentence_00100,sentence,別把部分人的不當行為怪罪於宗教上了,4.0,7.0
sentence_00160,sentence,我沒要去只是要準備老爸,5.0,4.0
reflection_00246,reflection,我認為如果他有認真聽，或許能少掉重複的來回答復與解釋。,4.5,3.2
text_01883,text,對抗日本右傾政權，迫其承認釣島爭議，階段性軍力對峙本無可避免，只是今日中國的國際處境並未比過往局勢更糟，沒有道理非得走上戰爭一途才行。,4.444,4.143
reflection_02165,reflection,人一旦陷入「如果當初如何，結果會完全不同」的思緒，便會浮沉於自責和懊悔之中，在這些情緒反覆糾纏下對於家人便會形成巨大的壓力。,3.125,4.9
reflection_02330,reflection,但我後來才發現病人的女兒會有異常行為，交班單上註記著有通報過社工。,4.625,4.75
sentence_00225,sentence,但是現在賺錢難了,2.667,5.667
sentence_02540,sentence,要讓邪教信眾戒除邪教,6.667,5.333
edu2021_01152,edu2021,覺得老師統整講解後有讓整個脈絡更清楚,6.25,4.214285714285714
sentence_00860,sentence,缺點是有先入為主的觀念可能吞不下,4.0,5.0
reflection_00197,reflection,"我設想了若我是當team住院醫師要和家屬溝通的情境,但我發現我的狀態會因為能夠同理家屬不捨得家人離去的心情而多少受到影響,且由於家屬當下的狀態勢必會比較激動,也很擔心會用詞不當或沒有解釋清楚,而感到有點畏畏縮縮。",3.375,6.875
edu2021_00535,edu2021,看到考試分數之後覺得還可以再進步，要更仔細聽課,6.583333333333333,5.142857142857143
sentence_00274,sentence,原生家庭的桎梏怎麼可能那麼容易擺脫掉,3.4,6.5
edu2021_01388,edu2021,有很多東西要看書才會懂，所以要念課本,5.25,3.428571428571428
text_02319,text,曾以房仲為業的薛姓男子，今年3月起陸續在臺南破壞多輛電動機車Gogoro後被逮送辦，不改惡習，不僅持續作案，還跟蹤妙齡女子返家，遭斥責後亮刀恐嚇，昨晚被拘提。,2.333,5.5
text_00816,text,總體來講，對登封的印象比較差，基本上是髒亂差的典型！,2.333,6.556
edu2021_00272,edu2021,今天的課程更加的讓我了解到相關內容,6.083333333333333,3.785714285714286
reflection_00681,reflection,在加護病房，幾乎時不時都看到病人戴著呼吸器，肚子十分膨脹，手腳因為心衰竭而有嚴重的水腫，意識有時清醒有時比較混亂。,2.125,6.0
text_01144,text,陳揆：沉迷電玩很傷眼陳揆表示，年輕時玩過打網球、足球的電玩，電玩當產業看，很適合東方人，把文化歷史融入軟體設計，對玩家可刺激末梢神經、瞬間狀況的反應，但呼籲不要太沉迷，「電玩對眼睛不是很友善的遊戲」。,5.889,4.556
edu2021_00809,edu2021,聽老師講課覺得很精彩，都不會想睡覺,6.666666666666667,4.5
reflection_00011,reflection,"但最後又聽說他們家的經濟狀況其實不太好,病患本人又是做工的存款也沒有很多,也無妻兒,因此重擔落在哥哥身上,自費albumin時一袋1700元*6都非常猶豫,矛盾心情全透漏在他們臉上。",3.625,3.7
text_00678,text,試想一下，當夜已很深，你正準備入眠的時候,4.889,5.0
reflection_00690,reflection,可以怎麽做建立在信任阿伯的話語基礎上，我認為此事件大多是因「資訊不對等」所造成的。,4.5,3.4
reflection_02067,reflection,女兒從頭到尾都不發一語，但凡頻頻扶額、按壓眉心，都能看穿她瀏海與口罩下的煩躁。,4.0,3.875
sentence_02068,sentence,而別離足以美化人生,7.0,5.0
text_01960,text,謝春嬌痛批，北市府自己不去主動問內政部，把問題踢給別人，還騙同意戶說法務部沒回函，同意戶已經無法再次相信市府，她要求本週三以前就要給居民答案，否則將發起抗爭行動。,2.778,6.556
text_01335,text,明道大學吳信達助理教授參加2012iENA紐倫堡國際發明展，以「超輕型質子交換膜燃料電池」榮獲銀牌獎殊榮；今年並在儲能技術發展榮獲「第十五屆莫斯科阿基米德發明展銀牌-銀牌獎」。,6.889,5.857
sentence_00357,sentence,能早來當然會早來,5.2,6.25
edu2021_00512,edu2021,今天教的問題還蠻吸引人注意的而我也蠻有興趣的,6.666666666666667,5.333333333333333
reflection_00430,reflection,此次因為喘了一周而入院，透過X光發現大量胸水，懷疑是腫瘤引起的胸水造成呼吸窘迫，雖然使用了NRM full run但仍未改善，於是插管入住加護病房。,4.75,5.0
sentence_00774,sentence,緋聞總能佔據微博熱搜版,3.6,5.75
text_01120,text,不少人覺得壹電視製作水準高、畫質好，如今因虧損被賣掉，簡直是「劣幣驅逐良幣」。,3.0,6.714
reflection_00041,reflection,"二.我的感受在首次聽到家屬的疑問當下,其實第一直覺是覺得,家屬突然聽聞病人不好的消息,會一時不能接受也是正常的,並且在主治醫師細心解釋後,當日的家屬也似乎有理解病情解釋的內容,但當後續幾日每天都來新的家屬,每個人都問一樣的問題時,心中不免覺得很煩躁明也講很多遍了,為什麼好像家屬之間都沒有溝通,每天花這麼多時間解釋病情,結果都沒有用。",2.625,6.5
sentence_02090,sentence,我們更敬重崔老師的為人和品格,6.6,5.75
reflection_00939,reflection,但如果以臨床的角度來看的話，會覺得做氣切繼續照顧病患，其實只是在讓病患受苦，後續病人的狀況可能會越來愈不好，併發症可能也會慢慢的浮現。,4.375,4.2
text_02757,text,今次法案委員會會議，有一個前所未見?奇怪現象，就係無論個會開成點，會議場內幾亂，都唔見有保安執行主持命令，驅趕議員離場。,3.667,5.625
sentence_00858,sentence,眾人忙驚惶相問,3.5,7.0
sentence_01628,sentence,這樣的典範永留我心,7.0,6.333
sentence_01232,sentence,而後顫抖著土下座道歉的我是今天的亮點,4.667,4.667
edu2021_00064,edu2021,今天吸收了不少東西，感覺更加進步,7.071428571428571,6.083333333333333
edu2021_00516,edu2021,受益良多，頗有趣,6.5,3.083333333333333
text_00324,text,不過沒味道的車友大多有關A/C後再送風個1-2分鐘的習慣我就是)，建議車友可以試試看會不會有改善。,5.111,3.375
sentence_01270,sentence,在任意500米上突破後,6.0,4.333
text_00168,text,看得人冷汗都要出來了，覺得女主角某種程度上缺乏決斷，性情比較軟弱，還未看得透徹就想託付未來以過安定的日子，可惜往往慢了一拍，事情就大不相同。,4.0,4.778
reflection_00781,reflection,當下覺得這樣的處置對患者來說很不公平，經過思考後，我覺得在生病的那一刻開始，對患者本人就已經不公平了，我們盡量維持天平兩端的平衡。,2.625,6.5
edu2021_00678,edu2021,因為很多沒接觸過，加上上課進度很快，所以有時候跟不太上,4.083333333333333,4.5
text_01522,text,另外就讀國立羅東高商資料處理科三年級的潘姿穎同學也是來自單親家庭，基於教育體制及課程的調整，她無法使用學長姐留給她的教科書，於是她申請獎助學金以減輕教科書的支出，她感謝羅許基金會提供的獎助學金，讓她在求學過程獲得最實質的幫助。,6.375,4.667
text_01390,text,有多少小孩子們用他們的生命和青春來成就貴公司，多少孩子們將他們的未來押注在你們所創造出的虛幻世界。,4.0,6.375
text_01567,text,此次阿國人質事件主謀貝爾莫塔就以走私和綁架賺進數百萬美元，得以策劃天然氣田攻擊案。,4.0,4.625
sentence_01728,sentence,還遭到無數人的疑心,3.0,4.6
reflection_01178,reflection,視訊直播原本只是進階版的通話功能，但是在無法親自見面的後疫情時代已經被賦予了更多的意義，許多公司開始能接受會議用視訊的方式進行，而醫師也開始用視訊看診，微電商也開始用視訊叫賣貨品、衣服，大家開始不那麼要求一定要實體的接觸，由上述可見，在疫情期間，視訊近乎等於見面了。,5.375,3.1
text_01397,text,也難怪不少人大呼莫名其妙，嘲諷歐盟該得的是經濟獎而不是和平獎；還有人胡亂推測說，德國會領走和平獎獎金，而且一毛都不分給身陷急需紓困的希臘。,3.5,5.143
sentence_02438,sentence,在荒廢之地找出生,5.5,4.5
reflection_01205,reflection,但即便如此，有時病人點頭或搖頭的反應也有些模糊或是延遲。,4.625,3.4
text_01471,text,願臺灣產業升級，經濟振興，人人有工作，家家都歡喜；願社會和諧安定，大家相互關懷，互助合作；願全民充滿朝氣，相互激勵，迎向新挑戰，開創新世紀。,6.75,5.571
text_01370,text,前職棒球員一度不願證實，最後才證實「過去式了」，但對曾是球隊投手的棒壇明星涉嫌盜林，感到惋惜。,2.778,5.25
edu2021_00365,edu2021,這堂課大大增加我的認知,6.571428571428571,5.0
reflection_02472,reflection,除此之外，也感謝在病房帶領我的學長姐，不吝於解答疑問與指導臨床技能的技巧。,7.125,5.0
sentence_01421,sentence,安守自己純真至善的本性,6.6,3.8
reflection_01466,reflection,描述事件：一位病患原本已簽立完DNR，選擇全拒「不壓胸、不電擊、不插管、不用呼吸器、還有不打藥」，但是家屬卻跟護理師表示若有緊急狀況仍需要急救！,3.9,5.4
reflection_02017,reflection,現在不能繼續治療癌症嗎？,4.5,3.375
text_00332,text,不要光注意它的好省油、輕便、便宜、耐用...)，也要注意車商所不願告訴你的真相主被動安全缺乏所以，當這些車主主被動安全配備不足)，面對這些安全性的議題！,5.0,4.857
sentence_00285,sentence,寂光院更顯精巧別緻,6.4,5.25
reflection_02473,reflection,感謝在老醫科帶領我的蔡明儒老師和張維安老師，在短暫的兩週見習內，帶領我認識加護病房常見病人型態與治療方法，指導我們相關知識，並致力解答我們的疑問。,6.7,3.5
text_00304,text,的確...內文最後一句身為同級車銷售龍頭的CAMRY車系，在推出新一代車型後，再度以十足地配備與安全防護，延續著車系廣受歡迎的最佳地位。,6.111,5.143
sentence_00442,sentence,法輪功學員反迫害不也是維權運動嗎,5.0,6.25
sentence_01712,sentence,也沒有這種魄力,4.0,4.5
reflection_00616,reflection,我的反應去查閱相關資料，了解介入性心導管治療可能發生的併發症：支架內血栓以及其風險。,4.875,1.5
text_01516,text,校方強調，簡姓學童學期末當天，被父母親失手虐打致死，因現在是放寒假期間，同學目前都還不知情，開學後會進行班級關懷輔導，減輕班上同學對此事件所造成的心理衝擊與陰影。,3.286,5.143
reflection_00704,reflection,因為AKI的關係一直給病人灌水，但albumin太低水就一直滲出來讓整個手跟腳都很腫脹，看了真的不忍心。,2.2,5.75
text_00997,text,ThinkPad基因之一機器雖然有點重，但是感覺很紮實，比某些“娛樂本”紮實很多。,6.111,4.286
text_02199,text,因為韻律，身體才不被削為物；身體空間的記憶，若滅了韻律部份，就有反生命的危險——以此觀之，羅浥薇薇是在倫理與才份上，雙雙俱足的守護者，珍稀且強悍。,6.25,4.75
sentence_00309,sentence,致使警員疏於防範,3.4,5.25
reflection_02147,reflection,家屬認為醫院中醫師說法不一致，覺得相當的懷疑、不是很能諒解，頻於會客時，語氣強硬地和醫生討論。,3.6,4.25
sentence_01466,sentence,臺灣人降有點自甘墮落,3.0,5.75
text_02562,text,今日早上七時許，一名58歲姓蔡男子，被發現倒臥在長洲黑排路直升機坪外，他暈倒陷入昏迷，救護員到場將男事主送往長洲醫院，其後他證實死亡。,3.286,3.0
edu2021_01462,edu2021,配合實例講解，再加上課本的文字，讓內容更容易理解,6.5,5.357142857142857
sentence_02382,sentence,漫無目的的遊蕩,4.333,3.667
edu2021_00339,edu2021,有難度,4.214285714285714,2.357142857142857
edu2021_01264,edu2021,今天的課程讓我們能思考，激盪不一樣的創意想法,7.75,5.416666666666667
edu2021_00475,edu2021,有些部分覺得很困難，希望能更研究更多,3.75,4.833333333333333
reflection_00073,reflection,"可以怎麽做跟老師討論完之後,了解以後如果遇到治療選擇不多的病人,可以如何安撫病人,並讓病人了解目前醫療雖然發達,但是還是有他的極限存在,並告知我們會盡我們能的去幫助病人",5.5,4.25
reflection_00589,reflection,最後可以與家屬談談預期的治療期待是什麼？,4.75,3.0
text_02132,text,惠普筆記本近年來得到了長足的發展，在增強設計審美、改善效能輸出、優化電池續航之外，還大膽使用皮革、木質來滿足消費者的不同需求。,6.222,3.333
text_02268,text,十弋耐高溫，家居常用，簡約經典，手感舒適~天貓晶家家居專營店當前售價9.9元，直降好價，內含6只，無鉛玻璃材質，耐高溫到100度。,6.0,2.375
reflection_01449,reflection,我們這些未來的醫師同時乘載了醫學知識但又帶著血肉之軀活在社會的關係網絡中，這種雙重性質應該使我們附有更大的責任該和沒有受過醫學訓練的大眾溝通，而不是放任媒體代風向，也不是只幫有數據的那邊說話並責怪民眾無知。,5.5,6.375
sentence_01102,sentence,別拿出來丟人現眼了,3.0,6.667
edu2021_01425,edu2021,對我來說今天的課是最懂的一堂,7.666666666666667,5.416666666666667
sentence_02058,sentence,洩密中國最重可處15年徒刑,4.667,5.5
sentence_00844,sentence,海軍節過度維穩曝光,5.5,4.0
text_02877,text,何俊賢說，雖然政府表示荃灣屠房仍然開放，但據行業瞭解，截至下午私人擁有的荃灣屠房仍未有決定屠宰活豬，連累本港安全的豬場。,4.0,5.25
edu2021_00150,edu2021,上課進度太趕了，很多東西不清楚,3.357142857142857,4.25
edu2021_00617,edu2021,今天的課並不會太難，只要一點點時間搞懂他的原理，就可以自由的運用了,5.5,3.357142857142857
sentence_01817,sentence,成了肥沃的土壤,6.333,5.0
reflection_02052,reflection,就算老師解釋完抽血的時機後女兒還是一臉狐疑，並說在急診時聽到櫃檯人員如此說的，老師也是很懷疑因此繼續追問女兒是否為醫護人員，女兒才說明她先生是。,4.5,4.0
edu2021_01195,edu2021,發現自己很多不足的的地方，有種無能為力的感覺,2.428571428571428,3.785714285714286
sentence_01586,sentence,是我的佔有慾在作祟,3.4,6.0
reflection_00176,reflection,"我當下決定從旁觀察老師如何進行醫病溝通,盡量將自己縮小到旁邊不影響老師及學長的位置。",4.75,3.125
text_00219,text,我不希望大家都迷失在永無習日的數字遊戲中！,3.714,5.625
sentence_02471,sentence,把殘骸祕密放置中共駐南大使館地下室,5.0,6.0
sentence_02498,sentence,紙束紙束敗北者,4.0,5.0
text_00331,text,光是那隻開關就不太便宜了，一個壓縮機破萬是正常的!不用擔心買到車王,5.0,5.444
text_02232,text,要一起享受幸福美滿的生活，孩子是無價之寶，永遠記住，所有的東西都可能是別人的，都可能是假的，只有孩子才是真正自己的東西，多生孩子吧！,6.0,6.0
edu2021_00778,edu2021,有些概念還是有點抽象，不是那麼好理解。希望可以再詳細一點介紹,3.916666666666667,4.142857142857143
sentence_01572,sentence,果然上學太摧殘精力了,3.667,5.333
reflection_01964,reflection,倒是隔壁床的的那位女性就沒這麼幸運了，家屬決定為她進行氣切，也計畫轉至亞急性呼吸病房繼續照顧，但後來的幾天，病人呼吸器的數值始終上上下下，升壓劑也重新用上，有時候會看到她得用烤燈或暖風方能維持住過低的體溫，只怕是路不長了。,3.5,3.5
edu2021_00061,edu2021,上課內容大致了解，回去會再複習,5.714285714285714,2.416666666666667
sentence_01517,sentence,更像是一種傲慢的自我表現,3.4,4.5
sentence_00126,sentence,給錢也的確是她唯一的表達方式了,4.5,3.4
sentence_02514,sentence,讓他的心變得率直,6.6,4.2
reflection_02172,reflection,以這位老奶奶來說，老師從一開始溫和、中間時而強硬、最後再轉為溫和，適時地轉換才能有更多機會讓家屬知道需要瞭解的以及需要決定的，即使最後對身為醫療人員的我們來說，家屬做的決定並不符合我們所學、我們所期待，但至少已經盡力了，另外，我也體認到同理家屬的重要，若沒有站在家屬的立場想，會沒辦法找到他們的顧慮以及問題所在，也就無法讓溝通更有效率。,6.0,3.7
sentence_00762,sentence,巧克力香味很有誘惑力,7.5,6.0
sentence_00432,sentence,我本來以為羽風薰是夢之?寶貴的碩果僅存的幾個直男,4.5,3.5
edu2021_00691,edu2021,今天上完後，對各種的應用工具更加地了解了,6.333333333333333,3.916666666666667
text_01591,text,未來若經濟復甦，朝野每年協商總預算時，還是可進行調整，屆時績效獎金說不定可以恢復到二.六個月，甚至更多。,5.889,5.0
sentence_01162,sentence,美稱馬杜羅要流亡古巴,4.0,3.25
sentence_00233,sentence,歌頌這美麗的5月,7.667,5.667
text_02273,text,往往我在診間外面等了一或兩個小時，或排到70幾號，100多號，可是推門進去，卻看到醫生對我微笑，他明明是從一開始就坐在那個座位的人，卻還是維持耐心，沒有疲態。,7.429,5.25
text_01231,text,請女方不要一廂情願覺得沒有關係、賭說沒這麼剛好，盲目地相信男性那張嘴說會負什麼責任，有多愛妳；不然，就乖乖等到有經濟能力了，生活較能照顧自己與新生命了，讓懷孕從「無法預期」變得「可預期」，才能避免面臨接踵而來的社會、經濟與家庭壓力。,3.75,6.5
reflection_00347,reflection,若是成功，拔管女兒不願意再次進行插管治療。,4.875,2.5
edu2021_01130,edu2021,一直有人講話，影響到上課的吸收和注意力,3.3,4.928571428571429
reflection_00100,reflection,"急救過程中由於狀況相當不穩定學長有用電話連繫家屬表示目前正在急救中,麻煩他們前往醫院->家屬可能已經先入為主認為應該是快要不行了2.",4.5,3.3
edu2021_00086,edu2021,終於沒功課了，好開心喔,7.785714285714286,8.666666666666666
text_00496,text,小弟今年農曆年前剛牽的RAV4最近兩周早上發車後開冷氣時會聞到很重的異味味道酸酸的非常難聞前兩天送回原廠檢查技師居然跟我牽拖東牽拖西的還說這是正常的這兩天我將內部整理乾淨後再測試發現到單純送風時的異味感還是很重不過開了A/C後有好轉請問大家有何建議新車就如何那以後還得了我希望能有好方法來讓原廠重視我的問題,4.0,5.0
sentence_00467,sentence,美國已經清楚的講說,5.0,4.0
edu2021_01401,edu2021,第一次考這科，但我完全不知道他要怎麼考，就不能給個範例嗎,2.666666666666667,6.166666666666667
text_00703,text,與之前的評價不符，a距離春圓海鮮廣場沒那麼近．b樓下的金鳳凰廣場也沒有想的那麼好．總之：下回不會在選擇了，還不如花少錢住三亞灣的小型度假村或花同樣的錢住環境好的亞龍灣,3.143,4.571
edu2021_01198,edu2021,聽不懂的話 ，上課就撐不太住了,4.0,3.416666666666667
text_02611,text,當地時間週一，他在Twitter發文稱，瓊恩、丹妮莉絲連同瑟曦一同死掉，然後讓一個心胸寬闊的小個子男人坐上鐵王座。,3.833,5.167
text_01384,text,饒姓婦人回想那一幕仍餘悸猶存，她感謝素不相識的正義妹相助，改天會好好謝謝她。,6.222,6.167
sentence_02297,sentence,郭文貴可敬可嘉,6.25,6.0
text_01756,text,其中一人告訴媒體：「對以色列而言，這是很壞的消息。,3.778,4.625
text_01075,text,「幸好不是心臟病，否則…」新北市海山消防分隊昨出勤救護一名骨折老翁，剛抵達樓下就遭醉漢持旗杆攻擊，2名救護員無法下車，直到警方趕來制伏醉漢才得以上樓救人，耽誤14分鐘；救護員表示，救護車受損事小，若延誤黃金救援時間，「萬一枉失一條寶貴人命怎麼辦？」家屬氣…還好病患沒事湛姓老翁妻子昨天受訪說，丈夫在家中上廁所時，不慎跌倒左肩骨折，家人十分焦急，沒想到還遭到醉漢阻撓耽誤送醫時間。,3.0,5.714
edu2021_00015,edu2021,最後給的意見就是看不出實用、沒有創意、太淺，實在令人太受傷了,1.5,6.7
edu2021_00079,edu2021,今天上到的令我感覺到十分驚奇,6.214285714285714,8.083333333333334
reflection_01645,reflection,我覺得經過這兩周的學習，面對典型的病人我也有信心能夠做出正確的診斷與計畫，也更能夠理解開立這些檢查的目的以及需要注意的部分，雖然有點辛苦但我覺得獲得的回報蠻正面的，期許未來在不同科別能夠好好利用這兩週所學並繼續精進自己。,7.5,5.2
sentence_01574,sentence,利用烏克蘭東部恐嚇烏克蘭,3.333,5.667
reflection_01116,reflection,由於其意識狀況，家屬很難接受病人其實已經處於難以治療的狀況，出血點的不確定，導致無法對特定血管進行有效栓塞，而栓塞的血管過多，將有很大的機率造成病人常到缺血壞死，而依病人目前的情況來看，若要進行緊急手術，其危險性相當高。,3.75,5.5
sentence_00124,sentence,那麼珍惜每一塊錢的外婆一出手就是一千塊,6.0,4.75
reflection_01359,reflection,且當人在情緒激動的時候，旁人的話難免會聽不進去，更何況這種關於生離死別的問題，短時間內肯定沒辦法好好的去吸收消化，才會導致病人家屬這樣的反應。,3.25,4.5
sentence_02291,sentence,裡面的地圖材質摸起來也很耐用,7.0,3.6
text_02315,text,先前也謠傳光陽可能會在近期發表較大功率、且Ionex電池比當前更大的電動車，或許此次的活動也將為傳聞中的光陽較大功率電動車的發表活動也不一定。,5.778,5.25
text_00522,text,這種狀況我最近也遇到，一位長輩在借開IS250上武嶺後，直接說買這種車真不值得，倒不如買Camry還比較舒適，他介紹好幾個朋友買camry，每個開過都讚不絕口,5.857,5.5
text_02021,text,為了截圖更加清晰，我還去b站衝了大會員，然而1080+看上去也不怎麼樣，這不是坑爹麼，有電視的話還是在電視機上看爽！,3.778,5.625
edu2021_01089,edu2021,老師舉了很多生動有趣的例子,6.083333333333333,4.142857142857143
text_02060,text,微軟Windows10的五月更新今天如期登場，對一般使用者來說最明顯的改變，應該就是增加了亮色主題，了吧。,5.714,5.5
sentence_00177,sentence,總是選擇自己有利的一面,3.667,5.667
sentence_01873,sentence,也成為她疲乏時候的喜樂,6.4,5.0
sentence_00654,sentence,熟悉又模糊的名字,5.0,5.667
text_00638,text,一家三口入住兩天，很滿意的一家賓館。,6.778,5.143
text_02840,text,漫畫/陳彬在擁擠的地鐵上，突然有人高喊臥倒，周圍乘客頓時陷入慌亂，多名乘客跑動逃生，有不少人跑出了地鐵……這一幕，發生於5月17日的深圳地鐵7號線上。,3.375,5.375
text_02561,text,每次洗鞋都會被告知摺痕地方是無法處理的，難以避免的使用痕跡讓鞋子看起來格外舊，對於愛鞋者來說是心痛卻又無法避免的狀況阿...如果跟你說摺痕有辦法處理你信嗎？,4.75,6.111
sentence_01615,sentence,奮鬥進取與悲觀的人無緣,5.0,5.0
edu2021_00295,edu2021,上課都半懂半懂 需要一直查東西,3.071428571428572,5.666666666666667
text_00364,text,不然怎會滿街都是你們所謂的垃圾?,3.0,6.375
edu2021_01283,edu2021,不僅能學習到知識，更能小小放鬆一下,6.416666666666667,3.785714285714286
text_00757,text,服務員態度很惡劣。,2.444,6.875
reflection_00603,reflection,我可以怎麼做1.試著同理家屬的感受，在對話的過程中多次的停頓，給予家屬思考與詢問問題的機會2.解釋的過程中盡量以淺顯易懂的方式使家屬理解3.了解疾病病情的發展，使家屬了解到未來病情可能的變化以及我們的處置4.,5.5,3.1
text_00978,text,原裝鼠標相當好，就是小了點。,5.571,4.714
text_01086,text,調查指出，7成2偏鄉弱勢童家中教育資源不足，近6成偏鄉弱勢童家中沒有電腦或網路，6成6偏鄉弱勢學童家中書籍不到10本，5成5偏鄉教師表示常得幫學生籌學費。,3.5,4.125
sentence_00529,sentence,其實我覺得這世界上就沒有種族歧視,5.0,6.333
reflection_01502,reflection,"最後安慰他們決定進入安寧緩和治療並不是一種殘忍的行為,也不是內疚的責任,而是讓媽媽的身體決定她自己的時間」,順其自然,家屬變得比較願意面對,最後也做出了決定。",5.1,3.8
text_01819,text,各位現在那麼氣憤甚至有人傻到想投柯文哲的,3.333,6.375
edu2021_00140,edu2021,初次學到這方面的知識，感覺蠻重要的,5.916666666666667,3.25
text_00935,text,如果決定轉賣或交換手機設備，確定將內部資料清除乾淨，恢復到出廠設定，以避免個人資料遭到外流。,5.0,2.8
sentence_02494,sentence,畢竟跟病菌一樣,3.333,4.333
reflection_02405,reflection,所以他們希望母親可以不要跟爸爸一樣，也因此他們希望老師替病人拔管，雖然老師有提起病人拔管完不一定會立刻離開，很有可能在病房喘很多天，非常的痛苦，這樣還是要拔管麼？,3.375,5.2
text_01170,text,在遊戲中殺氣十足，但被外國媒體問到要如何使用獎金時，Bebe卻害羞地說不出話，最後還是MiSTakE把他「想買電視」的心願說出來；身型魁梧的Lilballz說，回到臺灣第一件事就是要好好享受臺灣美食。,5.857,4.857
sentence_00898,sentence,流氓行徑造反訓練的,4.0,3.0
edu2021_01409,edu2021,今天上課時的狀況不是很好，不太舒服，有點茫,3.25,2.666666666666667
sentence_01146,sentence,盡情放肆盡情衝刺,6.75,6.4
edu2021_01532,edu2021,實在令我摸不著頭緒,3.083333333333333,5.583333333333333
reflection_00237,reflection,12/24-25週末期間，皆由孫女訪視，醫師解釋病情可了解；然而，12/26會客時間，丈夫、兒子、姪女來訪，兒子與醫護團隊一見面便略帶抱怨地表示從來到急診開始，未有醫師向他們說明手術風險及治療計畫，語氣不悅，即便主治醫師試圖釐清，說明目前心臟內科加護病房的角色，並且表示後續將有心臟外科醫師來進行手術相關的解釋，似乎也無法打斷兒子的滔滔不絕…,2.875,6.0
sentence_00139,sentence,你們又不是貧窮的人,4.5,5.0
sentence_01792,sentence,老實說有很洩氣也有很溫暖的部分,5.333,5.667
text_00504,text,每天發類似的抱怨...不累嗎?,3.333,5.125
reflection_00916,reflection,會客時間主要來的會有病患的小兒子，據其所述家中為兄弟姐妹共七人，主要照護者為自己，於會客時會自備小筆記，將當天所有的實驗檢驗或檢查結果做紀錄，並與主治醫師討論、提出看法，對於救活母親抱有很大的冀望，然而病患的狀況經跨團隊综合評量下認為已進入末期，病情已無法逆轉，也告知其相關事證，並嘗試引導其走入安寧，但家屬仍無法接受，認為基於對生命的尊重，必須要救到底，不論付出多大的代價，都必須延長病患的生命。,3.4,5.0
text_01043,text,前一秒，母子還開心慶祝兒子的生日，下一秒，卻變成兒子目睹母親慘遭撞死的悲劇！,2.375,6.5
reflection_00031,reflection,"在急診抽血、CXR、abdomen CT都做過後,懷疑是肺炎所以收進感染科病房治療。",4.5,2.25
text_00711,text,酒店剛剛裝修好，有點氣味，我能忍受，同事不行。,3.556,4.222
sentence_00336,sentence,喧鬧的人都在流浪,4.0,3.6
edu2021_00331,edu2021,今天教得好快喔，一下子就教完了,4.75,4.1
sentence_01028,sentence,三度提出司法請求與會商要求,5.0,3.333
text_00050,text,異地戀的思念會毒死一個人的熱愛。,3.375,6.167
text_01770,text,於是開始杞人憂天走上街頭開始抗爭以為這樣就能掩飾心裡的不安.,3.667,5.857
text_01707,text,李桐豪說，親民黨不只是國營事業績效問題希望合理討論，包含釣魚臺到年金改革等議題，親民黨都希望找到空間，「社會對立之下還是要有尋求對策的方式」，他強調，績效獎金本身並沒有方案的問題，「但是問題必須解決，可以強烈表態要改革，但是真正的問題是共識之下，必須要有時間把相關細節內容細緻化」。,5.625,4.444
text_02158,text,這場事故，被視為人類史上最嚴重的一次核電事故，而關於這場事故發生的原因以及後來所導致的影響，爭議至今都尚未休止。,3.556,5.25
text_01733,text,有90分的實力，如今卻只有70分的表現，當然就不滿意；另一種情況是沒有特定的期待，就實際情況認定馬總統的施政表現不到60分，是不及格的狀態，所以不滿意。,3.5,5.167
reflection_01956,reflection,我驀得想到這次婆婆之所以會被救回來，也是當初因為情況緊急，團隊來不及聯絡家人便緊急進行了插管，不過下次呢？,3.8,5.75
text_02505,text,然後說這樣反而更好，否則即便一時虜獲某人的心，但正所謂人心難測，誰知道什麼時候對方又會改變心意，何必白費功夫呢？,3.625,4.556
reflection_01167,reflection,你可以怎麼做同理家屬⼼情：事發突然，家中⽀柱突然倒下，相信他們⼼情⼀定很難⾺上轉換過來，強烈的失落感會讓他們⼀直想要做些事情來補償，⾃責也是其中⼀種表現。,3.625,4.375
edu2021_00520,edu2021,我覺得老師講解詳盡，令我明白課程的重要性,6.571428571428571,5.083333333333333
sentence_01955,sentence,你表現得太急切人家,4.0,6.4
edu2021_00359,edu2021,我似乎沒有很準確地抓住重點，所以有點聽不懂,4.0,3.2
reflection_01497,reflection,ICU的病人往往是醫院中最棘手最嚴重的，死亡率也相較一般病房高，因此在ICU除了救治病人外，面對不可避免的死亡，醫療人員該如何適時的放手，讓病人走的有尊嚴、沒有痛苦，讓家人來得及做好準備，把對病人感謝、道歉、道別能及時的說出，不留遺憾，這都是除了藥物治療和處置以外我們能做的。,5.2,4.375
sentence_00165,sentence,認為中國其實知道他一定會贏,5.0,3.0
text_00471,text,你會很開心嗎?,5.25,5.75
text_02445,text,不過也是有副作用的，長時間使用容易長骨剌，為了吃零食要冒肌肉痠痛或是半邊麻痺的風險也是要好好考慮一下的。,3.375,5.0
text_00960,text,散熱很好，開機一天，感覺不到什麼熱量，同事的惠普已經在燙手了螢幕上網有個小燈，晚上關燈使用電腦的時候，感覺很好小黑運行很穩定，沒出過什麼問題買了一個月了，沒有出現過任何問題，還是相當滿意的京東的送貨速度比以前快多了，週一下單，週三到，好像是京東自己的送貨員呢，這一點很好,7.1,5.889
text_00509,text,你就像是禿頭男，罵頭髮多人的髮型很醜一樣自己的車明明就是不到十萬的破爛喜美不僅沒VSC也沒6氣囊甚至連BAS。EBD甚至又是十多年前喜美的爛車體沒頭髮的人卻罵有頭髮的人髮型很醜真是好笑!勸你開過三台以上的車每一台都開過半年以上再來發表高論學生不要整天打線上遊戲，又跑來汽車版裝專家，會被人看破手腳的,4.0,6.444
edu2021_00862,edu2021,今天從老師那學習到了很多知識，相信一定對我有所幫助,7.357142857142857,5.0
reflection_00383,reflection,或許不一定要堅持我們的立場到底，我們只要盡到醫師該盡的告知與share decision making的責任，最後就是尊重家屬的決定，這樣對我們彼此的心理負擔都可以小一點。,5.875,5.375
text_02192,text,網上有打工仔就面對兩難局面，佢從事IT工作，突然被問有冇興趣返內地打工，工作地點係三?城市邯鄲，冇地鐵要?車，做IT程式開發員??,5.167,3.75
sentence_00381,sentence,那種不屑的調調,3.0,5.333
text_00382,text,小弟趁今天去保養車子時，順便跟原廠員工聊天小弟想瞭解一件事，ALLnewCamry的配備這次這麼差，倒底是日本原廠的意思，還是台灣總代理的意思員工也很誠實的說是台灣總代理的意思所以小弟差點誤會日本原廠和泰啊台灣人民的生命這麼不值錢嗎不值到連安全配備也要拿掉嗎，還不能選配連原廠員工都很失望,2.875,6.333
reflection_02465,reflection,有一位病人在當時進來MICU時就已經非常不穩定，已經上三線升壓劑才勉強維持血壓，病人隨時都有可能會撐不住。,3.5,5.0
sentence_00472,sentence,人他爸很有錢不然怎麼能買新聞啊,3.333,6.667
reflection_00539,reflection,我的感受當下我感到同情，但也覺得微微憤怒會感到同情是因為病患兒子有提到他這幾個月因為照顧母親而產生的工作與生活變化，加上自己家中也有一位行動不便的失智的祖母，深知照護病人的不易，更遑論是在加護病房的親人。,4.25,4.3
sentence_01664,sentence,我不肯繳納罰金,3.0,5.667
reflection_00822,reflection,但我同時很難理解家屬怎麼沒辦法瞭解事情的嚴重程度。,2.8,4.5
text_00741,text,住過的最差的之一１．房間極其悶，在高原本來就缺氧，悶在房間裏極易加劇高原反應；２．簡陋。,2.667,6.714
sentence_00163,sentence,就是一個嚴重分裂症患者,4.0,5.333
sentence_00033,sentence,協議要求這些自然人股東在離職或死亡的情況下,4.0,4.0
text_00124,text,畫面很簡單，文字也很簡單當你陷入一種迷失自己的狀態,4.889,2.667
sentence_02582,sentence,越是覺得自己很厲害而自滿的人,4.333,5.333
text_02952,text,OpenTelemetry成立的目的，是要為原生雲端應用程式，提供強健可移植的遙測功能，作為OpenCensus和OpenTracing兩專案的替代方案。,5.875,3.125
sentence_02317,sentence,其實很難能可貴,7.0,4.75
edu2021_00975,edu2021,我充分理解了，更明白了這課程的意義,6.5,5.333333333333333
text_02011,text,美方在中美經貿磋商過程中言而無信、反覆無常，前一刻說出的話，下一秒就能自我推翻，翻臉的速度比翻書還快。,3.625,6.0
text_02043,text,不僅跨性別作家JanetMock指導其中的許多集數，其中的角色都是活生生的、有獨立思考的，而不是隻是為了政治宣言而被創造出來。,5.889,4.5
text_00561,text,感謝您對大連銀帆賓館的滿意和支持！,6.6,5.333
sentence_01908,sentence,短視近利漠視未來,2.5,5.4
reflection_01875,reflection,同時可以去了解家屬目前的情緒以外，對於這次處置有沒有一些特別的需求，並針對這些特別的需求去給予協助。,5.7,2.25
reflection_01581,reflection,生從來都不是我們做的決定，死呢？,3.5,3.5
sentence_02506,sentence,但是我已經頭昏到一個快昏倒,3.0,7.0
sentence_00971,sentence,那也犯不著給他們到處遊走找藉口,3.4,6.5
text_00243,text,奧列傘……一個消滅口吃的地方……一個渴望創造力的波希米亞集市……一場關於愛和理解的換位遊戲。,5.333,4.5
text_01887,text,反倒日本處於經濟低迷已久，至今尚未看出有何出路。,4.5,3.625
sentence_01983,sentence,連看偏都算不智之舉,3.5,5.0
text_00682,text,晚上有小姐騷擾電話。,4.0,5.0
sentence_00193,sentence,那還是德國沒提防的情況下,4.0,5.0
sentence_01541,sentence,於是熱衷於奔波,6.75,3.6
reflection_01701,reflection,我可以怎麼做:如果我是負責的醫師在這種情況下，我想除了老師做到的十分詳盡並且中性的溝通外，也可以再進一步的更同理家屬情緒。,6.5,4.4
reflection_00221,reflection,我覺得一個良好的溝通常常都是能夠達到雙贏局面的關鍵，所以這次會談對我來說是一個很難得的學習經驗。,6.25,3.5
sentence_01478,sentence,不斷的在心裡哭泣,3.0,5.0
sentence_00574,sentence,自嘆一生書裡活,4.0,4.0
text_02111,text,這段時間，不少廠商都或多或少地暗示了新主機板，微星今天更是進行了公開展示，雖然沒提及X570的名字，但百分之百不是別的。,5.25,2.714
edu2021_00459,edu2021,老師將課程內容歸納的整理出順序，很有條理,7.142857142857143,2.75
text_02470,text,玩家將扮演山姆·布橋斯，勇闖因死亡擱淺而面目全非的世界，他揹負著未來希望的碎片，踏上旅途，一步步重新連繫這個分崩離析的世界。,5.714,5.857
sentence_01189,sentence,都是出於施捨者,4.5,4.5
reflection_01139,reflection,與家屬討論拔管的過程之中出現了拔管後仍不會立即死亡的問題，因為患者當初插管的考量是保護呼吸道，沒有呼吸衰竭的問題，預期本身的呼吸功能是可以的，有可能拔管後仍可以撐一段時間不會立即死亡。,4.125,3.375
text_00400,text,建議是~又不是沒有其他更好的選擇....只能祝福各位購入的車主以上，沒有別的不好的意思，單存個人意見一個看不慣這樣欺負台灣消費著的人,4.0,4.429
text_00946,text,人品還行，完美屏，內存三星，硬盤西數，螢幕也是三星的。,6.0,4.5
text_00973,text,很不錯的機器，做工驚喜，外觀漂亮，包括燈光系統設計都很人性化，機器配置均衡，總體來說配置算不錯的了，運行Vista比我想像的要流暢，以前一直用XP，從來沒用過Vista，原本打算不行就換要XP了，但是使用後發覺Vista用起來也挺順手，該機雙通道2GDDR1066的內存完全可以保證Vista流暢運行，也就不打算折騰換XP了！,6.75,5.143
sentence_00220,sentence,因為我就是個徹頭徹尾的爛人,2.0,6.8
text_02860,text,民意直直下落的蔡英文愈詭辯妄言，愈暴露內心虛弱，一句執政者必須忍受孤獨，道出了這個孤獨政客在權力黃昏之際的心聲。,4.0,2.875
text_01730,text,值得注意的是，在新任七名常委中，除領頭的習近平與李克強外，其餘五人王岐山六十四歲，餘下四人皆六十五歲以上，意味五年後的中共十九大，這五人皆將退休，一口氣將補上五名新常委。,4.875,4.429
text_00118,text,自信是小朋友邁開成功的第一步！,6.75,5.571
reflection_01734,reflection,你的反應如何其實我不是該team 的成員當時只是在 station 研究 primary care 突然發現爭執所以偷偷湊 過去一方面蒐集寫作的素材，一方面也想知道遇到這樣的情形老師會怎麼處理與面對。,4.5,4.875
reflection_01811,reflection,Case1 53歲男性，incidental finding of an isolated thrombus in the left atrium，態度不積極，與90多歲母親、22歲兒子同住，病人本身病識感不足。,4.0,2.625
reflection_01459,reflection,我想反思的 case 是傳說中的 Vaccine-induced immune thrombotic  thrombocytopenia，他是一位 27 歲男性，一開始的症狀其實是上腹痛，在前兩個禮拜打過 AZ，抽血檢查才發現他的血小板很低，但起初治療方向是胃炎和食道炎。,4.8,3.75
text_01695,text,當時「萬年國會」正當性不足，才藉由「國是會議」取得後來修憲的正當性基礎。,4.5,4.75
text_00059,text,對於一本廣受好評的書“錦上添花”多少有點多餘，讓人有所收穫是每一個閱讀人的願望。,6.0,4.286
reflection_02379,reflection,這也影響了我之後和他聊天的方向，變得站在鼓勵他的角度，希望能消除他心中的緊張，進而勇敢選擇對他有利的治療方式。,5.125,3.25
edu2021_01567,edu2021,今天上課精神特別好，課本也看得比以往認真,7.083333333333333,6.0
edu2021_00727,edu2021,利用上課所學後，思考變得容易,6.25,3.5
text_02602,text,在我可見的範圍，懲教人員以禮相待，亦關心他們的身體狀況，相信他們均可有安全寧靜的空間修養心靈，以文字為大家打氣。,6.571,3.444
sentence_01601,sentence,因應蘋果要求供應鏈全數以潔淨能源生產,6.0,5.0
edu2021_01018,edu2021,雖然說是類似，不過看起來還是滿不一樣的，不知道以後學起來會是怎樣,5.333333333333333,3.071428571428572
text_00723,text,我入住的時間是4.4~4.6，沒空調真的有點熱!補充點評2008年4月7日：還有酒店的免費接送機服務也是我選擇入住的原因之一!省時省心!好!,6.333,5.875
text_01422,text,數位原力總經理徐人強說，遊戲產業發展二十多年，國內已有七、八家上市公司，年輕世代的市場觀念已經跟上，但是社會決策階層的人似乎還沒，尤其在購物、閱讀都已是數位化的時代，電子競技也應該被正視，「臺北暗殺星」在國際上的優異表現，是一個很好的時機，錯過了，不知又要拖到什麼時候。,4.444,5.667
text_01527,text,最後，當孩子重複犯錯時，要運用「情緒凝結」技巧：也就是轉身不理他，讓他感受到你是真的生氣了。,5.0,5.0
text_02218,text,不設防的資料為SmartThings和Bixby的原始碼，同時更有AWS帳號的證書，有心人可以藉此獲得三星員工的GitLab權杖，並進而再獲得其他許可權。,4.333,2.0
reflection_01157,reflection,2.感受如何當下我感到有點緊張且對病患太太的處境感到有點難過感到緊張的原因是因為太太咄咄逼人的態度，雖然他尚且維持基本的禮貌，但對每一項醫療處置的質疑，還是會多少讓身為醫療方的我們感到不舒服，另一方面，我知道太太對醫療處置以及其預後狀態的不了解，所以可以同理她的焦慮情緒，她極其想為自己先生找一絲希望的行為，讓我看到我們醫療能力有其極限，並對她的經歷感到難過。,3.5,4.875
sentence_01922,sentence,如常飲能使老人面部紅潤,6.75,3.0
sentence_01072,sentence,把日軍的進攻引到了共畜區,5.5,6.5
text_00472,text,換個角度看有些冷門車的車主自以為很有品味很懂車那些人的車在別人眼裡可能比toyota更像垃圾,3.25,6.25
reflection_01105,reflection,"在CCU的primary care陳先生是一位STEMI的病患，胸痛了5天才來到醫院急診，由於早已經過治療的黃金時間，導致他的心臟出現許多併發症，如3’degree AV block, bradycardia…等。",4.125,4.0
reflection_01390,reflection,每天會客時，老師與學長不斷重複地告知家屬，病人現在的病況要改善，基本上已無可能，請家屬考慮看看要不要撤除維生系統，不要再給病人更多的侵入性治療，甚至是壓胸電擊等等 CPR 手段，讓病人可以安心、舒服地離開人世。,4.0,2.75
text_00686,text,黃浦江的房間風景很不錯，唯一洗澡的水溫還是忽冷忽熱，請再檢查一下，這個問題比較嚴重的，特別是小孩洗澡的時候.,3.556,5.625
reflection_00712,reflection,我的個人想法是，換做我是病人，我會希望家屬能遵從我的決定，畢竟最後受苦的是自己，理應由自己做決定，不管是生是死。,5.0,3.875
text_00438,text,因為CAMRY沒有EPS，台灣一年會有多少人因此受傷/死亡。,3.5,5.5
reflection_00796,reflection,原來人在面對死亡來臨時的求生意志，會完全與平時的意願相悖。,4.4,4.0
text_02156,text,當現代化的農具，播種機、收割機、插秧機、脫粒機們，從夢想來到現實，傳統的鐮刀與犁鏵便悄悄離場，彷彿是沒有獲得掌聲的演員落寞而去。,4.375,2.625
reflection_01106,reflection,否則若病人及家屬尚無病危實感，很可能因過度樂觀而做出錯誤判斷，甚至在後續埋下醫療糾紛的種子。,4.2,5.625
text_01523,text,現代父母相對於以前傳統父母，家庭模式及管教都有很大的轉變，以前父母權威非常大，尤其是父親就像是家中的君王，所有小孩對他又敬又畏，若有犯錯，一定來盤「竹筍炒肉絲」處罰，但是後來臺灣在經過「愛的教育」與「洋化教育」的影響，這樣權威管教及嚴厲體罰已經慢慢退居主流，取而代之的是要跟小孩做朋友、分擔家事，當個新好男人、新好爸爸、新好媽媽。,6.143,4.571
sentence_02405,sentence,現在下定論還是為時過早,5.0,5.25
text_02129,text,最近我接觸的幾個活躍開源專案，都是西方人主導開發的，他們維護者似乎對UTF-16均有所誤解，或是懶得做全面的支援。,3.556,3.333
reflection_00460,reflection,也許家屬有家屬的考量，他們是和病人最熟的人，必定知道病人會希望怎麼做選擇，而我們只是在病人生命的最後接觸過他的人，並不理解病人的為人、性格、期待；另一方面，家屬也許有經濟、照護上的困難，也許氣切帶給家屬與病人未來的生活品質都不佳，甚至造成更大的經濟困擾。,4.375,3.375
edu2021_00326,edu2021,今天沒有甚麼心情上課,2.428571428571428,2.833333333333333
sentence_00884,sentence,高一時候做的小花束現在還沒丟掉呢,6.0,6.0
reflection_01921,reflection,在病發前還是可以自主生活的。,5.75,2.875
sentence_00053,sentence,但是居然一個禮物,5.5,6.333
reflection_01210,reflection,氣切的病患需要長期的照護，而她也有自己的家庭，無法擔任起照護的角色。,4.2,2.875
text_00778,text,不過貴陽整個就是一個髒亂差的典型，東東還貴得嚇死人，去貴陽的話就不要抱什麼美好的願望了！,3.143,6.5
edu2021_00741,edu2021,教授上課內容讓我產生了共鳴,6.666666666666667,5.0
edu2021_01502,edu2021,講解的很好，讚讚，受益良多,6.666666666666667,5.583333333333333
reflection_02181,reflection,每天十一點半的會客時間，病患的太太總是在我們到之前就已經在他的床邊準備好聽老師講解病情，老奶奶看起來雖然沒有像阿公一樣瘦得連脛骨的紋路都清晰可見，但也是瘦瘦小小的，看起來滿臉滄桑，帶著手套的手不時輕拍阿公的肩膀、不時緊握床緣，眼神中透漏著誠懇和無奈。,3.2,3.625
text_02462,text,有個男人，少年得志、放浪形骸、花天酒地，在人生路上跌一跤之後，沈潛十數年，突然對一位條件很好的女性展開追求。,5.4,6.0
text_01997,text,失望對象二:臺灣理盲!爛情!拿無知當力量公共政策不比數據不比評估卻比肚皮薄厚餓不餓得死?,3.0,6.75
reflection_01829,reflection,當大家還在各執己見的時候，安寧共照師問了阿嬤在平常意識清醒的時候有無表達相關意願，但答案是從未談及相關話題，此時大家陷入一陣沉默。,4.5,3.5
sentence_00538,sentence,真心覺得她很強,6.5,5.0
sentence_00583,sentence,自己卻毫不在意,4.5,4.5
edu2021_01473,edu2021,我沒有搞懂的情況下課就上完了,2.5,5.0
sentence_02525,sentence,某王爺意味深長地勾了勾脣角,4.667,4.667
sentence_01605,sentence,卻造就2001年科網股爆破之失,2.0,6.5
text_02265,text,來自印度電信管理局的資料顯示，印度平均每GB流量的單價為10.52盧比，約合人民幣1.05元，他情不自禁直呼太便宜了。,6.556,6.222
reflection_00443,reflection,而學長的應對方式，是一個學習典範。,6.0,2.9
sentence_01372,sentence,網上有人質問我,4.0,3.667
text_00001,text,愛情，如此完美卻又失落，皖雅的結局，苦澀卻又實際地描繪了宮廷女子悲婉的一生。,3.75,3.0
sentence_01722,sentence,我是不評價高傲國家的,4.0,4.0
edu2021_00114,edu2021,希望有下課時間，不然下堂課的效益不佳,3.916666666666667,3.916666666666667
reflection_00038,reflection,"另外,為了避免家屬與家屬間口頭轉達有出入,也特意撰寫了一份病情解釋書讓家屬帶回去,讓他們能夠比較客觀、正確的像其他家屬解釋,避免後續仍有同樣的狀況產生。",5.125,2.7
reflection_00160,reflection,但我們人真的有做好跟一個人永遠道別的準備嗎?,3.75,6.875
edu2021_01224,edu2021,從大家的提案到教授反駁的理由，漸漸有摸出概念了,5.5,4.75
reflection_00526,reflection,如果我們在做每個決定時，都有讓家屬參與的機會與時間，或許家屬就能做好更萬全的心理準備，也更能理解醫療進行的過程。,5.5,1.875
text_02696,text,一星期前，好市多接獲義美鮮奶還沒過期，卻有變質和結塊現象的客訴，大動作將3萬3000瓶兩公升義美鮮奶全面下架。,3.714,5.714
text_00340,text,我不是那台小黃，我想保養廠我就保留，因使用TOYOTA以10多年。,5.111,4.143
sentence_00969,sentence,畢業於知青勞改隊的文盲習近平,3.75,5.0
sentence_01855,sentence,而導致自己精神失常環保筷子,3.0,5.0
sentence_01520,sentence,野心利己的俄國到了?後退,3.667,6.0
text_01881,text,和日本打一仗，但這種思維無助解決釣島爭端。,4.375,4.125
sentence_00735,sentence,為病人保守隱私,6.5,4.333
reflection_01556,reflection,你的反應為何 當下我有去看病人的腎功能數據有無惡化，並決定去和住院醫師學長姐討論這樣的狀況他們會如何選擇可行的處置 你可以怎麼做 嘗試了解家屬的情感與理由 (1) 若只是一昧覺得家屬不可理喻且無法溝通，只會使彼此之間的醫病關係惡化，也可能妨礙之後的治療計畫 (2) 在第二天會客時和病患兒子詢問，了解到這些健康食品是其他家屬的心意，也希望這能使病人的狀況更好 和主治醫師及住院醫師討論有無變通的方法 (1) 若是確認此健康食品沒有病人完全禁止攝取的內容，可以和家屬討論是否能給予一些些就好，這樣不僅能使家屬的心意不會白費，也可以盡量減少可能對病人腎功能以及治療成效的影響。,4.625,4.3
edu2021_00857,edu2021,理論的課程實在無法吸引我的興趣,3.333333333333333,4.3
text_00907,text,淡紫色+白色的鋼琴烤漆很漂亮，鍵盤上部五個觸摸快捷鍵背景燈做的相當漂亮！,6.875,6.444
sentence_00670,sentence,也會在有限的時間內有效運用資源,6.5,3.25
edu2021_01278,edu2021,聽完今天老師的講解後比較知道缺乏什麼,6.071428571428571,4.916666666666667
reflection_00869,reflection,"我的反應:第一次實際遇到這樣複雜的醫學倫理問題,我的大腦有點當機了。",3.5,5.8
sentence_01457,sentence,都會被追究刑事責任,4.0,3.667
reflection_01792,reflection,會客時間，家屬由於很擔心病人情況，也覺得病人進加護病房後意識有時不清，所以語氣稍微激動地詢問能否做全身的檢查去看血栓有沒有跑到全身的其他地方，例如大腦。,4.375,5.0
reflection_00207,reflection,"從這個案例當中,我學習到在照護患者時,不僅僅是要治療疾病,還要考慮患者的心理和生命價值,提供人性化的照護,給予患者最好的支持和關懷。",6.75,3.6
reflection_01714,reflection,我可以怎麼做因病人才年過半百，身為醫療主要決策者的兒子們還很年輕，且平時不知媽媽病情，因此我們也應給予適當的安慰，告訴他們一開始在急診，還未釐清病因時插管的正當性。,4.75,4.625
text_01991,text,「高雄發生大災害你們還在幹政治？這個板沒救了」最喜歡講這句話的是誰？不就是那些八卦板的長駐3.0綠吱嗎？這個板不就是幹政治而設立的嗎？為什麼不能幹政治？多的是在國家有重大災難時在非政治板面ex:八卦板)幹政治的綠吱自己在不能講政治的板面，批評時政批得很爽卻來大聲指責這個「因幹政治而設立的板」在國家有重大災難時不准批評政治人物否則就是沒人性我不知道這算什麼嚴以待人寬以律己的標準？,3.556,7.0
reflection_00459,reflection,我也要學習接受：假設病人能順利出院，他的生理機能並不一定能夠回到原本的狀態，也許抱病終生、必須靠龐大的醫療資源活下去，更慘的情形例如腦部缺氧傷到腦神經變成了植物人，這樣生存下去的價值是大的嗎？,3.5,6.375
text_01958,text,由拖延時間，同意戶已經沒有耐性等下去，尤其是市府一直在欺騙同意戶。,2.889,5.625
text_02304,text,但當發生地震或其他自然災害期間或之後，交通燈熄滅了，其他司機驚慌失措，到處都是殘骸，人們歇斯底里地四處奔跑，此時自動駕駛汽車又該怎麼做呢？,4.0,5.5
reflection_00711,reflection,因此預先簽屬DNR，可以保障自己，也可以讓家屬知道你所做的決定，讓他們不用煩惱他們做的決定究竟是幫助你還是害了你。,5.8,4.2
reflection_00210,reflection,"此外,根據這位患者的情況,我認為可以從身、心、靈三個方面進行著手;在身體層面,患者身體上的痛苦和不適感對他的生活和生命品質造成了極大的影響,因此我們可以將治療著重於減輕症狀和提高生活品質,尤其是疼痛控制的部分;",4.875,3.1
reflection_00287,reflection,我的感受對於這個事件的感受是矛盾的。,4.125,4.666666666666667
sentence_02376,sentence,末世當防備法利賽人的酵,3.0,4.0
text_02338,text,坦白說，我是耳根子硬的人，很怕被說一定要怎樣怎樣，絕對不可以這樣那樣，後來想想，與其顧慮一堆，還不如我自己來吧。,5.4,3.571
sentence_02012,sentence,現在厄運就要降臨到這個世界來,2.6,5.0
text_02108,text,即使僅僅按照瑞幸2018年2.4億美元的淨虧損速度，不考慮它維持增長需要增加的投入，也不過是支撐2到3年的時間。,3.111,4.556
text_01528,text,他就會想：「平常爸爸都是開開心心的跟我玩，怎麼現在變這樣？」他纔會思考自己哪裏犯錯。,4.429,5.667
reflection_00613,reflection,我可以怎麼做1.認真研讀心導管的適應症、非適應症及併發症，選擇對病人利大於弊的檢查或治療方式2.對心導管前、中、後需要注意的危急狀況及時察覺，熟悉併發症發生後處理方式3.知情同意，術前確實告知病人及家屬心導管的好處與風險4.了解病患家庭支持狀況，出院後是否有自理能力，是否需要轉介社工等資源5.,3.75,1.5
sentence_01022,sentence,離扣扣二審判決就過去一個月了,5.0,2.0
sentence_01869,sentence,稍微揭開了我幾個禮拜來被雨霧掩埋的窗簾,5.5,3.0
text_00947,text,解析度可以自己設定新的，方便遊戲。,5.571,4.75
sentence_00266,sentence,我們不需要這樣的英雄,3.667,6.5
reflection_02297,reflection,這個問題我覺得甚至是比醫療還更困難的問題。,4.5,3.833
reflection_00512,reflection,除此之外就如老師當時有提到的，若是有爭議的地方則要向醫院通報，而不是一味地站在家屬的對立面，與家屬作對，否則家屬可能一怒之下做出更劇烈的行為。,4.0,4.625
edu2021_01143,edu2021,今天上課學到很多經商的道理,6.166666666666667,2.166666666666667
sentence_01939,sentence,收受和行賄25人,3.333,4.667
reflection_00540,reflection,質疑醫療疏失，甚至希望透過法律途徑查找真相。,4.3,4.0
text_01860,text,國營事業績效獎金遭砍，政府單位憂留不住人才，請問你同意嗎？,4.375,5.429
edu2021_01011,edu2021,今天聽到許多學長姐在海外的工作經驗，很有趣,7.0,3.833333333333333
text_02239,text,不光如此，戴爾還在XPS13的硬體基礎上做了更多的改進，比如說位置更合適的相機或是HDR螢幕，這些都為XPS132-in-1加分不少。,6.25,3.25
sentence_01949,sentence,映照出我們壓抑的負面特質,4.0,4.333
text_01356,text,車行老闆躲樓梯間附近機車行吳姓老闆目睹周某砍人行徑，嚇得躲到隔壁大樓樓梯間，他說「在這裏開店30年，從沒看過這種事。,2.25,6.0
sentence_01686,sentence,但如果你主張拆掉屋頂他們就來調和,4.5,2.333
text_01204,text,熱愛電玩的網友witness0828則貼文「看到ＴＰＡ奪冠是此生最激動的時刻」。,6.778,6.0
sentence_01053,sentence,殘酷的黨內權力鬥爭,3.0,7.0
edu2021_00313,edu2021,看來要更加努力的學好，才能成為舉一反三的人才,5.583333333333333,6.083333333333333
text_02617,text,他們的消費力也不容小覷，有資料顯示，2015年度與老年人相關的商品和服務佔GDP的8%，約4萬億元，但到2050年時很可能達到GDP的1/3。,6.0,3.778
edu2021_00584,edu2021,我發現我越來越聽不懂上課的內容，所以我要快點去看課本了,3.583333333333333,5.1
edu2021_01570,edu2021,今天介紹了很多知識，也是一種收穫,6.083333333333333,3.083333333333333
reflection_01744,reflection,一位年輕兒子出車禍，呼吸心跳在正常範圍，血壓50/25，最後經過急救仍死亡，父母無法諒解年輕體壯的兒子明明只有血壓「稍低」，其他生命跡象穩定，怎麼會導致死亡，且指控醫生辯稱兒子到院前已死亡，不過其實醫師說的是休克，而非死亡。,4.0,5.5
reflection_01190,reflection,然而儘管同理，醫療端最終還是得尊重隔離室裡，病人的意願。,4.5,3.3
text_00423,text,因為稅制的關係，我覺得新一代CAMRY在台灣最不討喜的反而是2.5L的引擎...,3.5,4.429
text_00090,text,相信日後身體所呈現出來健康與否，就是此書所作的貢獻，也是作者的貢獻，希望更多的朋友都幸福安康！,6.0,5.286
sentence_01132,sentence,這是老天爺在處罰臺灣人民嗎,3.5,6.0
text_01105,text,設在美國的對華援助協會發佈消息說，陳光誠美東時間11月30日夜間致電對華援助協會會長傅希秋牧師，對陳克貴遭判刑，表達極大的憤怒與譴責。,2.857,6.0
reflection_00669,reflection,雖然目前醫療技術越來越進步，但是對於控制病人的quality of life，或者醫病溝通上還是有一定的limitations。,4.875,2.0
sentence_00346,sentence,不尊重代議士的賣菜蝓,3.0,6.0
text_01900,text,滿意度已經慘不忍睹，還粗暴送服貿，學生抗議你們愛理不理，國際記者會態度又傲慢，還反批反對的人不懂，重點是你馬英九給人信用如何?,2.111,7.111
text_01475,text,總統希望，在這1年中最特別的時刻，每一個家庭，都有溫暖的團聚；讓親人的愛和溫暖，帶來最深的祝福。,6.75,4.833
sentence_01347,sentence,論專業根本就是外行啊,4.0,5.667
edu2021_00704,edu2021,概論部分易懂，希望細節的部分可以提更多例子，能更清楚它的優缺點,5.416666666666667,3.583333333333333
sentence_00179,sentence,美方再度高舉關稅大棒加劇中美經貿摩擦升級風險,4.5,4.4
edu2021_01044,edu2021,教室不通風，覺得會有打瞌睡的情形,2.583333333333333,2.416666666666667
edu2021_01006,edu2021,隨著時代的變遷，這個議題愈顯得重要，值得我們一再的探討,5.666666666666667,3.416666666666667
edu2021_00720,edu2021,不知道為甚麼，今天聽老師的課特別有精神,7.0,5.071428571428571
reflection_01517,reflection,「你這次出去還要繼續喝酒嗎?」我問道，「不敢了，因為你們很辛苦把我醫好了」他回答，瞬間我的眼淚悄悄地堆積在眼角，很想為他多做一點什麼但是力不從心，「出院之後要乖乖喔，好好照顧自己，你是很有價值的！」,6.125,5.5
text_00745,text,最不能容忍的是有很多小蟲子，到處亂爬.,3.4,5.875
text_00838,text,心中竊喜：；一個字“爽”下次還會住！,7.25,7.0
text_02165,text,這款很有價格優勢，無磷，不含防腐劑和熒光增白劑，主要包含脂肪酸鈉、甘油和沸石粉等，適用於內衣內褲、貼身衣物等，可以瓦解血漬，建議有需求的值友別錯過。,5.625,4.5
sentence_01745,sentence,人不犯我我不犯人,5.0,5.0
text_02039,text,更別提如果自由工作還沒上軌道，一個禮拜只有兩件正經事，對社會和人生毫無貢獻，會頓時覺得自己化身為存款簿的米蟲。,3.0,4.889
sentence_00014,sentence,獲得89萬名考官的認可,6.667,4.667
sentence_00265,sentence,週日出外遇著遊行抗議,4.0,4.667
sentence_00200,sentence,菲律賓總統杜特蒂10日稱讚中國的經濟發展和中國人民的工作態度,6.5,5.0
text_01636,text,試想，當年新聞局官員郭冠英用筆名在網路上撰文，被公懲會認定「其言論顯與公務員身份不相宜，影響政府機關形象至巨」，就予以撤職處分；施文儀如今不斷惡意批評政府與政策，難道不應該處分嗎？此外，施文儀是凱達格蘭學校國策班第一期，是民進黨刻意栽培的對象，2008年之後馬政府繼續重用，足證國民黨用人不分藍綠，這固然值得肯定，不過類似施文儀這種人如今還有很多，他們對於政府政策，或是陽奉陰違，或是無形抵制，或是明譏暗諷，或是公開反對。,3.0,6.333
text_01831,text,還說未來應該回到「有盈餘纔有獎金」的原則！,4.375,5.375
sentence_00485,sentence,就愈讓人們懷疑這些故事,4.0,5.0
reflection_01676,reflection,而我也相信，所謂的醫學，就是長年下來的經驗累積與傳承。,6.25,4.0
sentence_00769,sentence,清澈的藍色海水,6.0,2.333
edu2021_01500,edu2021,要我們用沒接觸過的工具寫出題目所要的，似乎有些強人所難,3.5,5.333333333333333
edu2021_00867,edu2021,今天的課程討論 ，雖然有些不好懂，但是慢慢翻課本後也可以了解,6.083333333333333,2.916666666666667
text_02678,text,星期日一架直升機在八鄉墜毀，機師王輝雄當場死亡，他是香港飛行總會會員，總會對事件感到非常痛心，形容失去了一名充滿熱誠的飛行員，向他的家屬致意深切慰問。,2.333,4.222
sentence_01610,sentence,我的祈禱仍純潔,6.333,3.333
text_01244,text,與會的解放軍退役少將潘振強隨即怒斥，穀內「粗暴、狂妄、顛倒黑白、混淆是非」。,3.375,6.571
reflection_00801,reflection,這也很提醒我，開始換位思考，若今天我站在學姊的位子上，會如何決定？,4.25,5.25
reflection_00208,reflection,"在靈性層面,面對可能的末期議題和生死問題,患者可能也面臨著內心的矛盾,或許可以嘗試宗教的介入,以協助患者在心靈尚有所依托。",5.125,1.625
text_00791,text,最可怕的是沖澡3分鐘後淋浴龍頭停水，2分鐘以後浴缸龍頭也完全停水.,2.889,4.857
sentence_00433,sentence,我說什麼都要被他們否定,3.0,5.75
text_02335,text,但具體到連鎖百強的細分業態中，還是難以突破區域龍頭髮展不均、大型超市增長趨弱、百貨超市業績平平的困局。,4.333,3.286
text_02422,text,一名44歲女子昨日在家中進食野生菇類後，出現腹痛、噁心、嘔吐和腹瀉，同日到那打素醫院求醫，並入院治療，目前情況穩定。,3.875,4.75
sentence_00960,sentence,怎麼不說高盛的腐敗,3.667,5.0
reflection_00883,reflection,"後來觀察家屬發覺他們總是對醫師的病情解釋積極地表示了解,但仍鬼打牆地反對侵入性處置卻希望病情好轉。",3.875,4.9
edu2021_01133,edu2021,考試沒考好，不要把我當掉阿，我會努力學習的,3.333333333333333,8.0
edu2021_00401,edu2021,今天課堂後半段的第九章，感覺看到了一片新大陸,6.083333333333333,6.0
text_00712,text,酒店、樓下餐廳、酒吧、日式料理都是科技大廈單獨承包出去的。,5.0,3.714
text_00121,text,身處其間的人，有歡笑，有眼淚，有快樂，有悲傷，有甜蜜，有心碎，可是應該是不會後悔的吧。,5.75,5.0
text_00199,text,從書裏，改變了我的許多想法，也是我對自己的一些育兒思想得到的肯定。,6.222,5.5
reflection_00706,reflection,反應為何身為一個clerk，我好像沒有什麼可以做的，但如果不是疫情使然，會希望家屬能陪在病人身邊，醫學有時候需要奇蹟，或許親友在身邊會讓奇蹟發生，即使沒有奇蹟發生，也能讓家屬心中比較沒有遺憾。,4.1,1.625
sentence_01019,sentence,關注切斷電話已,4.6,2.25
reflection_02413,reflection,雖然醫療策略大多都是醫療團隊給予的最佳建議，但在法定代理人做出決定後，並未在病人身上看到顯著的改善或成效時，便又會失去希望感到沮喪等等。,3.5,4.375
reflection_00133,reflection,"一.描述事件這是一名84歲男性,這次因為conscious disturbance,septic shock CKD入院,入院後主要以處理sepsis以及因sepsis造成的肝腎等器官dysfunction;在4/26病人突發意識狀況改變,懷疑是septic encephalopathy;此外,在septicshock的狀況下,病人CKD惡化,造成anuria以及metabolic acidosis,因此開始進行HD;此外病人CRP下降、liver enzyme升高、hyper bilirubinemia也讓我們懷疑病人產生了Liver failure;而病人在HD過程中如果強行脫水,病人就會出現嚴重的低血壓,在無法脫水的狀況下,病人產生嚴重體液滯留,並造成Acute decompensated heart failure,讓血壓持續下降,在心肝腎等器官衰竭的狀況下,繼續給予病人升壓劑以及進行HD,讓病人的生命得以延續,整個病況是往不好的方向前進,希望家屬能提前做一些心理準備以及思考插管和洗腎對於病患的狀況是否有其必要性。",2.375,5.875
reflection_01650,reflection,我在加護病房照顧的病人住院的緣由是為了檢查脖子上的腫塊，沒想到直接躺到加護病房最後還被發了病危通知，由於病人本人對於疾病的治療也是比較消極，所以之後的走向比較沒有爭議，但家屬的心情就像雲霄飛車，這就是在加護病房這個總是有人離世，有人送別的地方會見到的生命中無奈以及令人心疼的時候。,3.375,5.667000000000001
edu2021_00744,edu2021,今天的課程，我覺得比上次的難耶，內容不太好理解,3.416666666666667,3.833333333333333
text_00123,text,如果當時再勇敢一點點，結局會不會不一樣？,4.375,5.25
sentence_02404,sentence,然後夢中把舌頭臉頰咬得都是破洞,4.0,4.75
edu2021_01172,edu2021,今天講的內容非常實用,7.642857142857143,5.857142857142857
text_00499,text,請恕小弟無知問一個疑惑已久的問題...既然GTR那麼厲害，為何中裡毅會輕易的被帝王隊的板凳球員清次打敗?,4.111,5.667
sentence_00855,sentence,都是我用盡全力寫的文,7.667,6.0
reflection_01576,reflection,我想這就是搏到了一線的生機，除了所有醫護人員的努力，我想還有的是郭女士自己的意志還有孩子們的陪伴吧。,6.375,5.25
edu2021_00776,edu2021,上的非常快，不太好懂，就盡量聽了,3.9,3.583333333333333
edu2021_01457,edu2021,今天老師說一說有說到國外的事情，令我不禁感到有些好奇，有機會還真的想出國去看看,6.25,6.5
edu2021_00260,edu2021,專業部分稍微吃力，但還能跟上課程,4.5,4.916666666666667
edu2021_00799,edu2021,課堂幽默風趣，講得很好，棒棒，受益良多,7.5,6.166666666666667
sentence_02105,sentence,小英不關注下潮流是會落伍的呀,4.0,6.5
text_02241,text,但在今早的第五個符文現身後，煙霧開始加劇、不時地噴湧出更大的橙色羽狀物、甚至偶爾還會吐出熔岩和導致地面晃動。,3.667,5.857
sentence_00061,sentence,真的很難以置信,5.0,6.75
text_01571,text,法等國憂AQIM攻擊歐洲法國和西方盟國擔憂AQIM會將恐怖主義轉移到歐洲。,3.333,5.429
reflection_01462,reflection,你可以怎麼做：當下若一直強調法律問題，家屬可能會很反感，讓雙方對話無法進行。,3.75,5.0
text_01521,text,王位同學來自單親家庭，由母親打零工維持家計，王位同學擔憂母親身體健康於是半工半讀幫忙負擔家計，勇於面對這一切拂逆之狀況，也成他獨立自主的個性。,5.333,4.0
sentence_02327,sentence,整個中國汽車市場就不景氣,3.5,5.25
reflection_01608,reflection,究竟狀況有多糟糕了？,4.0,5.25
text_02712,text,他說，剛爬上包山時感到吃力、速度較慢，與對手爬上包山的時間很接近，又說起步和落包山過程緊張，估計自己到最後1、2秒才成功落地。,5.429,5.667
reflection_01201,reflection,所幸醫療團隊耐心的反覆溝通，讓醫療行為得以與病人的意願相符。,6.4,3.9
text_02832,text,康文署總康樂事務經理柯慧兒表示，學界對此計劃反應熱烈，參加的學校由最初三百多間，增至今年逾八百八十間。,6.1,5.875
edu2021_00068,edu2021,今天的課程非常有意思，讓我收益頗多,6.75,5.0
text_01347,text,他們的照顧方式，根本就是虐待。,2.667,6.429
edu2021_01111,edu2021,這次上課真的很重要，能讓自己的想法更清楚,6.333333333333333,5.166666666666667
sentence_02534,sentence,邀請你一同探索潛藏內心,6.0,3.667
sentence_02359,sentence,我在微博經常提到天涯歷知幸咪蒙的火爆,5.0,4.333
reflection_02318,reflection,希望以後在臨床累積更多經驗，看過更多病情解釋之後，能夠找到更好的說話方式，讓彼此能互相理解。,5.9,3.75
reflection_00324,reflection,4. 可以做什麼(新發現了什麼，有無新的認知或體認，有無新的觀點)從中可以感受到，很多時候我們習以為然的事情，自認為容易下決定的事情，有可能因為我們不是當事人，也可能因為我們在正處在醫療環境，使我們因為未知產生的恐懼與一般百姓有程度上的不同，若與社經地位較差的族群比起來，落差又更大了，因此更提醒我，對於任何的病人，特別是老年人、社經地位較差的族群，需要花更多心思去同理解釋，降低他們對於醫療的恐懼，可以使他們更正視自身的醫療狀況，在當下、未來都是對他們有幫助的。,5.7,4.75
sentence_01113,sentence,而在那些讀書不少但學識不深的人看來,5.0,4.0
reflection_01454,reflection,愛因斯坦說過上帝不會擲骰子，但統計學的背後或許就是個擲骰子的上帝：統計告訴我們會出現那幾%的受害者，我們卻不知道你會不會就是那幾%；統計只呈現給我們精確客觀的數據，但當不良反應發生在有血有肉的我們身上時，誰都承受不起，當這個微小的機率從紙上落到有血有肉的人身上時，每個人都不禁捫心自問：怎麼會是我?,3.625,5.2
sentence_01155,sentence,還不是吝嗇金錢,3.0,5.0
text_01538,text,她辭去工作專職照顧孩子後，看見孩子身上的特點，竟然有自己童年的影子才發現，當媽媽愈瞭解自己，才能愈瞭解孩子，回想小時候希望被對待的方式，其實就是孩子心中渴望的親子關係。,5.778,4.0
edu2021_00247,edu2021,準備很久還考成這樣，快崩潰了,1.214285714285714,8.416666666666666
sentence_02531,sentence,當時大家的焦點在於會否動武,5.0,4.333
text_00239,text,韓琳是一名優秀的軍人，非常積極上進、且獨立的女性。,7.125,4.778
text_00872,text,外觀漂亮，白色鍵盤搶眼，功能鍵設置合理;鍵盤材質好，觸感紮實;觸摸板做了凸點處理，手感也不錯，同時具備簡便的觸摸縮放功能,6.778,5.5
text_01578,text,種種因素顯示，北非的恐怖組織將會讓美國與盟友面臨更大的考驗。,4.0,4.889
reflection_00023,reflection,"到家屬探視時間,我更仔細觀察家屬的態度,似乎沒有想像中那麼惡劣。",5.5,1.875
text_02290,text,有次看見愁眉苦臉的友人，明明老同事大夥兒久久才出來聚餐一次，大家都興高采烈地吃著義大利麵，他卻像吃著苦瓜似地，坐在長桌的最後一個位置不發一語，板著張苦瓜臉。,3.667,3.625
text_02648,text,本週，蘋果從AppStore下架了一批與家長控制、螢幕使用時間監測有關的應用，旋即被部分開發者指責是濫用專權。,4.25,3.778
sentence_01471,sentence,尤其善於從字面上,6.0,3.667
sentence_01975,sentence,民主黨主席胡志偉在會議室內淚流滿面,2.0,4.5
reflection_02298,reflection,學長詳盡地跟我解釋關於阿嬤的從一開始的處置到後面開始使用鎮靜藥物的轉折，也告訴我不需要讓阿嬤這麼辛苦，這句話特別讓我印象深刻，是阿，我平常考慮的都是要給病人甚麼藥或換甚麼藥，但甚麼時候應該要放手呢?,4.3,3.75
text_02152,text,從功能上，作為智慧手錶的GalaxyWatchActive的運動訓練模式非常豐富，足以滿足絕大多數使用者對於運動資料的監測需求。,6.222,3.556
sentence_00389,sentence,健康和生活質量,5.4,2.8
sentence_02240,sentence,都會歡天喜地的趕快去量體重呢,6.75,6.4
sentence_00973,sentence,淪為支那的一部分,3.333,5.667
sentence_02275,sentence,此舉可以看做是美國特朗普政府上臺以後為遏制中國的膨脹而採取的印度太平洋戰略的具體且實質性的行動,6.0,4.5
sentence_00897,sentence,限制可出租日數,4.667,2.667
reflection_00332,reflection,此病患的歲數已經高於國人女性平均壽命(84.25歲)，從2015年開始，阿嬤需要旁人的完全照顧並且長期臥床，照顧者的壓力可想而知。,3.75,2.625
reflection_01394,reflection,尤其當病人abscess的範圍大，評估認為打antibiotic加上引流可能無法有效幫助到病人的時候，是否就應該趕快讓病人去開刀呢？,4.5,4.1
text_01748,text,有鑑於新聞報導和社會對立,4.444,4.143
text_02623,text,雖然現在換臉影片已經不稀奇了，不過通常製作出令人信服的Deepfakes假影片剪輯需要大量的資料對模型進行反複訓練。,5.0,3.0
text_01091,text,朱姓男子因不滿就讀國中的女友有意分手，去年三月間躲藏在女友家，先以菜刀砍死女友的十二歲小弟，後又持刀砍殺大弟，再挾持女友到頂樓企圖同歸於盡，震驚社會。,2.0,6.667
text_02596,text,"對此，皇鋒智慧家居在今日發表了全新智慧音箱LUCIA，以北歐風彎月造型形打造，並結閤中華電信i寶貝智慧聲控服務，售價NT$7,990元。",5.111,2.222
sentence_00337,sentence,故事因為劇透而讓人沒興趣再往下讀,3.0,5.0
reflection_01085,reflection,醫師向他解釋打抗生素控制這件事在普通病房和加護病房其實是沒有差別的，這時這位先生開始說一開始感染肯定是醫院方有疏失，不過醫師只給予微笑回應。,4.25,3.5
text_00009,text,書中攝影作品以及文字都向讀者呈現另一個完全不同的時空，我想熱衷於此苦旅之樂的人們，受得起苦，覺得萬分值得的也是這一份精神體驗的快樂。,6.333,5.625
text_01968,text,對北韓來說，春節是民俗大節，所以，包括兒童和學生們，也都湧向平壤的「金日成廣場」、「平壤體育館廣場」、「黨創建紀念塔廣場」等多處，展開多樣化的民俗活動。,5.0,4.143
edu2021_01100,edu2021,今天教了許多以前沒有學過的東西，所以上起課來很新鮮,6.642857142857143,4.785714285714286
text_00273,text,對於學習者來說，真正的樂趣在於學習本身。,5.75,3.875
text_01873,text,呂：馬只想當中國人前副總統呂秀蓮致詞表示，四年多來，臺灣的錢外流三兆八千億元，造成失業越來越嚴重，現在連外資都跑掉了。,3.0,5.125
reflection_00863,reflection,"2.我的情緒與感受:在旁聽時其實頗為驚訝,因為不論對疾病病程觀察、查房時的討論會客時或多或少的透漏給家屬的資訊都顯示著不樂觀的情況,醫療團隊的共識也比較偏向不積極處置,而老師在講解時卻是先以積極處置的面向為重。",4.7,5.2
sentence_01284,sentence,不肖子孫談不上心理素質,2.667,7.333
text_00731,text,我是聽西門子的朋友推薦選擇這家酒店的，訂的豪華間，總體感覺不錯。,6.625,4.6
reflection_00330,reflection,可見她很關心媽媽的狀況。,6.0,2.25
sentence_01186,sentence,真的是太可惡了,3.0,6.25
reflection_01899,reflection,在他們的認知裡，爺爺一直是還算健康的，怎麼現在卻只能躺著，無法與他們對話。,3.75,4.0
reflection_00632,reflection,在急診與家人討論後決定插管維持氧氣濃度，但在給氧後發現病人的saturation與臨床症狀不太相符，進而再抽血發現MetHb=50.3%，診斷為methemoglobinemia。,3.6,4.75
edu2021_01291,edu2021,最近上課內容比較難以理解，謝謝老師詳細講解並放慢步調,6.5,3.666666666666667
text_01757,text,以色列擔憂，都反對軍事攻擊伊朗的黑格和凱瑞，會讓以色列很難對伊朗核設施採取軍事行動。,3.444,4.857
edu2021_01080,edu2021,希望能在聽取更多，謝謝老師用心的教導,6.75,3.142857142857143
edu2021_00128,edu2021,我覺得上課的內容我很喜歡，這部分以後一定會被廣泛使用,7.583333333333333,5.166666666666667
edu2021_00735,edu2021,今天的課程，吸收率up up，可能是講得比之前慢的關係吧,7.0,6.0
text_02909,text,對於家庭裝修而言，除了要把家裡修飾的漂漂亮亮之外，水、電兩路的佈局是最關鍵的了，因為裝修一旦完工，這線路、管路的佈局基本不太可能去修改。,5.0,2.889
reflection_01768,reflection,這個問題，讓家屬們沉默許久，家族內也各自有不同意見，一時難以決定。,4.25,3.875
edu2021_00667,edu2021,希望老師上課能人性化一點,2.916666666666667,4.666666666666667
text_01337,text,連發投注站不是第一次開出刮刮樂頭獎，二○一○年九月二日，一名四十多歲中年男子，刮中「皇傢俱樂部」刮刮樂頭獎五百萬元；今年元旦，一對熱戀中的情侶刮中「聖誕嘉年華」刮刮樂頭獎五百萬元；才隔四十一天，大年初二又刮出頭獎三百萬元，讓店家爆紅。,6.333,5.778
text_02911,text,有些國家為了種種顧慮，刻意予以淡化，荷蘭政府近日就被揪出對難民犯罪資料動手腳，引發軒然大波，司法部次長哈伯斯21日引咎請辭下臺。,3.5,5.778
reflection_00671,reflection,因為目前病人是在插管當中，所以無法交流談話。,5.0,1.625
edu2021_00371,edu2021,課程內容大致上還能理解,5.428571428571429,3.0
edu2021_00726,edu2021,今天教的東西，讓我有了更多概念和想法，實在是獲得許多啟發,6.75,5.916666666666667
edu2021_00215,edu2021,今天所教的內容自己並不是相當清楚,3.5,3.428571428571428
text_00685,text,真誠的希望您下次再到我酒店來，感受一下我們酒店的其他房間，如健康單間，商務標間，豪單，豪標等.,5.889,4.2
sentence_02399,sentence,我家雜物間都要堆起滿滿全新只用過一分鐘的燈管了,4.333,5.667
text_01692,text,沙文主義，她說「世世代代以來，我們是不曾被逆境打倒的福爾摩沙之子」；在社會基礎上，她影射正當性危機，她說「焦慮與不安正在這個國家蔓延」；在政府表現上，她譏諷馬英九總統專斷獨裁，她說「執政者不理會人民聲音、只是一意孤行」,4.111,6.875
sentence_01951,sentence,至此雙方依然陷於僵局,4.0,3.75
text_02511,text,黴菌會讓人生病，最壞的情況甚至會導致死亡眼睛看不到的黴菌之恐怖黴菌不只存在於灰塵中，還會附著在浴室牆壁、天花板，一旦出現，不論如何打掃，都會不斷滋生。,3.125,5.6
sentence_02397,sentence,完全感覺不到絲毫的科學性,4.0,4.5
sentence_01831,sentence,中國網紅文化興盛,6.0,3.5
reflection_00457,reflection,況且這也是假設，本來就得理解醫學不是萬能，生老病死終究註定有時。,4.125,2.75
text_00986,text,光驅：讀盤能力強，用來放D版碟都沒問題.,6.375,5.5
text_02130,text,RealmeX青春版殺入平價市場引發熱烈討論後沒幾天，聯想這邊也派出全新的Z6青春版到相同的價位段來征戰了。,5.375,3.778
text_02530,text,耶路撒冷希伯來大學研究人員進行的一項令人難以置信的新研究，首次發現了一種將面板細胞轉化為構成早期胚胎所有三種幹細胞型別的方法。,6.714,5.571
sentence_00952,sentence,調戲婦女挑逗年輕女性,3.25,5.0
reflection_02045,reflection,考量至此，的確老師一直向她提到她先生也不是很妥當，很可能就此造成衝突的發生。,4.0,4.2
sentence_00166,sentence,可能被要求遣返大,4.0,4.5
sentence_01619,sentence,劇情突然變味了,4.0,5.0
reflection_00147,reflection,"如果以當下家屬的角度,告訴他們並不會有來生,也不會有人責備你現在的情緒,人生僅活這一次,那麼他們的想法會不會不同,會不會不再隱忍自己心中對家人的所思所想,在最後的時候,把全部對家人的話訴說出來,不留下遺憾。",4.125,6.0
text_02357,text,因此，有任何男性讀者覺得精進學習兩性相處的智慧很重要時，我就會覺得你好棒，心態上已經領先大部分男性囉！,6.5,4.625
sentence_02409,sentence,我們家去參加了表叔女兒的喜宴,6.5,4.0
sentence_01607,sentence,靈魂的崇高情感,6.667,3.667
text_02805,text,此外，HEPA濾網可有效過濾空氣中包含病毒與細菌並捕捉小至PM0.1的懸浮微粒，過濾空氣中99.5%髒汙，提供乾淨、舒適又安心的家居環境。,6.375,3.111
text_02236,text,在這樣一個地方，市場份額或移動技術的?變不只是理論上對顛覆進行討論那樣簡單，而是可能對一個社群造成致命一擊。,3.875,6.0
text_00763,text,服務員素質很高,6.444,4.857
sentence_02104,sentence,在所有的人中間頌揚不息,7.0,3.0
edu2021_00075,edu2021,第一次遇到這種老師，雖然沒有說不好，可是感覺怪怪的,3.75,4.333333333333333
sentence_01147,sentence,我們何必苛責她,4.5,5.6
sentence_01998,sentence,臺北市萬華區西門町常常出現五星旗遊街,4.667,5.667
text_01839,text,景氣差，民間企業年終獎金縮水，經濟部長也受到波及，立法院經濟委員會昨天提案通過凍結明年度經濟部長及次長年終獎金，等到國內經濟成長率連續二季超過三％，或是連續二個月失業率低於四％後，再向立法院經委會提出國內外經濟情勢及因應對策專案報告，經同意後才能動支。,5.0,4.0
sentence_00889,sentence,從我眼前除掉你們的惡行,5.0,6.333
edu2021_01503,edu2021,學到這些可以使我在思考時，越來越好,6.714285714285714,5.0
reflection_00775,reflection,"反應為何當下做了什麼、想做什麼當下我的想法是,如果這個病人的家屬都不想要來關心他,那他要怎麼辦?",3.125,3.625
sentence_02253,sentence,我怎麼可能勝任,3.0,6.333
reflection_00006,reflection,"描述事件這個病患(57歲男性)從剛入院就是我的primarycare,從第一天看他接上ECMO並做完primaryPCI就來到CCU,從一開始的E1VeM1到現在第九天進步到E2VeM3,從一開始的LVEF個位數到現在的16,固然有慢慢在進步,hemodynamic還是慘不忍睹,因此詢問了家屬心外醫師提到的心臟移植部分,家屬紅了眼睛說他還這麼年輕能換就換,但如果真的...真的不行就放他走。",3.5,3.625
edu2021_01231,edu2021,有些專有名詞聽不太懂，我有待加強,4.25,3.428571428571428
text_01331,text,吳信達老師同時表示，讀書本來就不是一作很輕鬆的事，別人也是苦過來，而那些工作壓榨者，會是你的阻礙，也是幫助者，可以幫助你振作，他強調，當你可以跳脫阻礙之後，人生沒有什麼事可以難倒你的。,5.625,4.75
edu2021_00117,edu2021,終於開始有點概念了,5.714285714285714,5.071428571428571
sentence_01109,sentence,連朝代國號都混亂不堪,3.0,7.0
sentence_02153,sentence,簡直讓人歎為觀止,6.4,7.5
text_01755,text,以色列民防部長狄希特（AviDichter）本月稍早接受以色列之音電臺訪問，談到提名黑格一事時表示，「我們祝福他」；但以國官員私下都抱持悲觀看法。,4.333,4.0
sentence_00534,sentence,噁男才不準進健身房啦,3.0,7.25
text_00608,text,酒店服務不太好，咖啡廳的餐飲非常茶品種少，樣式老，酒店隔音效果非常不好.,3.0,6.286
reflection_02312,reflection,面對家人住在加護病房，自己卻無法為父親做點什麼的時候，的確會感到很無助，也可能會不小心就怪罪其他人。,3.5,5.4
reflection_02401,reflection,老師也有解釋說這些藥物只是症狀控制，停藥後阿嬤會很不舒服但也不一定會很快離開，難道真的要看阿嬤這麼不舒服什麼藥都不給麼？,3.5,5.5
text_00602,text,唯一不好的是電視，最早的那種21寸彩電可能，我住的房間沒出問題，朋友的房間進去電視不能開，找服務員，服務員很快搞定。,5.0,3.571
text_00840,text,外觀是重點，的確挺好看，有點imac的風格，不過拿到手的機器上面不知道蹭了點什麼黑，還好能擦掉，而且最讓我鬱悶的是y330這款在vista下對顯卡的評分竟然比我的y430還高！,3.778,5.875
text_01297,text,「臺北暗殺星」先於月初的八強賽中擊敗「NajinSword」晉級，繼而在昨天準決賽中遇上冠軍大熱門Moscow5；陳匯中說，Moscow5可能是壓力大又太過輕敵，所以「臺北暗殺星」在不被大家看好情況下，放手一搏，終於打了一場勝仗。,6.875,5.667
reflection_02398,reflection,我覺得家屬的期待到後來已經有點變質，他們的確是愛阿嬤，但這樣的愛我覺得已經扭曲了。,3.5,5.75
reflection_00979,reflection,到此階段希望將這樣的好處延伸到氣切病人上，為此我們也還是保持實事求是，且病人安全大於研究的精神來詢問病人的，但在盡力解釋後病人家屬似乎還是無法理解及信任，當下覺得相當遺憾。,3.0,3.6
sentence_02340,sentence,今年年初移植後復發,3.0,4.2
reflection_00229,reflection,我的感受起初聽到家屬態度強硬的時候、以及過去跟家屬們會談完的結果時，對他們的印象可能就是不容易溝通，甚至在病情解釋上他們容易產生誤解或是質疑醫師對病情的了解。,3.0,6.5
text_01992,text,人民日報海外版：中國有能力為受害公民討回公道。,5.333,5.286
reflection_01266,reflection,轉入MICU並且需要插管、升壓劑、洗腎等處置，在加護病房會客時間家屬質疑急診是否有醫療疏失，認為病人過去沒有特別的病史或藥物史，不解為何病人會突然這麼嚴重且沒有明顯好轉，並要求轉院。,3.875,3.625
reflection_00047,reflection,"可以怎麽做因為可能讓醫病的關係產生隔閡,我應該先嘗試了解並同理家屬恐懼的原因:身邊從來沒有人發生癲癇的症狀,第一次看到不知道到底怎麼了,是在掙扎嗎?還是被電到?不知道為什麼旁邊的機器一直發出很大的嗶嗶聲?",4.0,5.375
sentence_01527,sentence,除掌握中共軍權警權法權外,5.0,4.667
sentence_01320,sentence,一路走來雖沒有因而帶來助益,5.333,2.333
reflection_00469,reflection,事實是病人的history和臨床症狀也沒有條件讓我們往更罕見的病原體去追，而病人的狀況不穩定，在FiO2上調到高劑量情況之下，是做bronchoscope去收痰送culture本身是一個風險，就算是上了新的anti，也要看病人的生理狀況允不允許成功對抗病原體。,4.375,5.625
reflection_01037,reflection,一位80歲的鄒姓老奶奶因院前心跳停止(OHCA)而緊急被送到高醫急診，老奶奶到急診前是一個長期臥床且有放置鼻胃管的病人，主要是在10年前的一次中大腦動脈阻塞導致左側偏癱的中風。,4.1,4.0
sentence_01369,sentence,戰後特殊時期的通貨膨脹並不稀奇,4.667,4.333
reflection_01368,reflection,(1) 描述事件： 一位 62 歲的病患姜先生，因為嚴重的肺炎入院，後來合併嚴重的敗血性休克，到最後已呼吸衰竭需要靠氣管內管維生，腎臟的狀況也已經非常糟糕，整體而言，能夠痊癒的機會已經不大。,4.5,3.625
sentence_00744,sentence,參選者大都以為自己有本事使臺灣經濟繁榮就可以被擁護當選,4.0,5.0
sentence_00842,sentence,習近平內外交戰,4.667,4.333
text_02388,text,梅小芳順滑面料，簡約舒爽~天貓商城報價178元，使用40元優惠券後實付138元，近期好價，感興趣的值友不要錯過哦。,5.857,3.571
sentence_00757,sentence,也就是異性間的隔閡和同性間的競爭,4.0,4.5
edu2021_01399,edu2021,我覺得這對於我以後的學習會有很大的幫助,6.833333333333333,4.75
sentence_00892,sentence,右半邊的的刮痕做得很逼真很有味道,6.0,6.0
sentence_02175,sentence,手機可望在2019年下半年回溫,7.0,6.0
text_00393,text,可是交車時，的確有的地方有待改善，我想打7分或8分。,4.5,4.375
reflection_00132,reflection,"後續經家庭會議及醫療團隊的協助下,與家屬達成拒絕插管的共識,但是否繼續洗腎家屬始終無法決定。",4.5,4.0
edu2021_01191,edu2021,教得太多，腦袋仍在整理中,3.916666666666667,2.928571428571428
text_00550,text,北京東方和平賓館這家酒店給我感覺不好，雖然地段好，就靠王府井大街，但退房速度慢，房間隔音不好，有味道，看上去不乾淨。,3.0,6.0
text_02465,text,德銀報告認為，有60%機會中美今個月未能達成協議，以及美國對餘下3000億美元中國商品加徵關稅，形容雙方都不讓步，因為貿易戰對中美仍未造成足夠大的傷害。,3.5,5.0
edu2021_00676,edu2021,上完課之後讓我對所學有了新的認識與了解,6.416666666666667,4.666666666666667
sentence_01575,sentence,取得了顯著的生態,6.75,3.0
sentence_00974,sentence,她逃亡到過10年追訴期,5.0,3.0
text_01564,text,二○○六年，在北韓試射一枚彈道飛彈兩個月之後、進行第一次核試前一個月，北京曾悄悄減少對北韓的石油供應，後來的貿易資料才使這件事曝光，北京隨後乾脆不再公佈相關數據。,4.714,3.75
edu2021_01205,edu2021,今天的課程非常充實,7.5,7.083333333333333
reflection_01358,reflection,而關於他們口中「適當的治療」，我認為也是為畢竟一般民眾的對於醫療資訊沒有那麼的了解，對於 DNR等等的議題也較少關注，會以為所謂的安寧照護就是治療上的不作為，我人為這並不是他們的錯，而是需要醫療政策及一些醫療資訊的宣傳與衛教，讓正確的觀念普及，才能避免這樣的事情一直不斷的在發生。,5.1,3.75
text_02047,text,今年稍有不同，因為穀歌幾乎肯定會在主題演講中釋出兩款新Pixel智慧機，恰好在典型的智慧機更新週期中增加一個更低成本的選項。,6.0,3.857
edu2021_00599,edu2021,我覺得講解的滿詳細，尤其是效率的部分讓我收穫良多,7.285714285714286,4.5
reflection_01557,reflection,你的感受為何（使用情緒詞彙）當下我覺得有些錯愕 感到錯愕的原因是明明主治醫師已經解釋過病人目前的身體狀況及健康食品對治療過程的可能影響，但家屬卻在最後仍給予病人此食品，也有些擔心病人的腎功能之後會不會因此再度惡化,3.625,3.625
edu2021_00169,edu2021,有些字太潦草，看不懂內容，有點難，其他還好,3.916666666666667,2.5
edu2021_01162,edu2021,老師講得很好，吸收很多知識，受益良多。,7.785714285714286,5.714285714285714
edu2021_01128,edu2021,有些上課聽不懂的地方，回家複習變得更加明瞭，讓我對上課的內容更加有印象,6.214285714285714,4.0
reflection_00622,reflection,沒想到做完CAG後一小時發生ICHA，pulseless Vf，經過7分鐘CPR及電擊後ROSC，緊急再做第二次心導管，在LAD發現acute stent thrombosis，進行氣球擴張及取栓後送到CCU觀察與後續治療。,4.75,2.5
reflection_00688,reflection,也許他也一直處於被動的狀態，認為醫師會在狀況好轉後主動幫他重啟療程。,4.3,4.0
reflection_01441,reflection,如果當初只是以一個態度惡劣的家屬，來看待這樣的事件顯然是相當可惜的。,3.75,3.75
edu2021_01322,edu2021,對課程特別有興趣，想要多多了解,6.214285714285714,3.785714285714286
reflection_00408,reflection,聽學姊轉述，家屬一開始還是有點沒辦法完全理解我們丟出的資訊的感覺，還是覺得是不是可以不要選擇氣切，後來多次來回討論最後家屬終於同意並計畫在今天氣切。,5.0,2.875
sentence_01652,sentence,那時其實用不到這樣衝撞大門,4.0,5.0
text_00051,text,沒有景緻沒有文采沒有著作的痕蹟沒有大師的精美。,3.0,4.5
text_00255,text,許多下圍棋的人都會有一個困惑，那就是害怕對手的力量強，趴在戰鬥中吃虧，以及如何增強自己的戰鬥力。,5.444,4.625
text_00558,text,酒店非常重視您提出的寶貴意見，酒店會針對衛生間地板滑的問題研究解決方案.,5.111,4.875
text_01884,text,可共感的區域方案，積極排除美國重返亞洲所帶來的紛擾，提出屬於中日甚至東亞人民自己的解決方式，纔有可能從美國以重返亞洲之名的圍堵格局裏找到出路。,5.111,4.25
sentence_00130,sentence,文說要轟炸捷運一樣,3.4,5.8
reflection_00427,reflection,在嘗試三天以後，查房時老師看她仍喘得不太好，便建議她還是先戴回BiPAP，病人當下一時悲從中來，在病床上哭泣落淚、情緒崩潰，不停責怪自己為何如此的不爭氣。,2.5,6.375
sentence_01220,sentence,支配與施暴的生活便隨即展開,3.0,5.0
reflection_01947,reflection,嘗試理解家屬的感受：就家屬的觀點來講病人在打疫苗前的生活可能都完全穩定，加上可能因為報章媒體、周遭親人的說法導致家屬對於疫苗本來就不信任，所以家屬會覺得是疫苗造成這次的事件，也因此家屬也就不願意解剖，認為這樣會給病人帶來更多痛苦。,4.25,5.1
sentence_00673,sentence,你要讓我使你進步成聖,6.0,5.0
reflection_01991,reflection,嘶─噗、嘶─噗、嘶……從第一天的實習開始，順其自然的便接受了這無機又此起彼落的機械聲。,4.8,3.125
reflection_01906,reflection,老師與兒子等家屬們討論是否要洗腎，家屬們同意洗腎；後續老師有再跟家屬討論治療的方向，鑑於94歲的高齡，身體回復功能較差，目前的這些處置對於爺爺來說，可能是增加他的痛苦大於對他的好處，若是不想增加爺爺的痛苦，一些急救的處置可以選擇不要做。,4.1,2.75
sentence_01739,sentence,謠傳南坑改革派與包惡鬥,3.667,4.333
text_02015,text,幾米過去很少對外透露自己的私生活，而我們這次聊的話題，圍繞著家，我說你從作品出發，聊聊你的親子與家庭想法吧。,5.0,3.1
sentence_02220,sentence,這篇文章把韓粉習性深度剖析到出神入化的地步,6.25,6.5
sentence_02401,sentence,但油炸後分解更多的芳香脂類物質,5.0,3.6
sentence_00936,sentence,十年前的噴詞比現在還儒雅隨和,5.333,4.333
reflection_00982,reflection,我的日常生活中，沒有太強烈的信仰，但這位病人是一位原住民，對至親離別的善死或惡死，可能有不同的盡力或放手的方式。,5.0,4.25
reflection_02088,reflection,家屬卻暫時不能接受這個壞消息，一直詢問有什麼方法能提升手術的成功率。,3.5,6.5
reflection_00378,reflection,也許老一輩的人真的比較難以接受或是聽不懂病情解釋，但這時候聽的懂的人卻不是去努力讓其他人理解現況而是默不作聲甚至搞不好隱瞞病情，難道讓人在一頭霧水的情況下痛失至親，會有比較好的感受嗎？,3.0,6.875
sentence_00154,sentence,詳細內容將陸續公佈,5.4,3.75
sentence_00024,sentence,所以無法跟不熟的人很放心的聊天,4.0,4.5
edu2021_01403,edu2021,老師上課很有趣，相當生動，期待下一次上課,7.571428571428571,7.1
reflection_00566,reflection,但後來慢慢思考後，我能理解當初那位女兒為什麼會將決定權交出去，他們的爸爸其實在意識清醒的時候有對這位女兒說過他如果真的怎麼樣了，他不想承受急救的痛苦，而女兒當天也在老師的通融下進去看了一下爸爸，我覺得看到爸爸這麼痛苦且之前也表達過自己不想再痛苦的意願，女兒是想讓爸爸好好走完最後一程的，但選擇放手比起同意搶救需要更強大的勇氣，我想如果是我也許也沒辦法做出最後的決定，將決定權交給其他人似乎也沒那麼難以理解了。,3.8,5.0
sentence_02142,sentence,韓國被尊崇被發揚光大,7.0,5.2
text_01114,text,大阪大學兼任講師井出草平表示，目前拒絕上學的大學生有8成以上在高中時期均正常到校；這些學生大部分均未參與社團活動，一開始就在交友上受挫，最後呈現孤立狀態。,3.571,3.714
text_02717,text,他又說，注意到民進黨當局的一系列分裂言行，指出臺獨是臺海和平穩定的最大現實威脅，是臺灣同胞根本利益的最大禍害。,3.0,6.0
text_01049,text,奧斯卡獎提名揭曉後，李安在最佳導演獎的聲勢不斷攀高，先是在北卡羅來納影評人協會獎贏得最佳導演，隨後又在倫敦影評人協會獎再奪下年度最佳導演，聲勢水漲船高。,6.333,5.875
sentence_02257,sentence,真的是每次測出來後就能感受到其實普通人的味覺還是蠻不靈敏的,3.667,4.0
edu2021_00925,edu2021,今天只大略講了一些，不過已經引起興趣了,5.833333333333333,2.666666666666667
sentence_01070,sentence,又要去看贊助孩子的才藝表演,5.5,5.667
reflection_00360,reflection,雖然在學校練習過多次同理心的情境，但到了臨床上的真實情境，面對失控的家屬，我其實是躲在學長跟老師的後面語塞，情緒滿點，但於現況毫無幫助。,2.5,5.3
edu2021_00424,edu2021,覺得今天聽得比較懂,5.416666666666667,3.142857142857143
reflection_02517,reflection,未來我想我會持續鞭策自己，不管在專業知識上的充實、病情解釋上的語言、以及臨床工作上的心態，用更柔軟的心去感受去面對家屬們。,6.875,4.2
sentence_00430,sentence,中國平均每六個人就有一個癌症患者,2.667,3.0
edu2021_01535,edu2021,聽得很清楚，但有些專業單字還是不怎麼了解,4.583333333333333,3.285714285714286
reflection_00955,reflection,如果家屬同意做PCI，就會把可能會發生的事情和家屬說清楚，避免後續的醫療糾紛，如果之後需要洗腎，也會協助家屬轉介至腎臟科；如果家屬持續尋求替代方案，那也尊重他們，可能採取藥物治療的方式，但一樣會和家屬說明只做藥物治療的話，可能會發生的情況。,4.375,2.25
reflection_00905,reflection,我也是第一次遇到這樣的情況，不知道如何處理，也擔心病人出什麼狀況，才決定發問.並非故意找碴或是有意為之。,4.5,3.875
sentence_01274,sentence,其實就一神經病,3.0,7.0
text_02423,text,大多數人養寵物都是因為喜愛動物，所以喜歡牠們的陪伴吧，但是在巴西有一對吸毒的夫妻超過分，養了一隻美麗的鸚鵡，,4.5,3.333
text_00110,text,我一直使用迪奧的化妝品20多年了，無論護膚品還是香水對我都非常喜歡。,7.0,5.143
reflection_00474,reflection,或者影像學GGO懷疑PJP感染直接上藥呢？,4.5,3.125
text_00489,text,有更多的車子更好玩為什麼都是這種中大型經濟房車?,4.667,4.571
text_02855,text,57歲的潘兆初現時是高等法院上訴法庭法官，林鄭月娥讚揚潘兆初具備高度才能，為官持正不阿，在司法機構及法律界深得敬重，處理民事和刑事上訴的經驗均甚為豐富。,6.111,3.222
sentence_01251,sentence,那是疑慮重重的時期,3.667,4.0
reflection_02447,reflection,之前也曾因為dyspnea造成昏倒兩三次。,3.6,2.5
text_00906,text,重量也比想像中輕些，中等水準吧沒有什麼多餘的亂七八糟的東西，特別是音量調節鈕是按鍵的而不是觸摸式，觸摸式完全不實用,3.571,5.667
edu2021_01064,edu2021,作業部分還是都霧煞煞 沒有辦法自己處理作業部分,2.333333333333333,4.25
text_00671,text,地段好，設施全，服務一流，希望以後還能入住此酒店！,6.875,6.0
edu2021_01305,edu2021,喜歡今天的課程，與生活更貼近、更相關，更有共鳴，學得很開心,7.916666666666667,5.714285714285714
edu2021_00537,edu2021,我很喜歡老師讓我們思考,6.416666666666667,3.916666666666667
sentence_00354,sentence,滑世界超級之大笑話,5.333,6.0
text_01286,text,「最後一戰」自2001年發行至今已邁入第11年,5.7,4.8
sentence_00505,sentence,哎呀說的人暢想無限,6.0,5.333
text_00735,text,每次預定，該酒店總是聲稱無法保證安排安靜和有寬帶的房間，明顯不重視攜程的客人。,3.143,6.429
reflection_02285,reflection,那時候我真的嚇到，我第一次看到腫到我都認不出來解剖構造的生殖器。,4.75,7.375
reflection_01747,reflection,一開始發覺家屬不了解休克的時候，我覺得震驚，提醒並試想著自己未來可 以如何解釋，此外，也發現大部分的人以為只要開始洗腎，就要洗一輩子。,3.5,6.125
sentence_01996,sentence,合宜的解釋和賠償,6.0,3.667
text_00356,text,似乎很多人開車整天怕車禍。,4.1,4.0
reflection_01469,reflection,對於壞消息的告知要注意措詞及語氣，並且對於一些數值的解釋，除了說明目前data，也要解釋正常值是如何，而現在這樣的數值以及各種檢查或處置的目的和背後代表的意義是什麼，而在專業人員眼中的判斷為何，並且適時地詢問病人家屬有沒有不理解、想再了解的地方或是家屬在意的點、家屬的想法是什麼。,4.8,3.875
sentence_02549,sentence,你一定認識一些勤勉持家的女性,6.0,4.333
reflection_00940,reflection,我想知道先生是否真的瞭解病患的整體情況，也想知道先生與姐姐之間會如何去討論後績重新插管的事情。,4.375,3.9
reflection_00850,reflection,"2.我的感受原本的我想說病人是不是沒有好好保養造成這樣的後果,例如高血脂都不好好控制或好好吃藥。",3.6,5.4
text_02528,text,雖然有關劇透的拉扯和衝突的確是在數字時代越發瘋狂，但事實上提前透露新作品情節從而引發眾怒這種事情，從維多利亞時代開始就已經在發生。,4.0,4.0
sentence_00382,sentence,能讓電視機前的老鄉爽一週,7.0,5.0
sentence_01413,sentence,眼睛會覺得疲勞,4.0,4.5
edu2021_00020,edu2021,英文單字很不清楚，有點難以理解,3.125,4.0
reflection_00691,reflection,而c肝的部分，他也只知道自己有，卻並不清楚可能的結果或後續該如何處置，也因此從未治療過。,3.0,4.0
text_01284,text,臺中市動保防疫處長餘建中指出，除了加強動物保護觀念外，另外成立「臺中市動物保護重大案件查緝小組」，成員包括跨局處人員、警察局、環保局等相關單位，並提供破案獎金。,5.7,3.714
text_00889,text,關鍵還是不錯的散熱，做工，設計，非常適閤家庭娛樂使用。,6.889,4.667
text_01339,text,刮刮樂，問店家要如何對獎？洪月娥一對，興奮地告訴他「刮中頭獎三百萬元！,7.333,7.875
edu2021_00243,edu2021,還是看不懂老師的字，實在太潦草了,2.875,5.142857142857143
text_01918,text,對於今後的計劃，他回答說：「大學畢業後，想參加義工和人道主義活動。,6.375,4.125
edu2021_01482,edu2021,我覺得上課用故事來講，大家會比較願意聽，吸收也比較快,6.083333333333333,3.083333333333333
text_02010,text,還是對一種自身感覺的形容，指的是你對我有吸引力，我跟你在一起讓我感覺到喜悅、放鬆，所以我想看到你，想跟你在一起。,6.5,4.7
text_02314,text,民主派會議召集人毛孟靜批評，律政司司長鄭若驊以及保安局局長李家超，在立法會保安事務委員會的特別會議上，回應提問時言不由衷和迴避問題。,3.857,3.556
text_01458,text,同齡的國民黨立委馬文君，南投家中經常有蛇造訪，消防隊已經不知來服務過幾趟；她印象中，家裏發現過最大的一條蛇是長達兩公尺的「臭青母」，還打破南投埔裡消防隊的紀錄。,4.778,5.111
reflection_00318,reflection,如果是我被這樣威脅，我也會挺身反抗越是故意唱反調。,4.0,6.5
reflection_00818,reflection,描述事件一位住在心臟内科加護病房的治療病患，因為呼吸器脫離的過程不太順利因此一直無法順利轉出，某天早上護理師發現病患有發燒的情況，抽血的發炎指數也顯示有上升的趨勢，因此脫離呼吸器的過程不但無法推進，甚至是需要再次向病人家屬說明、解釋考慮氣切的可能性。,3.1,6.5
reflection_01592,reflection,當時的安寧專責人也很用心的和他們解釋目前的情況，若不走安寧堅持積極下去，病人會不會醒過來沒辦法確定，但是能預估的是病人的機能肯定不可能回到從前那樣，後續的照護問題也需要考慮。,4.25,3.3
sentence_01923,sentence,那些可以出賣的靈魂是騷動的,4.0,5.0
text_00877,text,高興啊，立刻取消訂單，重新再定，自提。,5.714,5.714
reflection_01908,reflection,primary care是位94歲爺爺，此次因為呼吸困難入院，有吸入性肺炎、泌尿道感染，後續發生respiratory failure以及septic shock，插管後轉來MICU。,4.375,3.8
sentence_01806,sentence,王傳彰先生近幾年潛心調煮咖啡頗有心得,6.75,5.0
sentence_01153,sentence,如果是我就玻璃心碎了,3.0,6.6
sentence_02063,sentence,太太健康長壽無憂無慮,7.5,4.25
reflection_00121,reflection,"住院的過程中,由於血行動力學的不穩定,病人放置了TVP來調節心律,並且由於IHCA,也放置了氣管內管。",4.75,1.5
text_02452,text,"美國總統川普確定對中國將近2,000億美元的商品關稅提升至25%，將會對談判有重大影響，但這並不是告一段落。",4.714,5.222
text_00635,text,感謝您對大連銀帆賓館的中肯評價！,6.4,5.714
reflection_02182,reflection,剛到病房的前幾天，他是意識不清的，兩三天後，他醒過來，偶爾有擺動手腳的動作，像是想表達什麼，是身體有哪裡因為固定姿勢的關係在疼痛？還是有哪裡因為悶熱而搔癢？覺得渴或餓？,4.375,2.9
sentence_00468,sentence,讓蔡英文保有模糊空間,4.5,4.0
text_00369,text,說實在的這一代的camryG款比我的03年的還差缺乏TRC與VSC主動安全配備就不說了而這些03年的都有我不滿意換掉的1.,3.125,3.667
text_00817,text,酒店的設施極端簡陋，洗手間裏連浴簾都沒有，洗個澡滿屋子的水！,2.625,6.25
sentence_01617,sentence,旨酒雖酷烈芬芳,5.333,3.0
reflection_00657,reflection,疑惑的點在於就我對ICU病人的認知，大多都是意識不清或是意識清楚但身體虛弱，從該名病人還能中氣十足大聲罵人的狀況來說，在到bedside看病人及閱讀病人病歷前實在難以想像ICU收他進來的原因為何。,4.1,3.75
text_00560,text,商務間，說是給攜程的年終優惠，意外地滿意。,7.0,6.375
sentence_00022,sentence,讓臺灣人不用為身分認同道歉,7.0,4.25
edu2021_00294,edu2021,今天學得東西需要強大的邏輯推理能力，但我覺得還蠻有趣的,6.333333333333333,4.428571428571429
reflection_01235,reflection,那位病人是我們的第 12 床，他是一位念珠菌嚴重感染的婆婆，升壓劑的使用也是從我到站到離站從來沒停過，各種副作用，像是血便，血尿，水腫等等，也是一項都不缺，更讓人惋惜的是這位婆婆有非常多問題是儘管我們做了非常多的檢查或是檢驗也無法解釋或處理的問題，是一位讓我們及家屬都非常頭痛的案例。,3.375,5.875
sentence_01337,sentence,共產黨壟斷了一切,2.667,6.5
text_00348,text,如題小弟國中時腳踏車曾被偷到現在買了人生的第一台車altis也還是有陰影週遭的親戚朋友都說我太誇張就只因為原廠的中控鎖個人認為這個沒用防君子)、原廠終級排檔鎖外小弟另外裝了鋼甲武士10代扣鎖、神眼傳訊鎖及車輪鎖若要開這台車總共要開5道鎖要開車是麻煩了點但是反之要偷這台車也要開5道鎖除非整台車拖走...請問各位大大都是如何保護愛車呢?,4.222,5.0
sentence_00701,sentence,要求美國行政部門積極支援擴大臺灣的國際參與,6.667,6.0
reflection_00385,reflection,那就代表這是他們共同討論與妥協的結果，我們就是給予尊重。,5.8,2.2
text_01550,text,力培養能指揮打仗、保障打仗的優秀人才。,5.889,4.0
reflection_01117,reflection,一、描述事件一位病人因應腦膜下出血入院，經治療後原本預計出院，卻出現嚴重消化道出血而轉入MICU。,4.25,2.75
sentence_00629,sentence,金犢獎0512,5.0,1.667
edu2021_01488,edu2021,有時候聽得有點混亂，還有前面有點悶，頭會昏昏的，有點影響學習狀態,3.083333333333333,3.833333333333333
sentence_02543,sentence,我點著頭很莊重地點著頭,6.5,5.75
edu2021_01578,edu2021,我對最近的課程內容很有興趣，所以我會更專心聽吧,6.666666666666667,6.166666666666667
text_01334,text,在創新發明的過程中，吳信達老師說，需要投入許多時間與精神，但是他感謝許多人的一路相伴與支持。,6.25,5.429
sentence_00590,sentence,當數千阿里客戶捲入賣假,4.0,4.0
sentence_01375,sentence,奉勸那些仍然在文貴繪製的黃粱美夢中沉醉的螞蟻們早日覺醒,3.0,5.5
text_00981,text,東西不錯，烤漆面漂亮，機器運行穩定，速度快。,6.889,4.75
sentence_00572,sentence,我只有五分之一都成日不是憑空消失就是被貓藏起來,4.6,2.5
text_00333,text,請嚴肅的，認真的面對！,5.444,6.1
edu2021_00147,edu2021,老師運用生動的比喻，具體描述了箇中差異,7.5,4.142857142857143
text_02292,text,我很高興有男性讀者主動詢問這個問題，因為在兩性關係經營領域裡，通常都是女人關心情感面的維繫，男人則更在乎把妹攻略和床上要怎麼表現這些事而已。,6.222,4.5
sentence_00298,sentence,人云算術不及格,3.333,4.667
reflection_00511,reflection,這時應該交給醫院專業人員去處理這件事情的是非對錯，並且讓家屬後續有個的管道來溝通了解，讓家屬有被重視的感覺。,5.25,3.0
text_00420,text,如果是因為偷掉安全配備安全氣囊，VSC，盲點偵測系統，來壓低價格，那這種CAMRY，不要也罷。,3.625,5.0
edu2021_01445,edu2021,好難喔，難到快受不了了,1.4375,8.071428571428571
text_00649,text,住豪華標間，寬敞，重裝修較新,5.556,4.444
reflection_01703,reflection,老師以不急不慢的態度將事發經過一一闡述，並盡力使用較為中性的詞彙來描述事件，以期讓家屬接受到的信息量盡量與我們一樣。,5.625,2.9
edu2021_01024,edu2021,真是困難啊，到目前為止尚未完全搞懂,1.833333333333333,6.5
text_01255,text,傅碧惠原本忙碌於工作及基督教會小組的服事之間，四十出頭小姑獨處的她，年輕、亮麗又有幹勁，對未來美容事業的拓展一直有個藍圖；對教會的事奉，她更是積極參與，生活節奏快且充實。,6.714,5.0
reflection_01601,reflection,他們不願自己的母親受苦，而就在那一天，孩子們決定走安寧也決定不再洗腎的隔天，病人醒了。,5.0,4.2
text_01113,text,翔太變得害怕上學，一想到到校就手腳發抖、腹部疼痛。,3.111,5.167
reflection_02368,reflection,對我們而言是再稀鬆平常不過的理解，對他們來說仍是一個殘酷的答案。,3.5,3.0
sentence_00038,sentence,都用沒有情緒的口吻描述在小說裡,4.5,4.5
sentence_00138,sentence,不知道這樣刷推效果如何,5.0,4.333
reflection_00481,reflection,如果被宣判不能活，卻也不能立即性死亡，處於彌留之際的生命是什麼狀態呢？,4.0,2.625
reflection_00623,reflection,一開始主訴為dyspnea on exertion 5~6天，EKG發現有Af、VPC、V4-V6 inverse T wave等，胸部x光發現cardiomegaly及右側肺水腫，懷疑是Heart failure acute exacerbation，因此住院進行進一步檢查與治療。,5.0,2.1
edu2021_01596,edu2021,以前聽過類似的，但沒有那麼詳細，能這麼深入了解真的很幸運,6.785714285714286,6.214285714285714
sentence_00625,sentence,為中國企業赴美投資提供一個公平,6.0,4.25
text_00717,text,我就納悶了：我怎麼就這麼倒黴啊？每次預定北方都會有麻煩，我想這不是偶然吧，北方的前臺服務真的有待提高。,3.333,6.286
reflection_01531,reflection,畢竟他來到急診時還是意識清楚自行走進急診的，怎麼在短短不到一個禮拜的時間便惡化到這種程度，他們覺得無法相信。,2.875,5.875
sentence_01018,sentence,白宮是小喇叭下達命令的指揮中心,5.0,3.0
edu2021_01235,edu2021,今天有同學被叫起來了，好像有點可怕，都不敢睡了,2.333333333333333,6.285714285714286
edu2021_00850,edu2021,很複雜，上課都聽不懂,2.428571428571428,4.785714285714286
text_02966,text,不甩貿易戰，中國製造2025迫在眉梢，百年德國企業西門子看到中國正進行一場工廠智慧化的速度與規模之戰，要用AI和雲端搶先在中國轉型大戰中卡位搶先機。,5.111,3.111
reflection_00635,reflection,我的感受：對於他提出這樣的想法感到疑惑。,3.7,1.75
sentence_01302,sentence,換勾引肌肉直男原創的私信我就可以,6.0,6.0
sentence_01529,sentence,養活了多少中國工廠,5.75,3.8
reflection_00266,reflection,我的反應：畢竟現階段的我在臨床上仍無法負擔責任，因此我只是在一旁靜靜的聆聽與觀察醫師端與家屬端的溝通。,4.125,2.9
reflection_02130,reflection,當然，醫護人員也應時時反思病人是否真的需要束縛，而不可為職務便利，將一些本不用束縛的病人施與束縛，畢竟在床上綁住雙手這種事，就算只是想想也感覺十分難受，更何況病人同時還要受到病痛的折磨，兩者不適的加成不論生理或心理都不好受 。,3.75,4.25
reflection_02380,reflection,知道病人擔心的點之後，比較能夠理解他的害怕，也體會到，病人拒絕某一些醫療處置的時候，或多或少都有他可能的潛在原因和脈絡，其實多問一下，也許就可以解決或釐清他們在意的點，進而針對擔心的部分去做解釋，消除他們心中的疑慮。,6.0,4.125
edu2021_00200,edu2021,幾乎都聽得懂老師的話，也覺得課程內容很有趣,7.3,5.142857142857143
sentence_00594,sentence,風駟雲軒愁誓約,3.0,6.0
text_00198,text,看了這本書，對自己的確很有幫助，許多書裏提到的事例，其實很多都發生在我們和孩子的身上，不同的處理方式對孩子帶來的結果有很大的差異。,6.111,5.0
edu2021_00229,edu2021,我覺得這次的功課還有作業有點密集,4.083333333333333,4.571428571428571
sentence_00802,sentence,傻一點不要批判,4.5,3.5
sentence_00046,sentence,但當時還是不管怎麼看都是灰綠,4.0,3.0
text_00896,text,貢獻下驅動地址,5.0,1.0
reflection_02090,reflection,描述事件一位肝癌的病人，在此次入院後檢查出癌細胞侵犯至橫隔膜、肺，形成fistula，放置的pig tail 也可看到不斷的有air bubble，代表肺部已有破洞。,4.2,2.625
text_01013,text,上網文字處理這些就不說了，集成的聲卡質量比以前用的R61有所下降，音量倒是夠，顯卡略微有些不足，但低配能達到這個效果還是滿足了。,5.222,4.875
text_00345,text,可能你剛好沒遇過那段強風吧，我週週往返新竹-台南和美那段風真的強，但是要看季節，並不是每天都是這種大風，最近12月份風很大有時還會被雙面巴來巴去.....FIT的懸吊與yaris比差不到哪去尤其後懸也是用廉價的非獨立式懸吊。,4.222,4.0
sentence_01593,sentence,鬆綁不合時宜法規,6.0,5.0
sentence_00603,sentence,美國無意與伊朗戰爭,5.333,2.333
sentence_00564,sentence,再加上人品爆發,6.0,4.5
text_00948,text,老爸叫我回報一下之前狀況也是冷氣剛開會有酸臭味我爸說只要開送風就會有，冷氣吹幾分鐘後＋開窗才會淡掉最近幾天告知老爸網路上也有一樣狀況他就打電話給當初的業務請他處理業務請我們去原廠裝負離子空氣濾清器（有點不確定名字）800元神奇的是弄了一小時之後，真的沒有味道了！,6.143,5.333
edu2021_00488,edu2021,今天上課很開心，因為大部分我都有聽懂老師在說甚麼,6.166666666666667,4.333333333333333
sentence_01312,sentence,沒有加倍的勤奮,4.0,4.25
reflection_00225,reflection,但往往在這些處置背後，其實充滿許多令人感動的故事，有家人的愛、家人的關心，還有他們與疾病長期抗戰的韌性。,6.625,2.125
sentence_02084,sentence,你的眼睛讓我入迷,7.0,5.0
sentence_01669,sentence,是不是也夠愜意,6.0,4.25
sentence_01778,sentence,一切的悲歡離合,5.0,3.333
reflection_01334,reflection,病人死亡可能是我未來會不斷遭遇的事情，但不知道什麼時候會習慣？,3.2,4.625
sentence_00333,sentence,但至少是願意聽我說話的人,6.0,4.5
sentence_01531,sentence,一旦廢除收費站,4.4,6.25
text_00991,text,國貨好幾年了，但是黑迷們始終認定人家是IBM的東西這一點倒是可以確定，技術上，無論硬體軟件,5.125,5.286
text_02863,text,以前我也曾和他們一樣，深陷親子關係的泥沼中，用盡所有的本事和資源，仍沈溺在無助中，有時絕望到想乾脆死掉算了。,1.857,7.667
reflection_02322,reflection,回家之後我一直在思考，遇到這種理解有問題的家屬，到底要用什麼溝通方式，或是要給她看到什麼證據，她才會了解狀況。,4.25,4.2
sentence_02320,sentence,外交國安是總統職責,5.0,3.333
edu2021_00700,edu2021,我覺得這是一個嚴重的問題，需要我們好好探討,3.416666666666667,5.642857142857143
sentence_01306,sentence,雖然我無視他的最後通牒,4.4,2.75
edu2021_01448,edu2021,希望能夠翻譯一次所講的英文單詞，因為我常常聽不懂講了什麼英文，但要是能夠翻譯一次的話，我的大腦就能自動對應出解釋了!,4.583333333333333,6.5
reflection_02031,reflection,當下我感到十分無奈，覺得家屬應該理性的面對問題。,4.25,4.0
sentence_00664,sentence,創造2018年度國內基因領域最大募資金額,6.5,3.5
sentence_02148,sentence,傳雙方僵持不下一問題,4.0,6.333
edu2021_01407,edu2021,舉例十分的生動，經過今天的課程也更加了解,7.0,4.285714285714286
edu2021_01374,edu2021,今天講了很多之前講過的東西，我覺得還滿常識的,5.083333333333333,3.214285714285714
edu2021_00396,edu2021,今天所講解的內容自己理解起來不是很順利，課後要重頭的再看一遍,3.642857142857143,3.833333333333333
text_00771,text,感謝您入住世紀大飯店和給我們提出的寶貴改進意見。,5.667,4.111
edu2021_00105,edu2021,我依然覺得老師的講課步調很快速，有時候還沒搞清楚裝況，他就已經進入好幾頁之後了,3.0,5.642857142857143
edu2021_00024,edu2021,老師講的棒棒，受益良多，我要加油,7.0,5.916666666666667
text_01018,text,幫朋友買的，她猶豫了七八天，終於在18日下定決心，3299，用了張2000-100的券,5.5,4.714
edu2021_01501,edu2021,終於報告完了，放下了心中的大石頭,6.75,6.416666666666667
reflection_02464,reflection,一開始我其實並不知道該用甚麼樣的態度去面對家屬，究竟是要繼續積極治療還是要選擇放手，不同的選擇會影響溝通的內容。,4.625,4.2
sentence_01800,sentence,這也包含坦白承認,5.5,5.333
sentence_00985,sentence,把人家的孩子送進監獄,3.0,2.333
edu2021_01469,edu2021,上的比較難，希望講解詳細一點,4.25,4.428571428571429
edu2021_00712,edu2021,今天我獲益良多，學會了許多方法，對我日後非常有幫助,8.0,5.416666666666667
text_01410,text,易吉益公司楊輝雄以「海浪發電裝置」及「可降解性包裝材之製作方法」獲最佳能源發明與最佳發明兩獎項，是最大贏家。,7.556,6.143
sentence_02301,sentence,跨黨派脫歐妥協談判受挫,3.0,5.25
reflection_00028,reflection,延遲就醫是不是代表對父母的基本關心都不夠?,3.8,5.0
reflection_01595,reflection,我帶著耳機，假裝再一旁坐著自己的事情，想要學習“如何進行醫病溝通”。,4.875,3.9
edu2021_01132,edu2021,老師講得有點快，不過還是很棒,6.714285714285714,5.5
text_01885,text,這才應是關心釣島局勢的人們的共同課題，儘管它是如此的艱難。,5.5,5.667
edu2021_00338,edu2021,老師的標準頗高，怎麼追也追不上，很難受,2.0,3.083333333333333
sentence_02553,sentence,萬物繁茂的季節,8.0,3.5
edu2021_01342,edu2021,有了更深刻的認識，讓我更想去學習這些未知的事物，來充實自己應用的能力,6.833333333333333,4.666666666666667
reflection_00346,reflection,但病患心跳不穩，雖然有機會拔管，一旦撤除經皮體外心臟節律器(TCP)可能會有心臟停止跳動的風險，然而女兒不願意安裝心臟節律器也了解TCP無法在住家繼續使用。,3.5,5.375
sentence_00153,sentence,感謝追星路上阿米為防彈及彼此應援,7.0,5.5
text_02442,text,公共空間的公用垃圾桶在管理上並不容易，垃圾量太多滿出來會造成髒亂，但如果要密集的收集垃圾又得花費大量的成本，在管理上並不容易，所以常常就乾脆不放垃圾桶。,4.222,2.0
sentence_02303,sentence,彰縣府向媽媽們致意,6.0,5.0
sentence_02223,sentence,每一刻都是時髦者的獨苗,6.0,3.75
sentence_00784,sentence,相互扶持的堅強,6.667,4.333
sentence_01235,sentence,歡聚在一起讚美神,7.0,6.0
text_00934,text,網路，這些網路點可能是惡意連結，攔截用戶設備和合法伺服器兼的訊息傳遞。,4.222,4.286
sentence_00549,sentence,都變得很有理由了,5.0,3.5
text_02125,text,通常大家在AppleMusic、QQ音樂、網易雲音樂聽歌時，往往會根據天氣、心情、場景、關鍵字等來選歌。,5.444,3.778
edu2021_00805,edu2021,喜歡聽老師講課，敘述的十分生動,7.416666666666667,3.916666666666667
reflection_01307,reflection,過去在其他醫院也獲得許可，怎麼現在硬生生被拒絕了呢？,4.125,4.25
edu2021_00693,edu2021,下個禮拜要考試來著，感覺要熬夜看書了,3.833333333333333,4.25
text_01606,text,但是中國並沒有被美國的幾句聲明所嚇倒，反而果斷的採取取了強硬反制措施，這使得美國開始逐步考慮透過加強軍事部署的手段來震懾中國。,4.125,4.375
text_02231,text,日本作家、精神科醫師水島廣子指出，這樣的行為當然必須道歉，但是一本大眾雜誌竟然刊登這樣的報導，也凸顯了日本針對女性的年齡歧視問題。,3.667,5.111
sentence_00470,sentence,或是聲稱自己是中國人就可以處處受禮遇尊敬,3.0,4.75
reflection_01725,reflection,因判斷病患的病情只會持續惡化沒有恢復的可能性，老師在家庭會議中詳細說明病情以及提出撤出呼吸器的想法，讓大家能夠達成媽媽在世中留下的最後心願，但我感到兄弟及親戚們心中還抱持著過度期待，想要觀察至農曆七月過後（當時還離三週），再來考慮撤出呼吸器這件事，兄弟尚未和媽媽說告別，希望能夠再次見到她清醒的一刻，老師於是尊重了家屬的決定。,4.7,3.8
text_02687,text,中國正在運用數字科技復活黨國極權體制，在朝陽群眾西城大媽背後，是監控手段的強化，嚴密程度可能在人類歷史上前所未有。,2.0,6.0
reflection_02347,reflection,在本次的反思心得寫作中我理解到不能只以醫學上的理論來評估一個病人，尤其是在一些突發重症被送來醫學中心的病人身上，我們平常所習慣的處置很有可能只對於常來醫學中心，習慣中心的步調和規定的人有效。,5.2,2.625
reflection_00232,reflection,所以回到當時的情境，若我當下是家屬對面的醫師，我可能會在這樣的思考後，選擇先放下心裡先入為主的感受，讓家屬說完想說的話後，耐心地一點一點將目前治療計畫以及阿嬤的情況說給他聽，並且確保待會會有心臟外科的醫師來到這裡向他們詳細解釋手術相關評估及考量；其實這也正是當天主治醫師應對家屬的方式，跟在老師身後學習到了很多。,5.0,2.75
edu2021_01082,edu2021,內容有趣所以比較精神,5.75,3.25
reflection_00175,reflection,對於病患家屬的疑問也保持沉默。,4.5,2.25
reflection_01733,reflection,你可以怎麼做我想可以試著了解家屬的擔憂，先以聆聽為主並且試著緩和雙方的情緒並且要體諒，醫療方與家屬間資訊不對等的情況，以及雙方經歷大不同面對同樣的事件承受度不同，大家覺得 的 掌握度也不一樣。,4.75,4.2
text_02400,text,我高度重視中泰關係發展，願同你一道努力，繼續弘揚中泰傳統友誼，深化共建一帶一路合作，推動兩國全面戰略合作夥伴關係取得更大進展。,6.667,5.286
sentence_00957,sentence,京都人不堪其擾突顯全球觀光城鎮的美麗與哀愁,3.333,4.333
reflection_00605,reflection,然而在這樣的情境中，卻必須詢問他們關於”在醫院去世還是要留一口氣回家？”，雖然知道這是必須先確認的，但覺得對於家屬實在是非常的殘忍。,2.5,4.375
reflection_02360,reflection,對無法自主表達意願的病患來說，也實在難評斷積極與消極是對與錯。,4.0,3.625
reflection_01246,reflection,3.你的反應為何: 當下我想要繼續花更多的時間和病⼈家屬說明和溝通，直到他們能夠理解和接受病情。,5.5,2.25
sentence_01958,sentence,和煦的陽光透過落地窗灑落,7.0,4.0
reflection_00123,reflection,"反應為何當下做了什麼、想做什麼在發現的當下,詢問家屬是否正在錄影,並告知醫院規定給家屬知道,並了解家屬想要錄影的原因,經由雙方同意後才可進行錄音錄影的動作可以怎麼做新發現了什麼有無新的認知或體認有無新的觀點嘗試了解家屬想要錄影的原因:-可能是怕當下漏聽了一些關鍵資訊錄影給不在現場的家屬看,怕自己轉述的時候會不清楚-當作未來若有醫療糾紛的證據若醫師評估錄影是可行的,可和家屬協調,但若覺得錄音錄影的行為不恰當,也要適時的拒絕家屬的行為,保護自己。",5.125,4.25
text_01233,text,原價999的票，只要100元，過年期間想吸引家長，120公分以下小孩甚至不用錢，觀光局預估，今年假期造訪樂園人次可望衝到135萬人，比去年多4成6，部分業者甚至看好業績，能成長3成到1倍！,6.5,5.75
text_01698,text,他這個人開朗樂觀，早期也在海外從事台灣民主化運動,6.0,4.571
sentence_00964,sentence,美國政府只是像養狗一樣放縱他們撕咬自己曾經的祖國,2.5,6.5
edu2021_00600,edu2021,我覺得白板寫的字有些有點小，看不太清楚,4.083333333333333,2.166666666666667
sentence_01359,sentence,知道了什麼是資產負債表,5.0,4.5
reflection_01589,reflection,讓我有種繼續積極等於病人沒有生活品質的活著；若走安寧等於有生活品質，順其自然。,5.125,4.3
reflection_01418,reflection,另外，他們對文雄RCW很不滿，堅決不要回去而想要去小港醫院，我認為單靠這樣的資訊來斷定他們是醫療不信任者似乎太過武斷，因為我們不知道文雄實際的照護品質如何，或許真的不甚理想，也或許只是他們單方面認為。,3.7,4.8
reflection_00977,reflection,若拔管失敗可能需要面臨再次插管的事件，但病人家屬對於再次插管抱持不一樣的意見：有人抱持不要再次插管，有人是怕若不再次插管可能會見不到家人最後一面而遲疑。,4.125,4.25
edu2021_00784,edu2021,我會盡自己所能來完成這項艱鉅的任務,7.0,7.0
reflection_02423,reflection,So what(情緒):我看老師們都可以很有耐心地重複解釋給她聽，但我自己知道如果換作是我，應該會因為時間的關係而漸漸變得不耐煩，到最後語氣也會越來越不好,4.0,4.9
edu2021_01030,edu2021,因為之前都沒有去深刻的了解，所以今天聽到的課程還只是算略懂而已,4.428571428571429,4.25
reflection_01261,reflection,在針對目前病情做詳細解釋並且鼓勵家屬去了解現在acute onset的問題主要的成因，就能夠讓他們理解並且預估病人大概需要多長的時間來做恢復，以及恢復的進程。,5.9,2.0
sentence_01811,sentence,這樣是否合乎情理呢,4.5,5.667
text_02543,text,曾經她認為，一個人無拘無束、自由自在的生活是一件非常輕鬆愜意的事，但這一切就在她罹患帕金森氏症之後有了改變。,3.75,4.333
text_01760,text,伊朗歡迎黑格的態度，也和對美國前兩位防長的任命大相徑庭。,5.125,4.0
reflection_01846,reflection,覺得自己在與人溝通上太過怯懦，不敢與病人多做接觸是很大的致命傷，應加以改善。,4.0,5.25
sentence_00566,sentence,而自己也沒有那麼無能,6.0,6.75
sentence_01980,sentence,需要是七歲孩童般的純淨,6.333,4.333
text_00031,text,喜歡關於大學講座類的書，只要看到，從來都是毫不猶豫的買了來看，好好品嚐知識和文化的大餐，可以學到很多東西。,6.444,5.111
reflection_02337,reflection,一位意識相對清醒也沒有接受插管的病患，本來和家屬的共識為積極治療，然而在後來診斷為IPF AE後便轉而考慮往安寧的方向照護，我想對於病患家屬而言肯定是相當難以接受的。,3.75,5.5
text_01627,text,中日兩國正處於劍拔弩張，隨時都可能擦槍走火，爆發衝突，甚至局部戰爭，蘇貞昌卻要率團訪日，令人不只好奇，更感不解。,3.571,6.0
text_00963,text,白色的，很漂亮，做工還可以,6.0,3.429
sentence_01784,sentence,他就是懦夫又如何,3.333,7.0
edu2021_00832,edu2021,老師鼓勵我們多自己動手實作才會真正懂得應用,5.666666666666667,3.214285714285714
sentence_00148,sentence,一種像彈珠掉地板反覆彈跳多次的聲音,5.0,2.5
text_00505,text,假如他不安全，買你覺得安全的車啊!假如開起來不像跑車...那就去買跑車啊!!配備不夠，沒有足夠的安全氣囊。,3.25,5.625
sentence_01240,sentence,老經理特別囑咐要款待的美國青年和他神祕的英國戀人,6.0,5.0
reflection_01383,reflection,以病人及家屬的角度而言，大家都希望醫師能花更多心力照顧自己，無形中提高對醫師的期望值，也希望醫療無差別，能同法律般平等，甚至希望能對自己有所偏袒，儘管機會渺茫還是希望能夠積極搶救，這是每個人再正常不過的情緒表現， 但身為醫療端的我們經常遺漏了這些小細節。,4.5,4.5
text_00119,text,我家女兒5歲，比較喜歡科普圖書，這套書目前是她比較喜歡的圖書，每天都要和我一起來分享各種有趣的知識，現在在看生物篇，對其中的鯨特別有興趣。,6.333,4.0
sentence_00300,sentence,從美國推進貿易談判的情況看,5.0,2.667
reflection_02237,reflection,而這次她這麼躁動，她到底想表達什麼呢?,4.625,3.25
reflection_02166,reflection,在老師耐心地反覆解釋下媽媽不再提及此事，然而「如果當初再早些來醫院是否會有不一樣的結果」卻更加頻繁地出現，原來媽媽想找的是一個答案，一個可能的轉機，在排除提早診斷的可能後轉而責怪起自己。,3.7,4.375
sentence_02059,sentence,更多地渴求我吧,6.0,8.333
text_02726,text,網紅館長陳之漢前晚因不滿高雄市長韓國瑜落跑選總統，而後悔力挺向粉絲道歉外，還稱是活到40歲最大屈辱引發網友熱議，對此，韓昨日表示不理解為何變成這樣？,3.778,5.889
text_00186,text,這本書，對職場小說開始有所迷戀。,5.444,4.857
text_02539,text,過度飲酒對健康的損傷巨大，包括成癮、精神病、失智、肝硬化、胰臟炎、心臟病及口腔癌，食道癌，大腸直腸癌及乳癌等各類疾病。,3.143,3.375
sentence_01119,sentence,所謂拆除都是違建,4.5,5.0
text_01005,text,全新的正品行貨，送貨的人員也很專業。,6.6,5.167
reflection_00300,reflection,病患本身是高學歷，對於病情理解程度想必不會太低，而每次的病解中，太太了解的也不算少，但他們都願意相信最一絲絲的可能性。,4.5,1.5
text_01795,text,甘地願意為了抗爭入監服刑這才叫公民不服從，你們哪一個甘願服刑?,4.0,6.375
text_00280,text,改正錯誤，從現在做起。,5.375,4.0
edu2021_01363,edu2021,今天上課精神不是很好，下次我會更努力聽課把落後的補回來,5.071428571428571,5.416666666666667
edu2021_01236,edu2021,後面講到地方幾乎完全無法理解，有點挫折,2.785714285714286,5.166666666666667
sentence_00411,sentence,這樣算起來誰更便宜,5.5,5.0
reflection_01196,reflection,當下我本來應該感受到難過，不過病人妹妹的情緒表達有點震懾住我了，稍稍沖淡了環境中悲傷的氛圍。,3.875,5.875
sentence_00264,sentence,乞丐傳頭就破口大罵,3.333,4.333
reflection_01122,reflection,就如同老師說的，加護病房的病人病情變化實在很多，尤其呼吸器也像是雙面刃，可以給病人解決氧合問題，但久了卻可能讓他造成第二波院內感染，而解決這一且最好的方式，就是跟家屬好好說明這一切!,4.8,4.6
edu2021_01136,edu2021,今天教得很難，聽不太懂,2.833333333333333,3.785714285714286
sentence_01039,sentence,讓中共迅速壯大,4.0,4.0
reflection_01128,reflection,可以怎麼做首先，先聽取家屬的需求以及提出需求的原因，其實歸咎原因是因為患者本身未婚，再加上沒有可以貼近照顧的親友，偏偏又遇上長輩過世，以至於整個家庭無法有多餘的人力可以幫助。,3.8,2.75
sentence_01545,sentence,聖經那麼多則斥責人的話,3.5,6.0
sentence_02173,sentence,整個連貫動作相當戲劇性,6.0,6.0
text_02552,text,由助產士照顧低風險產婦，產科醫師處理緊急、複雜的孕產狀況，是國際間視為理想的分工與照護方式，但在臺灣，助產學罕為人知，也常被視為落伍。,3.5,4.1
text_00346,text,你要說FIT超控好嘛就是跟yaris一樣好,5.375,3.625
text_00480,text,有ESP一定可以增加失控後的恢復，或是阻止失控，至於能恢復多少要看當時的環境但沒有ESP，就是看自己的運氣了好笑的是，有失控經驗並存活下來的人的人不見得能體認到車子需要ESP這類系統這種人就是我老婆，上次他們家老可在高速公路上打轉轉，天氣晴朗,4.857,3.714
text_01573,text,下一波的攻擊目標可能是鄰近的茅利塔尼亞、摩洛哥、利比亞或西非國家經濟共同體（ECOWAS）的會員國。,3.429,4.571
text_00296,text,如果只有HYBRID的差別，動則數十萬的價差，卻要消費者買單，銷售量肯定不會太好看這年頭環保跟銀子，大概還是銀子重要些)，HYBRID車款將會是CAMRY的重要戰略車款，希望借此再拉大與同級對手的差距，如果銷量不好，總代理面子肯定掛不住，因此在配備上預留了一些頂級的空間，讓準CAMRY車主能多掏一些銀子，購買HYBRID車型。,4.125,2.667
sentence_01994,sentence,馬來西亞國民陣線前政府的土地交換計劃出現嚴重疏漏,3.0,4.25
sentence_02496,sentence,卡在時間裂縫的男人,5.0,2.667
sentence_01597,sentence,有可能會為以色列自己的亡國自掘墳墓,3.0,6.0
reflection_01222,reflection,另外，經過了這兩次加護病房的經驗，心中總是一直有個疑問，面對狀況普遍糟糕，狀況隨時都會急遽下降的的病患，究竟是甚麼支撐著醫師們選擇重症專科，在面對無法讓病患康復的狀況時，醫生們難道不會覺得挫折感很大嗎?,4.0,5.375
text_02261,text,據TechSpot網站報道，像Roku、AppleTV和亞馬遜FireTV這樣的智慧電視服務比以往更受歡迎，不難看出原因。,6.0,4.5
reflection_01900,reflection,在目睹這個場景的當下，我感到很悲傷，對於家屬一直採取很積極的態度，也完全懂了，可以想像平時爺爺跟家屬們的關係很緊密，之前爺爺的狀況可能不差，這次發生的情況讓家屬短時間內無法接受、適應，希望爺爺一定要好起來像之前一樣與他們生活。,3.875,6.25
reflection_01453,reflection,當然這起事件並不會動搖我認為從公衛角度必須打疫苗這件事，分子醫學幫我們精確找到某個蛋白質與免疫的關係、統數學統計讓我們掌握了整個人口群體中發生不良反應的趨勢，醫學與科學的發展貌似讓我們把很多東西掌握在手中。,5.25,2.0
text_01596,text,然而因國營事業員工對績效獎金縮水反彈強烈，立法院上週也通過親民黨團要求政院將績效獎金發放覈演算法制化，未來只要政院提出覈算辦法，國營事業績效獎金就不需遵從立院決議的一.二個月上限，引來「績效獎金敗部復活」疑慮。,4.125,5.222
reflection_01879,reflection,描述事件一位67歲重症病人目前敗血症且全身水腫，GCS剩下3分，但過去曾經一度有恢復意識，因此家屬原本打算放棄任何急救，但因為家人曾經恢復意識，使家屬又重新燃起希望積極治療，但其實病人狀況仍然越來越差…,3.625,4.625
edu2021_00445,edu2021,聽得比較懂了，我覺得老師教的很有用，可以讓概念更清楚,6.857142857142857,5.833333333333333
reflection_00216,reflection,"二.我的感受在了解這位患者的過去病史時,我對患者的處境感到十分難過,腫瘤對他的生活造成了非常嚴重的影響,先是進行了多次的化療與放療,而後又發生了復發且多處轉移的情形,甚至壓迫到氣管必須進行氣切,又因進食問題而做了腸造口,既無法正常說話也無法經口進食,無法擁有良好的生活品質,再加上感染與疼痛的問題也困擾著他,患者承受的痛苦對我而言是難以想像的。",2.125,6.75
reflection_02113,reflection,在科技的部分像是達文西、內視鏡在高醫都有做，但不適合這次的手術，會看不清楚手術的視野，對病人不好。,5.125,3.5
edu2021_00874,edu2021,不甚理解這些專有名詞的意思,3.916666666666667,2.666666666666667
text_01237,text,之前人力銀行公佈今年有七成上班族年終獎金不到1個月，現在卻有遊戲媒體公司年終獎金平均有10萬塊，一般員工最高可以領到21萬，更特別是這家遊戲媒體的年終給的方式，不是用評分，而是用出任務拿積分以及打遊戲來換年終。,5.875,4.889
text_01902,text,你也不想好好解釋清楚，學生衝行政院了，跟警方衝突，一堆人受了傷，結果你們也只丟下依法行政，不理不睬的態度著實讓人心寒，只能說，這次事件，傷害最大的還是你們九點二集團啊，想搞威權復辟，不尊重人民，搞到沒人替你們講話,2.875,6.444
sentence_01510,sentence,大概就有人包圍官邸了,4.667,3.5
reflection_01771,reflection,後來會議告一段落，家屬也先回去思考、討論。,5.0,2.25
edu2021_01180,edu2021,課本搭配課程比較好做統整，也會比較清楚一些,5.833333333333333,2.785714285714286
sentence_02302,sentence,見證與僑界堅韌情誼,6.6,4.6
sentence_00050,sentence,因為擠牙膏自己壓到手結果流血,4.25,5.75
reflection_02089,reflection,在與胸腔外科的醫師討論過後，告知家屬病人的狀況本來預後就不好，動手術更是有極高的風險，且即便手術成功，仍不可能增加病人五年、十年的壽命。,3.1,4.0
edu2021_00226,edu2021,這次上完以後，讓我下定決心學習，努力提升我的實力,6.6,5.071428571428571
text_02013,text,科技公司和線上平臺有其它方法去解決錯誤資訊的快速擴散，包括解決演算法的揚聲器問題，給予使用者去控制他們的資訊源。,6.0,4.714
sentence_01620,sentence,大饑荒的發生是分分鐘鐘的事情,3.0,5.25
sentence_01079,sentence,只是標準作業程式北韓在4日及9日二度無預警發射不明飛行物,3.6,5.0
reflection_00451,reflection,甚至有一次突然AMI引起cardiogenic shock，走完ACLS流程，最後ROSC。,3.8,1.75
text_00173,text,法蘭克福書展十四日閉幕，中國流亡異議作家廖亦武獲頒德國書商和平獎（GermanBookTradePeacePrize），繼日昨公開批評剛獲頒諾貝爾文學獎的中國作家莫言是「國家詩人」後，廖亦武在領獎時更痛批北京領導階層，形容中國是「滅絕人性的血色帝國」。,3.0,7.143
text_01299,text,「英雄聯盟」遊戲去年首度舉辦世界錦標賽，總獎金高達二百萬美元，目前全球有數千萬玩家，臺灣也有上百萬玩家，主要是大學生，號稱每十個大學生就有一個玩過英雄聯盟。,5.667,5.286
reflection_01949,reflection,雖然家屬沒有要責怪醫療團隊，不過聽到家屬將這個情況都怪在疫苗上說出不理性的話，疫苗跟病症雖有時序性，但一般的想法上還是會覺得一般的肺炎跟疫苗很難有關係，雖然如老師所說的理論上因為疫苗帶來一些stress或是cytokine的變化導致病人出現一些病症，但是醫學還是應該看實證才能說話。,4.0,4.875
edu2021_00699,edu2021,覺得還需要自己回去看課本理解比較能融會貫通,4.333333333333333,2.928571428571428
edu2021_00964,edu2021,今天清楚了解到電腦的運作原理,6.583333333333333,2.5
text_00810,text,前臺服務太慢，前臺男生的態度極差，極差；電梯本來只有兩部，卻始終都有一個在維修，上下電梯，每層都停留，有時甚至等兩次才坐得上；房間衛生不好，地面好像不做清潔，衛生間不乾淨，毛巾好像抹布一樣，還有怪味；水杯都是塑膠的；打電話要吹風機和插座，竟然讓客人自己去前臺拿；淋浴噴頭漏水嚴重，打電話告知前臺，竟然派保安充當維修工上來房間察看。,1.625,7.125
sentence_01535,sentence,美國大型車廠通用汽車,5.0,1.8
reflection_00429,reflection,不久後，胸水也確實驗出了癌細胞，告知病患後，本人非常不願意面對自己的疾病，稍微提及就表現得很反抗<P>、<P>生氣、以及悲傷，因此最一開始並沒有為他安排電腦斷層或其他癌症相關的治療。,3.0,4.875
text_01853,text,但基本上，「我們支持改革，行政院也支持」。,5.875,4.857
edu2021_01390,edu2021,上的有點太快了，沒講多久就跳了很多頁，希望可以別再那麼快了,2.928571428571428,5.0
sentence_00184,sentence,他們是從來不相信雙贏結局的,4.0,5.0
sentence_01734,sentence,我給新手的建議是,5.5,3.5
sentence_00919,sentence,而是這個國家的大方向已經轉變,5.0,2.0
edu2021_00248,edu2021,今天因為要考試，所以有點心不在焉,3.916666666666667,3.5
text_01168,text,外傳三千萬獎金須與贊助公司對分ＴＰＡ臺北暗殺星隊員平均年齡二十一歲，目前大多數是大學在學學生，Lilballz宋寬柏是美國回來的，TOYZ劉偉健則是香港人，除MiSTakE唸的是數媒，各人所念領域未必與電玩相關，甚至有人是暫時休學、專心參賽。,5.429,4.571
text_02735,text,老闆若只喜歡聽好話，下屬一定極盡諂媚之言，讓老闆開心，講真話就是笨蛋，徒惹老闆不開心，自己烏紗帽都可能掉。,4.0,6.143
edu2021_01413,edu2021,我好累，我沒有專心聽課，嗚嗚,2.5,6.333333333333333
text_00114,text,中國有這樣優秀的打工人而自豪。,6.333,5.25
sentence_02495,sentence,人格塌陷的惡棍,3.667,5.0
sentence_01005,sentence,板中最近發起的男裙週因為在高中校園中還算是嶄新的活動,6.5,4.2
text_01179,text,有了足夠的玩家數，才能開發出好遊戲；有了鼓勵電競的環境，才能發展出世界級的遊戲產業。,6.714,5.5
reflection_01666,reflection,此時我才在護理站翻這位剛離世病患的病歷、那已經成為虛無縹緲的文字，我覺得很沒有意義。,3.875,5.332999999999999
text_02618,text,今年4月，入住洲際酒店集團旗下杭州洲際酒店的旅客發現，這家酒店富麗堂皇的大堂內，出現了一臺風格十分現代化的自助機器。,6.0,4.333
reflection_00377,reflection,我認為我能做到的事情反而是改變自己的想法，要體認到不論是真的還是演的，我能得到的訊息還是家屬很在意這個病人，這時候身為醫師，應該要努力的將自己的想法傳達出去讓家屬能理解並且認同，當一個好的說客，將讓人認同你的觀點作為第一優先，這樣也是最有可能讓家屬跟醫師站在同一陣線，做出為病人最好的決定。,6.0,5.1
edu2021_00877,edu2021,感覺很不熟悉，一直跳來跳去的講,3.0,5.166666666666667
text_00225,text,雖是描述建國後的歷史傳記，但是讀起來卻沒有想像中的嚴峻和沉重。,4.778,3.75
sentence_02343,sentence,負有政治輔導責任的教師,6.5,2.0
text_02755,text,彌月禮盒真的很多種類，光是挑選就眼花撩亂和老公光是吃一堆油飯和蛋糕就吃得好飽後來看到明月堂可以覺得很特別！,6.375,4.857
reflection_00648,reflection,答案其實很明顯了。,5.125,3.5
text_01703,text,立法院11日院會通過一項由親民黨團主導的主決議，要求行政院應對不同主管部會、產業及經營模式訂出合理績效計算及核發標準，擬具「公營事業機構及財團法人經營績效獎金覈算辦法」，取代現行績效獎金實施機制，3個月內送立法院備查。,5.333,4.111
edu2021_00858,edu2021,算是有了初步的認識，不過不是很了解,4.571428571428571,2.083333333333333
edu2021_00615,edu2021,經過這堂課，我對於這些有更深的認識了,7.285714285714286,3.916666666666667
sentence_01374,sentence,結合人類身體美感與力量美感的作品,6.667,4.667
edu2021_01247,edu2021,操作起來難度偏高，在嘗試了幾次之後始終無法上手,3.428571428571428,4.0
reflection_00880,reflection,"因位整個團隊也非常努力的在找出病患惡化的原因,也試著用各種治療方式幫助病人了。",4.875,4.5
edu2021_00390,edu2021,第一次碰到不是說太會，看也要看很久,4.25,3.785714285714286
edu2021_00714,edu2021,教了一些方法，感覺蠻酷的,6.916666666666667,5.142857142857143
text_01243,text,日本首相安倍晉三的外交智囊谷內正太郎20日表示，中國以「武力威脅」對釣魚臺日稱尖閣諸島)提出主權要求，破壞國際規則。,4.0,5.286
edu2021_00827,edu2021,今天上課有點快，但還能跟得上,5.166666666666667,3.083333333333333
sentence_02162,sentence,安詳度過殘餘歲月,6.4,1.75
text_00376,text,我覺得你們這些再說人家派工讀生也很好笑...哪一點讓你知道他是工讀生?,3.333,6.571
text_01954,text,醫院裏的這些媽媽愁眉苦臉，她們好不容易懷胎10月生下的寶寶，輸在人生的起跑點上，每5個就會有1人死於營養不良；阿富汗兒童吃不飽，遠在南美洲的哥倫比亞，也有原住民兒童陷入悲慘童年。,2.2,6.0
edu2021_01087,edu2021,因為還不是那麼熟悉，所以還需要一些練習，希望可以越來越熟練,5.166666666666667,2.916666666666667
text_00407,text,九成以上可能是假車禍詐騙!!一般汽車跟機車擦撞,3.375,5.857
sentence_01396,sentence,公共電視很丟臉,3.0,5.75
text_02005,text,探索冥王星的努力，背後是一個時而不可思議、時而令人膽戰心驚的故事，當中穿插著一道又一道意想不到的盲彎，一條又一條看似走不通的死路，還有許許多多的驚險一瞬間。,5.556,5.25
reflection_02236,reflection,還是又被當成意識混亂呢?,4.25,4.875
sentence_00650,sentence,什麼功利至上真是失了智,3.0,6.667
sentence_00176,sentence,冷靜理智客觀分析事物,5.75,3.2
text_01409,text,在金牌獎作品中，大會另選出十五項特別獎，臺灣獲得五項，包括最佳發明獎、最佳青年發明獎、最佳人氣獎、最佳能源發明獎及最佳新技術獎。,6.222,4.75
text_01098,text,爺孫3人沒錢穿破舊衣，家電及傢俱都是撿來的，每日3餐仰賴濟助，陳翁一度想不開，哭喊「我不想活了」。,2.625,5.143
text_02864,text,第三屆世界智慧大會智慧科技展和體驗區準備就緒，智慧科技展和體驗區展覽體驗總體面積將達到近6萬平方米，彙集了國內外智慧領域的先進技術成果。,6.286,4.286
reflection_02279,reflection,從一開始去診間下跪的太太每天中午來探望後開始能理解病人的痛苦與不可逆，開始願意放手。,5.6,4.75
sentence_01724,sentence,腫瘤細胞轉移到淋巴結,3.0,3.6
reflection_01079,reflection,再來是要加強溝通的技巧，設身處地的講解自己的想法，適時地安撫聽者的情緒，給出自己的經驗以及不誇大程度的承諾等等，這些都可以緩和溝通時的氣氛並且讓病患及家屬更相信這位醫師。,6.2,3.0
reflection_00587,reflection,但在拔管後的幾天，由於呼吸肌不足，又造成desaturation及血中CO2上升，後來又再次進行插管治療。,4.0,2.75
reflection_01258,reflection,你的感受為何：有點委屈，感到委屈是因為當時就有向家屬事先告知，病人的狀況好轉，很大的原因是因為用很多的藥物和體外機器進行輔助的結果，病人本身的免疫力還是非常不樂觀，隨時都有可能因為趕不上感染的進程而崩壞。,3.625,4.5
edu2021_00501,edu2021,或許是今天上的課程較枯燥，導致少許同學想睡,3.583333333333333,2.333333333333333
sentence_01460,sentence,為何審查了四年才一審宣判,3.0,6.25
reflection_01344,reflection,全家極盡資源想救這位病患遇到完全沒料想到的嚴重併發症 家人或主要照顧者承受很大精神壓力與經濟壓力 或許在等其他家屬到場見最後一面，護理師卻希望能趕在今日離院，時間對不上又沒有獲得充分溝通導致此誤解。,3.75,5.75
reflection_00261,reflection,在治療其他共病時，家屬也積極捜尋網路針對目前治療給予建議(ex， silymarin，TPN， stronger. )。,5.6,1.625
sentence_01897,sentence,進度閃4潛入舊都,4.5,5.0
sentence_00295,sentence,肯定S有罵學生,3.5,4.75
text_01159,text,原本EA野心勃勃的希望透過NBALive13扳回一成，不過在預告片和試玩版推出後卻被玩家嫌東嫌西，讓EA不得不宣佈延後推出，打算繼續加強遊戲的各個環節，然而最後EA終於意識到就算他們把現有的NBALive13內容做到完美，它的整體遊戲可玩度和吸引力仍然無法和2K13匹敵，因此最後決定忍痛收手。,3.857,6.0
sentence_00452,sentence,感情最終要放下,4.0,3.667
edu2021_00764,edu2021,今天得知下週期中考的消息，實在是有點驚慌，有點抓不到考試頭緒,3.071428571428572,6.3
reflection_02526,reflection,也要持續提醒自己，不管未來在臨床上經歷過多少生死，永遠都不要把生命看輕。,6.2,3.125
text_01035,text,清潔隊員轉調內勤人員不該領取每月六千元的清潔獎金，當年曾請示當時擔任北市市長的陳水扁八十八年是否仍繼續核發獎金，當時市長以特案籤準轉調內勤人員依舊可領取獎金，後因爭議未決，自八十九年七月一日開始就停發獎金至今。,4.889,3.625
edu2021_00533,edu2021,大致能跟上課程,5.083333333333333,1.833333333333333
text_02592,text,由品牌出貨排名可以發現，除了一、二名仍由韓系品牌佔據，第三到第六名皆為中國品牌，顯示中國品牌利用成本優勢積極提升市佔率的企圖心不可小覷。,5.429,3.833
edu2021_00293,edu2021,這塊就讓我煩惱很久！而今天終於有所了解了,6.5,7.916666666666667
reflection_00075,reflection,"感到難過的原因,是因為在平常查房的時候看到家屬對於病人的疾病是很積極的想要了解與治療,但是使用PDL-1來申請健保給付的免疫治療這條救命索就這樣斷了,所以當下有想過自己如果遇到同樣事情,會很難過",3.125,4.625
sentence_02026,sentence,彼此之間合作融洽,6.5,5.0
reflection_00586,reflection,從這個病人身上，可以了解到肝醣儲積症會造成後續很多的併發症的產生。,4.625,2.9
sentence_02174,sentence,明天早上就會確信人生的疑點了,4.6,4.4
text_02169,text,同為頂級前鋒，蘇亞雷斯32歲還在支撐著巴薩的鋒線，伊布37歲尚能在美國佔山為王，就連同齡的亨特拉爾，也跟著阿賈克斯煥發了第二春。,6.5,4.75
text_00623,text,他們有免費機場接送服務，第一次聽說這種服務，不錯，好像打車要40多塊呀注意到酒店設有機場售票處，3分鐘搞定機票，方便！,6.625,6.125
reflection_00692,reflection,而後可能因身體無產生不適，阿伯自己也未意識到疾病嚴重性，就一直沒有嘗試再啟動。,3.4,2.875
reflection_00039,reflection,"三.反應為何當下雖然很生氣,也想反過來指責家屬胡謅病情、相互溝通不良,但仍是忍下怒氣,再次與今日前來的家屬略作解釋,並於會客時間後,請今日有來的每位家屬一起到護理站坐下來溝通、討論,再次鄭重、詳細的說明從入院當天開始的病情,用和緩的語氣點出家屬的印象與實際情況的出入,最後也趁著此次機會,將不良的預後,後續需考慮的DNR、安寧、呼吸照護病房等,各種不同的結果向家屬一說明,並確定今日有來的家屬都理解目前病人的情況。",2.7,6.625
sentence_02121,sentence,置香港美加歐洲僑民於險境,3.5,4.4
reflection_00877,reflection,"描述事件具體發生了什麼事一位病患因急性呼吸衰竭前往急診就醫,在急診經過評估之後,發現喉頭太腫無法在急診順利插管,因此帶著NRM full run前往手術室進行緊急氣切,然而在輸送途中病患血氧突然急速下降,意識昏迷,緊急推入手術室進行處置,然而病患仍因缺氧心跳停止,途中進行兩次CPR,第一次10秒內ROSC,過了十分鐘後發現病人PEA再次進行CPR急救14分鐘後ROSC。",3.8,4.7
edu2021_00839,edu2021,今天教了許多不同的題目，我覺得真的很難,3.857142857142857,6.25
sentence_00453,sentence,比如是醫療改革,6.0,4.0
sentence_01965,sentence,才會這麼的生疏無措,4.0,4.5
edu2021_00639,edu2021,有點深度，但是能考驗我們的能力,5.928571428571429,3.583333333333333
text_00815,text,希望攜程把好協議酒店的關，不能讓此類酒店誤導客戶。,4.333,5.857
edu2021_00298,edu2021,這部分我比較聽得懂，也比較有興趣聽,6.785714285714286,3.857142857142857
sentence_00402,sentence,如果你要把你的孩子當廢物養,2.6,7.6
reflection_02174,reflection,我不知道老奶奶真正再想什麼，但我猜她的心情可能是無助、徬徨且低落的吧，這些情緒並不是因為缺乏資源，因為醫療資源已經在身邊，醫師也已經詳盡的說明了所有情況，動之以情、說之以理都嘗試過了，或許這些情緒是來自過去對氣切根深蒂固的誤解，老一輩的人，甚至在我自己習醫之前，對氣切的觀念也是一知半解且負面，要一下子讓老奶奶轉變觀念或許是困難的，又或許這些情緒是來自兩老相伴好幾十年的不捨，深怕自己做錯一個決定就再也沒有機會陪在彼此身邊，雖然我們都知道現在的不決定其實就是決定要讓阿公暴露在更大的風險之下，且氣切也不是一個多大的手術，但對她來說，或許能夠再多一天安安穩穩的陪在阿公身邊就是當前最好的了吧。,3.7,3.875
reflection_00881,reflection,"四.可以怎麼做其實從家屬和病人的互動可以感受到他們是在乎病人的,而且想積極地為病人做更多。",6.5,3.9
reflection_00363,reflection,我甚至在周五跟同學分享覺得也許病人就在等待家屬接受，才願意離開，想不到隔天簽完DNR病人就離世。,4.0,5.8
reflection_02502,reflection,依照流程上對於PEA的部分其實很簡單，就是不間斷的CPR跟打epinephrine，我認為這部分我能夠做好，但是我卻覺得我無法像當天的學長姐那樣，一邊做CPR一邊開始想造成PEA的5H5T。,4.3,3.667
sentence_00595,sentence,你今日的不順是因你早期的自負與自私,3.0,6.4
text_00202,text,好久沒看到，如此精彩的書了。,7.556,6.857
reflection_02523,reflection,剛開始我會認為無法理解家屬對於醫療決策專業的忽視，即便我們在整個禮拜的幾乎每一天都提起他們應該要考慮讓患者做氣切，避免後續呼吸系統可能的感染以及未來長期照護的便利性，他們仍舊抱持著對於患者隨時可能好轉，對我來說也許是有點不切實際的幻想。,3.875,4.2
text_02563,text,律師表示，禮頓知道採購物料及螺絲帽接駁有問題，是應該通知港鐵及即時解決問題，但禮頓從來無向港鐵提及，港鐵就連線縫問題向禮頓發出138份不合格報告。,3.571,4.0
reflection_01927,reflection,但是事情不能只看表面，也許她只是因為一時的想不開而漠視自己身體的狀況瘋狂酗酒來宣洩自己的情緒。,3.75,4.9
text_02253,text,這次主題中登場的共有名偵探皮卡丘、噴火龍、胖丁和魔牆人偶四位角色，重點是，他們外型與聲音都將與電影版中一致。,5.833,4.8
reflection_00978,reflection,當想通這些後或許就能更去客觀面對求證這條學問之路，也會將更多焦點放在保護病入及自己身上，說白一點，大家能夠和和氣氣、平平安安的完成研究，何樂不為呢？,5.5,3.375
sentence_01723,sentence,我最不稀罕人家的錢,4.5,5.75
reflection_00752,reflection,"描述事件病患家人對治療仍未達成最後共識,每次會談都會對治療計畫提出質疑。",2.875,3.625
sentence_01627,sentence,是紀念青春的依戀,6.5,4.4
text_02302,text,財政部週一晚宣佈，把對一系列美國商品徵收的關稅稅率從10%提高到20%或25%，這是中國對特朗普總統上週五對更大範圍的中國商品提高關稅採取的首批報復措施。,4.667,4.0
text_00216,text,幸好，人海大給他們安排了這樣一個美好的，讓人回味的結局，很喜歡，是值得珍藏的一本書。,7.667,4.571
reflection_00520,reflection,我的感受那時候我覺得很困惑。,4.5,3.0
text_01536,text,有好長一段時間，她恨父親不讓她走想走的路、做想做的事。,2.625,6.0
text_00488,text,平常熱血的我看到跑車玩drift或powerslide偶爾也會覺得挖~好酷!!..我也要努力賺錢!!可是這次看完影片我個人只覺得........,4.333,4.889
sentence_00263,sentence,不過香港沒有錯,5.333,5.75
sentence_01047,sentence,她的東西經常被毀壞,3.75,3.6
edu2021_00542,edu2021,感覺學到了很多東西，卻又覺得東西學得還不夠深,3.916666666666667,3.857142857142857
edu2021_01281,edu2021,今天上課我發現老師講得很好，但是有些地方都只是帶過,5.571428571428571,3.916666666666667
text_00212,text,裏面也有寫娜娜家裏之前遭遇的變故，文筆一如娜娜一樣樂觀但還是有心酸娜娜很讓人心疼娜娜加油咯！,5.429,6.0
reflection_00432,reflection,另外也要時時刻刻注意態度，雖然過程冗長，但不要透露出一絲不耐煩的態度，或是拿起手機處理其他公務，當下應讓家屬知道我們是有認真對待家屬情緒以及病人的疾病狀況，如此可以免去不少糾紛，更可以增進醫病關係。,5.1,1.5
sentence_02264,sentence,我其實不訝異孩子的言談,5.5,4.333
sentence_00219,sentence,其實我只是卑鄙又自私罷了,2.75,6.0
edu2021_00840,edu2021,今天的課程我覺得還滿酷的，完全沒有覺得無聊或想睡,7.583333333333333,5.75
edu2021_01458,edu2021,還有很多的概念都不太懂，只好回去看書吧,3.5,4.0
text_02074,text,5月9日訊息，據國外媒體報道，從7月18日起亞馬遜將不再運營中國國內市場業務，不過公司並未忘記中國賣家，它們推出了借貸服務。,5.333,3.833
edu2021_01529,edu2021,我覺得今天很可惜，正當我聽得很開心的時候結果就下課了,5.583333333333333,6.5
edu2021_00374,edu2021,今天講得比較快，還沒消化完,3.7,3.333333333333333
sentence_02411,sentence,司法部扣留北韓貨船抵美屬薩摩亞,4.5,3.0
edu2021_01095,edu2021,今天教了不少東西，讓我獲益良多,6.75,5.666666666666667
text_01655,text,雖然馬已拒絕召開國是會議，民進黨前主席蔡英文仍舊有所期盼。,5.333,5.0
edu2021_01310,edu2021,今天雖然教的內容比較少，但跟我們的生活較貼近，令我印象深刻,6.083333333333333,4.571428571428571
reflection_01339,reflection,跟著老師會客時，看著病人尚年輕的太太，以及仍在讀國中的小孩，一臉憂慮的樣子，但還算鎮定地和醫師討論病情，心中覺得他們真的很堅強，也不禁感到惋惜，這麼年輕的一位爸爸，還看不到女兒畢業結婚生子，人生就要結束，黯然離席。,3.625,5.7
sentence_01252,sentence,那是陽光普照的季節,7.0,4.5
sentence_02013,sentence,因為是他們在縱容邪教,3.333,4.333
reflection_00251,reflection,由於持續得不到他想要的回應，他告訴護理師「不要看我穿的窮，我有錢給他最好的治療」。,5.1,5.875
reflection_00600,reflection,描述事件這是一名67歲男性，主要病史：第二型糖尿病、ESRD、曾經中風過，所以吞嚥功能不良、易嗆咳且長期臥床，主要在機構接受照護。,4.375,4.0
reflection_01399,reflection,我覺得高醫是一間會體恤病人的醫院，在跨領域討論會當下就建議以後涉及法律的case，可以延長檢體的保留期限，讓遭遇不幸的家庭能有一段時間緩衝情緒，並在諮詢法律相關人士後再好好決定。,5.375,3.8
reflection_00142,reflection,"家屬有大女兒及二女兒,平常大女兒較為忙碌,多為二女兒來會客照顧與聽醫師病情解釋,再告訴家中的其他成員。",5.125,1.5
text_02852,text,資深藝人馬如龍上月才歡慶80歲大壽，豈料18日22歲的外孫黃博鈞就因為車禍意外身亡，不僅白髮人送黑髮人令人悲慟不已，也讓馬如龍原本的肺腺癌病情加重。,2.6,4.286
sentence_00548,sentence,回宿舍等老大揪喝酒,7.0,6.667
text_01121,text,網友諷刺，直接讓壹電視上架就好，年代新聞可以轉作網路新聞。,4.0,5.556
text_02030,text,本月上旬為從根本上提升Android裝置的安全性，穀歌啟動了ProjectMainline機制，其目標是儘可能快速、一致、輕鬆地為使用者的手機提供安全更新。,6.4,3.0
text_01472,text,總統坦承，去年12月份失業率持續下降到4.18%，失業人數比11月份少了1萬人，就業人數比11月多了1萬3000人，「請大家放心，新的1年裏，我們的經濟、我們的生活，一定會更好。,6.333,6.25
reflection_01563,reflection,治療成果不如預期、沒料想到的嚴重併發症，這些對會帶給家屬很大的衝擊。,3.4,5.75
text_00320,text,我是2010年3月購入的，近一個月我的車也開始發現有冷氣開啟異味（酸味）問題，看來這問題並不是個案，和泰應該重視並給消費者一個滿意的說明和提出積極有效的解決方式，而不是任由保養廠以一些無效作法暫時安撫消費者，如無持續善意解決，恐又要演成集體消費糾紛事件了，相信亦非和泰公司所樂見。,3.0,5.833
edu2021_01153,edu2021,我們組自認為還不錯的數次提案均被老師以沒創意駁回，我們心情極為沮喪,1.0,7.833333333333333
reflection_01221,reflection,後來，有位醫師跟我這樣說，你們只是剛進醫院的小孩，會有這種想法也不奇怪，但是我們只要身而為人，就一定會生老病死，這沒有甚麼好挫折感的。,4.625,3.9
reflection_02292,reflection,看著家屬如此殷切的表情，也看到床頭上各式各樣的符咒、甚至還有音樂播放器，我心想:啊，他真的是一位很被愛的人呢。,5.625,3.75
edu2021_00350,edu2021,老師很多都只是帶過去而已，不是很清楚了解在講什麼,3.285714285714286,4.583333333333333
sentence_01667,sentence,特太陽是如何升起的,5.0,3.333
reflection_00785,reflection,甚至在術後又出現懷疑是stress ulcer的上消化道大出血。,2.8,4.8
text_01457,text,蘇震清抓蛇好本領從小練就一番徒手抓蛇的好功夫。,5.889,4.286
edu2021_00273,edu2021,老師說得好好，受益良多,6.916666666666667,3.416666666666667
edu2021_01376,edu2021,今天上課聽了老師說的內容後，我覺得非常有幫助，這堂課我上的很開心,7.214285714285714,6.25
reflection_01031,reflection,那個畫面看得我心裡好難過，因為今天這個家庭會議對於老奶奶的後續將是重大決定，女兒的不捨全部寫在臉上。,3.2,6.25
sentence_02560,sentence,這場相互利用的關係很快就將結束,3.667,6.0
text_01553,text,印尼東雅加達一名11歲女童日前疑似遭到師長與同學性侵，經送醫後不治身亡，加上接連傳出少女遭強姦的案件，引發印尼民間團體呼籲對強暴犯判處死刑的聲浪。,2.625,7.0
sentence_00808,sentence,你是不是嚴重低估了小孩的小聰明和智商,3.6,6.75
edu2021_00513,edu2021,有些部分只有聽過但沒有很了解，如果要寫功課可能會有點困難,2.916666666666667,2.75
edu2021_00647,edu2021,我又學到更多東西了，謝謝老師精彩的上課,7.4,6.428571428571429
sentence_01084,sentence,吵架也是一種溝通,6.0,5.0
text_00077,text,我邊講還邊惹來許多小朋友圍觀，這更讓他得意了。,5.25,5.143
reflection_02319,reflection,說實話我到現在還想不出一個好方法，畢竟從來沒有遇過這種都講中文，但無法理解的家屬。,4.0,3.375
sentence_02386,sentence,子瑜本人像仙女一定是無庸置疑的,8.333,8.667
sentence_01783,sentence,其實是個熱心腸的同學的,7.0,4.667
reflection_00878,reflection,"詢問他們的了解程度,確保資訊可以有效的傳達。",5.0,1.625
sentence_02255,sentence,很乖很溫順一直在我腳邊聞聞還讓我摸摸而黃,7.0,5.25
sentence_01777,sentence,泛起嫋嫋的煙霧,5.0,3.0
sentence_00008,sentence,與運動神經拔群的模特體型美少女,6.25,5.25
edu2021_01246,edu2021,今天上課後覺得吸收到了好多知識，好充實,7.0,5.142857142857143
text_02170,text,在本週釋出令人感到驚豔的Zenfone6旗艦智慧機的同時，有關華碩新專利的曝光也被荷蘭科技部落格LetsGoDigital給挖出。,6.333,4.714
text_00894,text,全鍵盤帶數字鍵的顯卡足夠強大.,6.556,5.5
text_01426,text,叱吒科技界的微軟，其Windows作業系統、Office文書處理軟體、InternetExplorer網際網路瀏覽器、MSN通訊軟體等，自1985年起後的數10年，大家都對微軟及其產品相當熟悉，甚至是每天都要使用這些產品。,5.556,3.143
reflection_00239,reflection,在安慰情緒的同時還能清楚的傳遞訊息給家屬，凸顯醫病關係及保持良好溝通的重要性。,5.375,1.625
edu2021_01331,edu2021,今天講到如何更有效率，我覺得很實用，可以讓我以後注意到這方面,6.833333333333333,6.25
reflection_00106,reflection,"聽完老師的這句話後,家屬也沉默了,並沒有再繼續與我們針鋒相對。",5.0,1.5
reflection_00582,reflection,此外，對於後續治療，大多對於肝醣儲積症的患者，主要是飲食控制 (玉米粉)及症狀治療。,5.0,1.75
edu2021_01454,edu2021,雖然在老師的帶領之下看似簡單，但當自己獨立思考時還是不太會,4.333333333333333,3.142857142857143
text_02383,text,1934年，售價200多美元的福特ModelT在美國暢銷多年時，大部分德國人甚至一輛自行車都負擔不起，更別說當時德國只生產昂貴車型。,3.875,3.222
text_01880,text,突然想到當年林義雄的二個堅持，一個是立委減半，一個是反核四立委減半這件事從現在的事後諸葛來看，是錯誤的，大錯特錯沒有任何法理根據就說減半就減半我還記得當年聖教主義雄說過立委減半至少可以讓全民少養一半垃圾可是現在情形是垃圾減半了，人民還是選出垃圾喔～不，是垃圾中的霸主我想知道後來聖教主有對此表示後悔還是承認自己錯了嗎?,2.625,6.778
sentence_00198,sentence,從小我經常覺得現實很無聊,3.667,4.333
sentence_01208,sentence,或是閃光燈照出來效果總是讓人吃驚,6.0,5.5
text_00888,text,採用聯想全新高觸感鍵盤，新鍵盤無論在佈局、鍵帽形狀、鍵程手感上全部進行了人性化更新，不僅滿足輸入速度快、輸入正確率，更能滿足用戶輸入舒適的需求。,6.778,5.0
text_02345,text,筆身立體浮雕，畫面栩栩如生~提起施耐德，腦中出現的應該是電氣開關，但如果身邊有熟悉的德國友人，施耐德就是比較常見的書寫工具了。,5.286,3.25
sentence_00406,sentence,以增加吸收重要營養素,6.4,3.25
reflection_01120,reflection,而也像老師說的，我們都在學習如何救人，但很少人教我們什麼時候放手，這次我另一個深刻學習的點就是安寧的介入，我認為現在的年代大多數的家屬對於安寧的觀念逐漸接受，很多病人一進來就很果斷地回答我不要插管或是不要壓胸電擊，但隨著治療過程中的病程評估，盡全力醫治當然是醫師的本分，但對於病人感受的評估，以及家屬情緒上的安撫平復，更是需要長時間學習的課題。,4.375,4.0
reflection_00588,reflection,治療過程，病人的意識有逐漸回復，插管治療也有使呼吸狀況改善；爾後雖有成功拔管。,5.2,1.75
sentence_00058,sentence,快樂的待在現友同溫層,7.0,6.667
reflection_02207,reflection,在這兩個禮拜，有些家屬會讓我覺得有點奇怪或是話有點多，但想想如果是我的家人躺在這邊，可能也會有一樣的情緒吧，所有的偏執或許都只是源自於愛吧，這樣想倒是很能理解他們了??,5.2,3.75
text_01405,text,馬克與艾迪住在一起、一起做鞋匠，但當兩人因遺傳性青光眼導致逐漸失明，便決定尋求安樂死。,3.625,5.25
reflection_00418,reflection,伯伯一進隔離病房之後就被插了氣管，後續氣管使用了20天，COVID-19治療好轉之後開始嘗試weaning，沒想到在拔除氣管之後伯伯又開始喘起來發燒，懷疑是另外有一個HAP 感染。,4.0,4.2
text_00037,text,我同時買了此書和《兔子湯姆》，這書實在是讀不下去，當然它的紙張和印刷是無可挑剔的。,4.875,4.625
text_01157,text,雖然EA的NBALive系列從90年代開始便獨佔籃球電玩的龍頭寶座，不過他們在近年來遭逢新崛起的2K強力挑戰，加上他們的NBAElite2011遊戲遭逢重大挫敗，反觀2K則是利用這幾年接連作出叫好叫座的籃球電玩，讓EA無論在聲勢或遊戲內容上都和2K越差越遠，最後促成了EA退出的決定。,4.857,5.125
text_00268,text,對於那些聰明的女子來說，更是一個完美的人生嚮導適合珍藏及細讀的一本書!推薦,6.778,5.6
reflection_01483,reflection,在會客時間醫師做病情解釋及詢問家屬對於醫療決策的方向時，病人的兒子都不太回答，都是猶豫或是沈默。,4.5,3.0
reflection_01155,reflection,說到底，太太想要的是一個對自己先生病況如何的答案，例如他會很在意腦波檢查的結果，甚至在得知腦波圖無法進一步給予確切的醫療診斷時，要求進一步的影像學檢查，我們也是給予尊重，而不是逕自的拒絕，同時誠實地告知家屬這類病人的預後，不讓家屬抱持不確切的希望，但又給予之後照護的方向，例如長照機構的相關消息，以及可以尋求的醫療資源，而非只是想逃避照護的責任，認為轉出病人後就沒有我們的事了，再加上社工老師及院方相關輔導小組的介入，這在在都會降低家屬對我們的不信任，也能減少往後需要法律途徑介入的可能。,5.625,3.0
reflection_00394,reflection,他們要積極不積極的態度令我無法理解。,3.25,5.75
text_01411,text,帶隊的中華創新發明學會秘書長吳智堯說，易吉益利用生活中食材廢棄品製成可分解的包裝物材，具環境生態保護概念，獲得大會青睞。,6.556,5.0
sentence_01469,sentence,假日的臺鐵列車總是擠滿了人,4.5,4.2
reflection_01736,reflection,家屬方說著醫師你這樣是不是就延誤了 醫師則是說著妳先不要說話，先聽我講好不好 兩邊就有點吵起來了。,3.5,5.75
text_02961,text,20年間，騰訊的QQ從一個弱不禁風的小企鵝成為擁有超過8億使用者的龐然大物，生財之道也一直有聲有色，特別是各種各樣的會員、鑽讓騰訊賺得盆滿缽滿。,7.0,6.5
reflection_01729,reflection,而最後老師的大聲起了作用家屬暫時停下質疑聽老師講中間發生什麼事，而我覺得很重要的是，老師有表明自己是一名醫師的立場，不會放著病人不管照護病人是我們最在意的事情 ，而我們已經做了哪些努力在不能侵入性的限制下，而之後我們預計的計畫還有可能發生的哪 些變化是我們擔心的和家屬站在同樣為病人擔心的同一條線上，也許才是最核心的關鍵吧。,4.9,4.7
text_02054,text,害怕退休的人也不少，尤其如果是非自願退休，職場繁華瞬間落幕，若未做好準備，所有考驗迎面而來，加上生活失去重心，憂鬱症就可能來襲。,3.667,4.444
reflection_02072,reflection,即使病人度過重重關卡，手術成功且術後照顧也很順利地讓病人得以維持生命徵象，MICU醫師預期病人僅能延續約半年的生命，其中前四個月恐需在醫療院所繼續接受醫護團隊的密切照顧，實際上能與家人相處的時光微乎其微，又必須用以上種種危及生命的高風險為賭注。,4.0,5.167000000000001
text_00764,text,自助早餐很豐富，但是價錢比較貴。,5.444,3.375
reflection_00115,reflection,"再加上瞭解到大姐是大學教授,是高知識份子,我又忍不住覺得「這家屬實在太強勢了」。",4.125,5.875
reflection_01233,reflection,我還記得到站的那一天，抵達 15ES 護理站將交班單印下來，快速掃過每位病人狀況時，一行字馬上映入我的眼中「ＯＯ醫師的婆婆」，突然腦海中有無數的想法在那瞬間飛逝而過，設想出非常多中午家庭會議時可能會出現的場面，最後，因為ＯＯ醫師在以前幫我們上課時，總是那樣的知識淵博，態度從容的個人形象，讓我以「同為醫師，應該更能調適及接受病人離開的情緒，以專業的態度去與我們討論，共享病情」,5.0,2.375
text_02426,text,曾經過於在意他人眼光的自己，在時間的淬鍊下，成為一個懂得如何舒適做自己、但同樣保有善良、溫柔、知性的女人。,6.625,4.125
edu2021_00675,edu2021,上課的時候，只看PPT很容易就恍神掉了,4.071428571428571,3.3125
sentence_01423,sentence,只要意識到就可以解除,5.333,4.0
edu2021_00897,edu2021,我覺得自己對課程的理解還不足,4.0,3.75
reflection_01611,reflection,之後基於醫師的建議且病人的狀況穩定，和家屬的同意下，ECMO在第五天撤走了。,5.5,2.625
text_02947,text,作為流行文化的文物，電影紀念品總是很有趣，但科幻小說和科幻電影中的專案有一些特別之處，因為除了讓我們深入瞭解著名的故事外，它們還揭示了創作中的藝術和獨創性。,6.75,4.625
sentence_01214,sentence,唔會因為樣衰而有??做唔到,5.5,3.5
reflection_02305,reflection,每天我去看阿嬤時，她都閉著眼睛在休息，我輕手輕腳的先去看呼吸器的設定，她總會悠悠醒來，禮貌地跟我微笑點頭，問她有甚麼不舒服的地方，她都會客氣的說沒有。,6.0,2.125
reflection_02170,reflection,每次會客時都可以看到媽媽和前妻準時的出現，一起聽著老師病情解釋。,5.7,2.7
reflection_01005,reflection,自己並沒有很了解病人家裡的狀況，包括病人家屬之間的相處模式或家裡可能發生過的事情。,4.875,2.75
text_02167,text,近幾周以來，美國和中國關係的緊張以及學術交流審查的加劇，增加了耶魯大學和全美大學眾多國際學生和學者的不安。,3.0,4.222
edu2021_01449,edu2021,在某些較艱澀的單字上，仍不太能了解單字的意思，導致無法明確地了解語意,3.916666666666667,4.166666666666667
text_00140,text,帶一本小冊子，可以傳閱給你的朋友，分享擁有春天般美麗的心情，象鳥兒一樣放飛自己。,6.0,4.667
text_01628,text,平心而論，在野黨主席出訪外國，近年已成慣例，蘇貞昌訪日自然無可厚非，但其時機拿捏是否得當？顯然很有問題，除非蘇貞昌目的只在造勢，只求宣傳效果，否則其政治智慧就大有問題；其次，民進黨既仍想走「聯日制中」的老路，當然不可能表達嚴正立場，更不會就臺灣擁有釣魚臺主權對日方強烈抗議；再者，蘇貞昌本身既無足夠的份量，縱使有心調解，也完全沒人理會；可以想見，他最多只能提出「日方必須重視臺灣漁民權益，儘速恢復漁權談判」一類的場面話。,4.111,3.833
reflection_01884,reflection,在這位病人身上，我感受到我們身為醫師，除了在拉著病人不往下掉之外，更多的是在這樣的時刻拉住病人家屬，不讓他們也往下墜落，和握著他們的雙手跟他們說是時候放手，我們能做的是在這樣的時刻和病人家屬討論讓遺憾減到最低，讓他們知道這個過程我們一直都在，他們和病人都不是無助的，而是我們一起討論選擇一個對病人最好的方式，把對整個家庭的傷害減到最低。,4.7,3.0
sentence_00429,sentence,火腿腸非常不衛生,3.2,6.5
text_01227,text,反過來，懷孕期間還可以請求學校依法保障產前假、產假、個別輔導、成績彈性計算、安排適當的親職教育等等。,6.125,4.429
reflection_00590,reflection,可以討論後續機構照護問題，因為個案有scabies， permcath又有感染，之前在機構也曾發生過，代表機構的照護可能不是很好，如果撐過這次，是不是換個照護機構，會對病人更好一些呢？,4.875,3.7
sentence_01820,sentence,姦淫女性樣樣來,3.0,6.0
text_01040,text,警方起出帳冊顯示，遭強收保護費的攤販超過20個，每月上繳18萬多元；警方說，攤販若哀求調降保護費，魏懷良的左右手張嘉模，就會帶10多名手下登門恐嚇「公司有一票人要養，不繳錢就別擺攤，我會叫垃圾車來拖走攤位！,3.111,6.0
reflection_01249,reflection,醫師終於顯露出不耐煩：「那是因為你看不懂，所以才要由我們來告訴你啊！」,3.5,7.0
sentence_02207,sentence,也恐將掐斷他們最珍視的,3.0,7.0
sentence_00322,sentence,看公開信的革命情懷,6.667,5.667
text_00080,text,而且這書中英對照，也可以對小朋友灌輸一下一些簡單的英文。,5.778,2.875
edu2021_01531,edu2021,學習的相關知識十分受用，聽起來不會有壓力,6.166666666666667,4.75
sentence_01032,sentence,我是不是不該讓老師寂寞繼續去,4.0,5.5
text_02144,text,汁多瓤沙，果肉甘甜~京東中國特產·湖南扶貧館原價39.9元，領取20元優惠券到手價19.9元，5斤裝，持平站內優惠價格，喜歡的值友不要錯過。,6.0,4.875
reflection_00354,reflection,超群老師也在查房時說現在我們的治療目標是家屬，不是病人。,4.75,1.625
text_02614,text,第一個是關於動態控制車輛座椅的，當你長期駕駛的時候，車輛的座椅可以通過振動器與改善乘坐的舒適性，減少震動等。,6.5,3.6
text_02365,text,有段時間沒跟兄弟們聊酒了，我裝今天打算兄弟們喝個痛快，就我們已經準備好了，就等著大家跟我們一塊兒來散德行了！,6.0,6.571
sentence_00306,sentence,不過我不便透漏地點,4.6,5.0
reflection_01971,reflection,這歸致於我們開始接納多元的聲音，意味著有越來越多人願意和重要他人分享自身的生死觀並互相理解，而主治醫師在會客時間時，也會讓家屬了解病人身體狀況的趨勢，就算真的不得不道別，親人們也能接受那是當下最好的選擇之一。,5.125,4.75
reflection_00375,reflection,不過在最後，我還是希望醫師能夠在減少給予無效醫療上有一定的選擇機會，現在雖然上課總說要醫病共決，但由於害怕被告的緣故，在臨終治療這段路可以說是家屬的決定就是全部，甚至有時候還會超越患者本身的意願，我認為這是個兩敗俱傷的醫療環境，希望將來可以藉著法規的修改，讓這樣的情況有所改變。,3.875,6.5
text_02664,text,在努力工作多年以後，退休者理應有享受悠閒生活、社會保障的資格，和年長者優待福利等，然而這些特權根本彌補不了年長者大幅降低的社會地位。,3.429,4.875
reflection_02201,reflection,3. 你的反應為何當下希望能透過醫療的角度來說明，不是每天有張開眼睛就代表有好轉。,4.25,2.625
reflection_01831,reflection,當老師問其他家屬有沒有任何想法的時候，女兒總是急著搶話表達願意放手，並極力說服其他家人。,5.125,6.0
reflection_00757,reflection,"3.反應為何當下我沒有多做什麼,查完房後我才跟老師討論,也自己也回去思考是不是還有什麼方法可以救他,是不是黃疸問題處理好,還是感染問題處理好等等。",3.25,4.7
text_00766,text,酒店大堂秩序比較亂。,3.556,4.2
edu2021_00116,edu2021,這堂課的內容真的令我相當讚嘆,7.4,6.083333333333333
reflection_02514,reflection,還不了解這位病患之前，對於家屬的態度是我覺得是很困惑的，或許是因為過往無論在ICU或是安寧病房遇到的癌症患者，對於這種急性的病況惡化都是有心理準備的，家屬也都不希望病患在經歷過癌症化療的傷害後還要承受急救的痛苦，病人的太太身為一名護理師，卻難以接受先生病況惡化的事實，拒絕安寧治療減少他的痛苦，我甚至覺得她抱持著先生會痊癒的想法過於天真。,3.875,4.8
text_00668,text,感謝您選擇下榻本酒店！,6.0,5.571
sentence_02364,sentence,入貿協首肯照規,5.0,1.0
text_00424,text,那請問你為什麼我朋友開車場的~也都是在開T牌...真的好怪異==他不懂車~卻可以開車行~呵呵~雖然你說的是很多T牌車主，但是我想理性的跟你說...如果要喊安全性，跟穩定度...好多銷售前幾名的車子，穩定度跟操控度跟安全度都特爛~!!我問一下~!!如果今天你沒有甚麼錢~你會買啥?,3.667,5.875
sentence_02117,sentence,終將波及外債償付,3.5,6.0
edu2021_00270,edu2021,要花上很長時間才能理解，常常事倍功半,3.416666666666667,4.071428571428571
edu2021_01383,edu2021,下星期就要考試了，上課都不敢有絲毫分心,4.5,5.666666666666667
text_02174,text,五月繳稅季，本篇將為各位解釋為什麼我們老愛拖到最後一刻才繳稅、為何不愛繳以及收到退稅的各種心理感受，一起來看看吧！,5.125,3.111
sentence_01286,sentence,後徐被軍法處置後,4.6,3.8
text_01651,text,謝長廷受訪指出，當年他與馬英九競選總統時，美國正經歷次級房貸問題，因此他提出「幸福經濟」。,5.375,4.429
reflection_02243,reflection,我笑著看阿嬤的臉，我問阿嬤妳有沒有哪裡不舒服?,6.375,3.25
text_01004,text,1、服務沒得說，MM長得也漂亮2、看來沒有拆過，封裝的很嚴實，好像也是第一次開機，彷彿看見清純MM向我招手3、在一樓自己檢測，音效還不錯4、測壞點，用了優化大師，慚愧，反覆好幾遍，我還是沒看出來有沒有，不會看啊，汗5、不漏光吧，螢幕效果很好，看半天眼睛也不累6、鍵盤溫度不是很熱，有人說的風扇響聲大，完全能忍受,7.0,6.375
text_02646,text,通過符合人體工程學的寬大車把，以及適合站立的滑板空間，Rev為那些想要學習ropes的使用者提供一個非常友好的平臺。,6.222,4.0
reflection_01948,reflection,我可以怎麼做：學長姊或是老師的做法：向家屬解釋說目前的醫學研究能證實疫苗會有的副作用，但也同時說明是否可以從理論上推導疫苗可能對慢性病患者產生的影響，最後除了安撫家屬情緒也說明我們可以幫助家屬什麼。,5.1,2.875
reflection_02301,reflection,隨著阿嬤的療程進行，一方面lab data看起來是有改善，chest x-ray的infiltration也逐漸變少，但FiO2逐漸調高還是讓我覺得不太妙，不過我安慰自己，阿嬤看起來還很穩定，應該不會有甚麼事吧？,3.375,5.875
text_00497,text,我也覺得有ESP固然很好，但絕對不是萬能一台車失控，若沒ESP，鄉民就說，因沒ESP,4.5,3.75
edu2021_00161,edu2021,白板上的字有點亂看不太清楚,3.928571428571428,3.833333333333333
text_02584,text,如果你必須要聽一個打車公司的高管說說隨著無人駕駛計程車的興起，人類司機的未來會變成什麼樣，那富有爭議的前Uber執行長特拉維斯·卡蘭尼克會是一個很不錯的選擇。,5.857,4.333
text_01181,text,家長在市場擺攤，工作很忙，小孩就放牛吃草，父母用錢打發小孩，有求必應，卻缺乏親情互動。,3.333,2.8
sentence_02276,sentence,臺男真的很難取悅,3.0,6.5
edu2021_00612,edu2021,老師問了許多問題，可能自己還沒完全吸收，所以每次都答的不是很清楚,3.714285714285714,3.4
text_01735,text,如今受訪者既不滿意施政表現，又不願罷免，說明不滿意度高應是屬於高期望以致於高失望的第一種狀況。,3.625,4.444
reflection_00058,reflection,"描述事件具體發生了什麼事有一位病人因為肺部的狀況非常不好,即使插管以及用呼吸器給予氧氣他的氧合還是非常的不好,直到使用prone position的方式才能勉強地維持住他的氧氣濃度,跟病人告知這個病人的狀況不樂觀時,家屬卻好像沒有理解這個病人的狀況是隨時都有可能會走的,一直沒有通知在大陸的家屬如果要見最後一面的話要趕快回台灣",4.0,5.875
reflection_01124,reflection,這次的primary care是一位underlying是lung cancer stage 4 的病人，這次因為喘而來就診，住院過程發生ARDS然後進而進加護病房插管治療，當我接到這位病人的時候她剛插完管，原本病人很抗拒插管，而且原本還是ADL independent，然後這次來到加護病房後就因為氧合不好或是血壓不穩而讓我們一直用full sedation的方式治療希望解決ARDS的問題。,4.5,3.375
text_02540,text,近日，一起美國知名高校招生舞弊的醜聞爆出，揭露了幾十位美國明星和眾多華人富豪家庭向中間人支付?額，以獲得子女入學名校的資格。,3.111,6.143
text_01281,text,至於吳宗憲事後表示沒想到他們竟是自己的「粉絲」，被打的李姓大學生吐嘈否認，並強調吳受傷是被另兩名同行男友人所傷，與他無關。,4.375,5.0
text_01921,text,他講述了權力更迭的過程，我覺得非常有趣。,6.1,5.75
sentence_02120,sentence,她如果貿然這樣做,4.0,5.4
sentence_00047,sentence,也說不定明天就會變回灰綠了,4.0,5.0
edu2021_01004,edu2021,要考試了，還有一些內容不太了解，要回去複習，盡自己的實力考出好成績,5.428571428571429,5.0
text_01569,text,這項限制在二○一一年利比亞爆發反政府革命後改變了，利比亞獨裁者格達費的垮臺，讓他用售油所得買入的大批武器落入各方勢力手中，這些武器開始從利比亞邊界湧入。,3.778,5.333
edu2021_00930,edu2021,有點難懂，不太明白是如何得出這結論,3.5,4.142857142857143
text_00412,text,照片很難嗎跑一段定速或下坡隨便都二三十油耗市區油耗13多是根本連踩都沒踩吧還是超扯的九二無鉛這樣好了樓主來打個賭我跟朋友上臺北去油錢我們出依你前面多次油耗文章路面來開如果市區高速平均破13多我們馬上包一萬紅包如果沒有只要上本版說明真相就好休旅車載人還有市區我真的很想親眼看看是怎樣厲害的駕駛方式九二無鉛油耗13多不是不相信我們願意花錢親眼看,3.889,5.875
sentence_00114,sentence,習武之人苦練十年,5.667,2.0
sentence_01808,sentence,雙方的貿易協作不光影響兩國本身,5.0,1.5
reflection_00898,reflection,一開始的我一直在思考還能怎樣解決當前的醫療問題，完全沒有顧慮到這些實證究竟是在治療患者還是治療數據、又或者是治療家屬，後來換位思考後也能體會到病患兒子內心的極大矛盾及天人交戰，但面對死亡從來都不是件容易的事，我們或許可以透過跨專業與跨領域的團隊（社工、心理師、宗教師等等）與家屬共同協商討論可能的資源與方案，這不僅能夠帶給病患舒服的走完人生也能夠提供家屬們一個喘息的機會及情緒的出口，而不致於一夕間要家屬面對這個難過的結果。,3.75,5.4
reflection_02361,reflection,我相信這樣的情況在MICU一定是數見不鮮，但乍聽之下仍然是令我詫異，尤其與前一位病患的對比鮮明。,4.5,4.2
sentence_02261,sentence,是堅守不屈不撓的光環,7.333,6.667
reflection_01375,reflection,站在家屬固執的立場，表達偶而失序的情況，或是平心靜氣的協調，相對的醫師立場，我們也可以採取兩種方式揣摩，一方式不理不睬，只做最基本的告知，一方則是用謙卑的心、誠懇的態度面對家屬的不滿或是任何情緒化表現。,4.875,3.9
text_01878,text,一個恢復白臉很久的朋友在臉書發言剛剛有一個朋友說:他寧可死於核災，也不願意被林義雄威脅。,3.444,5.778
reflection_00413,reflection,嘗試了解伯伯的想法甫經歷過插管的治療，覺得非常痛苦病情反覆的好轉與惡化，似乎看不到康復的終點嘗試了解家屬與病人雙方的想法之後可以作為他們溝通的橋樑，讓他們互相了解彼此的想法以及顧慮，此時再輔以醫療團隊針對病人目前情況的評估，針對病人的部分可以適時給予他鼓勵，讓他勇於面對自己的病況；家屬的部分則可以讓他們理解伯伯為何不願意再插管的理由，讓病人與其家屬能在醫療團隊的輔佐之下達成共識。,4.7,4.0
reflection_00941,reflection,最後，名詞解釋和正確的衛教觀念是我們要努力的目標，有時候同樣的東西讓不同的人解釋，家屬聽起來的感受就是會不同，就像氣切和氣管造口術其實是同一件事情，但是的確有家屬會因為名稱上的差異而有不同的想法，因此溝通技巧也是我們要向老師、學長姐多學習的地方，觀察如何和病人及家屬應對，了解家屬的心態和在意的事情，減低誤會的產生並且有效的溝通，才不會使醫病雙方到最後都身心倶疲。,5.9,2.5
edu2021_00593,edu2021,只是用聽的有點乏味，希望改善互動方式,3.357142857142857,2.5
sentence_02098,sentence,典型溫情醫療劇,6.667,3.0
sentence_02458,sentence,不以為然的奇事多了,4.6,5.0
sentence_02512,sentence,去剪頭髮被設計師說看動物星球頻道感覺很博學,6.667,4.333
text_00437,text,你們可是成了潛在的傷人/殺人犯。,2.444,5.857
sentence_00476,sentence,牧師長老為什麼能公然違背主的話,3.0,6.6
sentence_02323,sentence,熱中催生能改變世界的計劃,6.0,5.0
edu2021_00885,edu2021,這次課堂的內容較簡單,5.333333333333333,3.071428571428572
text_00882,text,磨砂屏，適於商務應用，長時間使用不易視疲勞，可自動調節螢幕亮度。,5.25,4.333
reflection_00199,reflection,"三.反應為何在CPR的部分,和同學們互相幫忙、輪流上去壓胸,每次壓胸都提醒自己確實執行並視自己的體力狀況適時交給下一人壓胸,不因為逞強造成CPR速度變慢或不確實而反正沒有給病人最好的急救治療。",3.5,5.4
sentence_01108,sentence,感覺政策還是有些極端了,4.0,6.0
sentence_01103,sentence,嘴裡沒有一句話能讓人信服,3.0,6.5
reflection_00456,reflection,【第二點】身為Clerk，我明白我們接觸過的醫學知識很少，能做的事很少，在向老師和學長詢問想法時，總是抱著不確定的心境，不知道自己有沒有理解錯誤目前的clinical course？,3.375,2.625
sentence_00437,sentence,我發現幾個特別有趣的邏輯,6.667,5.333
text_02150,text,高雄有一家牛肉麵老闆王士春，16歲喪母，就算事業版圖拓展到香港、中國，卻沒有機會對自己的媽媽表達孝心，於是在母親節這天，決定用一碗燉到軟嫩的牛肉麵聊表心意。,6.444,4.667
text_00879,text,用了一個50元券，花了2649入手的，價格而言是無敵了，當然你要是3199入手，價格上就沒有優勢了，產品秉承了華碩的一貫品質，各方面做工都優於MSI的,6.2,5.375
sentence_01156,sentence,什麼團體裡都有沒判斷力的人,3.25,6.25
sentence_01600,sentence,共匪有何報復美國的能力,4.25,4.5
edu2021_01573,edu2021,起碼沒有特別的課業壓力，可以安心的聽,5.416666666666667,3.0
text_02328,text,隨著比特幣數量越來越少，挖幣的難度也逐漸加大，而且耗電量激增，所以比特幣價格飆升很大一部分原因來自於成本過高。,4.375,3.6
reflection_01541,reflection,病人是一位61歲的吳先生，這次主要是因為已持續10天的上腹痛在地方診所就醫後懷疑是肝癌導致，所以在09/06透過轉診自行步行到高醫急診。,3.9,4.0
text_00846,text,去自提點拿回來拆開一看，本本的體積很小，六芯的電池續航時間長，金屬質感拉絲外殼做工和手感一流，鍵盤打字很順暢、舒服，比一般本本好用，散熱好，開得時間再長也不燙手，風扇聲音很輕幾乎聽不到。,6.75,4.857
sentence_02023,sentence,股市場聞風已喪膽了,2.333,4.333
text_02503,text,工聯會立法會議員麥美娟在會上指出，葵青區議會早前質疑瑪嘉烈醫院重建後，連同地牢只增加6層，認為不足夠。,4.0,3.0
reflection_01268,reflection,另外，可以了解家屬想管灌中藥的成分，也可以請教中醫師意見，做一個跨團隊的會議，來考慮一下介入的時間，不需要直接完全否決，先讓彼此情緒緩和下來，從長計議。,5.6,2.5
text_00012,text,生活的力量真的足夠巨大，巨大的讓人可以平靜來面對這一切的過眼雲煙和眼前與期待相差甚遠的平淡。,4.375,4.25
edu2021_01477,edu2021,同個問題可以用不同的方法解出來，感覺很新潮,6.75,4.333333333333333
reflection_01357,reflection,而未來當我成為了一名醫師，我會一直將這件事謹記在心，提醒自己要嘗試站在病人的角度思考，並且持續的將正確的醫療資訊推廣給民眾。,6.125,4.6
text_02100,text,自本月的IPO以來，Uber的股價大幅下跌，從上上週四每股45美元的IPO發行價跌至上週二的38美元。,3.0,5.375
sentence_01298,sentence,巴基斯坦一五星級酒店遭武裝突襲,3.0,3.75
text_02366,text,但當他對這個世界有所疑惑，希望尋求解答或幫助時，大人們卻只會說自己好忙，或者責備他整天不讀書，都想些沒有意義的事情做什麼？,3.0,5.667
reflection_00116,reflection,"現在你一來就在質疑我們,好似我們每天的病解都白費唇舌了」。",2.25,7.5
text_01145,text,立委建議發展電競產業民進黨立委陳其邁指出，電玩界早在九十九年就向總統提出建議，希望政府大力發展電玩業，但文化部關於這部分的預算實在少得可憐，他憂心整件事情過去之後，就船過水無痕，希望行政院召開跨部會來共同研究，投入電玩產業的發展。,4.333,5.375
sentence_02107,sentence,首部以詼諧方式暗示福爾摩斯和華生關係不一般的電,6.667,4.333
edu2021_00999,edu2021,聽不太懂,3.25,3.071428571428572
reflection_02077,reflection,這次病人是因咳嗽與發燒入院，我們初步診斷為社區型感染肺炎並將其收入肝膽科病房。,4.875,2.7
edu2021_00983,edu2021,今天講了很多，尤其某部份讓我印象深刻，我覺得真的很厲害,8.333333333333334,6.9
edu2021_00280,edu2021,麥克風的雜音讓人覺得心情浮躁，上課效果不顯著,3.083333333333333,4.571428571428571
text_02627,text,這些火箭企業已發射了6枚火箭，其中藍箭航太去年10月發射的三級固體運載火箭朱雀一號及今年3月零壹空間發射的四級固體運載火箭遭遇失利。,3.444,4.111
sentence_00473,sentence,所以人的素質比較能提高,6.333,4.0
sentence_02447,sentence,如果大陸用美國這套混帳制度,3.0,6.5
sentence_01401,sentence,我很罕見的買了繪本,5.5,6.5
sentence_02221,sentence,涉及社會全方位的弊病,3.5,3.75
reflection_00609,reflection,由於病況嚴重且仍處在危險期，緊急的召開家庭會議，參與者為妻子與三個女兒，過程中除了解釋病人目前的生命徵象、醫療團隊採取的處置、病人未來可能的病況發展及詢問對於生命終點的看法。,4.375,2.5
sentence_02503,sentence,王莽謙恭未篡時,7.0,1.0
sentence_01331,sentence,蔡英文已經不止一次違反中華民國憲法,3.0,6.667
reflection_02016,reflection,醫師表示如果還想要維持生命，病人就要繼續使用呼吸器，但氣管內管已經置放太久，建議氣切；目前病人太虛弱，無法進行癌症治療；未來的最佳情況是可以脫離呼吸器，但因為癌症還在，所以病人預後不佳，看是不是要考慮就拼到這裡為止，接下來就順其自然。,4.125,4.0
edu2021_01263,edu2021,要懂得分析趨勢，這點我很認同，因為很重要,6.5,5.642857142857143
sentence_00458,sentence,沒有他也沒有新中國這點不可否認,5.667,5.75
edu2021_00171,edu2021,課程中有許多有趣的議題讓我們思考，相當有趣,6.666666666666667,6.5
text_02407,text,此次暌違一年，再次出發的孟子坤出人意料地一改往日深情路線，變身不羈嘻哈BOY，帶領聽眾感受孟氏嘻哈與眾不同的超燃魅力。,6.0,4.111
text_01944,text,後因健康問題長期僑居北京接受治療。,4.1,4.5
edu2021_00221,edu2021,感覺正在接近課程的核心，有好多是一時難以理解的,4.416666666666667,4.416666666666667
edu2021_01109,edu2021,我認為今天的課堂內容相對容易,5.785714285714286,2.75
edu2021_00274,edu2021,今天獲得了許多知識，十分滿足,7.0,4.083333333333333
edu2021_01547,edu2021,我都聽不太懂，有點難,3.25,4.916666666666667
text_01425,text,Apple聯合HTC對抗Samsung；不過以科技產業發展的歷史來看，聯合誰打誰背後，企業重視的是永續發展，怎麼做才能讓企業不因短利而失了江山更是關鍵，而微軟與Yahoo!正是最佳的前車之鑑。,5.667,5.286
sentence_00914,sentence,讓遺眷備感溫馨,7.0,3.5
reflection_02196,reflection,透過醫療社工的幫忙，或許能夠更精確的發現病人端所介意的問題，才不用每天查房都像是困在死胡同，在同樣的問題打轉。,5.25,2.875
edu2021_00104,edu2021,很多不懂，多做說明會更好,4.166666666666667,3.583333333333333
reflection_00466,reflection,我還有很多不能理解的地方，既然休克都能用補水、上升壓劑拉回來，為什麼不能繼續讓伯伯試試看？,2.6,6.625
text_01017,text,安裝系統是麻煩，主要是LINUX的原因，用魔術分區分完格式化後仍然不能進入Dos，這時需要用FDISK命令，但要加參數MBR，也就是鍵入FDISK/MBR就解決問題。,6.0,4.375
reflection_01425,reflection,這時家屬的角色就很重要了，面對這樣的親人，究竟是放得下，不想讓他痛苦太久，還是覺得他年紀不夠大，想要把他留在人間久一點？,2.5,6.0
text_02524,text,BusinessInsider點名七種職場最忌諱行為，只要擁有其中一項就可能成為職場升遷道路上的最大阻礙。,4.5,5.833
text_00289,text,疼老婆是一件好事!很好....像我也是剛結婚!!雖然家裡有車子雖然上班公里數差不多要13k不過能盡量不開車還是不開車!說真的開車油錢好貴唷....除非天氣真的很糟糕才會想要開車!!兩個人的收入差不多不到六萬不過....沒認真算過不知道有沒有結餘....騎機車跟開車的開銷真的有差....多存一點真的需要的時候在買吧!!說是這樣子說!我自已也想買台車子給老婆開....,5.333,5.4
sentence_00783,sentence,生命逝去的悲痛,2.0,7.75
sentence_00016,sentence,基隆市長施政滿意破七成,6.5,4.6
sentence_02450,sentence,令香港陷於萬劫不復之地,3.0,5.5
edu2021_00187,edu2021,只要把原理弄懂，其他再慢慢學習即可,5.5,3.071428571428572
sentence_00451,sentence,人們就會身不由己地迷失在無常的洪流之中,3.4,4.2
sentence_00556,sentence,上照抄我標題的句子讓我很害羞,5.5,5.667
edu2021_00969,edu2021,今天的課程對我來說還算滿新鮮的,6.583333333333333,4.714285714285714
edu2021_00138,edu2021,雖然這些是之前沒有接觸過的，但感覺上概念大致上都差不多，所以感覺比較容易理解,6.25,3.285714285714286
edu2021_01213,edu2021,今天老師上課再次強調這方法很有用，只要我們學會，基本上剩下的就很輕鬆,6.75,5.285714285714286
text_02066,text,透過合勤科技創新及研發中心技術總監吳俊德的訪問，也許可以從合勤開發Nebula的經驗，給未來想要從事軟體開發的團隊有些啟發。,5.833,4.667
text_01421,text,曾經與曾政承一起參加電玩比賽的資深玩家王維農表示，相較歐美等地，以臺灣二千三百萬人口能出那麼多世界級電競人才，比例是很高的，他很贊同電競應納入體育的正式的項目。,6.25,5.167
reflection_00902,reflection,很多時候都自顧不暇了，便無法兼顧教學。,3.9,4.375
text_01987,text,但你們程式正義的定義，我是完全的不同意，sorry如果說我不同意太陽花就是不民主，那你們強迫我同意，又有多民主呢,3.375,6.429
text_01499,text,TPA的驚奇之旅將在此止步，但TPA又打破全世界的眼鏡，後來居上逆轉擊敗M5。,5.625,4.857
edu2021_00534,edu2021,我覺得學習這些概念很有幫助，可以幫助我釐清思緒,6.166666666666667,5.083333333333333
sentence_00034,sentence,打從一開始你就接受我真實的樣子,7.0,5.25
text_01251,text,嚴重憂鬱症、被害妄想症、腦心血管病變等四項重症，隨時對生命有重大威脅，這正是長期關在北監所造成，法務部居然說陳水扁不符合保外就醫條件！,3.222,6.429
sentence_00717,sentence,是覺得自己辜負了那些幫我加油,3.0,4.8
reflection_02290,reflection,在MICU中，這似乎是每天都會發生的事件，但對家屬來說，這也許是生命做過最困難的決定之一，看著他們猶疑、不捨、難過、道別，讓我更感受到這裡的醫師，需要一顆溫柔又堅強的心，才能擁抱這些感情，同時做出最正確的決定。,5.875,3.8
text_00138,text,想到故宮的烏鴉都有了歡喜的感覺.,6.25,4.333
sentence_01626,sentence,可以使勁的舔阿言的顏,7.0,6.333
reflection_00610,reflection,然而因為血壓不穩定，除了給予升壓劑之外，也給予IABP及ECMO 來輔助。,5.0,1.75
text_00266,text,不可否認，這是一本好書。,7.222,4.857
reflection_00271,reflection,另一方面，如果我是大醫院的一方，在接受轉診而來的病人，但太棘手而超出我的能力，我會不會為了顧及面子，而不提及其他有能力處理的醫院。,3.75,4.8
reflection_00462,reflection,雖然這是千古不變的道理，但第一次遇到卻不能接受。,3.625,3.125
text_00008,text,推薦給我的兒子、朋友們。,6.75,5.0
sentence_00544,sentence,雖然我們都很獨立,5.667,2.667
edu2021_01148,edu2021,上課變得越來越有趣，不再是枯燥的,6.333333333333333,4.833333333333333
text_00901,text,聲音不錯，儘管有點小，但是不象其他人說的那麼差，總體來說不錯.,6.111,4.2
text_00835,text,服務好，前臺接待員挺熱情。,6.667,4.111
reflection_01787,reflection,二、你的感受為何(使用情緒詞彙)1. 身為clerk的我在旁邊觀看兩人對話，由於氣氛緊張，我也跟著緊張起來，有些小心翼翼，深怕等等醫療糾紛發生。,4.0,5.375
text_01566,text,伊斯蘭北非開打組織（AQIM）在一九九○年代被阿國軍隊擊敗後，撤退到馬利、阿爾及利亞、茅利塔尼亞間的撒哈拉無人地帶。,4.625,3.778
text_01502,text,有韓國網友質疑，TPA能將此戰術做到盡乎「完美」的境界，是否有人在臺下通風報信？不然實在很難相信TPA每個人都有超強的第6感，可以完全掌握對手的動向，而且每一場比賽幾乎都如此。,4.778,5.5
text_00269,text,很激動的心情買下了這本厚厚的書，後來學完了才發現，其實笨書並沒有想像中那麼完美……不是很詳細，有些地方還有錯誤……也許在所難免吧……不過，這個世界上沒有絕對完美的事物存在。,4.571,5.125
edu2021_00811,edu2021,今天我都在讀別科，所以老師在說甚麼我都沒在聽，結果老師發現我們沒在聽就不講了,2.666666666666667,3.5
edu2021_00184,edu2021,覺得回來要好好複習了，謝謝老師的教導,6.333333333333333,4.214285714285714
sentence_02016,sentence,結果多年後弟弟變成菁英凱旋歸國跟碩珍搶繼承權,3.5,4.5
reflection_00778,reflection,我的感受剛開始我覺得這位家屬對一位84歲且肺部狀況極差的病人，仍然要求積極治療甚至氣切的想法感到不太能理解，抗生素已經使用到很後線，且該做的檢查都做了卻仍找不到原因，如此積極的治療是否對病患反而是一種折磨呢？,2.75,5.125
text_02631,text,英國脫歐限期推至10月31日，但文翠珊的脫歐方案，三次被國會否決，文翠珊認為，地方選舉結果為目前僵局給予新的迫切性。,4.5,4.667
sentence_00946,sentence,然後大家都慌張成智障,3.5,6.667
text_00475,text,我猜應該60-95km/h以下我開小v快二年了當初是因為想省點油錢...小v在100km/h大概2800-2900轉左右110km/h大概3000轉起步大約3000轉就會換檔拉回了市區一般行駛時大概都在2000轉上下建議不要跑太快耗油加上不安全....尤其下雨天高速公路有積水的話超刺激100km/h過小水波區會瞬間空轉降速到快90km/h說另外個人平均油耗冬天不開冷氣)13.5-14左右夏天開冷氣12.5-13左右結論是台外型還不錯的省油小車優點)隔音差到爆是我覺得最討厭的缺點),3.444,4.857
text_01128,text,馬總統表示，新的1年，他心中有3個願望，希望經由他和全民共同努力，打拚出臺灣新氣象。,5.889,5.571
sentence_00781,sentence,374643人受傷,3.0,3.0
edu2021_01090,edu2021,清楚地瞭解了歷史人物對於社會的貢獻,6.333333333333333,4.928571428571429
reflection_00532,reflection,之中或許有什麼考量，才會造成今天雙方互有誤會的情況。,4.875,3.625
reflection_01915,reflection,患者能夠轉危為安，與ICU醫護人員辛勤的付出是密不可分的。,6.3,4.2
sentence_02278,sentence,當精神緊迫到一個程度,4.0,7.333
sentence_01089,sentence,她@邊指責一邊清掃,4.0,5.5
sentence_01237,sentence,九天玄女等神從而增進宿命論中的姻緣,6.0,4.0
reflection_00104,reflection,"當會客時間主治醫師前來向家屬解釋目前病況時,在主治醫師再說明一次早上搶救後目前出血是有控制下來但仍不穩定,家屬突然表示:你們住院醫師說我爸爸已經快要不行了,要我們現在決定要來院宣或者是留一口氣回家,我就想說哪有那麼快?",3.0,7.625
text_01505,text,歌迷昵稱「京爺」的張芸京沉潛2年，言談中興起了結婚生子的念頭，宣佈「想婚」，不怕「京爺」形象破滅，歌迷心碎嗎？她笑說，「反正我早就想擺脫這個稱呼啦！,5.5,3.75
text_02172,text,因為即使是陰暗的情緒，也希望能得到愛，希望自己的存在能被看見、被得知，更希望自己想要傳達的訊息能被理解。,6.0,5.714
text_02500,text,這家科技巨頭與紐約大學和加利福尼亞大學聖地亞哥分校的研究人員合作，進行了為期一年的關於防止賬戶劫持的基本安全措施有效性的研究。,6.333,3.167
sentence_00950,sentence,她跟我講了一些令人作嘔的餐館幕後事,3.0,5.667
reflection_00454,reflection,但我想在未來碰到相似情形，我仍然可以去嘗試理解病人的病情，嘗試想出問題及解決辦法，是否有我們能做卻還沒做的地方？,4.8,2.375
text_01616,text,林飛帆講得很有道理死刑不能抑止犯罪大家要給他鼓勵所以我們應該公開滿清十大酷刑處理這種人外加現場直播他想自殺，又不敢自殺所以想多殺人，讓法院判他死刑但法院給他的死刑完全符合他的期望一槍斃命搞不好沒痛苦就離開人間要抑止這種犯罪就是讓這種人害怕就是要讓人不去幹擾他人生活為主,3.429,6.429
text_02215,text,據看看新聞Knews報道，餘聯兵及其32歲的妻子兩人當天在位於上海青浦趙巷鎮某小區的住房內疑似發生爭執，其妻子親屬曾來找人，並試圖破門進入。,3.667,4.556
sentence_00771,sentence,但還是有意外了,3.5,4.5
sentence_00740,sentence,但是看到他們頻繁申請我還是很暴躁,3.667,6.0
text_01771,text,如果這樣吱吱應該學習安潔麗娜裘莉母猴在還沒得乳癌之前把自己的乳房割掉公猴就割掉自己的小雞雞反正這些都是都有風險最簡單的就是去死一死反正走在路上搞不好都會被車撞死活這麼痛苦幹嘛呢?,3.625,5.375
sentence_01516,sentence,也不會到中國人那種充滿敵意或蔑視的態度,3.0,3.667
text_02705,text,由於保險局宣佈研議訂定傳統型人壽保險門檻，並且拉高投資型人壽保險門檻比率，首當其衝即可能讓類定存、類儲蓄險銷聲匿跡。,4.5,3.5
text_02120,text,繼日前報道十月更新需要安裝兩遍才能正確安裝之後，今天微軟再次承認面向所有Windows10系統釋出的5月累積更新中存在一些問題。,4.0,3.875
text_00557,text,您好，再次看到您的點評很開心，感謝您再次選擇國賓大酒店入住.,6.5,5.625
sentence_00341,sentence,她這樣劃掉也太沒禮貌了吧,3.0,6.4
sentence_00576,sentence,無一例外都離婚了,2.667,6.333
edu2021_00619,edu2021,最近已經變得漸漸能夠理解上課的內容了,6.071428571428571,3.583333333333333
sentence_01714,sentence,神經質的行為也會由此而生,3.5,5.0
sentence_00410,sentence,註定就是個蠢貨,3.5,6.5
edu2021_01088,edu2021,現在上課的節奏真的越來越快了,4.916666666666667,6.166666666666667
edu2021_01055,edu2021,因為這些比較貼近生活，讓我覺得還蠻有趣的,6.75,4.428571428571429
reflection_00087,reflection,"3.個案及家屬都已清楚了解心臟衰竭的部分,醫療上能做的並不多,屬於病況不可逆的情形。",3.625,3.7
reflection_01438,reflection,在住院初期，一切未明時，因為不穩定的血壓和呼吸狀況，在安排胃鏡檢查腫瘤來源時，告知阿伯可能會有需要插管的風險時，阿伯起初表示不願意，也希望安排的心包膜腫瘤切除手術可以等到呼吸狀況穩定後再來安排。,4.2,4.3
reflection_01219,reflection,會有挫折感且該被檢討的部分，應該是我們犯下了不該犯的錯誤而導致病患的狀況變糟糕，但在這件事情之後，我們不應該消沉，而是要去反省要是之後再遇到這樣的病患，我們能不再犯同樣的錯誤更甚有能力做出更好的解決方法嗎，畢竟這是一位病患用生命教導我們的事，我們更應該好好把握，不讓自己再有犯錯的機會。,4.6,4.875
text_00054,text,該小說的確沒有藝術可言，對於追求精緻閱讀的人，看網絡版足夠了。,4.778,4.0
reflection_02505,reflection,在壓胸的期間，心臟內科的醫師也過來看，掃了cardiac echo，發現有pericardial effusion，於是將其抽出，而在抽完心包膜積液後病人就恢復了自主呼吸。,5.75,3.8
text_00360,text,馬2長3.9米，也才1039，上一代國產SWIFT頂級版也只有1045，還有其他我就懶得找了，認真說來yaris重量算中間範圍..另外..得了吧!還什麼對號入座,3.889,6.0
text_02547,text,高雄市長韓國瑜今天出席凱道造勢大會，棄反毒活動、荒廢市政，高雄市議會民進黨團今晚發布新聞稿譴責韓國瑜將高雄市當跳板、備胎，政治性格之狡猾無與倫比。,2.714,5.429
text_02313,text,他指出，港鐵去年再在其他兩個連線縫發現相同情況，相關檢查及測量申請表格亦缺失，港鐵就事件多次向禮頓發出不合格報告，並要求禮頓拆除及重建。,3.333,5.333
reflection_00406,reflection,反應為何因為現在疫情的規定，大部分時候我們都不會跟家屬有接觸，所以雖然當下也很想說服家屬但有困難。,3.625,2.5
text_02936,text,一名日本旅客日前來臺旅遊，與其他車輛擦撞，原本愁於無法應對，沒想到遇到英文流利的女員警實習生出面解圍，讓日籍旅客如釋重負，最後還合影留念，留下難忘回憶。,7.5,6.143
text_00841,text,同事裝的另一大牌本本好多了，bios基本等於廢物，無隨機驅動，網站上只有Vista驅動，跟客服聯繫多時才搞到驅動，還特別自己集成了一張帶SATA驅動的XP安裝盤才裝上，費了很多精力。,3.8,5.833
edu2021_00077,edu2021,今天課程內容種類繁多，一開始真的讓人難以置信,3.571428571428572,6.333333333333333
edu2021_01171,edu2021,作業量變多、變難,3.75,2.833333333333333
sentence_01107,sentence,中國移動赴美開展業務被美否決,4.0,4.0
text_02595,text,每次碰到車子在路邊隨意亂停，光是開單拖吊，好像有點治標不治本，畢竟貪圖方便或是覺得自己不會那麼倒楣被抓的駕駛者多的是，只有真的讓車子沒法停，才是根本之道。,4.5,3.0
text_00755,text,酒店的服務人員服務態度也不怎麼好，給的房卡也搞錯開不了門，還要我親自把卡送到樓上大廳去換。,2.889,5.714
text_00245,text,頭皮去替他做三天小學生……很喜歡夢神奧列傘的世界，一口氣把6本全套書都讀完了。,5.9,5.5
text_00842,text,6芯電池保證3小時以上的使用時間,5.375,4.571
sentence_00039,sentence,甚麼心靈量子宇宙能量場的你一分鐘就失去了六十秒真是不得了,5.0,7.0
reflection_00158,reflection,"如果這時候哭哭啼啼,是不是就不能像一家之主的肩膀,扛起大家的憂傷呢?",3.3,6.75
reflection_01181,reflection,為何會有此情緒？,4.75,2.5
text_01950,text,阿富汗長年戰亂，貧窮落後是普遍現象，人民三餐不濟，聯合國兒童基金會估計，至少有3百萬的5歲以下兒童，發育不良、營養不足，其中1/3情形嚴重，甚至活不了。,2.556,5.8
sentence_02558,sentence,有些人就是選擇性失明,3.0,6.5
reflection_01711,reflection,事件經過:一位病人因要施作RFA肝癌與射頻灼燒術入院，在過程中施打propofol，術中發現病人心跳漸慢並且有臉部發紺的情形，確認心跳停止後施行CPR。,4.75,4.0
edu2021_00074,edu2021,這次的課讓我學習很多,7.5,4.916666666666667
reflection_02160,reflection,被這些懊悔日夜糾纏對於身心上都是一種折磨，任何的安慰都不足以撫平傷痛。,3.1,5.3
text_00786,text,5號樓在最裏面，應該是房間最好的。,5.5,4.25
sentence_00187,sentence,中國會受到極大損失,4.25,5.0
edu2021_00364,edu2021,大概能了解，但還是想更了解裡面的處理過程,4.9,4.0
edu2021_01415,edu2021,真的是比喻的很好，我一聽就完全了解,6.833333333333333,5.583333333333333
text_01543,text,臺大社工系副教授沈瓊桃二○○九年對兩千位臺灣大學生進行隨機抽樣問卷，結果顯示有交往經驗的大學生，曾受肢體暴力者達十八.六％；同樣數量的國高中生有一個月以上交往經驗的有卅六％，其中三成曾有受暴經驗，就是說每十名國高中生，就有一名曾受非同居親密關係暴力經驗。,2.75,5.143
text_01264,text,害怕給店家帶來麻煩，所以總是要附上一張「告示」宣導寵物上餐廳的禮儀。,5.111,3.5
text_02438,text,勇於挺身挑戰、捍衛自身尊嚴、不屈服強權與對自己專業充滿自信的官僚，也許正是柯文哲最想從日本民族身上全盤移植的。,6.143,4.429
edu2021_01442,edu2021,也許可以講解作業以外的課本習題，幫助我們了解如何思考,5.416666666666667,3.083333333333333
edu2021_00664,edu2021,今天感覺被開拓了很多新的知識,6.416666666666667,4.25
edu2021_00531,edu2021,你好棒一級棒期末考希望能好好發揮,7.166666666666667,6.071428571428571
sentence_01355,sentence,一起前往盛大的歌舞慶典吧,7.5,7.0
sentence_01957,sentence,爬上頂樓的城堡可以一覽無疑整個城市的風景,7.0,5.5
edu2021_01362,edu2021,學到了很多新的知識，覺得很有趣,6.5,4.928571428571429
reflection_01163,reflection,這是一位59歲的男性患者，在家因為 OHCA，在 EMT抵達後即刻開始進行CPR，在抵達高醫前已經進行 28分鐘的 CPR，進到急診後由醫師接續進行CPR，在急診裡總共進行 49分鐘後 ROSC 接著送到 CCU做後續的照護，因為缺氧的時間過長， CT上呈現 Diffuse缺氧的影象，加上 GI bleeding的情行持續， Vital sign也不太穩定，也因此根據老師專業的經驗認為他的缺氧時間過長， Conscious不會恢復，也可能很難 weaning endotracheal tube，也因此在會客時間時便告訴家屬患者的不良預後，並讓患者考慮 DNR的決定，但患者認為才剛轉到 CCU兩天，認為患者 有撐過那段急救的期間，到底是要考慮什麼DNR，都還沒治療就在要我們談放棄 家屬也認為我們說的東西他們也都不懂，也是我們說了算，也因此後來除了在醫院加護病房外，家屬簽下切結書灌食中藥粉，希望可以讓患者有另外的機會。,4.375,3.375
reflection_02091,reflection,因此，日後的自己也會把這個事件謹記在心，切記和患者、家屬有良好的醫病溝通，盡量完整完善、有條理不艱澀的表達治療計劃，不厭其煩的解釋，甚至邀請別的家人一同參與討論，幫助家屬能夠做出最終決定。,6.0,4.25
text_02187,text,2011年之前的幾款Mac仍然可能容易遭受類似ZombieLoad的安全攻擊，而蘋果無法解決這個問題，因為英特爾不會發布必要的微程式碼更新。,3.889,3.333
text_00567,text,美中不足之處是早餐一般，有時客人沒有吃完，早餐部的服務人員就自己坐下來吃了，需要改進。,2.857,4.857
text_01682,text,國民黨已警覺到，二○一四年七合一選舉，如果藍營施政無能無感的印象無法改變，則七合一選舉即可能大敗，如果七合一選舉大敗，到了二○一六大選即難保不會變天。,4.111,5.833
reflection_02286,reflection,但是老母親因為對兒子的不捨，她說看到都會哭，不願意來醫院探望，但是希望醫生還是能讓兒子活著。,3.5,5.5
sentence_00443,sentence,但實際上它給你的是日復一日的倦怠,3.4,5.25
text_00951,text,鍵盤的鍵程還可以，但方向鍵是縮小的，打fifa類的遊戲會很不爽。,3.25,5.875
sentence_01785,sentence,圍毆至牙齒移位,3.0,4.5
reflection_01473,reflection,想起以前要幫我的寵物簽下安樂死，覺得很困難，除了很多的不捨，那時最大的掙扎就是，我好希望我的寵物會說話，希望他能告訴我他還想拼拼看，還是他不想再痛苦下去。,2.875,6.25
reflection_01241,reflection,種種外在因素的影響下，當然不可能總是理性、客觀、專業又冷靜。,4.625,3.9
edu2021_00961,edu2021,剛開始的時候有點懵懵懂懂，這一次終於釐清相關的概念,6.333333333333333,5.0
edu2021_01583,edu2021,今天教的和以前所學的類似，所以比較有概念,5.7,2.583333333333333
reflection_01867,reflection,感受1. 看到病歷的當下，心情有點複雜，其中包含了對病人離世的難過、為他終於解脫了的安慰以及對家人的不諒解。,3.125,6.125
edu2021_01072,edu2021,上課有同學發問更能提高理解力，還請老師今後不辭辛勞地教導我們,8.0,5.916666666666667
text_01988,text,支持服貿就是錯事?,3.333,6.286
edu2021_00465,edu2021,這門課涵蓋真是廣泛，真的是門博大精深的學問,6.5,5.071428571428571
edu2021_00920,edu2021,對今天的課程不太感興趣，很多東西沒印象,2.25,2.5
text_01701,text,針對馬英九總統反對國公營事業績獎齊頭平等，更肯定親民黨立院黨團所提的主張，親民黨立院黨團總召李桐豪今（16）日反問馬總統，儘管親民黨是在野黨，但是提出合理解決問題的方案，「這些不都是國民黨團該做的嗎？」李桐豪強調，績獎問題不能大家互相拿刀殺紅眼，「既然總統也肯定親民黨，希望行政部門、國民黨立法院黨團能夠認真看待問題！,5.111,4.778
edu2021_00016,edu2021,老師也說得非常生動，使我獲益良多,7.428571428571429,4.642857142857143
text_02492,text,最直觀的演戲用力過猛就是把所有在表演中的情緒放大，比如說話語調提高，哭或者笑的表情幅度誇張，戲劇衝突的表演點在語言和肢體上過於猛烈。,4.778,3.778
reflection_00597,reflection,在ICU治療期間，病人反覆的左右胸發生pneumonia 而產生很多pleural effusion，也有用pigtail 引流出來，也有使用抗生素治療，病人情況好轉。,5.375,3.5
text_01311,text,在臺北電玩展現場除了舉辦曜越太陽神、橘子熊職業電競隊伍的玩家見面會之外，也邀請世界知名電競選手進行《星海爭霸2》表演賽事，同時也推出優惠電競周邊來吸引玩家。,6.222,4.714
text_02067,text,值友4771737136嬰兒洗髮、沐浴二合一，安全方便，無皁質、無酒精、無淚配方，安心溫和，讓寶寶洗後更能清爽不油膩。,6.143,3.429
sentence_00243,sentence,那你得擔保你們總統別明天不加稅了,5.0,6.0
sentence_01857,sentence,何必因為欠債而做出這種如今要悔恨終生的事,3.0,5.667
sentence_01683,sentence,燕太不像活潑的姐姐那樣,4.0,3.2
text_00096,text,好人們的人生，好人們的愛情，然而好人卻也避免不了互相傷害，好人也未必能夠得到幸福，所以又有了好人們的而眼淚。,3.222,4.286
reflection_00102,reflection,"反應為何當下做了什麼、想做什麼當下無特別舉動,原本想要在會客後與主治醫師解釋但看老師的表情與言談似乎老師也了解其中有所誤會,故老師也未針對此事跟學長討論,對於這類非常unstable的病患,我們難以預測病患什麼時候會大出血或者airway obstruction也不是當天才跟家屬提到Poor prognosis跟隨時可能會離開的風險,當時相當不解為何家屬會有如此誤會",3.25,5.75
edu2021_01341,edu2021,上課麥克風太大聲，耳朵很不舒服,2.928571428571428,4.571428571428571
text_01838,text,國營事業有盈餘纔可以領績效獎金，這纔是公平的。,4.75,5.167
reflection_00672,reflection,病人進醫院之後診斷為septic shock、ARDS，懷疑是aspiration pneumonia引起的。,5.0,1.875
sentence_02491,sentence,說點萬念俱灰的話,3.5,5.25
text_02318,text,24分鐘的時間裡砍下高效的17分6板3助攻，考辛斯用壓倒性的實力讓德克爾感受到力量上的差距，也讓布萊恩特瞭解到火鍋的滋味。,5.429,4.857
sentence_01152,sentence,並且像他自己一樣狂熱和棘手納粹,3.667,5.333
text_02698,text,2019亞洲身心障礙桌球錦標賽，7月將在靜宜大學舉行，傳出經費還沒有著落，擔任臺中市身障體育總會理事長的議員陳清龍，業務質詢時，批評運動局罔顧身障者運動權。,3.444,5.889
reflection_02369,reflection,家屬從了解到接受氣切，是一段漫長的過程。,4.5,4.625
sentence_00665,sentence,就算是惡作劇也一樣,3.6,6.0
edu2021_01104,edu2021,今天上的內容非常的有趣,6.75,5.5
sentence_00991,sentence,還不知道這是會讓人很不舒服的嗎,3.333,6.333
reflection_00181,reflection,"醫師並不是神,即便是經驗豐富的醫師如維安老師,對於病情已經進展至末期的病患,醫師能做的事情並不多,僅有盡量減少病患痛苦並且妥善跟家屬討論什麼樣的方式對於病患來說是最好的。",4.2,3.7
text_01115,text,化名「浩一」的25歲青年，花了3萬圓（約9900臺幣）向東京一家便利屋租了兩位女性朋友。,5.0,2.625
text_01572,text,法國在過去兩週來對馬利北部的AQIM發動懲罰性空襲，AQIM是否有時間來策劃新一輪恐怖攻擊仍是未知數。,4.0,3.625
sentence_02310,sentence,王法官因工作突出多次獲得中共的嘉獎,7.0,4.5
text_01296,text,戰術運用得當與適當的英雄角色，終於獲勝。,6.0,5.333
text_00474,text,豐田車子很大眾化符合最多人的選擇但缺乏個性化不過台灣人很愛跟風潮的這在台灣變成不是缺點第三點很忠肯歐系車遇到爛路真的會抖出一大碗,3.222,4.75
sentence_01689,sentence,這個人扮豬吃老虎情結很重,3.333,6.667
edu2021_00209,edu2021,今天講課的內容，比以前更容易讓人理解了些,5.916666666666667,4.666666666666667
sentence_02493,sentence,被泰國政府查禁,2.5,3.25
text_00363,text,當你沉浸在你無敵好正確的商業邏輯的時候有沒有轉過來認真思考一下工程邏輯是什麼？你有沒有認真正視過工程專業的堅持豐田戰本田，網路大戰至少戰了20年為什麼戰個不停沒有結論交集豐田管理出幾本書本田管理出幾本書豐田成功或者本田成功或者說誰信仰豐田的成功，誰信仰本田的成功學而不思則罔,4.444,4.143
text_01659,text,馬英九執政把經濟搞到這般困境，所以媽媽們決定發動一人拉一人的行動，成立聯盟響應罷免馬英九行動。,3.778,6.286
sentence_00628,sentence,並不是因為生活太無趣太無聊,4.4,5.5
text_00282,text,如果是第一次養育寶寶，會有意想不到的收穫，重要的是教會你注重寶寶的個性，保護寶寶的個性，如何避開護理的誤區，如何第一時候掌握病情，如何第一時間解決問題，如何預見和防護寶寶的安全。,6.0,4.444
edu2021_00013,edu2021,今天比較了幾種用法，我有接觸過一些，所以比較能比較出差別,5.666666666666667,4.416666666666667
sentence_01008,sentence,比起聊著時事八卦,6.0,4.0
edu2021_01447,edu2021,今天講的東西不多，不過都還蠻有趣的,6.1,4.0
text_00057,text,一段悽美的愛情故事，當文字也在哭泣時，或許我們就懂得什麼是悽美，什麼是悲情。,3.889,5.167
reflection_01481,reflection,一開始會有些不理解，覺得從客觀上這樣看下來，DNR對病人來說才是一個好的選擇以及撤除這樣的決定是無可避免要面對的，為何還需要這麼多的思考和猶豫？,4.5,3.9
text_02190,text,每次排計畫時總是很興奮，甚至花了很多時間排出完美計畫，但是反而因為排好了計畫，讓人更加抗拒，更不想做嗎？,4.333,3.143
text_00619,text,不如住火車站對面的如家快捷商務酒店，上網還免費！,4.625,6.125
text_02347,text,正方形相紙無須剪裁、方便直接列印社群媒體如Instagram相片，亦適合製作賀卡或裝飾物，照片貼紙可以隨意裁切至不同尺寸及多種有趣造型。,5.667,4.667
text_00534,text,如果是直線因該會比較好一點.,4.5,4.625
text_01359,text,少女和死神拔河，一個禮拜後還是不幸死亡，她的媽媽心痛哽咽，眼眶滿是淚水，傷心的吳媽媽崩潰了，拿出女兒照片，原本漂亮可愛的女兒，再也回不來了。,1.8,7.667
text_00578,text,月壇北街上的護國寺小吃我也老喜歡的。,6.0,4.571
text_01618,text,由臺灣國際勞工協會（TIWA）、天主教越南外勞配偶辦公室等移工團體組成的MENT今天上午前往行政院，他們指出，2012年12月21日是馬雅傳說中的世界末日，但世界末日還沒到，在臺灣的移工早就過得有如世界末日般的日子。,3.0,5.714
reflection_02010,reflection,病人入院接近一個月了，她或許才開始接受另一半這次病情更嚴重的事實，就陸續做了好多決定，決定要插管、決定要開刀、決定要開第二次刀…她可能好不容易才在緊湊的醫療過程中做好要長期抗戰的心理準備。,3.625,6.375
text_00126,text,相信運氣是對生命的侮辱。,3.625,5.556
reflection_02503,reflection,在學長姐在CPR的時候，我也有參與壓胸的過程，現在想起來會覺得很佩服學長姐跟老師們，在事發的第一時間就開始冷靜的指派任務，做CPR的做CPR，掃echo的掃echo，抽血、紀錄等等，大家都知道自己要做什麼，而剛好這個禮拜我們有參與了ACLS的課程，也讓我不禁反思，如果是我的病人突然沒呼吸脈搏，我站在第一線的話，我能怎麼做、我該怎麼做。,4.25,6.375
reflection_02185,reflection,而在後續對決定躊躇不前的時刻，因醫師每天的會客時間有限且不宜干預家屬對病患所作之決定，則可以安排心理諮商更有耐心的分析各個決定所帶來的影響。,5.0,4.1
text_02636,text,EllaKissi-Debrah在患有嚴重哮喘三年後於2013年去世，她的死因被判斷是嚴重哮喘發作導致的呼吸衰竭。,3.125,3.333
sentence_00921,sentence,如果歐巴馬即將執政的時候冒出一個他媽媽跟普丁生的私生子,4.0,5.333
edu2021_00288,edu2021,今日的板書比較清晰，字體稍嫌潦草但可接受,4.5,2.416666666666667
sentence_01758,sentence,就形同叛亂或內亂,3.0,7.0
sentence_01841,sentence,?東限定異常低溫,4.5,4.75
text_01051,text,22歲曾姓男子不滿女友提出分手要求，深夜跑到女友家要求複合遭拒，激烈爭吵驚動鄰居，向警方報案；不料曾某不但和警方發生推擠，甚至用手電筒敲打員警的頭，吃上妨害公務官司。,3.111,5.286
edu2021_01241,edu2021,這一次課程相當實際，所以聽起來不會感覺疲倦,6.75,4.142857142857143
edu2021_00098,edu2021,老師要我們做報告，我覺得很有意義,6.916666666666667,3.083333333333333
text_00046,text,愛情說到底也不外乎人情，一個連自己都不愛的人又怎麼能去愛人呢？靳辰和蕭志皓，也是身處娛樂圈，纔會讓人對他們同性戀的身份不那麼計較，寬容也是需要環境的。,5.75,4.75
text_02034,text,2017年秋季，雪茄形狀的奧陌陌闖入太陽系，成為科學家發現並證實的首個星際訪客，在科學界引發了不少的喧譁與騷動。,6.0,5.429
sentence_02239,sentence,看了就不敢恭維,4.0,5.2
text_02256,text,北京時間5月30日訊息，自從2003年人類基因首次被繪製以來，科學家一直試圖尋找導致自閉症的特定基因。,5.333,3.3
sentence_00457,sentence,這才在週日早上宣佈徵收關,5.0,5.667
reflection_00198,reflection,"在CPR的空檔,我希望可以照顧到家屬的情緒,因此搬了椅子給家屬,並給予衛生紙,拍拍肩膀安慰;同時也很希望可以告訴家屬病人已經CPR30分鐘到肋骨斷裂凹陷,這個過程真的很痛苦,應該要適時放手。",3.625,5.375
edu2021_01353,edu2021,有時聽課真的一知半解的，學習成效不是很好,3.833333333333333,3.785714285714286
edu2021_00244,edu2021,我覺得很有趣，不過要運用自如好像沒有這麼簡單，不過我還是會努力去學習,6.142857142857143,5.571428571428571
sentence_02115,sentence,可是如果違抗我的命令,3.6,6.25
text_00068,text,以前一直不喜歡喝水，雖然同學都說喝水對身體有好處。,4.556,4.778
sentence_02123,sentence,王岐山器重明鏡,6.0,3.5
reflection_02233,reflection,但一兩天之後狀況又開始下滑，老師有問奶奶如果血氧狀況又變差，會不會想再被插管，奶奶說不要。,4.5,4.875
sentence_00495,sentence,它還有多少空間可以造謠撒,3.0,5.0
text_01372,text,職棒球員表示，許文雄當時獲悉遭判賠違約金100萬元，曾表示尊重法院裁決沒有任何意見，但也顯示他無奈的心情和失意。,3.125,4.75
sentence_00496,sentence,但就阻止江青組閣而言,4.333,6.333
edu2021_00702,edu2021,都不太會，也不敢問，覺得很無助,2.214285714285714,5.642857142857143
sentence_01695,sentence,結果只有淪為傾銷地一種可能,3.0,5.667
reflection_01588,reflection,雖然這些是事實，但心中會有那種如果堅持救就是罪大惡極、自私自利的感受。,3.5,5.625
text_01488,text,再次揚威國際臺北同步歡呼比賽由「新加坡先鋒」對戰「臺北暗殺星」角逐第一屆ＧＰＬ總冠軍寶座，總決賽採五戰三勝制。,5.75,5.0
text_01914,text,黑色粗框眼鏡，左耳還有兩枚耳釘，髮型時髦。,6.25,4.571
sentence_02499,sentence,早上去耳鼻喉診所看說我可能是耳石脫落,4.0,3.0
reflection_00705,reflection,可以怎麽做如果這個病人是我爸爸的話，我想我的作法可能會跟他的配偶一樣，還是會希望一開始積極處理，看能不能稍微拚一把，但如果看到他的情況一直在走下坡，我應該會早點讓他轉安寧，希望在最後的日子能盡量讓他舒服一點。,4.75,5.75
text_01446,text,陳其邁指出，陸委會雖兩度發函給中國海協會表示抗議，也委託海基會董事長林中森當面向海協會長陳雲林表態，但對方先是以「趕時髦」敷衍，還正式回函說「抗議不成立」，顯示中國對臺灣的傲慢心態從未改變，儘管馬英九誇稱兩岸關係大躍進，中國依然是「誰理你們」。,3.375,5.571
text_00450,text,色溫：鎢絲燈泡最燙也最耗電....LED比較省電..色澤：黃色較清晰雨天或濃霧)、白色較透亮適合黑暗)、藍色或紫色就是氣氛和炫了..紅色是警示作用..黃色是注意號誌用..所以要清晰又要透亮就是黃金光+超白光吧...但是若是用HID就得小心對焦問題...燈不是爆亮爆閃自己爽就好..避免刺瞎對向車子..造成不必要車禍.,5.0,5.625
reflection_01012,reflection,有新的認知或體認了嗎:老師說在加護病房偶爾都會遇到病患和家屬意見不同的狀況，如果病患是昏迷沒有意識當然就是直接由家屬來決定，但像這個病人意識清楚但是沒辦法表達的情況是會比較困擾一點，但我想我應該也先了解家屬以及病患雙方對於維生裝置贊同或是反對的理由是什麼，而不應該以我個人主觀的經驗和想法去代入別人的人生，沒有一個人會很樂意看著自己親愛的家人痛苦的靠著呼吸器生活，一開始違背病人意願下決定肯定也是非常煎熬的，所幸經過多次的溝通後大家能夠有一個共識。,6.375,4.0
text_00933,text,然而這一過程往往容易產生龐大安全性漏洞，讓外界攻擊變得更加容易。,3.5,3.833
reflection_01737,reflection,中午會客時加護病房醫師與家屬試著解釋 與討論後續治療的計畫因為實際上還是要侵入性檢查才能確定是否有梗塞以及其程度，所以暫以 DAPT 以及Anticoagulant 治療，但家屬覺得入院都一天多了卻好像沒有做甚麼檢查，開始質疑醫師延誤 處置並且說話語氣愈來越大聲 ，而醫師也不甘示弱 ，可能覺得只是解釋不夠 ，必須先取的對話的主控權才有傳達訊息的機會，所以也越講越大聲 。,3.625,7.75
reflection_01503,reflection,"如果一昧地輸血,在病人腎臟功能非她會全身水腫,腫到甚至認滲水、變形的程度,這不會是他們想要記得她最後的樣實際層面協助他們安排其他親戚可以見病人最後一面 幫助他們可以固句點。",4.3,5.7
reflection_02358,reflection,具體發生什麼事:在心臟內科加護病房學習時，我照顧的一位因ST段上升心肌梗塞入院的病人在入院後休克使用升壓劑治療，肺水腫使用利尿劑治療，但是病人本身卻感覺自己狀況良好，曾經不止一次自己下床上廁所，在被護理人員制止後仍然會嘗試下床，也常和醫師抱怨自己身體已無不適，不需要繼續住在加護病房。,4.125,6.0
text_01820,text,民主反對就要用民主來反對怎麼會用暴力來反對這樣跟你反對的人有什麼差別?,3.0,7.0
edu2021_00560,edu2021,節奏很快，我目前還有些模糊,3.583333333333333,4.583333333333333
text_02488,text,醫管局亦歡迎醫委會的決定，又稱本週內會向醫委會遞交5名非本地培訓醫生的有限度執業申請，另有14位合資格申請者已經通過面試認為適合聘用。,6.375,3.75
text_02196,text,在專利描述中，提到虛擬助理會在使用者說出常規的喚醒詞前便預先開始錄音，這樣做的好處是可以讓人機之間的對話變得更為自然。,5.75,4.667
sentence_00788,sentence,他都會細心舔毛1,5.333,3.667
reflection_02277,reflection,我覺得在這種情境下對於醫生而言其實是比較好處理，因為我們已經盡力了，在醫療處置上沒有後悔，該做的該檢查的該給的藥都給了，病人的情況即使在全力的舊制下也沒有進步，就該考慮放手沒錯。,5.25,4.2
reflection_00372,reflection,病人從6月入院，7月初進到MICU治療，但病況一直不好，歷經許多老師與家屬的病解，家屬仍難以接受；病人的主要探視者是大女兒，但主要決定者似乎是在台北工作的哥哥，雖然已多次告知病人預後不佳，但病人態度仍以積極救治為主，並拒絕簽屬DNR。,3.4,3.75
reflection_01316,reflection,加護病房中，機器與人聲吵雜；在偌大的壓力下，人與人之間便容易產生衝突。,4.0,5.75
sentence_02137,sentence,這不是個合格的媒體,3.4,5.8
text_01031,text,臺灣帶來榮耀，會不會有一堆官員跳出來錦上添花討好處，批評政府只會在選手於國際賽事奪冠時來沾光，當選手默默耕耘時卻是不聞不問,5.0,5.25
text_02421,text,唯有在理解到我們任何人都有可能錯讀文學，成為思想畸形的加害者、性暴力的被害者、倖存者，我們才以可能能更用心活著。,6.143,5.125
text_00185,text,其中的一些細節讓我羨慕，我也希望像譚斌那樣，幹練，優雅，知性，大方，即使有點傲氣，但也是朵驕傲的玫瑰。,6.444,5.375
reflection_01808,reflection,Case350歲男性，無underlying disease，運動回家後喘、胸痛，隔天expired。,4.625,3.4
reflection_00492,reflection,所以我們能做的事情除了充分表達我們的臨床考量、排除家屬對於氣切的迷思、還可以在病人身體狀況可接受的範圍之內，調整出有幫助且家屬也樂於接受的治療。,5.125,1.5
reflection_02451,reflection,我離開ICU前還未能等到她意識恢復，但從她身上我明白醫療本質是冰冷的，但醫師本為人，或許總有一天，醫學會回歸人本，能夠治療比疾病更為深層的缺陷。,4.125,3.375
text_01044,text,而造成永難彌補的遺憾，竟是闖紅燈的民間救護車。,3.222,4.714
text_00323,text,不過SUVLIFERAV4討論區不少車主也有反映這問題，我想應該是TOYATA通病不過也有開1-2年也沒有味道的，我想用車習慣、環境也有差吧。,4.5,3.5
text_01518,text,鼓勵莘莘學子，羅許基金會針對高中（職）以上的單親、清寒家庭學生提供獎助學金，於1日在羅東博愛醫院舉辦101年度頒獎典禮，讓勤奮好學的孩子們能順利完成學業。,6.625,3.889
sentence_00245,sentence,可能繼續活著總會看清,5.667,5.667
text_01360,text,今天不是我害她，說這摔車全是意外，毫無悔意。,2.889,6.556
sentence_00244,sentence,皇宮大院是越來越敏感了,4.5,5.0
sentence_02108,sentence,但是我很有志氣,6.667,6.333
reflection_01407,reflection,你的反應為何自己的感受終究只是聽片面之詞而產生的，如果不能知道家屬的想法，就沒辦法做到真正同理病人，所以我等待我的病患ARDS好轉到可以脫離呼吸器，想聽病患說明中毒的事發經過還有家屬們的考量。,4.5,4.125
reflection_02117,reflection,這次來到CCU進行實習，在加護病房是一個相對特別的地方，常常會遇到病人身體情況出現急性的不穩定或是已經來到疾病末期的狀況，除了病人本身承受著痛苦外，他的家屬們常常也是承受著相當大的悲傷或是壓力，加上在加護病房的會客時間也相對短暫，所以對病人的情況只能透過少少的時間盡快從醫師口中得知，因此有時面臨到重大的醫療決策時，便會有更多的困難與不捨，需要多加留意。,3.5,5.0
sentence_01755,sentence,我倒覺得這兩個宗教其實有許多互惠融通的東西,6.4,4.5
sentence_02557,sentence,彭斯副總統一樣有決斷力和執行力的議員,6.5,6.0
reflection_01405,reflection,他們剛搬進新家，家具也都是買全新的，病人姐姐和姐夫都是相當關注孩子健康的人，因此特別要裝潢公司選用低甲醛家具，怕甲醛會影響小孩的健康，裝潢公司事先跟他們說明這樣會很容易長白蟻，可能需要驅蟲，他姐姐和姐夫都同意這個方案。,5.5,2.25
text_01362,text,陳昱安被控於民國99年9月間因揣測父親對他偏心，不滿父親多次要求他外出工作，預先準備生魚片刀及菜刀，砍殺父親110多刀致死；歷審均依殺直系血親尊親屬罪，判處陳昱安死刑。,3.6,3.0
sentence_00761,sentence,郭文貴借股市用來炫耀自己,3.75,6.0
text_02210,text,這次聯手是繼3月底浙江吉利控股集團和戴姆勒集團成立合資公司，聯合運營和推動smart品牌轉型後不久兩大汽車集團的又一次深化合作。,6.143,3.143
text_01285,text,從事動物保護工作的志工做的更好。,6.333,4.75
text_00964,text,網上的軟件資源非常豐富，這是我買它的最主要原因,6.222,4.889
sentence_01455,sentence,含有多種有益於身體的營養成分,7.0,5.333
edu2021_00203,edu2021,教得很棒，讚讚,8.0,4.0
text_02516,text,而具體到個人，在這一年裡，則必須開始反思如何面對職場、工作，甚至是終極拷問，你要到底要做什麼，成為一個什麼樣的人。,5.375,3.125
sentence_02196,sentence,北京可能是處在兩難狀態,4.0,2.8
reflection_00738,reflection,描述事件一位病人血氧突然掉，病人是處在鎮靜的狀態，只能透過儀器來發現他的變化。,3.9,4.375
text_00482,text,買TOYOTA就好像娶老婆便宜不用太多聘金就可以入手外型又很好看只是沒有精品名牌LV加持平常都不會鬧脾氣5000公里花一點小錢他就爽了不用常常花各4千弄頭髮一萬買保養品3萬買LV10萬買鑽戒的使用它的時候舒服就好了不需要太多的技巧能達到目的地就好了不需要一直大馬力衝刺重點是等你想換掉他一堆人願意出高價去接收咧一般的男人甚至女人需要的不就是這種車當然想要的都是林志玲名模等級的那種歐洲車跑車,4.875,5.143
text_01634,text,其中，審慎義務就包含公務員批評機關、政策或表示不同意見時，必須謹慎。,4.778,4.286
text_00715,text,我朋友很生氣，說酒店服務員數數都數不清嗎？發生這樣的事，讓客人感覺到很不愉快，同時耽誤了客人結帳的時間。,2.875,6.714
reflection_00740,reflection,為了未來面臨相同情境時，自己如何在積極治療與安寧照顧兩者截然不同路線，能綜觀整個病患情況根據經驗、學理做出最真正確的判斷。,5.625,2.375
sentence_01521,sentence,不是煽動臺灣反華,4.5,4.5
text_02296,text,蘋果的回答是肯定的，從去年下半年開始，蘋果頻頻對外釋出向服務轉型的訊號，甚至在今年的春季釋出會上，徹底拋開硬體，全力宣傳其流媒體和金融服務。,5.778,5.333
reflection_01464,reflection,你的反應為何：因為這件事情，我僅是耳聞護理人員與醫師的對話，非實際參與。,5.0,3.375
reflection_02007,reflection,對她來說，她一直都陪著丈夫進出醫院接受治療，已經治療了5年的肝癌，歷經數次開刀到現在使用標靶藥物還有加入臨床試驗，他們絕對瞭解疾病的嚴重性，也不難看出他們的決定是要抓緊所有機會對抗疾病。,4.6,5.625
text_00801,text,還算有優點，就是服務員的態度不錯。,6.25,4.714
edu2021_00369,edu2021,以前就有聽過一滴滴概念，所以對今天的內容不是非常陌生,5.785714285714286,2.666666666666667
reflection_00371,reflection,這幾日的事件描述:8/22(一): 家閔老師告知大女兒後續會交由維安老師與明儒老師接續治療，並再重複告知家屬病人病況很差。,3.9,3.4
sentence_00010,sentence,迷路到了從未到過的土地,5.0,4.0
text_01423,text,徐人強說，相較棒球、籃球這些運動，電子競技不像其他運動還要養球場，而且比賽又多，不像一些大型比賽要隔幾年才舉辦一次，國際性的電競比賽年年都有，選手參賽、拿獎牌，對臺灣又是另一種國際行銷，是投資報酬率最高的比賽項目。,6.429,5.714
text_00570,text,感謝您選擇入住西湖四季酒店。,6.375,4.25
edu2021_01021,edu2021,可惜不能更進一步的找出學習上的盲點,3.916666666666667,2.642857142857143
text_01510,text,如果到了那個年紀，真的想要生小孩，也確定找到一個不錯的對象，那就生啊！,5.556,4.857
sentence_01657,sentence,晚上也要黏著達米安睡覺,5.333,3.333
sentence_00379,sentence,為什麼不準發有人負責嗎,3.5,5.0
text_00038,text,圖畫過於煩瑣，看的人心煩意亂；文字更是不知所云，壓根不是中國人在說話。,4.0,4.625
reflection_02195,reflection,關於臨床病例的反思，此一case我認為最困難的癥結點在於如何讓病患家屬為病人做下一步的決定。,4.7,2.625
text_01660,text,英國經濟學人雜誌批評馬總統「笨拙」，馬要求外交部透過駐英代表處表達抗議，請問你是否贊成這做法？,4.556,4.625
sentence_00080,sentence,歡迎報名學習更多技巧,6.75,4.25
sentence_01112,sentence,可能我不經意的一句話依然會刺傷他人,3.0,6.0
edu2021_01468,edu2021,老師說的很豐富，還會舉很多例子，讓我受益良多,8.166666666666666,4.142857142857143
text_00287,text,凡走過必留痕跡，在T版大聲說安全才重要的，有些還不是為了一些小毛病、小異音、小路感...等，要求原廠處理，如果真這麼在乎安全，又還必在乎其它東西,3.333,6.0
sentence_00656,sentence,我恨我自己太晚跟隨到神聖大師,3.75,7.25
reflection_00715,reflection,從我的角度，我會希望將來如果自己也生了病，沒有恢復的可能，或治癒機率極小，就不要再做急救，以能安詳的走完人生的最後一程為主。,4.75,2.2
edu2021_01062,edu2021,對於今天的課程還是沒有非常了解,3.916666666666667,4.333333333333333
sentence_02311,sentence,後世多以突出壓倒性威嚴為核心,4.667,4.667
reflection_01587,reflection,安寧療護的存在也確實是必須的。,5.125,3.2
reflection_00209,reflection,"在心理層面,這位患者可能面臨著焦慮、恐懼和絕望等情緒,他已經經歷了長時間的治療過程和身體上的苦痛,並且看到病情的惡化和併發症的出現,可能讓他感到無助和沮喪,因此我們應關注患者心理與情感上的支持,例如請家人多多陪伴、或是安排心理師會談等;",5.0,4.25
sentence_02159,sentence,妳不僅沒有壹絲憐惜,3.0,7.667
text_02925,text,慢性胃炎是胃黏膜的慢性炎性病變，常見的臨床表現包括胃脹、胃痛、胃氣多、反胃、嘔吐、食慾減退等，部分病人還有可能出現體重減輕、貧血、舌炎、周圍神經痛等。,4.125,3.5
sentence_01181,sentence,佛菩薩是最慈悲的,8.0,3.667
sentence_01482,sentence,這段時間內我的鬱症會稍微緩和些,6.0,4.5
reflection_02038,reflection,病人為插管的病人，由於年紀很大了，且意識一直不好，因此雖然感染有控制下來了，但是卻一直沒辦法到達可以weaning的條件，雖然一直嘗試，然而卻一直沒辦法正常weaning，因此有開始與病人家屬討論有關撤除維生器材的問題，而其實病人家屬每天都會問問題，主治醫師也都非常有耐心的與之討論，但是家屬其實一直問的問題都是同樣幾個，主治醫師也花了非常多的時間與之一直重複的討論一樣的問題，甚至家屬剛問完問題，主治醫師也解釋完了，下一秒又問主治醫師相同的問題。,4.0,5.25
edu2021_01554,edu2021,老師舉的例子，非常淺顯易懂，上這堂課真的是獲益匪淺,7.333333333333333,6.333333333333333
reflection_01301,reflection,病人一開始為肩頸的疼痛與無力而後到全身無力，在急診照完X光後發生急性呼吸衰竭和敗血性休克，以及腎衰竭的狀況，這個情形讓病人的家屬無法接受。,4.125,5.3
text_00562,text,商務間是比基礎房型豪華間高兩個級別的全新房型，目前推出年終回饋498元商務間升級活動，希望大家更喜歡我們的新房間、新銀帆！,6.375,4.375
text_02244,text,一個非常罕見的第一代iPod，原廠包裝甚至連保護膜都沒有撕開的完美品相，已經出現在eBay的拍賣頻道，要價19995美元，超過它釋出時價格399美元的50倍。,4.75,5.625
edu2021_00354,edu2021,越來越跟得上了，越來越能理解,6.5,5.25
reflection_02078,reflection,在查房時，我們曾經接觸一位手術治療後仍肝癌復發，並在2個月前就經電腦斷層發現癌細胞疑似轉移而在肝肺之間形成廔管的65歲男性病人，他另有高血壓、高血脂、高血糖等慢性病史，沒有簽署DNR。,4.0,3.0
sentence_00525,sentence,雖然宗教的核心是神祕的和超出人世的,6.0,3.0
reflection_01349,reflection,描述事件 一位病患因重症合併多重器官衰竭而死亡，護理師協助家屬執行後續行政作業，因體諒家屬經濟狀況而詢問是否要趕快在今天之內辦理完畢離院手續，這樣才不會再多一天的花費，被家屬誤以為是其實在催促他們離開，情緒激動無法接受，一直質疑醫療團隊的用心，且寫信至院長信箱控訴不合理待遇。,3.4,6.75
reflection_01578,reflection,由己、由天、由人想不想繼續活著？,4.5,3.125
text_02933,text,土耳其搜捕101名未遂政變涉案嫌疑人-新華網新華網土耳其搜捕101名未遂政變涉案嫌疑人---報道說，土耳其警方在全國至少18個省同步展開抓捕行動。,4.5,5.0
edu2021_01220,edu2021,其實學好一種在學其他的都不難，只是有一些的語法不太相同而已,5.666666666666667,2.5
edu2021_01394,edu2021,完全不知道到底進度到哪裡了,2.785714285714286,6.071428571428571
text_01348,text,網友曾育暖表示，不能說心疼包子就代表主人沒錯...我想你們會希望自己痛苦的時候還有人一直在後面要求你握手甚至站起來嗎？；網友NanaSun說，天阿哭慘了...說包子生病了還是想撒嬌，你怎麼知道他是不是在求救？！,3.667,5.75
text_01775,text,學匪:我的自由不受限!!我跳脫體制外!!我想罵誰鬥誰人肉誰是我的自由!!我佔領立法院是我的自由!!公民不服從!!但是，其他人的自由由我來決定非我族類想進出立院，要先讓我搜查，放行才可進入，我同意他們才有人身自由。,3.0,6.25
reflection_00951,reflection,老師對於妻子的詢問一直是耐心的，詳細回答妻子的每個問題。,5.7,1.75
edu2021_01508,edu2021,相信很多人對於作業與考試的題目或解答有疑問，需要協助，也許能提供參考解答或是課堂發問的機會，我認為會比一直趕課來的重要,4.916666666666667,4.666666666666667
reflection_00254,reflection,因為能理解家屬的心境，雖然很難給於實質上的幫助，且在病情解釋時有告知家屬疾病無法根治的必要性，但考量到家長愛女心切很難一下子就接受，因此也不應該強迫他們馬上認清事實讓女兒轉向安寧緩和醫療。,3.9,3.0
text_00049,text,她那份淡定從容，愛她那份心細如塵，愛她那份溫柔似水。,6.111,5.667
sentence_01418,sentence,現在說臺灣年輕人薪水太低經濟無望,3.5,6.0
sentence_01702,sentence,繼續整理手頭瑣事,5.0,2.333
text_02655,text,昨天，大災變的內容前瞻在Twitch進行了直播展示，玩家反響十分平淡，看來這次活動想要挽回頹勢的希望不容樂觀。,3.556,5.0
text_01787,text,專文中指出，臺灣人的生活不但沒有改善，薪資還倒退十年。,3.0,5.667
text_01247,text,另外，美國日前呼籲歐洲盟友加入美國亞太區「再平衡」戰略，並多次強調不針對特定國家，更不會威脅中國。,5.25,5.571
reflection_01376,reflection,我認為學長後續與家屬的會談相當成功，直截了當的分析以病人目前的病況，急救對病人是弊大於利的，他以「壓胸電擊可能導 致病人胸骨肋骨斷掉」、「洗腎的針超級粗，粗到打進病人身體裡我都覺得超痛」等等露骨的話語告知家屬，並以同理心安撫他們的情緒，了解家屬有多悲痛，這樣確實可以達到我們期望的醫療決策，同時也能讓家屬感受到醫療團隊是有在替他們著想的，最終家屬同意簽署 DNR，醫療團隊也盡力地讓病人走得舒服，他於 11/22 早上過世，所幸後續沒有發生任何醫療糾紛。,4.625,5.0
text_01637,text,FB上看到下面這段話，實在是令人毛骨悚然。,3.222,4.714
sentence_02097,sentence,送禮自用兩相宜,7.0,5.0
text_00942,text,最開心的是朋友幫忙裝了ＷＩＮＤＯＷＳ７，介面很漂亮！,7.222,6.125
sentence_01853,sentence,否則你所謂的謙卑自我反省就自洽了,4.0,4.667
edu2021_00790,edu2021,說得很精采，讚讚，讓我收穫良多,7.285714285714286,7.083333333333333
sentence_00862,sentence,頭髮會不停地自動長長,6.0,4.333
edu2021_01419,edu2021,老師講解清楚，有道理,6.214285714285714,2.833333333333333
sentence_00157,sentence,聽出她話語的失落,3.6,4.6
edu2021_00756,edu2021,之前沒碰過這個領域，所以讀起來有點吃力,4.083333333333333,3.666666666666667
reflection_01091,reflection,因此病人無法說話，所以後續每日照護接觸病人時，都是以yes-no問句來粗略確認病人的subjective，但有一次在例行PE及詢問後很直覺地問他說「有沒有其他不舒服的地方？」，患者因此很激動地想要表達些什麼（但因為插管只能發出一些含糊的聲音）。,4.25,3.5
reflection_02372,reflection,從他們眼神可以看出他們是多麼地希望喚醒意識昏迷的她，他們也積極詢問是否可以安排各種腦部抑或是神經檢查。,4.6,4.9
sentence_00655,sentence,她應該從國會中被刪除,3.667,4.333
text_02189,text,這項新專利已於上週二經過美國專利商標局的批准認可，專利描述中特意提到能夠允許使用者自由走動，不需要摘下頭戴裝置。,5.571,3.25
edu2021_00393,edu2021,今天老師依舊舉了很多例子，真的超有趣阿,7.714285714285714,7.583333333333333
reflection_01665,reflection,病人都已經離世了，我卻連他具體發生甚麼事都不清楚。,3.25,5.3
sentence_02415,sentence,劉特佐在外風流快活,3.75,4.0
edu2021_00942,edu2021,這次有點太快了，還是有些不理解,3.714285714285714,4.916666666666667
sentence_02219,sentence,為我們應援的所有人致上謝意,7.4,6.0
edu2021_00838,edu2021,只用一節課帶過有點匆促，沒辦法完全吸收，十分難理解,2.416666666666667,6.0
reflection_02262,reflection,即使有辦法幫助診斷她爸爸的病情，她爸爸狀況也並不是很糟，這種也不想試試看嗎？,4.0,4.6
reflection_01860,reflection,3. 可以理解女兒的立場與決定，但同時也為丈夫覺得不捨。,4.25,4.1
text_01874,text,臺灣吸引的外資只勝過非洲安哥拉，連臺灣選出的總統都只想當中國人，國本日漸動搖；過去投票給馬的人應該面壁思過、道歉，民進黨也要深切檢討，爭取更多人的認同。,3.125,6.0
edu2021_01203,edu2021,講了一些蠻有趣的東西,5.666666666666667,2.833333333333333
edu2021_00884,edu2021,還不太適應老師上課的方式,4.0,2.428571428571428
reflection_00319,reflection,我的感受當下我覺得很傻眼甚至覺得丟臉，同時也很難過，在倡導病人自主選擇醫療的時代，因為病人不配合就採取恐嚇的方式，我覺得是非常不妥的，應該是再跟病人解釋說為什麼要做，不做的話會怎麼樣，讓他再想好，給他一點時間思考。,4.0,6.25
reflection_01452,reflection,然而回到這個例子可以發現，我們仍然有很多事是不能控制的，而這些難以細究的東西可能會被歸類在＂體質＂、生活習慣等等環境因素上。,4.875,4.2
edu2021_00158,edu2021,因為昨天比較晚睡，今天好幾次都不小心恍神，漏了不少東西,4.0,2.666666666666667
edu2021_00081,edu2021,這幾天盯著自己的成績一直看，盯著書本一直看，上課的時候邊聽邊看，不知不覺今天又上完一個章節了,5.2,3.083333333333333
reflection_01861,reflection,老實說我有點生氣，總覺得不論是尤先生還是妻子都沒有很理解團隊的意思。,3.25,7.0
text_01249,text,潘振強還指出，在釣魚臺問題上，美國含糊的態度，鼓勵了日本右傾勢力，「美國不要做得太過火，如果中日發生衝突，美國人的日子是很難過的。,4.0,4.857
text_02606,text,今早上約七時半，觀塘油塘道9號小巴站對開位置，有人報案指一輛停泊路邊的小巴，擋風玻璃碎裂，司機在取車時發現小巴內的錢箱被竊。,3.286,5.429
edu2021_00450,edu2021,許多需要思考以及應用的問題，真是一個頭兩個大阿,4.0,6.142857142857143
sentence_01301,sentence,加上武力懸殊太大,4.667,3.25
reflection_01706,reflection,並且會感到有些害怕於面對家屬，怕家屬進而懷疑醫療處置產生糾紛。,3.8,4.7
sentence_00192,sentence,完全破壞產品的食用期限,3.333,4.667
reflection_00908,reflection,二.我的感受當下其實很替家屬覺得很難熬，善終是每個人的願望，但是在臨床情境之下時常不從人願。,4.25,5.5
sentence_01509,sentence,但他們自命不凡,3.0,6.0
reflection_01731,reflection,但另一方面來想 ，其實理論與現實還是會有落差的，因為建立理論的時候都會分析簡化成比較有辦法討論的模型 但是套用到現實生活也有很多變數 ，就需要人生的經驗來修飾運用的技巧，因為人與人之間的互動是非常複雜多變的 ，所以才會有那種病人每次 看病都被醫師罵說習慣不好要改，不要吃來路不明的藥，飲食要注意，要運動等等 真的是用罵的 ))，但是病人還是很死忠的會準時回診 並且很相信醫師說的每一句話 。,5.0,4.1
text_01891,text,沒錯，前總統阿扁因涉貪入獄，論法是該被關，但站在不少臺灣人的角度，誰纔是真正的貪汙犯？是蔣介石，更是國民黨，以致臺灣長達40餘年的黨國不分，黨庫通國庫，這口怨氣，或許就是馬英九總統欠阿扁的一個公道：特赦阿扁吧！,3.714,6.778
reflection_00966,reflection,3. 我的反應當下我會想要盡可能的跟家屬解釋，如果病人不洗腎，他只會因為毒素累積，狀況更惡化，而毒素累積的過程也不是舒服的，病人會出現許多喘、水腫、seizure之類的complication。,3.75,4.375
reflection_02375,reflection,我從這次經驗學習在醫學知識外的東西：在壞消息告知方面，主治醫師能有條理並簡單明瞭地解說病情，取得病人及家屬了解並同意醫療措施，用詞及態度有適當的同理心表現，是我要學習的目標；另外，病人家屬若喪失至親、經濟來源，也需要心理師及社工等資源的介入，應該要及早跟病人家屬溝通，詢問需求，配合其他醫療專業落實全人、全家、全程、全隊及全社區的五全照顧模式。,5.625,4.7
reflection_02260,reflection,其實這些事情讓我覺得真的要先預立醫療決定，畢竟有時候意外比明天還先敲門，與其到時候讓別人決定自己的未來，不如讓自己清醒的時候替自己選擇。,5.4,3.25
reflection_00395,reflection,沒有解決膿胸的問題也就是感染沒有做source control，到頭來這個感染仍會持續也變得無法收拾與控制。,3.2,4.6
edu2021_00749,edu2021,感覺比前陣子教的東西又更難些了，要趕上進度有點累,3.5,4.928571428571429
reflection_01395,reflection,不過病人再轉出時也有會診開刀醫師評估是否開刀，那時也是決定不開，也許我們可以再想想看是否其他能夠幫助到這位病人的方式。,5.3,2.125
edu2021_01047,edu2021,這次上課最讓我感興趣的就是這部分,6.071428571428571,5.916666666666667
sentence_00733,sentence,的計劃再受挫折,3.0,4.667
edu2021_00165,edu2021,今天提早下課比較輕鬆，不會那麼緊繃，謝謝體諒我們,6.785714285714286,5.142857142857143
edu2021_01119,edu2021,上課內容豐富有趣,6.666666666666667,4.0
sentence_00011,sentence,世界瑜珈大賽七強,6.667,5.667
sentence_00491,sentence,只有窮人才整天在推上勾心鬥角罵罵咧咧,3.0,6.75
text_00905,text,到手的是完美屏，不過可視清晰)角度比較小，不知是不是筆記本螢幕的通病拿到手後按照說明書三放三充（說的是三充三放，但打開就是93%的電）,4.667,4.429
sentence_00474,sentence,別被末世的法利賽人迷惑,4.0,7.5
text_02685,text,警員到調查，初步相信賊人由後巷爬入天井，撬毀店門入內搜掠，經負責人點算後，損失一批約值5萬元運動鞋及cap帽，逃走時疑匆忙間天井鐵閘遺下兩盒波鞋。,4.0,3.778
edu2021_00202,edu2021,複習了之前的概念，感覺有學到東西,6.333333333333333,4.785714285714286
edu2021_00170,edu2021,今天讓我印象最深刻的大概是有些平常常常看到但是卻不了解其意思，今天得以了解,6.428571428571429,4.166666666666667
sentence_01934,sentence,精通各種出道和翻牆的技術,6.5,4.2
text_00665,text,感謝您對金城大酒店的支持！,6.5,5.286
edu2021_01186,edu2021,我認為這對日後的工作有很大啟發與幫助,7.75,5.0
edu2021_00345,edu2021,今天的課程較難明白,4.285714285714286,4.583333333333333
sentence_01744,sentence,依靠嘴巴來收集惡運,3.333,5.0
text_01358,text,三溫暖員工發現不對，將男友攔下，趕快跑出門口呼喊經過的員警，這時才叫了救護車，將吳姓少女送醫。,4.25,5.429
sentence_01486,sentence,真實98乖巧伶俐,6.0,4.0
text_00539,text,煙灰...等等)你母親就一定會要求將椅套拿去送洗在洗的期間，可以跟母親說:沒椅套也蠻整體性,5.444,4.5
sentence_00932,sentence,曰自力更生更可靠,6.25,6.0
sentence_00215,sentence,滿足不了執法需要,3.4,4.75
sentence_02554,sentence,是寂靜角落育出的的渴盼,5.667,5.333
text_01976,text,年慰金議題也是，民進黨立委管碧玲去年十月十五日總質詢時拋出年慰金問題，適逢勞保爆發財務危機，立即遭各界抨擊是不公不義。,3.0,4.5
edu2021_01230,edu2021,對於內容老師一直跳過，覺得不是很好,2.333333333333333,5.833333333333333
edu2021_01593,edu2021,了解了各部件之間的關係、是我今天最大的收穫,6.142857142857143,5.333333333333333
reflection_00769,reflection,"上週因血壓與血氧濃度下降,住院醫師和家屬激烈討論後,家屬終於同意插管,後續超音波檢查追蹤左肺肋膜積液量已多達可放胸管的程度,並告知家屬唯有把水放出來,病人的呼吸狀況才有可能好轉並拔管,家屬仍表示先不要放、再觀察,他們要再討論,不過強烈要求盡快拔管、不要使用呼吸器。",4.875,3.0
sentence_00108,sentence,居民斥環境髒亂,3.0,6.0
sentence_01343,sentence,它只不過是根基於一些假冒人民之名躲藏在幕後的人上,2.0,4.0
reflection_00764,reflection,同意書或醫囑均不得與末期病人於意識昏迷或無法清楚表達意願前明示之意思表示相反。,4.5,1.875
text_01916,text,金韓鬆還說，在澳門認識了幾位南韓朋友，「剛見到時有些尷尬，但是互相理解後才明白雙方的語言和文化非常相似。,5.5,5.333
text_00261,text,我的兒子今年5歲，上幼兒園小班，他可愛看書了。,6.667,5.25
text_01208,text,日本一年一度的情人節商戰開打，各家業者無不絞盡腦汁，推出各種不同名義、獨特風格的情人節巧克力，希望能在琳琅滿目的同類商品中脫穎而出。,5.625,5.0
sentence_01046,sentence,勢力衝突而上演了空前歷史悲劇,2.4,7.0
text_00381,text,一年要多花20萬養車我也願意因為我的命超過了這個價位,5.667,6.0
text_02827,text,海軍宜陽軍艦日前實施備戰操演暨海上射擊訓練，該艦依程式、步驟、要領執行各項檢查及5吋砲射擊作業，期間全體官兵均全神貫注、互助合作，展現平時精實訓練成果。,6.375,3.875
reflection_02430,reflection,結果，一問之下才知道，原來學長這是預防性給藥。,4.875,2.0
text_02770,text,天貓精選6月1日0點開始前2小時報價138元包郵，此款升級版19件套，細緻入微小確幸，從容待產、孕育、坐月子，做幸福媽媽。,6.857,4.714
edu2021_00312,edu2021,許多主重要的點都沒有強調，常常直接帶過,2.357142857142857,4.583333333333333
edu2021_00566,edu2021,是不是該自己上網找資料閱讀一下比較好，但感覺會花很多時間,3.666666666666667,4.285714285714286
text_01027,text,「臺北暗殺星」加油打氣，獲勝的瞬間，許多人興奮大喊「贊啦！,7.429,7.0
edu2021_01584,edu2021,今天報告的很慘烈，被批評的一無是處,1.333333333333333,7.583333333333333
text_00188,text,故事很有哲理，對小孩有教育意義。,6.667,4.25
text_01021,text,臺灣電玩競賽隊伍臺北暗殺星TPA)在電玩大賽英雄聯盟世界錦標賽奪冠，電玩產業引起重視，教育部將在3個月之內提出優秀電競選手升學及獎學金相關辦法，激勵今16)日遊戲股全面大漲，擺脫近期低迷的悶氣，由華義3086-TW)領軍攻頂，其中昱泉6169-TW)、網龍3083-TW)隨後亮燈漲停，智冠5478-TW)、宇峻3546-TW)漲幅超過5%，辣椒4946-TW)、樂升3662-TW)、傳奇4994-TW)、歐買尬3687-TW)、鈊象3293-TW)及橘子6180-TW)也都有3%以上漲幅。,6.375,4.857
edu2021_00908,edu2021,今天講的在實際工作中運用很廣，對學習幫助很大,7.166666666666667,5.0
text_02774,text,由於山高坡陡，植被茂密，風力風向多變，火場多處復燃，撲打較為困難，內蒙古森林消防總隊正在積極調集力量，繼續向火場投送兵力。,3.25,5.25
text_01371,text,許文雄於民國98年間因涉及職棒放水打假球案，不僅遭球隊開除，面臨沒有球打的失業困境，還被法院判決必須賠償原所屬球隊違約金新臺幣100萬元。,3.5,4.625
sentence_02355,sentence,因此中共設法耐心勸阻引導那裡的人改吃狗肉,4.5,5.667
text_00404,text,話說Camry、Teana、Accocd這種大型房車要搭17吋以上的車身比例比較好看，16吋以下有點頭重腳輕的感覺!要是我不會為了省油把18吋、17吋換成16、15吋輪圈!說真的買純汽油的大型房車不要把省油考慮在裡面，不然你會開的很痛苦坐在車室內很舒服，但是一直注意油耗，心理很痛苦XD)!因為計較那一公升差1~2km是沒什麼差別的!,4.222,5.875
edu2021_01210,edu2021,今天學到很多平時無法觀察到的東西，很充實，收穫良多,7.357142857142857,6.25
sentence_01639,sentence,女病人醫院發狂搶剪刀,3.0,5.333
text_01633,text,這些說法，不能說完全沒有一點道理，但仔細推敲，其實大有商榷餘地。,5.222,5.0
sentence_01068,sentence,連掩飾都不掩飾,3.333,6.0
sentence_01692,sentence,一隻年輕的獵豹以閃電般的速度追趕一隻野,5.0,5.5
edu2021_00011,edu2021,很快就要期末考了，希望教授別出太難,4.583333333333333,4.75
reflection_00163,reflection,"二.我的感受當下我的感受是很難過的,因為一條生命就這麼突然離開了。",1.0,7.3
sentence_00831,sentence,當男性誇誇其談鄙視身邊女性的觀影片單,3.0,6.667
sentence_01188,sentence,都會看見盼望與價值,7.0,5.5
reflection_01960,reflection,婆婆身上的管子已經幾乎都拔除了，精神更是一天較一天的好，回想起不到十天前，那個彷彿斷線人偶般癱在病床上的樣子，這樣的景況用重獲新生來形容應該是再適合不過了。,6.625,4.4
text_00102,text,去感受喜悅、和平和愛……雖然不是很容易，但是我發現最近困擾我的一些負面情緒正在慢慢流失。,6.5,4.625
text_00590,text,服務也不錯，效率很高。,6.889,6.286
sentence_01140,sentence,我爸爸癌症確診,3.25,5.2
edu2021_00019,edu2021,感覺還有很多可以讓我們深入探究。,4.666666666666667,4.833333333333333
sentence_01273,sentence,從追貓的勇猛來看,6.5,4.667
edu2021_01321,edu2021,這門課有很多值得學習與欽佩之處,7.071428571428571,5.416666666666667
sentence_00800,sentence,焦慮的時候都靠滑手機來逃離,4.0,5.0
reflection_00696,reflection,此外，因我日前剛完成感染內科的實習，於門診恰好兩種疾病的患者都有觀摩到，一整套療程有醫師、個管師、護理師的追蹤及幫助，治療相關的負擔也有健保做後盾。,5.125,3.2
reflection_02433,reflection,在這段期間，我看見了在拔管前病人家屬如何作心理調適，也看見病人家屬在一旁默默地陪伴著病人鼓勵著，見證人性的光輝。,7.375,5.4
text_01314,text,賽事主播長毛表示，透過ＴＰＡ打入英雄聯盟總決賽，已經把臺灣在國際的能見度，提升到另一個新的境界。,6.571,4.286
sentence_02116,sentence,違約反定焉知醜,2.333,6.667
reflection_01651,reflection,有人不能忍受送走自己的家人，有人不願自己的家人永遠昏迷不醒，我們又該如何取捨呢？,3.5,4.0
sentence_00838,sentence,遠離政治和媒體,4.833,4.857
edu2021_00940,edu2021,很高興聽到老師上課，教了與我們息息相關事情,7.333333333333333,3.583333333333333
reflection_00572,reflection,事發突然，學長們連忙緊急掐水、給升壓劑之後，病人的血壓卻還是低低的，於是只好照會心臟內科的學長來掃看看心臟超音波並評估要不要置放IABP，學長來之後覺得心臟確實跳動的不太好，決定置放IABP。,3.875,5.5
text_01214,text,「LINE免費貼圖」的Facebook臉書)粉絲團，利用哆啦A夢、櫻桃小丸子等可愛貼圖吸引網友，宣稱只要對粉絲團按贊、轉貼，並留下個人LINE帳號，該貼圖就可以免費寄到帳號中，兩天內便吸引逾十萬名網友轉載、留言，LINE官方緊急透過臉書澄清，呼籲網友別再受騙。,4.778,4.143
text_02504,text,直觀感性的說，這種人我們驚呼為女神；冷靜下來後，為了表達對這種哪兒哪兒都好的不可理喻，我們稱呼她為指令碼怪。,4.5,3.333
reflection_00042,reflection,"於會客時,病患家中有幾位不同成員前來探望,雖於第一天會客時,便向家屬詳細說明了病情及後續處置,但後續幾天來的家屬卻仍頻頻詢問,為何送醫當日早上人還好好的,送進醫院之後就變這樣?",3.125,5.5
text_00546,text,我選擇堅決不再去.,4.2,5.714
sentence_01049,sentence,把學生們訓練成考試機器,3.0,4.0
sentence_01895,sentence,中國人民感激美國政府替天行道,7.0,5.667
sentence_01696,sentence,直到最後我也還是膽小鬼嘛,3.6,6.6
text_01498,text,NJ將順利擊敗TPA，沒想到TPA硬是闖過這關，殺入4強賽。,6.222,5.25
reflection_01643,reflection,具體來說碰到的問題以這個病患做反思，其實碰到蠻多事件的。,4.7,3.125
edu2021_00848,edu2021,上的比前一次還要來得簡單多了,6.285714285714286,3.833333333333333
edu2021_01295,edu2021,對於上課內容能融會貫通,6.083333333333333,2.642857142857143
text_01959,text,同意戶要求上樓求見郝龍斌，在市長室所在的11樓電梯出口被警方阻擋，雙方發生輕微推擠，都更處人員表示，希望同意戶先進入會議室等待副處長簡裕榮，不過遭到同意戶拒絕。,4.0,4.0
text_01896,text,或許阿扁會深感時不我與，若在過去國民黨獨裁統治時期，不要說是貪汙，整個國家就是總統一個人說了就算，企業進貢還不夠，國庫通黨庫，數十年來國民黨黨產快速累積上千億元，至今信託後仍有數百億元，這些錢裏頭究竟有多少是臺灣人的民脂民膏？因此若要說貪，國民黨似乎還不夠資格，而這也是藍營極不願意真實面對的事實。,3.25,6.333
edu2021_01379,edu2021,老師問的問題會讓人去思考，覺得自己該在這個領域越學越多,7.75,5.785714285714286
reflection_02075,reflection,病人在MICU接受呼吸器與雙瓶式胸腔引流治療，進一步發現此次的呼吸衰竭與橫膈下膿瘍和廔管有關。,4.75,3.4
text_02721,text,一款神奇的泡騰片——德國進口Domol馬桶自動清潔抑菌去汙片，馬桶吃了它，立刻變得乾乾淨淨，連打的嗝都是香的！,6.333,5.3
sentence_00083,sentence,男子的鮮紅雙眼流露出不滿,3.0,6.667
text_00062,text,剛拿到這本書時有一種莫名的激動。,6.0,6.556
sentence_01410,sentence,來自白宮新聞發布會,5.333,2.0
sentence_01666,sentence,食物都遭受莫大的汙染,3.0,6.5
text_02893,text,港真，我也經常懷念單身時候的各種奢靡生活，但是俗氣的說，還是婚姻和孩子讓我變成了更好的自己，主要是懂得了付出和不計回報的愛。,7.4,6.0
edu2021_00978,edu2021,回家應該多看課本複習，這樣下次上課才不會忘記,6.25,2.666666666666667
sentence_00730,sentence,賣弄一下矯情的文字或有限度的性感是,4.5,4.0
text_01302,text,人給予的壓力過大，TPA在第一場比賽中，被AZF的「死亡頌唱者」卡爾瑟斯完全壓制；第2場比賽，TPA穩住陣腳，「以彼之道，還施彼身」，也使用卡爾瑟斯扳回一城。,5.556,4.0
text_00048,text,最愛她《百年相思》裏的《傳奇》捲，原本看似幽暗充滿憤懣的傳說，卻被她溫柔款款地道來，感受那些歷史長流中紅顏女子的喜怒哀樂。,6.0,5.375
sentence_00162,sentence,練習等待跟接受,5.667,3.5
text_01823,text,我同意你浪費我們的社會資源嗎?,2.778,6.375
text_01956,text,游擊隊倖存女孩莎拉：「很悲慘的是我11歲時就被哥倫比亞革命武裝遊擊隊性侵，過去11年我飽受他們虐待和剝削。,2.222,6.5
text_00357,text,呵呵~傻眼了阿~!!如果整天要怕死的怕自己開車去撞人的可以考慮前面幾位大大所推的!!本人只怕別人來撞我!!我希望前面某些人出車禍時.,3.889,5.333
edu2021_00757,edu2021,今天發下考試成績讓我還蠻開心的，因為跟上次比有很大的進步，算是我努力有了些代價吧,6.5,7.25
text_01379,text,埃及開羅法院26日判處21名涉及塞得港奪命球場騷亂的球迷死刑，引起極大迴響，讓死亡球迷的家屬感激落淚，但被判死刑被告的家屬及支持者則爆發暴動，造成最少32人死亡，約300人受傷。,2.875,4.857
text_00777,text,酒店太偏已在郊外，出來打車不太方便，住宿客人太少，感覺上冷冷清清的，可是預定的時候還需要提供信用卡擔保，說是房間緊張，其實可能是怕客人跑掉吧。,3.625,4.857
reflection_01169,reflection,家屬無法理解為何⼀個本來 ADL totally independent、還可以出去運動的⼈，突然就變成這樣，數次問醫師是不是當初早⼀點把他送來醫院就不會這麼嚴重了。,3.5,6.375
edu2021_00285,edu2021,今天還可以，意外蠻好玩的,6.666666666666667,6.166666666666667
edu2021_01272,edu2021,很多方法觀念都一樣，所以只要學好一種，其他的也不用花太多時間,5.928571428571429,3.571428571428572
text_02134,text,對於安卓使用者來說，各種雜亂繁多的訊息推送是影響使用體驗的關鍵因素，大量APP都會無節制地推送訊息，導致有用資訊被埋沒、系統效能被拖累、電池續航時間被縮短。,3.556,4.125
sentence_00587,sentence,自認為沒做到100分,4.0,4.4
edu2021_01286,edu2021,題目是真的很難想啊，連個方向都沒有給就一直狂酸學生,1.333333333333333,8.583333333333334
reflection_01098,reflection,在後續的聊天中我才發現，陳先生對我們醫院的治療也十分滿意，但是由於他不懂醫療處置的細節且大部分醫療決策都是由他的親人決定。,5.3,3.125
sentence_02226,sentence,從廣闊無邊的網路世界四面八方收集而來,5.333,4.333
text_00058,text,由最初的報復之愛，到最後的生離死別，當中的不捨與深愛，只有當事人才瞭解吧。,4.143,6.429
text_01910,text,所以不希望林義雄死的是國民黨希望林義雄死的是那群想讓他變成終極武器的居心叵測的人就跟文林苑王家一樣，一堆人圍在旁邊加油打氣說絕對不能妥協，要跟政府幹到底，怎知打官司賠錢的風險都不再這些職業學生身上我看到時候林義雄撐不下去了，想放棄了圍在旁邊的還會說林義雄表示萬死不辭！,3.0,6.75
sentence_01339,sentence,性慾與食慾都有劇烈的波動,5.0,7.0
edu2021_00705,edu2021,覺得老師會給學生一些未來的方向，還有說一些很實際的東西,6.583333333333333,4.333333333333333
sentence_00065,sentence,為什麼自己現在可以這麼毅然的捨棄,4.333,4.0
text_00079,text,看了一下，書的質量挺好的，裏面的圖畫也挺吸引小朋友的，都是小熊，小兔，小松鼠之類的小朋友都喜歡的小動物。,6.667,6.143
sentence_01599,sentence,還結合日本印度與菲律賓軍艦闖入中國南海,4.0,3.8
text_00388,text,當然只能靠私下的交情多交些汽修科的朋友只有好處不會有壞處啦汽修科在汽車版上應該要得到相當程度的尊重才對哪天臺灣尊重高職畢業的技術人員可以像尊重大學裡的博士一樣那我們的工業水準就可以跟歐美媲美了,6.286,6.167
text_00359,text,隨你高興,3.222,5.5
sentence_01554,sentence,滋養我們的靈魂,6.333,5.0
sentence_02457,sentence,現在就日本人大喜,7.333,5.667
edu2021_00420,edu2021,讓我更想奮發圖強好好把程式學好,6.857142857142857,6.666666666666667
sentence_00013,sentence,在沒有任何實證其數學能力的情況下,5.0,3.5
reflection_00302,reflection,一年多來，他們在手術與化療之間度過，不斷的面臨癌症復發，化療後的虛弱，狀況似乎都沒有穩定過。,3.8,2.625
sentence_01277,sentence,看看這精美滴握手,7.0,4.75
edu2021_01008,edu2021,講得很仔細，但還是有點不太懂,4.3125,4.0
sentence_01557,sentence,能跟他匹敵的國內電影也就三大戰役了吧,5.75,6.25
text_02326,text,近日，一則辦理去美國的簽證時，居然要上報自己的QQ和微博賬號給美國政府審查的訊息在網路上熱傳，並引起了一些中國網民的擔心，是不是以後不能隨便批評美國了。,3.167,5.833
text_01725,text,工程師甚至美國總統，這就是本國的希望。,5.75,4.833
reflection_01613,reflection,透過彼此各退一步的方式可以讓病患家屬覺得自己的意見被重視，進而更加配合醫師之後的處置與建議，且若原本藥物的問題只在於劑量的話適當調整也是可行的。,5.625,3.9
sentence_01727,sentence,就不和你說什麼啦,4.333,5.333
reflection_00859,reflection,"反應為何|當下做了什麼、想做什麼當下我忍住欲翻白眼的衝動,耐心地向家屬說明任何的醫療處置都有其效益與風險,而評估一個醫療處置是否有效,須將效益與風險放在天秤的兩端,同時天秤的兩端有越多的指標越好。",3.5,6.25
text_02449,text,氣象局今早也針對中南部9縣市發布大雨特報，預估這波雨勢要下4天，下週二鋒面逐漸減弱，然仍有午後雷陣雨。,4.778,3.111
reflection_02487,reflection,隔日一早，氣切團隊俐落的完成氣切手術，借助內視鏡科技，手術傷口小，並且在床邊即可完成。,5.9,3.25
reflection_00516,reflection,當時我想著該如何緩解家屬情緒，並且覺得家屬面對至親的疾病，有這種情緒、想法是理所當然的。,4.25,3.7
reflection_02518,reflection,透過這次的事件其實我認知到過去老師們不厭其煩地提及到醫療的溝通要盡可能簡單去專業化的重要性，可以用各種形式（如這次的流程圖模式）來協助家屬釐清，同時我也重新的反省自己是否不夠成熟，用一種抱怨的心態在審視家屬，存在情緒不但對於臨床工作無幫助，甚至可能會對於因家庭重要成員身體狀況而心態無法調整的患者家屬來說是一種額外的傷害。,5.3,4.4
sentence_01094,sentence,這什麼奇妙的展開,6.0,6.5
sentence_01661,sentence,特赦不同黨的叫寬大,6.25,5.0
reflection_00668,reflection,我看到這個情況的時候其實覺得挺難過的，因為儘管知道病人並不舒服，我也沒有什麼辦法可以幫忙，只好在旁安撫病人。,2.2,5.5
text_02003,text,首先電池很重，然後飛機傾向於在固定轉速下長時間穩定飛行，很顯然這對於電動交通工具來說不是提高效率的好方法。,4.0,3.0
reflection_02434,reflection,每次在管制門開放前，走廊上的病人家屬總看起來憂心忡忡，來回踱步時不時討論著，像是深怕管制門後面有顆炸彈會隨時引爆，帶來不好的消息，而當得知病人情況好轉後，先前的陰霾變一掃而空，帶著愉快的心情離開，當然也有些家屬得知的消息不是好消息，有時邊聽主治醫師解釋病情時，眼淚便奪眶而出，特別是當家屬在替病人簽DNR或是放棄氣切等等，他們往往不能一時之間拿定主意，像是突然來了個千斤頂讓你決定頂住或放下，我想這不管發生在任何人身上都是一樣的，我們從來無法決定自己的命運，而如今，卻突然有了選擇權，而這對象不是自己，而是這一生最摯愛的家人的命運，我想那種突如其來的責任真的不是一個人可以獨自面對的。,3.75,5.875
reflection_00521,reflection,家屬表示無法理解膽囊炎一開始在一般內病房治療而且主治醫師是腎臟內科，以及認為抗病毒藥物給予的時機是否過晚。,4.25,3.0
sentence_00806,sentence,不要說這麼可怕的話嘛,4.333,4.75
sentence_02234,sentence,住在旅館被警察半夜突襲,3.0,5.0
sentence_00259,sentence,很興奮搬到到紐約新的總部地點,7.333,6.333
text_00806,text,優點不用說了，誰讓咱是窮人價格是很吸引人的因素。,5.333,5.286
text_02681,text,從積極佈局進軍中國市場，到轉以內容授權形式間接在當地提供服務，Netflix的中國發展之路可說是走得相當艱辛。,4.5,2.5
sentence_01773,sentence,恍惚覺得在哪聽過,5.0,4.667
sentence_01480,sentence,會讓生命變得貴重,6.75,5.0
text_01349,text,網友AndyCho表示，大家都是愛狗之人，我也是不懂每個品種小狗的身體構造或容易以發的疾病，也是看的相關新聞報導才瞭解狗疾病跟一些知識，包子的主人絕對不會是像大家所說的虐狗的人；網友ChiyouSun，希望大家可以先把重點放在，讓包子早點康復的這一點上面...包子的把拔馬麻都是很善良的人。,5.429,4.556
edu2021_00880,edu2021,這堂課讓我還滿有興致的,6.666666666666667,5.5
text_02083,text,但在商業化策略的實際推進過程中，一刀切的運作方式和平臺的過於強勢，還是讓這些價值探索的行為，莫名帶上了一絲收割意味。,4.0,4.0
edu2021_01085,edu2021,講得有些聽不懂，課程也不太了解,3.75,4.0
text_02720,text,有些食材發芽了不但可以吃，而且還更營養；有些不行，會中毒；有些無妨，但最好趕快吃完，15種常見發芽食材要吃掉還是丟掉，這篇一定要加入收藏的啦！,5.571,2.429
text_00023,text,書裏傷感的情節而落過淚感嘆唏噓但是這不是我要的每個人追求的愛情不一樣，有些感受卻是可以一樣的吧,4.222,4.143
reflection_00426,reflection,這天之後，病人的心態便有了轉變，希望能從此刻開始積極治療乳癌，因此我們又重新為她插管以利於後續檢查及治療。,5.6,4.0
reflection_01707,reflection,我的感受:當下其實感到有些惶恐，畢竟聽起來事發突然，又是治療中出現的危急情況，可以想見負責的醫師會多麼不安跟自責。,3.25,6.125
sentence_01366,sentence,但是他用的方式方法觸犯了體制大忌,3.5,5.75
reflection_00128,reflection,"三.反應為何在目前經驗尚不足的階段,我們只能觀察醫療團隊如何向病況不佳的患者與家屬解釋病情,並且感受他們的情緒與想法,試著去感同身受他們的處境,一直以來,我都習慣以醫療人員的角度思考,如何減少病人痛苦?如何才是有效醫療?是我們所關心的;而設身處地換位到家屬,雖然可能早有心理準備,但要親手放棄維生與親人永別永遠是一種巨大的壓力,期許自己在未來當自己遇上這樣的課題時,能夠與患者站在一起,協助他們一同做出最好的決定。",4.625,5.125
edu2021_00829,edu2021,感覺老師今天還是很不爽，一直噴人，然後對學生一直很壓迫得問問題,1.428571428571429,6.916666666666667
text_01574,text,由於美國、英國決定不派兵到馬利，法國也希望避免軍力部署過度，因此西方各國只能倚賴當地軍隊，但當地軍隊並不會全盤接受外界建議。,5.0,4.0
edu2021_00967,edu2021,雖然只講到一點點，但還是很有興趣,5.416666666666667,4.833333333333333
sentence_00642,sentence,身上所有值錢財物被賊人騙走,3.5,5.75
reflection_01133,reflection,並且去同理家屬的情緒，表示自己了解這樣可能沒有完全符合當初的期望，但就目前的末期醫療可能只能如此。,3.875,3.8
text_00832,text,大堂的服務員很熱情，有賓至如歸的感覺。,6.667,4.0
reflection_01754,reflection,事件經過一位病人做完筋膜切開術之後再打了fentanyl和midazolam後時不時會鬼哭神嚎，當時醫護人員過去不明白是dose不夠導致很痛或是束縛起來有delirium，而醫護人員過去之後問病人是不是很痛病人也不說，最後就是把dose調上去並給予音樂治療。,3.875,4.1
edu2021_01000,edu2021,進度有點跳得太快了，希望能稍微放慢一點,3.5,4.0
reflection_00557,reflection,4. 我可以怎麼做：未來或許我會是那位要敘述臨床狀況，把病人遇到的問題敘述給家屬，把資訊以及選擇權交給他們，在這次的情況中，我認為老師已經做出很充足的說明，也很明白的示意出我們醫療端認為對病人較為好的方式，但最終家屬卻選擇了截然不同的治療方向，我必須學習到老師很完整的敘事能力以及同理家屬的心，儘管腦中有了明確的方向，但也必須對於家屬的選擇表示接受與認同，而別心裏擅自覺得“為什麼都說到這個地步了你們還能做出這種決定？”，因為我們面對的是一個病人，是一個臨床上的醫療情境，但對於家屬而言，這是為他們家人做出的選擇，想必決定起來更為兩難，因此尊重與關懷才是我們需要盡力去完成的，而不是帶有情緒的去質疑家屬做出這樣的決定是否真的對病患有益，畢竟大家都是想對病人好，只是著眼的觀點不同而已。,4.375,3.5
text_01289,text,清晨5點就到臺北信義威秀搶第一的22歲陳同學表示，玩「最後一戰」已超過8年時間，不僅故事情節非常吸引人，還可以和朋友一起對戰。,6.2,5.125
text_01319,text,「終於還是走到這一天，要奔向各自的世界，沒人能取代記憶中的你，和那段青春歲月」，在「放心去飛」歌聲中，慘遭割喉的方小弟就讀的國小，三日舉行集體創傷輔導及哀悼儀式，同學們哭紅了雙眼摺紙鶴，還寫下卡片以黃絲帶係在校園樹上，傳達最哀痛的思念。,3.556,4.5
text_02483,text,連月以來的中美貿易戰若出現任何升級的跡象，都幾乎肯定會擾亂金融市場，因為市場對中美貿易談判形勢發展非常敏感。,4.375,4.556
text_01401,text,有人吐槽「接下來要得奧斯卡嗎」反歐元的英國獨立黨議員法拉吉說，歐盟獲頒諾貝爾和平獎，顯示挪威人還挺有幽默感的；荷蘭的反歐元國會議員懷爾德斯辛辣吐槽：「歐盟得諾貝爾獎…接下來咧？（歐盟理事會常任主席）範宏畢得奧斯卡嗎？」一名在雅典街頭賣彩券的小販直言，歐盟得獎令他怒火中燒，「難道他們不知道我們身陷金融戰？這獎唯一能提振的是（德國總理）梅克爾的士氣」。,3.571,6.5
text_01270,text,太多飼主「把方便當隨便」，破壞店家的環境、影響到其他客人，讓不少業者因此怯步，只好在門口貼上寵物禁止入內的貼紙，不敢再對寵物說「歡迎光臨」。,3.375,4.571
text_02022,text,但超輕薄筆電在方便攜帶與優異的電力續航的背後，通常也意味著因為機身更為緊湊，因此不得不犧牲掉筆電本身的擴充性。,4.0,3.0
reflection_01857,reflection,2. 觀摩老師與團隊的解釋方式，學習面對態度強硬的病人與家屬時的說話技巧。,5.0,1.875
sentence_00666,sentence,無論你怎麼嘲諷,5.25,6.0
text_01833,text,馬英九昨主持國民黨中山會報，聽取立院黨團幹部報告有關國營事業績效獎金等問題後，表達支持縮減獎金，力挺改革的堅定立場。,5.75,5.111
sentence_02421,sentence,李倩怡潛逃至臺灣首度發聲,5.333,3.333
reflection_01959,reflection,「…今天下午應該能回普通病房。,5.0,2.875
text_02869,text,相較於上次會見明仁忘了扣上西裝釦子被批評失禮，川普這次明顯沒那麼緊張，進入皇宮室內馬上察覺西裝敞開，悄悄伸手扣上釦子。,5.5,2.667
reflection_02120,reflection,面對被診斷罹患不可治癒的末期疾病、預估存活期有限的病人，安寧療護的目的是設法解決他們的疼痛與不適，照顧他們的身、心、靈層面，若他們離開人世，能讓他們離開得有尊嚴；而相對地，有些病患住院後症狀控制穩定，依然是有機會出院，接受門診追蹤或安寧居家照護的。,4.875,4.125
reflection_00051,reflection,"我的感受這位家屬是患者的弟媳雖然沒有血緣關係,但對於臥病在床的家人表現出如此恐慌的樣子,程度甚至大於關心患者出現這些狀況的原因,讓我懷疑她是否有產生嫌棄的感覺。",4.4,4.5
edu2021_01031,edu2021,昨天熬夜寫作業，上課都在恍神，老師對不起,3.571428571428572,4.5
reflection_02051,reflection,因此老師就請她回去請問她先生，醫學並沒有那麼死板一定是兩天抽血檢查，但只要一提到她先生，女兒又很激動地反駁說又不是她先生講的，是急診的人員說的，因此不要再提到她先生。,4.2,5.125
text_00779,text,只是checkinandcheckout慢一些，還要提高。,4.444,3.667
text_02076,text,根據路透社的情報，Google已暫停了與華為在轉移專利硬體和軟體上的相關交易，從而影響到華為的海外手機業務。,3.857,3.857
reflection_02191,reflection,在進行會談期間病患二女兒三女兒逐漸取得共識希望病患能走安寧療護，然而大女兒仍猶疑不決，與大女兒會談的過程中也可發現大女兒並非不希望病人接受最好的處置，也希望病患能夠在人生的後段少受一點痛苦，在所有家屬之中大女兒甚至是病患子女中最關心病患的人，然而是什麼原因讓大女兒無法理智的為病患選擇較「舒服」的路？或許心理防衛機轉佔了很重要的一個因素。,3.875,3.875
reflection_00279,reflection,腫瘤需會診耳鼻喉科和胸外進行手術，但病人的情況不穩定，且咽喉附近很多重要的神經血管，腫瘤難以根除的情況下，外科並不建議手術切除。,4.875,2.25
sentence_01288,sentence,才是造成你目前窘迫陰鬱懊悔心態的原因,3.333,5.667
reflection_01710,reflection,雖然有回復心跳，但目前意識尚未清醒，並且腦部MRI顯示部分缺血性病變，預後狀況不甚樂觀。,3.3,4.875
sentence_01887,sentence,土地是以它的肥沃和收穫而被估價的,5.333,4.0
text_01622,text,天主教新竹移民及外勞服務中心主任、澳洲籍神父吳嘉德表示，今天是「國際移工日」，但臺灣的移工權益卻屢遭忽略。,3.333,5.25
reflection_02291,reflection,這時候我開始想，究竟這樣是在治療病人還是家屬?或許在外人看來，這是徒增病人的痛苦，但看在家人眼裡，又怎麼捨得放手，我捫心自問，若是我可能也會跟他們做一樣的決定。,3.9,3.25
text_00184,text,花了一晚上的時間一口氣看完，喜歡譚斌，喜歡程睿敏，喜歡他們之間的愛情。,6.5,5.667
text_02710,text,海關人員昨日在屯門內河船碼頭驗貨場檢查一個從內地抵港、報稱載有廚房用具的40呎貨櫃時，在208個藏有懷疑私煙的紙箱，並與180箱廚房用具混雜於貨櫃內。,3.8,5.0
edu2021_01320,edu2021,我覺得用沒有學過的工具寫作業還是太難了,3.142857142857143,5.214285714285714
reflection_00124,reflection,"我的感受含情緒用詞為何會有這種感覺(信仰、態度、價值觀)先入為主如何影響感受在未經同意下,醫療院所禁止錄音錄影,但家屬毫不自知,被偷錄的當下會有點不開心,覺得不被尊重,會不想繼續解釋病情。",2.75,6.2
edu2021_01404,edu2021,透過不斷的學習讓自己的思路更清楚,6.416666666666667,3.714285714285714
text_02619,text,常把苦菜端上桌小滿節氣人體生理代謝旺盛，營養物質消耗會增多，應及時進補，且偏於清涼，切忌過於溫熱，損耗陰津，過於寒涼的食物也不要攝入過多。,5.167,3.625
text_01941,text,她表示，施亞努太皇是中國人民忠誠的老朋友、好朋友，幾10年堅定奉行對華友好政策，並長期在中國生活居住，中國是施亞努太皇和我的第二故鄉，中方一直給予我們精心照料，施亞努太皇病發後，中方有關部門全力救治，我對此深表感謝。,6.889,6.167
edu2021_00574,edu2021,用講故事的方式，聽了感覺比較有興趣，不乏味,6.5,2.916666666666667
reflection_01917,reflection,以現在醫學技術的迅猛發展，醫療能挽救很多病患的生命，但醫生畢竟不是神仙，不能包治百病。,4.375,3.6
text_02564,text,石禮謙向內會主席李慧瓊報告，自己無法再主持逃犯條例法案委員會，向內會尋求新指示，不過民主派首先質疑石禮謙去信內會的合法性。,4.5,4.0
reflection_00487,reflection,照理說做腸鏡去定位出血點並依不同病灶擬定處置方式才是治標，輸血與升壓劑都只是治標，對於疾病本身效果有限。,4.5,3.3
text_02433,text,對於中國科技創新和保護智慧財產權的努力視而不見，不厚道；對於國際技術交流和創新合作進行雙標解讀，不公道。,3.125,6.125
edu2021_00526,edu2021,豐富的圖表範例使課程有趣許多,6.416666666666667,3.857142857142857
reflection_00602,reflection,學習老師們如何在解釋的過程中安撫對方的情緒，例如老師當時講了一句我5.,4.875,2.125
edu2021_00173,edu2021,感覺學到了好多東西,6.666666666666667,4.428571428571429
sentence_01083,sentence,所有紛爭都能迎刃而解,7.0,5.75
reflection_00652,reflection,以我個人的推測，本次事件應該有極高機率是後者，本單位的交班流程照理來說重要的事情都會確實交班。,5.0,1.75
text_02374,text,代表律師今早在高院求情指，患精神分裂症的被告在港無親無故，唯一擁有的只是微小的?房單位，他卻長時間遭死者侮辱和欺淩，其處境值得同情。,3.25,5.429
edu2021_00690,edu2021,聽完老師的講解，讓我開始產生了學習興趣,6.916666666666667,5.166666666666667
text_00510,text,不扯太遠現在長輩還是認為國產車買TOYOTA手機門號用中華電信光這2樣就有夠糟糕不是T牌不好而是代理商的心態很糟糕反正:買T牌的不會開快車然後台灣的國慘車基本上配備都是不夠的電信公司更....網路還是不對稱的ADSL速度更...但是長輩們還是這麼認為不過等我們這些青少年變成所謂的老一輩的時候我不相信還能再賺到我們的錢,3.375,4.429
sentence_00413,sentence,今天起床就感受到活力,7.0,6.75
sentence_00173,sentence,在我的第二屆任期內進行談判的話,5.0,1.5
edu2021_00957,edu2021,因為答不出問題而被處罰，覺得很丟臉,1.583333333333333,7.5
sentence_01030,sentence,聲譽卓著的眾多資深大律師,6.5,5.333
edu2021_00446,edu2021,上課方式有趣，很充實,6.583333333333333,4.5
edu2021_01137,edu2021,終於講到現在時下最流行的話題，不會死氣板板了,5.833333333333333,5.666666666666667
reflection_01391,reflection,在參與照護病人的這段時間，我發現家屬對於 DNR 與安寧照護的相關議題相當反感，儘管病人的病情持續惡化，隨時都有可能離開，但家屬還是期盼著最後一絲機會，希望病人能睜開眼睛説說話。,3.3,5.5
reflection_02173,reflection,跟著老師會客時聽到老師如何病情解釋、如何與病患共享決策，發現那並非是一套公式，而是針對每個病患、每個家屬需要用不一樣說話方式、不一樣的態度，甚至面對同一個家屬，在溝通的不同階段談話技巧也不盡相同。,5.25,3.7
edu2021_01408,edu2021,上課真的太快了!想抄筆記都找不到,2.666666666666667,7.928571428571429
reflection_00186,reflection,"做DNR的決定對家屬來說的確是艱難的,特別是在大家族意見難以統合的情況下。",3.8,4.875
text_01062,text,航空公司不僅僅是賣機票而已，而是要讓旅客感動並留下一段美好的回憶。,6.889,5.167
edu2021_00818,edu2021,一開始不懂，但過了一下就瞭解了，一懂了就覺得超開心的,8.0,8.25
edu2021_01590,edu2021,都很有趣，期待下次的課程,8.0,6.166666666666667
edu2021_00774,edu2021,我覺得上課時進度有點快，有點吃不消,3.571428571428572,3.916666666666667
reflection_01280,reflection,而當時老師耐心地聽完家屬的質疑，爾後非常從容地告訴家屬我們目前所做的所有努力，也強調我們是醫生，盡全力救病人是我們的天職。,5.5,2.875
sentence_01772,sentence,是如何把你培養得如此從容,6.5,4.6
sentence_01296,sentence,開始將資產分散轉移,5.0,3.0
edu2021_00971,edu2021,教得很清楚,5.5,2.857142857142857
text_02849,text,世新大學副校長遊梓翔也罕見批評表示，夢想沒有極限可以同意，但夢想少了深思熟慮和執行方案就是空想，再來帶來的就是譏笑了。,4.444,5.0
edu2021_01163,edu2021,對解決問題的概念，有了基本的認識,6.285714285714286,3.0
text_01948,text,營養不足，嚴重發育不良，3歲小孩骨瘦如柴，看來來像1歲多。,3.111,4.6
text_01256,text,直到去年十一月，她的父親突然檢查出肺腺癌末期，無疑是對她家人投下震撼彈，人生出現了前所未有的衝擊，打亂了她人生的秩序。,2.857,4.833
text_02589,text,本文認為，如果真心想要維持兩岸的和平，並且在不能破壞和平的前提下去解決兩岸目前分裂的情況，有兩種方法值得臺北與北京當局考慮。,5.714,3.333
sentence_00227,sentence,母親節最大的幸福,7.0,5.75
text_02969,text,對此，鄭剛今日在個人微博號@哈羅航行連續發微博指責周美毅，稱自己和她認識的短短幾個月就被她下圈套、設計和陷害。,3.167,5.333
reflection_01620,reflection,但此一病例不能完全代表每個病例，卻也提供了一個在醫療上所會遇到的人情之間的問題，多一份理解，多停留下時間，不只給予了家屬安慰與陪伴，更是為了讓家屬在逝者已逝之後分離傷痛後，能與自己和解、放下並釋懷。,5.4,2.875
sentence_01308,sentence,由自己一手創立的世界貿易規則,6.0,5.667
sentence_01336,sentence,首先中國的工業用地價格就會暴跌,3.667,6.333
text_01156,text,電玩迷的唱衰、以及各方面都不如死對頭2K公司的NBA2K13而宣佈取消製作，正式退出籃球電玩市場。,3.5,5.143
sentence_02551,sentence,1948年中國物產豐饒,6.5,3.0
reflection_01493,reflection,哪怕只是這句話，也能讓病人或家屬感受到醫療端對他們的重視，有時候做的再多，力量也小於一句話的力量。」,6.375,3.75
text_00230,text,哈哈，就她那麼小還靈感，我偷偷地笑，呵呵~當然啦繼續給她買嘍。,6.625,5.286
edu2021_00398,edu2021,今天老師告訴我們許多之前不知道的新知，非常謝謝,7.166666666666667,5.285714285714286
text_01777,text,除了我族以外，其他人的自由都要經過我的審查才行幹他媽的死學匪走出立院一定會死得很難看阿,2.444,6.857
sentence_00334,sentence,嘮嘮叨叨這類事情,4.0,5.0
text_00161,text,我的確看得很過癮很開心！,7.125,6.25
text_02760,text,扁桃腺結石出產於人類的口腔裡，吐出捏碎一聞，卻是惡臭無比，患者常自覺喉嚨卡卡、有異物感，或是明明有刷牙，依然口臭惹人厭。,3.889,4.0
reflection_01809,reflection,病人在截肢前仍不甚了解自身病況，不斷詢問何時可以返家。,4.25,3.167
reflection_01027,reflection,家庭會議的最後決定不氣切，決定呼吸訓練並且訓練失敗也不再進行氣管導管置放。,4.7,2.9
sentence_01589,sentence,每每總覺得惋惜不止,3.0,6.0
text_01025,text,人數維持21000人；另一款電競遊戲則是遊戲橘子的「跑跑卡丁車」，經由電競，每月數百萬元營收，成長到每月4000萬元左右營收，昱泉及網龍分別有新遊戲「界天」及「亞特蘭提斯」即將上市。,5.75,4.8
sentence_02003,sentence,可是都不幫我加薪,3.6,5.75
reflection_00071,reflection,"病人家屬一開始希望能積極治療且不太能理解病人疾病嚴重性,另外在醫師病情解釋時使用「阿嬤」稱呼病人,家屬立即打斷並糾正是「阿姨」。",2.625,3.5
edu2021_01551,edu2021,今天的內容讓我很感興趣，希望下次的課程可以更深入解說這方面的知識。,6.416666666666667,3.571428571428572
text_00082,text,閨蜜總是在半夜三更給我訴苦，說她十分想念某某某，甚至想得廢寢忘食，在那個男的對他呵護備至要星星給星星要月亮給月亮的時候她三天兩頭玩失蹤，如今人家有了女朋友她就要死要活了。,3.0,5.375
text_00535,text,我在高速公路上看過一台箱型車爆胎，還可以平穩慢慢的開到路肩，真的很冷靜.,5.25,4.5
sentence_02092,sentence,再唆使狗城管沒收罰款,4.0,4.0
text_02454,text,北韓領導人金正恩嚴厲批評美國前副總統拜登，美國總統川普今天加碼支援金正恩，並駁斥外界指稱他和獨裁者金正恩沆瀣一氣欺負自己同胞的負面批評。,3.75,5.875
sentence_01576,sentence,卻去信什麼神童的刑法37條,3.667,4.667
text_01419,text,網咖內玩家滿座，瘋玩《英雄聯盟》。,4.5,5.143
sentence_01990,sentence,郭文貴做的每一件事都透漏著其整個人的腐爛陰險,1.25,6.4
reflection_00792,reflection,反應為何當下家屬情緒激動，我並沒有多說什麼，只是雙眼直盯著那條手環，腦中想像著他生前的健康、快樂的樣子，如果今天是在一般病房，我大概可以和他大聊特聊、分享彼此喜歡的音樂、甚至可以等他康復後一起參加明年的大港開唱，後來深入瞭解他的背景之後發現他是一位生態顧問公司的創辦人，在消防局政策改變之後不再抓蛇、他的公司負責承包地方政府部分抓蛇捕蜂的業務，甚至還有被公視訪問、在YouTube上都可以看到他對於生態與蛇的議題發表談論的影片。,3.875,5.2
sentence_01782,sentence,天啊突然感到拮据,3.0,6.667
text_00436,text,希望藉此文章來喚醒和泰高層的良心。,4.143,6.125
text_02957,text,但有分析稱，中共誤認為握有包括稀土等三張王牌，其實是禍國殃民的三張臭牌，連習也被忽悠...在Google新聞上檢視完整報道,3.889,4.444
sentence_00021,sentence,朱社長又在臉書罵小英沒有履行承諾,3.5,5.333
sentence_00745,sentence,英超異常激烈的爭冠大戲,6.0,6.5
